Copyright 1986-2022 Xilinx, Inc. All Rights Reserved. Copyright 2022-2024 Advanced Micro Devices, Inc. All Rights Reserved.
---------------------------------------------------------------------------------------------------------------------------------------------
| Tool Version : Vivado v.2024.2 (lin64) Build 5239630 Fri Nov 08 22:34:34 MST 2024
| Date         : Wed Jul 29 23:14:36 2026
| Host         : doguen-System-Product-Name running 64-bit Ubuntu 24.04.4 LTS
| Command      : report_timing_summary -file /home/doguen/Downloads/EdgeScope-Lite-SoC-main/comparison/vivado_ila/reports/timing_summary.rpt
| Design       : base_soc_wrapper
| Device       : 7a35t-cpg236
| Speed File   : -1  PRODUCTION 1.23 2018-06-13
| Design State : Routed
---------------------------------------------------------------------------------------------------------------------------------------------

Timing Summary Report

------------------------------------------------------------------------------------------------
| Timer Settings
| --------------
------------------------------------------------------------------------------------------------

  Enable Multi Corner Analysis               :  Yes
  Enable Pessimism Removal                   :  Yes
  Pessimism Removal Resolution               :  Nearest Common Node
  Enable Input Delay Default Clock           :  No
  Enable Preset / Clear Arcs                 :  No
  Disable Flight Delays                      :  No
  Ignore I/O Paths                           :  No
  Timing Early Launch at Borrowing Latches   :  No
  Borrow Time for Max Delay Exceptions       :  Yes
  Merge Timing Exceptions                    :  Yes
  Inter-SLR Compensation                     :  Conservative

  Corner  Analyze    Analyze    
  Name    Max Paths  Min Paths  
  ------  ---------  ---------  
  Slow    Yes        Yes        
  Fast    Yes        Yes        


------------------------------------------------------------------------------------------------
| Report Methodology
| ------------------
------------------------------------------------------------------------------------------------

Rule       Severity  Description                                  Violations  
---------  --------  -------------------------------------------  ----------  
LUTAR-1    Warning   LUT drives async reset alert                 6           
TIMING-9   Warning   Unknown CDC Logic                            1           
TIMING-18  Warning   Missing input or output delay                3           
XDCB-5     Warning   Runtime inefficient way to find pin objects  2           

Note: This report is based on the most recent report_methodology run and may not be up-to-date. Run report_methodology on the current design for the latest report.



check_timing report

Table of Contents
-----------------
1. checking no_clock (0)
2. checking constant_clock (0)
3. checking pulse_width_clock (0)
4. checking unconstrained_internal_endpoints (0)
5. checking no_input_delay (2)
6. checking no_output_delay (1)
7. checking multiple_clock (0)
8. checking generated_clocks (0)
9. checking loops (0)
10. checking partial_input_delay (0)
11. checking partial_output_delay (0)
12. checking latch_loops (0)

1. checking no_clock (0)
------------------------
 There are 0 register/latch pins with no clock.


2. checking constant_clock (0)
------------------------------
 There are 0 register/latch pins with constant_clock.


3. checking pulse_width_clock (0)
---------------------------------
 There are 0 register/latch pins which need pulse_width check


4. checking unconstrained_internal_endpoints (0)
------------------------------------------------
 There are 0 pins that are not constrained for maximum delay.

 There are 0 pins that are not constrained for maximum delay due to constant clock.


5. checking no_input_delay (2)
------------------------------
 There are 2 input ports with no input delay specified. (HIGH)

 There are 0 input ports with no input delay but user has a false path constraint.


6. checking no_output_delay (1)
-------------------------------
 There is 1 port with no output delay specified. (HIGH)

 There are 0 ports with no output delay but user has a false path constraint

 There are 0 ports with no output delay but with a timing clock defined on it or propagating through it


7. checking multiple_clock (0)
------------------------------
 There are 0 register/latch pins with multiple clocks.


8. checking generated_clocks (0)
--------------------------------
 There are 0 generated clocks that are not connected to a clock source.


9. checking loops (0)
---------------------
 There are 0 combinational loops in the design.


10. checking partial_input_delay (0)
------------------------------------
 There are 0 input ports with partial input delay specified.


11. checking partial_output_delay (0)
-------------------------------------
 There are 0 ports with partial output delay specified.


12. checking latch_loops (0)
----------------------------
 There are 0 combinational latch loops in the design through latch input



------------------------------------------------------------------------------------------------
| Design Timing Summary
| ---------------------
------------------------------------------------------------------------------------------------

    WNS(ns)      TNS(ns)  TNS Failing Endpoints  TNS Total Endpoints      WHS(ns)      THS(ns)  THS Failing Endpoints  THS Total Endpoints     WPWS(ns)     TPWS(ns)  TPWS Failing Endpoints  TPWS Total Endpoints  
    -------      -------  ---------------------  -------------------      -------      -------  ---------------------  -------------------     --------     --------  ----------------------  --------------------  
      1.262        0.000                      0                11670        0.024        0.000                      0                11654        3.000        0.000                       0                  4720  


All user specified timing constraints are met.


------------------------------------------------------------------------------------------------
| Clock Summary
| -------------
------------------------------------------------------------------------------------------------

Clock                                                                                              Waveform(ns)       Period(ns)      Frequency(MHz)
-----                                                                                              ------------       ----------      --------------
base_soc_i/mdm_1/U0/Use_E2.BSCAN_I/Use_E2.BSCANE2_I/TCK                                            {0.000 16.666}     33.333          30.000          
  base_soc_i/mdm_1/U0/MDM_Core_I1/JTAG_CONTROL_I/Test_Access_Port.BUFG_UPDATE/Using_FPGA.Native/O  {0.000 33.333}     66.666          15.000          
base_soc_i/mdm_1/U0/Use_E2.BSCAN_I/Use_E2.BSCANE2_I/UPDATE                                         {0.000 16.666}     33.333          30.000          
dbg_hub/inst/BSCANID.u_xsdbm_id/SWITCH_N_EXT_BSCAN.bscan_inst/SERIES7_BSCAN.bscan_inst/TCK         {0.000 16.500}     33.000          30.303          
sys_clock                                                                                          {0.000 5.000}      10.000          100.000         
  clk_out1_base_soc_clk_wiz_0                                                                      {0.000 5.000}      10.000          100.000         
  clkfbout_base_soc_clk_wiz_0                                                                      {0.000 5.000}      10.000          100.000         


------------------------------------------------------------------------------------------------
| Intra Clock Table
| -----------------
------------------------------------------------------------------------------------------------

Clock                                                                                                  WNS(ns)      TNS(ns)  TNS Failing Endpoints  TNS Total Endpoints      WHS(ns)      THS(ns)  THS Failing Endpoints  THS Total Endpoints     WPWS(ns)     TPWS(ns)  TPWS Failing Endpoints  TPWS Total Endpoints  
-----                                                                                                  -------      -------  ---------------------  -------------------      -------      -------  ---------------------  -------------------     --------     --------  ----------------------  --------------------  
base_soc_i/mdm_1/U0/Use_E2.BSCAN_I/Use_E2.BSCANE2_I/TCK                                                  8.715        0.000                      0                  427        0.066        0.000                      0                  427       15.686        0.000                       0                   282  
  base_soc_i/mdm_1/U0/MDM_Core_I1/JTAG_CONTROL_I/Test_Access_Port.BUFG_UPDATE/Using_FPGA.Native/O       59.537        0.000                      0                   88        0.263        0.000                      0                   88       32.833        0.000                       0                    99  
dbg_hub/inst/BSCANID.u_xsdbm_id/SWITCH_N_EXT_BSCAN.bscan_inst/SERIES7_BSCAN.bscan_inst/TCK              26.244        0.000                      0                  928        0.087        0.000                      0                  928       15.250        0.000                       0                   483  
sys_clock                                                                                                                                                                                                                                            3.000        0.000                       0                     1  
  clk_out1_base_soc_clk_wiz_0                                                                            1.262        0.000                      0                10006        0.024        0.000                      0                10006        3.750        0.000                       0                  3852  
  clkfbout_base_soc_clk_wiz_0                                                                                                                                                                                                                        7.845        0.000                       0                     3  


------------------------------------------------------------------------------------------------
| Inter Clock Table
| -----------------
------------------------------------------------------------------------------------------------

From Clock                                                                                  To Clock                                                                                        WNS(ns)      TNS(ns)  TNS Failing Endpoints  TNS Total Endpoints      WHS(ns)      THS(ns)  THS Failing Endpoints  THS Total Endpoints  
----------                                                                                  --------                                                                                        -------      -------  ---------------------  -------------------      -------      -------  ---------------------  -------------------  
clk_out1_base_soc_clk_wiz_0                                                                 dbg_hub/inst/BSCANID.u_xsdbm_id/SWITCH_N_EXT_BSCAN.bscan_inst/SERIES7_BSCAN.bscan_inst/TCK        8.407        0.000                      0                    8                                                                        
dbg_hub/inst/BSCANID.u_xsdbm_id/SWITCH_N_EXT_BSCAN.bscan_inst/SERIES7_BSCAN.bscan_inst/TCK  clk_out1_base_soc_clk_wiz_0                                                                      31.540        0.000                      0                    8                                                                        


------------------------------------------------------------------------------------------------
| Other Path Groups Table
| -----------------------
------------------------------------------------------------------------------------------------

Path Group                                                                                  From Clock                                                                                  To Clock                                                                                        WNS(ns)      TNS(ns)  TNS Failing Endpoints  TNS Total Endpoints      WHS(ns)      THS(ns)  THS Failing Endpoints  THS Total Endpoints  
----------                                                                                  ----------                                                                                  --------                                                                                        -------      -------  ---------------------  -------------------      -------      -------  ---------------------  -------------------  
**async_default**                                                                           clk_out1_base_soc_clk_wiz_0                                                                 clk_out1_base_soc_clk_wiz_0                                                                       7.242        0.000                      0                  105        0.335        0.000                      0                  105  
**async_default**                                                                           dbg_hub/inst/BSCANID.u_xsdbm_id/SWITCH_N_EXT_BSCAN.bscan_inst/SERIES7_BSCAN.bscan_inst/TCK  dbg_hub/inst/BSCANID.u_xsdbm_id/SWITCH_N_EXT_BSCAN.bscan_inst/SERIES7_BSCAN.bscan_inst/TCK       28.763        0.000                      0                  100        0.342        0.000                      0                  100  


------------------------------------------------------------------------------------------------
| Timing Details
| --------------
------------------------------------------------------------------------------------------------


---------------------------------------------------------------------------------------------------
From Clock:  base_soc_i/mdm_1/U0/Use_E2.BSCAN_I/Use_E2.BSCANE2_I/TCK
  To Clock:  base_soc_i/mdm_1/U0/Use_E2.BSCAN_I/Use_E2.BSCANE2_I/TCK

Setup :            0  Failing Endpoints,  Worst Slack        8.715ns,  Total Violation        0.000ns
Hold  :            0  Failing Endpoints,  Worst Slack        0.066ns,  Total Violation        0.000ns
PW    :            0  Failing Endpoints,  Worst Slack       15.686ns,  Total Violation        0.000ns
---------------------------------------------------------------------------------------------------


Max Delay Paths
--------------------------------------------------------------------------------------
Slack (MET) :             8.715ns  (required time - arrival time)
  Source:                 base_soc_i/mdm_1/U0/MDM_Core_I1/JTAG_CONTROL_I/Test_Access_Port.shift_dtm_reg/C
                            (falling edge-triggered cell FDRE clocked by base_soc_i/mdm_1/U0/Use_E2.BSCAN_I/Use_E2.BSCANE2_I/TCK  {rise@0.000ns fall@16.667ns period=33.333ns})
  Destination:            base_soc_i/mdm_1/U0/MDM_Core_I1/JTAG_CONTROL_I/TDO_reg/D
                            (rising edge-triggered cell FDRE clocked by base_soc_i/mdm_1/U0/Use_E2.BSCAN_I/Use_E2.BSCANE2_I/TCK  {rise@0.000ns fall@16.667ns period=33.333ns})
  Path Group:             base_soc_i/mdm_1/U0/Use_E2.BSCAN_I/Use_E2.BSCANE2_I/TCK
  Path Type:              Setup (Max at Slow Process Corner)
  Requirement:            16.667ns  (base_soc_i/mdm_1/U0/Use_E2.BSCAN_I/Use_E2.BSCANE2_I/TCK rise@33.333ns - base_soc_i/mdm_1/U0/Use_E2.BSCAN_I/Use_E2.BSCANE2_I/TCK fall@16.667ns)
  Data Path Delay:        7.794ns  (logic 1.575ns (20.208%)  route 6.219ns (79.792%))
  Logic Levels:           9  (LUT3=1 LUT4=1 LUT5=1 LUT6=6)
  Clock Path Skew:        -0.041ns (DCD - SCD + CPR)
    Destination Clock Delay (DCD):    2.881ns = ( 36.214 - 33.333 ) 
    Source Clock Delay      (SCD):    3.233ns = ( 19.900 - 16.667 ) 
    Clock Pessimism Removal (CPR):    0.311ns
  Clock Uncertainty:      0.035ns  ((TSJ^2 + TIJ^2)^1/2 + DJ) / 2 + PE
    Total System Jitter     (TSJ):    0.071ns
    Total Input Jitter      (TIJ):    0.000ns
    Discrete Jitter          (DJ):    0.000ns
    Phase Error              (PE):    0.000ns

    Location             Delay type                Incr(ns)  Path(ns)    Netlist Resource(s)
  -------------------------------------------------------------------    -------------------
                         (clock base_soc_i/mdm_1/U0/Use_E2.BSCAN_I/Use_E2.BSCANE2_I/TCK fall edge)
                                                     16.667    16.667 f  
    BSCAN_X0Y1           BSCANE2                      0.000    16.667 f  base_soc_i/mdm_1/U0/Use_E2.BSCAN_I/Use_E2.BSCANE2_I/TCK
                         net (fo=2, routed)           1.587    18.254    base_soc_i/mdm_1/U0/Use_JTAG_BSCAN.BUFG_JTAG_TCK/lopt
    BUFGCTRL_X0Y1        BUFGCTRL (Prop_bufgctrl_I0_O)
                                                      0.096    18.350 f  base_soc_i/mdm_1/U0/Use_JTAG_BSCAN.BUFG_JTAG_TCK/Using_FPGA.Native/O
                         net (fo=31, routed)          1.550    19.900    base_soc_i/mdm_1/U0/MDM_Core_I1/JTAG_CONTROL_I/Use_JTAG_BSCAN.tck_int
    SLICE_X35Y60         FDRE                                         r  base_soc_i/mdm_1/U0/MDM_Core_I1/JTAG_CONTROL_I/Test_Access_Port.shift_dtm_reg/C  (IS_INVERTED)
  -------------------------------------------------------------------    -------------------
    SLICE_X35Y60         FDRE (Prop_fdre_C_Q)         0.459    20.359 r  base_soc_i/mdm_1/U0/MDM_Core_I1/JTAG_CONTROL_I/Test_Access_Port.shift_dtm_reg/Q
                         net (fo=19, routed)          1.514    21.873    base_soc_i/mdm_1/U0/MDM_Core_I1/JTAG_CONTROL_I/Test_Access_Port.shift_dtm_reg_0
    SLICE_X37Y64         LUT4 (Prop_lut4_I2_O)        0.124    21.997 f  base_soc_i/mdm_1/U0/MDM_Core_I1/JTAG_CONTROL_I/Dbg_Reg_En_0[0]_INST_0/O
                         net (fo=3, routed)           0.616    22.613    <hidden>
    SLICE_X38Y63         LUT3 (Prop_lut3_I2_O)        0.124    22.737 f  <hidden>
                         net (fo=5, routed)           0.461    23.198    <hidden>
    SLICE_X40Y63         LUT6 (Prop_lut6_I0_O)        0.124    23.322 r  <hidden>
                         net (fo=1, routed)           0.625    23.948    <hidden>
    SLICE_X40Y62         LUT5 (Prop_lut5_I4_O)        0.124    24.072 f  <hidden>
                         net (fo=1, routed)           0.670    24.742    <hidden>
    SLICE_X40Y62         LUT6 (Prop_lut6_I0_O)        0.124    24.866 r  <hidden>
                         net (fo=1, routed)           0.618    25.483    <hidden>
    SLICE_X38Y62         LUT6 (Prop_lut6_I5_O)        0.124    25.607 r  <hidden>
                         net (fo=3, routed)           0.475    26.082    base_soc_i/mdm_1/U0/MDM_Core_I1/JTAG_CONTROL_I/Dbg_TDO_0
    SLICE_X36Y64         LUT6 (Prop_lut6_I1_O)        0.124    26.206 f  base_soc_i/mdm_1/U0/MDM_Core_I1/JTAG_CONTROL_I/TDO_i_8/O
                         net (fo=1, routed)           0.563    26.769    base_soc_i/mdm_1/U0/MDM_Core_I1/JTAG_CONTROL_I/TDO_i_8_n_0
    SLICE_X36Y63         LUT6 (Prop_lut6_I1_O)        0.124    26.893 r  base_soc_i/mdm_1/U0/MDM_Core_I1/JTAG_CONTROL_I/TDO_i_4/O
                         net (fo=1, routed)           0.317    27.210    base_soc_i/mdm_1/U0/MDM_Core_I1/JTAG_CONTROL_I/TDO_i_4_n_0
    SLICE_X34Y63         LUT6 (Prop_lut6_I2_O)        0.124    27.334 r  base_soc_i/mdm_1/U0/MDM_Core_I1/JTAG_CONTROL_I/TDO_i_1/O
                         net (fo=2, routed)           0.360    27.694    base_soc_i/mdm_1/U0/MDM_Core_I1/JTAG_CONTROL_I/TDO_dtm
    SLICE_X32Y62         FDRE                                         r  base_soc_i/mdm_1/U0/MDM_Core_I1/JTAG_CONTROL_I/TDO_reg/D
  -------------------------------------------------------------------    -------------------

                         (clock base_soc_i/mdm_1/U0/Use_E2.BSCAN_I/Use_E2.BSCANE2_I/TCK rise edge)
                                                     33.333    33.333 r  
    BSCAN_X0Y1           BSCANE2                      0.000    33.333 r  base_soc_i/mdm_1/U0/Use_E2.BSCAN_I/Use_E2.BSCANE2_I/TCK
                         net (fo=2, routed)           1.359    34.692    base_soc_i/mdm_1/U0/Use_JTAG_BSCAN.BUFG_JTAG_TCK/lopt
    BUFGCTRL_X0Y1        BUFGCTRL (Prop_bufgctrl_I0_O)
                                                      0.091    34.783 r  base_soc_i/mdm_1/U0/Use_JTAG_BSCAN.BUFG_JTAG_TCK/Using_FPGA.Native/O
                         net (fo=31, routed)          1.431    36.214    base_soc_i/mdm_1/U0/MDM_Core_I1/JTAG_CONTROL_I/Use_JTAG_BSCAN.tck_int
    SLICE_X32Y62         FDRE                                         r  base_soc_i/mdm_1/U0/MDM_Core_I1/JTAG_CONTROL_I/TDO_reg/C
                         clock pessimism              0.311    36.525    
                         clock uncertainty           -0.035    36.490    
    SLICE_X32Y62         FDRE (Setup_fdre_C_D)       -0.081    36.409    base_soc_i/mdm_1/U0/MDM_Core_I1/JTAG_CONTROL_I/TDO_reg
  -------------------------------------------------------------------
                         required time                         36.409    
                         arrival time                         -27.694    
  -------------------------------------------------------------------
                         slack                                  8.715    





Min Delay Paths
--------------------------------------------------------------------------------------
Slack (MET) :             0.066ns  (arrival time - required time)
  Source:                 <hidden>
                            (rising edge-triggered cell FDRE clocked by base_soc_i/mdm_1/U0/Use_E2.BSCAN_I/Use_E2.BSCANE2_I/TCK  {rise@0.000ns fall@16.667ns period=33.333ns})
  Destination:            <hidden>
                            (rising edge-triggered cell FDRE clocked by base_soc_i/mdm_1/U0/Use_E2.BSCAN_I/Use_E2.BSCANE2_I/TCK  {rise@0.000ns fall@16.667ns period=33.333ns})
  Path Group:             base_soc_i/mdm_1/U0/Use_E2.BSCAN_I/Use_E2.BSCANE2_I/TCK
  Path Type:              Hold (Min at Fast Process Corner)
  Requirement:            0.000ns  (base_soc_i/mdm_1/U0/Use_E2.BSCAN_I/Use_E2.BSCANE2_I/TCK rise@0.000ns - base_soc_i/mdm_1/U0/Use_E2.BSCAN_I/Use_E2.BSCANE2_I/TCK rise@0.000ns)
  Data Path Delay:        0.353ns  (logic 0.148ns (41.957%)  route 0.205ns (58.043%))
  Logic Levels:           0  
  Clock Path Skew:        0.265ns (DCD - SCD - CPR)
    Destination Clock Delay (DCD):    1.617ns
    Source Clock Delay      (SCD):    1.238ns
    Clock Pessimism Removal (CPR):    0.114ns

    Location             Delay type                Incr(ns)  Path(ns)    Netlist Resource(s)
  -------------------------------------------------------------------    -------------------
                         (clock base_soc_i/mdm_1/U0/Use_E2.BSCAN_I/Use_E2.BSCANE2_I/TCK rise edge)
                                                      0.000     0.000 r  
    BSCAN_X0Y1           BSCANE2                      0.000     0.000 r  base_soc_i/mdm_1/U0/Use_E2.BSCAN_I/Use_E2.BSCANE2_I/TCK
                         net (fo=2, routed)           0.597     0.597    base_soc_i/mdm_1/U0/Use_JTAG_BSCAN.BUFG_JTAG_TCK/lopt
    BUFGCTRL_X0Y1        BUFGCTRL (Prop_bufgctrl_I0_O)
                                                      0.026     0.623 r  base_soc_i/mdm_1/U0/Use_JTAG_BSCAN.BUFG_JTAG_TCK/Using_FPGA.Native/O
                         net (fo=31, routed)          0.030     0.653    base_soc_i/mdm_1/U0/MDM_Core_I1/JTAG_CONTROL_I/Test_Access_Port.BUFG_DRCK/Use_JTAG_BSCAN.tck_int
    BUFGCTRL_X0Y0        BUFGCTRL (Prop_bufgctrl_I0_O)
                                                      0.026     0.679 r  base_soc_i/mdm_1/U0/MDM_Core_I1/JTAG_CONTROL_I/Test_Access_Port.BUFG_DRCK/Using_FPGA.Native/O
                         net (fo=198, routed)         0.559     1.238    <hidden>
    SLICE_X34Y59         FDRE                                         r  <hidden>
  -------------------------------------------------------------------    -------------------
    SLICE_X34Y59         FDRE (Prop_fdre_C_Q)         0.148     1.386 r  <hidden>
                         net (fo=5, routed)           0.205     1.591    <hidden>
    SLICE_X39Y58         FDRE                                         r  <hidden>
  -------------------------------------------------------------------    -------------------

                         (clock base_soc_i/mdm_1/U0/Use_E2.BSCAN_I/Use_E2.BSCANE2_I/TCK rise edge)
                                                      0.000     0.000 r  
    BSCAN_X0Y1           BSCANE2                      0.000     0.000 r  base_soc_i/mdm_1/U0/Use_E2.BSCAN_I/Use_E2.BSCANE2_I/TCK
                         net (fo=2, routed)           0.697     0.697    base_soc_i/mdm_1/U0/Use_JTAG_BSCAN.BUFG_JTAG_TCK/lopt
    BUFGCTRL_X0Y1        BUFGCTRL (Prop_bufgctrl_I0_O)
                                                      0.029     0.726 r  base_soc_i/mdm_1/U0/Use_JTAG_BSCAN.BUFG_JTAG_TCK/Using_FPGA.Native/O
                         net (fo=31, routed)          0.033     0.759    base_soc_i/mdm_1/U0/MDM_Core_I1/JTAG_CONTROL_I/Test_Access_Port.BUFG_DRCK/Use_JTAG_BSCAN.tck_int
    BUFGCTRL_X0Y0        BUFGCTRL (Prop_bufgctrl_I0_O)
                                                      0.029     0.788 r  base_soc_i/mdm_1/U0/MDM_Core_I1/JTAG_CONTROL_I/Test_Access_Port.BUFG_DRCK/Using_FPGA.Native/O
                         net (fo=198, routed)         0.828     1.617    <hidden>
    SLICE_X39Y58         FDRE                                         r  <hidden>
                         clock pessimism             -0.114     1.503    
    SLICE_X39Y58         FDRE (Hold_fdre_C_D)         0.022     1.525    <hidden>
  -------------------------------------------------------------------
                         required time                         -1.525    
                         arrival time                           1.591    
  -------------------------------------------------------------------
                         slack                                  0.066    





Pulse Width Checks
--------------------------------------------------------------------------------------
Clock Name:         base_soc_i/mdm_1/U0/Use_E2.BSCAN_I/Use_E2.BSCANE2_I/TCK
Waveform(ns):       { 0.000 16.667 }
Period(ns):         33.333
Sources:            { base_soc_i/mdm_1/U0/Use_E2.BSCAN_I/Use_E2.BSCANE2_I/TCK }

Check Type        Corner  Lib Pin      Reference Pin  Required(ns)  Actual(ns)  Slack(ns)  Location       Pin
Min Period        n/a     BUFGCTRL/I0  n/a            2.155         33.333      31.178     BUFGCTRL_X0Y0  base_soc_i/mdm_1/U0/MDM_Core_I1/JTAG_CONTROL_I/Test_Access_Port.BUFG_DRCK/Using_FPGA.Native/I0
Low Pulse Width   Slow    SRL16E/CLK   n/a            0.980         16.666      15.686     SLICE_X30Y65   base_soc_i/mdm_1/U0/Use_JTAG_BSCAN.bscanid_reg[13]_srl7___Use_JTAG_BSCAN.bscanid_reg_r_5/CLK
High Pulse Width  Slow    SRL16E/CLK   n/a            0.980         16.666      15.686     SLICE_X30Y65   base_soc_i/mdm_1/U0/Use_JTAG_BSCAN.bscanid_reg[13]_srl7___Use_JTAG_BSCAN.bscanid_reg_r_5/CLK



---------------------------------------------------------------------------------------------------
From Clock:  base_soc_i/mdm_1/U0/MDM_Core_I1/JTAG_CONTROL_I/Test_Access_Port.BUFG_UPDATE/Using_FPGA.Native/O
  To Clock:  base_soc_i/mdm_1/U0/MDM_Core_I1/JTAG_CONTROL_I/Test_Access_Port.BUFG_UPDATE/Using_FPGA.Native/O

Setup :            0  Failing Endpoints,  Worst Slack       59.537ns,  Total Violation        0.000ns
Hold  :            0  Failing Endpoints,  Worst Slack        0.263ns,  Total Violation        0.000ns
PW    :            0  Failing Endpoints,  Worst Slack       32.833ns,  Total Violation        0.000ns
---------------------------------------------------------------------------------------------------


Max Delay Paths
--------------------------------------------------------------------------------------
Slack (MET) :             59.537ns  (required time - arrival time)
  Source:                 base_soc_i/mdm_1/U0/MDM_Core_I1/JTAG_CONTROL_I/command_reg[1]/C
                            (rising edge-triggered cell FDRE clocked by base_soc_i/mdm_1/U0/MDM_Core_I1/JTAG_CONTROL_I/Test_Access_Port.BUFG_UPDATE/Using_FPGA.Native/O  {rise@0.000ns fall@33.333ns period=66.666ns})
  Destination:            <hidden>
                            (rising edge-triggered cell FDRE clocked by base_soc_i/mdm_1/U0/MDM_Core_I1/JTAG_CONTROL_I/Test_Access_Port.BUFG_UPDATE/Using_FPGA.Native/O  {rise@0.000ns fall@33.333ns period=66.666ns})
  Path Group:             base_soc_i/mdm_1/U0/MDM_Core_I1/JTAG_CONTROL_I/Test_Access_Port.BUFG_UPDATE/Using_FPGA.Native/O
  Path Type:              Setup (Max at Slow Process Corner)
  Requirement:            66.666ns  (base_soc_i/mdm_1/U0/MDM_Core_I1/JTAG_CONTROL_I/Test_Access_Port.BUFG_UPDATE/Using_FPGA.Native/O rise@66.666ns - base_soc_i/mdm_1/U0/MDM_Core_I1/JTAG_CONTROL_I/Test_Access_Port.BUFG_UPDATE/Using_FPGA.Native/O rise@0.000ns)
  Data Path Delay:        6.818ns  (logic 1.338ns (19.624%)  route 5.480ns (80.376%))
  Logic Levels:           6  (LUT4=2 LUT6=4)
  Clock Path Skew:        -0.106ns (DCD - SCD + CPR)
    Destination Clock Delay (DCD):    5.585ns = ( 72.251 - 66.666 ) 
    Source Clock Delay      (SCD):    6.259ns
    Clock Pessimism Removal (CPR):    0.567ns
  Clock Uncertainty:      0.035ns  ((TSJ^2 + TIJ^2)^1/2 + DJ) / 2 + PE
    Total System Jitter     (TSJ):    0.071ns
    Total Input Jitter      (TIJ):    0.000ns
    Discrete Jitter          (DJ):    0.000ns
    Phase Error              (PE):    0.000ns

    Location             Delay type                Incr(ns)  Path(ns)    Netlist Resource(s)
  -------------------------------------------------------------------    -------------------
                         (clock base_soc_i/mdm_1/U0/MDM_Core_I1/JTAG_CONTROL_I/Test_Access_Port.BUFG_UPDATE/Using_FPGA.Native/O rise edge)
                                                      0.000     0.000 r  
    BSCAN_X0Y1           BSCANE2                      0.000     0.000 f  base_soc_i/mdm_1/U0/Use_E2.BSCAN_I/Use_E2.BSCANE2_I/TCK
                         net (fo=2, routed)           1.587     1.587    base_soc_i/mdm_1/U0/Use_JTAG_BSCAN.BUFG_JTAG_TCK/lopt
    BUFGCTRL_X0Y1        BUFGCTRL (Prop_bufgctrl_I0_O)
                                                      0.096     1.683 f  base_soc_i/mdm_1/U0/Use_JTAG_BSCAN.BUFG_JTAG_TCK/Using_FPGA.Native/O
                         net (fo=31, routed)          1.552     3.235    base_soc_i/mdm_1/U0/MDM_Core_I1/JTAG_CONTROL_I/Use_JTAG_BSCAN.tck_int
    SLICE_X35Y56         FDRE (Prop_fdre_C_Q)         0.459     3.694 r  base_soc_i/mdm_1/U0/MDM_Core_I1/JTAG_CONTROL_I/Test_Access_Port.update_unbuf_reg/Q
                         net (fo=1, routed)           0.922     4.617    base_soc_i/mdm_1/U0/MDM_Core_I1/JTAG_CONTROL_I/Test_Access_Port.BUFG_UPDATE/Test_Access_Port.update_unbuf
    BUFGCTRL_X0Y4        BUFG (Prop_bufg_I_O)         0.096     4.713 r  base_soc_i/mdm_1/U0/MDM_Core_I1/JTAG_CONTROL_I/Test_Access_Port.BUFG_UPDATE/Using_FPGA.Native/O
                         net (fo=99, routed)          1.546     6.259    base_soc_i/mdm_1/U0/MDM_Core_I1/JTAG_CONTROL_I/Using_FPGA.Native_0
    SLICE_X36Y65         FDRE                                         r  base_soc_i/mdm_1/U0/MDM_Core_I1/JTAG_CONTROL_I/command_reg[1]/C
  -------------------------------------------------------------------    -------------------
    SLICE_X36Y65         FDRE (Prop_fdre_C_Q)         0.419     6.678 f  base_soc_i/mdm_1/U0/MDM_Core_I1/JTAG_CONTROL_I/command_reg[1]/Q
                         net (fo=8, routed)           0.873     7.551    base_soc_i/mdm_1/U0/MDM_Core_I1/JTAG_CONTROL_I/command[1]
    SLICE_X37Y65         LUT4 (Prop_lut4_I3_O)        0.299     7.850 f  base_soc_i/mdm_1/U0/MDM_Core_I1/JTAG_CONTROL_I/Dbg_Reg_En_0[6]_INST_0/O
                         net (fo=7, routed)           0.806     8.656    <hidden>
    SLICE_X39Y63         LUT6 (Prop_lut6_I0_O)        0.124     8.780 f  <hidden>
                         net (fo=2, routed)           0.274     9.054    <hidden>
    SLICE_X39Y63         LUT6 (Prop_lut6_I5_O)        0.124     9.178 r  <hidden>
                         net (fo=6, routed)           0.766     9.944    <hidden>
    SLICE_X42Y63         LUT6 (Prop_lut6_I5_O)        0.124    10.068 f  <hidden>
                         net (fo=5, routed)           0.747    10.815    <hidden>
    SLICE_X43Y63         LUT4 (Prop_lut4_I3_O)        0.124    10.939 f  <hidden>
                         net (fo=1, routed)           0.575    11.514    <hidden>
    SLICE_X43Y65         LUT6 (Prop_lut6_I5_O)        0.124    11.638 r  <hidden>
                         net (fo=32, routed)          1.438    13.077    <hidden>
    SLICE_X34Y58         FDRE                                         r  <hidden>
  -------------------------------------------------------------------    -------------------

                         (clock base_soc_i/mdm_1/U0/MDM_Core_I1/JTAG_CONTROL_I/Test_Access_Port.BUFG_UPDATE/Using_FPGA.Native/O rise edge)
                                                     66.666    66.666 f  
    BSCAN_X0Y1           BSCANE2                      0.000    66.666 f  base_soc_i/mdm_1/U0/Use_E2.BSCAN_I/Use_E2.BSCANE2_I/TCK
                         net (fo=2, routed)           1.359    68.025    base_soc_i/mdm_1/U0/Use_JTAG_BSCAN.BUFG_JTAG_TCK/lopt
    BUFGCTRL_X0Y1        BUFGCTRL (Prop_bufgctrl_I0_O)
                                                      0.091    68.116 f  base_soc_i/mdm_1/U0/Use_JTAG_BSCAN.BUFG_JTAG_TCK/Using_FPGA.Native/O
                         net (fo=31, routed)          1.434    69.550    base_soc_i/mdm_1/U0/MDM_Core_I1/JTAG_CONTROL_I/Use_JTAG_BSCAN.tck_int
    SLICE_X35Y56         FDRE (Prop_fdre_C_Q)         0.370    69.920 r  base_soc_i/mdm_1/U0/MDM_Core_I1/JTAG_CONTROL_I/Test_Access_Port.update_unbuf_reg/Q
                         net (fo=1, routed)           0.807    70.727    base_soc_i/mdm_1/U0/MDM_Core_I1/JTAG_CONTROL_I/Test_Access_Port.BUFG_UPDATE/Test_Access_Port.update_unbuf
    BUFGCTRL_X0Y4        BUFG (Prop_bufg_I_O)         0.091    70.818 r  base_soc_i/mdm_1/U0/MDM_Core_I1/JTAG_CONTROL_I/Test_Access_Port.BUFG_UPDATE/Using_FPGA.Native/O
                         net (fo=99, routed)          1.433    72.251    <hidden>
    SLICE_X34Y58         FDRE                                         r  <hidden>
                         clock pessimism              0.567    72.818    
                         clock uncertainty           -0.035    72.783    
    SLICE_X34Y58         FDRE (Setup_fdre_C_CE)      -0.169    72.614    <hidden>
  -------------------------------------------------------------------
                         required time                         72.614    
                         arrival time                         -13.077    
  -------------------------------------------------------------------
                         slack                                 59.537    





Min Delay Paths
--------------------------------------------------------------------------------------
Slack (MET) :             0.263ns  (arrival time - required time)
  Source:                 <hidden>
                            (rising edge-triggered cell FDCE clocked by base_soc_i/mdm_1/U0/MDM_Core_I1/JTAG_CONTROL_I/Test_Access_Port.BUFG_UPDATE/Using_FPGA.Native/O  {rise@0.000ns fall@33.333ns period=66.666ns})
  Destination:            <hidden>
                            (rising edge-triggered cell FDCE clocked by base_soc_i/mdm_1/U0/MDM_Core_I1/JTAG_CONTROL_I/Test_Access_Port.BUFG_UPDATE/Using_FPGA.Native/O  {rise@0.000ns fall@33.333ns period=66.666ns})
  Path Group:             base_soc_i/mdm_1/U0/MDM_Core_I1/JTAG_CONTROL_I/Test_Access_Port.BUFG_UPDATE/Using_FPGA.Native/O
  Path Type:              Hold (Min at Fast Process Corner)
  Requirement:            0.000ns  (base_soc_i/mdm_1/U0/MDM_Core_I1/JTAG_CONTROL_I/Test_Access_Port.BUFG_UPDATE/Using_FPGA.Native/O rise@0.000ns - base_soc_i/mdm_1/U0/MDM_Core_I1/JTAG_CONTROL_I/Test_Access_Port.BUFG_UPDATE/Using_FPGA.Native/O rise@0.000ns)
  Data Path Delay:        0.354ns  (logic 0.186ns (52.507%)  route 0.168ns (47.493%))
  Logic Levels:           1  (LUT6=1)
  Clock Path Skew:        0.000ns (DCD - SCD - CPR)
    Destination Clock Delay (DCD):    2.992ns
    Source Clock Delay      (SCD):    2.263ns
    Clock Pessimism Removal (CPR):    0.729ns

    Location             Delay type                Incr(ns)  Path(ns)    Netlist Resource(s)
  -------------------------------------------------------------------    -------------------
                         (clock base_soc_i/mdm_1/U0/MDM_Core_I1/JTAG_CONTROL_I/Test_Access_Port.BUFG_UPDATE/Using_FPGA.Native/O rise edge)
                                                      0.000     0.000 r  
    BSCAN_X0Y1           BSCANE2                      0.000     0.000 f  base_soc_i/mdm_1/U0/Use_E2.BSCAN_I/Use_E2.BSCANE2_I/TCK
                         net (fo=2, routed)           0.597     0.597    base_soc_i/mdm_1/U0/Use_JTAG_BSCAN.BUFG_JTAG_TCK/lopt
    BUFGCTRL_X0Y1        BUFGCTRL (Prop_bufgctrl_I0_O)
                                                      0.026     0.623 f  base_soc_i/mdm_1/U0/Use_JTAG_BSCAN.BUFG_JTAG_TCK/Using_FPGA.Native/O
                         net (fo=31, routed)          0.560     1.183    base_soc_i/mdm_1/U0/MDM_Core_I1/JTAG_CONTROL_I/Use_JTAG_BSCAN.tck_int
    SLICE_X35Y56         FDRE (Prop_fdre_C_Q)         0.146     1.329 r  base_soc_i/mdm_1/U0/MDM_Core_I1/JTAG_CONTROL_I/Test_Access_Port.update_unbuf_reg/Q
                         net (fo=1, routed)           0.350     1.679    base_soc_i/mdm_1/U0/MDM_Core_I1/JTAG_CONTROL_I/Test_Access_Port.BUFG_UPDATE/Test_Access_Port.update_unbuf
    BUFGCTRL_X0Y4        BUFG (Prop_bufg_I_O)         0.026     1.705 r  base_soc_i/mdm_1/U0/MDM_Core_I1/JTAG_CONTROL_I/Test_Access_Port.BUFG_UPDATE/Using_FPGA.Native/O
                         net (fo=99, routed)          0.558     2.263    <hidden>
    SLICE_X47Y63         FDCE                                         r  <hidden>
  -------------------------------------------------------------------    -------------------
    SLICE_X47Y63         FDCE (Prop_fdce_C_Q)         0.141     2.404 r  <hidden>
                         net (fo=2, routed)           0.168     2.572    <hidden>
    SLICE_X47Y63         LUT6 (Prop_lut6_I5_O)        0.045     2.617 r  <hidden>
                         net (fo=1, routed)           0.000     2.617    <hidden>
    SLICE_X47Y63         FDCE                                         r  <hidden>
  -------------------------------------------------------------------    -------------------

                         (clock base_soc_i/mdm_1/U0/MDM_Core_I1/JTAG_CONTROL_I/Test_Access_Port.BUFG_UPDATE/Using_FPGA.Native/O rise edge)
                                                      0.000     0.000 f  
    BSCAN_X0Y1           BSCANE2                      0.000     0.000 f  base_soc_i/mdm_1/U0/Use_E2.BSCAN_I/Use_E2.BSCANE2_I/TCK
                         net (fo=2, routed)           0.697     0.697    base_soc_i/mdm_1/U0/Use_JTAG_BSCAN.BUFG_JTAG_TCK/lopt
    BUFGCTRL_X0Y1        BUFGCTRL (Prop_bufgctrl_I0_O)
                                                      0.029     0.726 f  base_soc_i/mdm_1/U0/Use_JTAG_BSCAN.BUFG_JTAG_TCK/Using_FPGA.Native/O
                         net (fo=31, routed)          0.828     1.555    base_soc_i/mdm_1/U0/MDM_Core_I1/JTAG_CONTROL_I/Use_JTAG_BSCAN.tck_int
    SLICE_X35Y56         FDRE (Prop_fdre_C_Q)         0.182     1.737 r  base_soc_i/mdm_1/U0/MDM_Core_I1/JTAG_CONTROL_I/Test_Access_Port.update_unbuf_reg/Q
                         net (fo=1, routed)           0.399     2.136    base_soc_i/mdm_1/U0/MDM_Core_I1/JTAG_CONTROL_I/Test_Access_Port.BUFG_UPDATE/Test_Access_Port.update_unbuf
    BUFGCTRL_X0Y4        BUFG (Prop_bufg_I_O)         0.029     2.165 r  base_soc_i/mdm_1/U0/MDM_Core_I1/JTAG_CONTROL_I/Test_Access_Port.BUFG_UPDATE/Using_FPGA.Native/O
                         net (fo=99, routed)          0.826     2.992    <hidden>
    SLICE_X47Y63         FDCE                                         r  <hidden>
                         clock pessimism             -0.729     2.263    
    SLICE_X47Y63         FDCE (Hold_fdce_C_D)         0.091     2.354    <hidden>
  -------------------------------------------------------------------
                         required time                         -2.354    
                         arrival time                           2.617    
  -------------------------------------------------------------------
                         slack                                  0.263    





Pulse Width Checks
--------------------------------------------------------------------------------------
Clock Name:         base_soc_i/mdm_1/U0/MDM_Core_I1/JTAG_CONTROL_I/Test_Access_Port.BUFG_UPDATE/Using_FPGA.Native/O
Waveform(ns):       { 0.000 33.333 }
Period(ns):         66.666
Sources:            { base_soc_i/mdm_1/U0/MDM_Core_I1/JTAG_CONTROL_I/Test_Access_Port.BUFG_UPDATE/Using_FPGA.Native/O }

Check Type        Corner  Lib Pin  Reference Pin  Required(ns)  Actual(ns)  Slack(ns)  Location      Pin
Min Period        n/a     FDRE/C   n/a            1.000         66.666      65.666     SLICE_X36Y64  base_soc_i/mdm_1/U0/MDM_Core_I1/JTAG_CONTROL_I/command_reg[0]/C
Low Pulse Width   Slow    FDRE/C   n/a            0.500         33.333      32.833     SLICE_X36Y64  base_soc_i/mdm_1/U0/MDM_Core_I1/JTAG_CONTROL_I/command_reg[0]/C
High Pulse Width  Slow    FDRE/C   n/a            0.500         33.333      32.833     SLICE_X36Y64  base_soc_i/mdm_1/U0/MDM_Core_I1/JTAG_CONTROL_I/command_reg[0]/C



---------------------------------------------------------------------------------------------------
From Clock:  dbg_hub/inst/BSCANID.u_xsdbm_id/SWITCH_N_EXT_BSCAN.bscan_inst/SERIES7_BSCAN.bscan_inst/TCK
  To Clock:  dbg_hub/inst/BSCANID.u_xsdbm_id/SWITCH_N_EXT_BSCAN.bscan_inst/SERIES7_BSCAN.bscan_inst/TCK

Setup :            0  Failing Endpoints,  Worst Slack       26.244ns,  Total Violation        0.000ns
Hold  :            0  Failing Endpoints,  Worst Slack        0.087ns,  Total Violation        0.000ns
PW    :            0  Failing Endpoints,  Worst Slack       15.250ns,  Total Violation        0.000ns
---------------------------------------------------------------------------------------------------


Max Delay Paths
--------------------------------------------------------------------------------------
Slack (MET) :             26.244ns  (required time - arrival time)
  Source:                 dbg_hub/inst/BSCANID.u_xsdbm_id/SWITCH_N_EXT_BSCAN.bscan_switch/state_reg[2]/C
                            (rising edge-triggered cell FDRE clocked by dbg_hub/inst/BSCANID.u_xsdbm_id/SWITCH_N_EXT_BSCAN.bscan_inst/SERIES7_BSCAN.bscan_inst/TCK  {rise@0.000ns fall@16.500ns period=33.000ns})
  Destination:            dbg_hub/inst/BSCANID.u_xsdbm_id/SWITCH_N_EXT_BSCAN.bscan_switch/portno_temp_reg[3]/D
                            (rising edge-triggered cell FDRE clocked by dbg_hub/inst/BSCANID.u_xsdbm_id/SWITCH_N_EXT_BSCAN.bscan_inst/SERIES7_BSCAN.bscan_inst/TCK  {rise@0.000ns fall@16.500ns period=33.000ns})
  Path Group:             dbg_hub/inst/BSCANID.u_xsdbm_id/SWITCH_N_EXT_BSCAN.bscan_inst/SERIES7_BSCAN.bscan_inst/TCK
  Path Type:              Setup (Max at Slow Process Corner)
  Requirement:            33.000ns  (dbg_hub/inst/BSCANID.u_xsdbm_id/SWITCH_N_EXT_BSCAN.bscan_inst/SERIES7_BSCAN.bscan_inst/TCK rise@33.000ns - dbg_hub/inst/BSCANID.u_xsdbm_id/SWITCH_N_EXT_BSCAN.bscan_inst/SERIES7_BSCAN.bscan_inst/TCK rise@0.000ns)
  Data Path Delay:        6.727ns  (logic 1.923ns (28.584%)  route 4.804ns (71.416%))
  Logic Levels:           5  (CARRY4=1 LUT3=1 LUT4=1 LUT5=1 LUT6=1)
  Clock Path Skew:        -0.022ns (DCD - SCD + CPR)
    Destination Clock Delay (DCD):    3.009ns = ( 36.009 - 33.000 ) 
    Source Clock Delay      (SCD):    3.372ns
    Clock Pessimism Removal (CPR):    0.341ns
  Clock Uncertainty:      0.035ns  ((TSJ^2 + TIJ^2)^1/2 + DJ) / 2 + PE
    Total System Jitter     (TSJ):    0.071ns
    Total Input Jitter      (TIJ):    0.000ns
    Discrete Jitter          (DJ):    0.000ns
    Phase Error              (PE):    0.000ns

    Location             Delay type                Incr(ns)  Path(ns)    Netlist Resource(s)
  -------------------------------------------------------------------    -------------------
                         (clock dbg_hub/inst/BSCANID.u_xsdbm_id/SWITCH_N_EXT_BSCAN.bscan_inst/SERIES7_BSCAN.bscan_inst/TCK rise edge)
                                                      0.000     0.000 r  
    BSCAN_X0Y0           BSCANE2                      0.000     0.000 r  dbg_hub/inst/BSCANID.u_xsdbm_id/SWITCH_N_EXT_BSCAN.bscan_inst/SERIES7_BSCAN.bscan_inst/TCK
                         net (fo=1, routed)           1.728     1.728    dbg_hub/inst/BSCANID.u_xsdbm_id/tck_bs
    BUFGCTRL_X0Y3        BUFG (Prop_bufg_I_O)         0.096     1.824 r  dbg_hub/inst/BSCANID.u_xsdbm_id/SWITCH_N_EXT_BSCAN.u_bufg_icon_tck/O
                         net (fo=482, routed)         1.548     3.372    dbg_hub/inst/BSCANID.u_xsdbm_id/SWITCH_N_EXT_BSCAN.bscan_switch/s_bscan_tck
    SLICE_X37Y22         FDRE                                         r  dbg_hub/inst/BSCANID.u_xsdbm_id/SWITCH_N_EXT_BSCAN.bscan_switch/state_reg[2]/C
  -------------------------------------------------------------------    -------------------
    SLICE_X37Y22         FDRE (Prop_fdre_C_Q)         0.419     3.791 f  dbg_hub/inst/BSCANID.u_xsdbm_id/SWITCH_N_EXT_BSCAN.bscan_switch/state_reg[2]/Q
                         net (fo=50, routed)          1.738     5.529    dbg_hub/inst/BSCANID.u_xsdbm_id/SWITCH_N_EXT_BSCAN.bscan_switch/state[2]
    SLICE_X31Y24         LUT4 (Prop_lut4_I2_O)        0.322     5.851 r  dbg_hub/inst/BSCANID.u_xsdbm_id/SWITCH_N_EXT_BSCAN.bscan_switch/curid_inferred_i_3/O
                         net (fo=2, routed)           1.165     7.016    dbg_hub/inst/BSCANID.u_xsdbm_id/SWITCH_N_EXT_BSCAN.bscan_switch/curid[29]
    SLICE_X30Y23         LUT6 (Prop_lut6_I1_O)        0.326     7.342 r  dbg_hub/inst/BSCANID.u_xsdbm_id/SWITCH_N_EXT_BSCAN.bscan_switch/state_temp[0]_i_5/O
                         net (fo=1, routed)           0.000     7.342    dbg_hub/inst/BSCANID.u_xsdbm_id/SWITCH_N_EXT_BSCAN.bscan_switch/state_temp[0]_i_5_n_0
    SLICE_X30Y23         CARRY4 (Prop_carry4_S[3]_CO[3])
                                                      0.376     7.718 f  dbg_hub/inst/BSCANID.u_xsdbm_id/SWITCH_N_EXT_BSCAN.bscan_switch/state_temp_reg[0]_i_3/CO[3]
                         net (fo=4, routed)           1.222     8.940    dbg_hub/inst/BSCANID.u_xsdbm_id/SWITCH_N_EXT_BSCAN.bscan_switch/state_temp_reg[0]_i_3_n_0
    SLICE_X37Y22         LUT5 (Prop_lut5_I1_O)        0.153     9.093 r  dbg_hub/inst/BSCANID.u_xsdbm_id/SWITCH_N_EXT_BSCAN.bscan_switch/portno_temp[5]_i_2/O
                         net (fo=7, routed)           0.680     9.773    dbg_hub/inst/BSCANID.u_xsdbm_id/SWITCH_N_EXT_BSCAN.bscan_switch/portno_temp[5]_i_2_n_0
    SLICE_X36Y22         LUT3 (Prop_lut3_I1_O)        0.327    10.100 r  dbg_hub/inst/BSCANID.u_xsdbm_id/SWITCH_N_EXT_BSCAN.bscan_switch/portno_temp[3]_i_1/O
                         net (fo=1, routed)           0.000    10.100    dbg_hub/inst/BSCANID.u_xsdbm_id/SWITCH_N_EXT_BSCAN.bscan_switch/portno_temp[3]_i_1_n_0
    SLICE_X36Y22         FDRE                                         r  dbg_hub/inst/BSCANID.u_xsdbm_id/SWITCH_N_EXT_BSCAN.bscan_switch/portno_temp_reg[3]/D
  -------------------------------------------------------------------    -------------------

                         (clock dbg_hub/inst/BSCANID.u_xsdbm_id/SWITCH_N_EXT_BSCAN.bscan_inst/SERIES7_BSCAN.bscan_inst/TCK rise edge)
                                                     33.000    33.000 r  
    BSCAN_X0Y0           BSCANE2                      0.000    33.000 r  dbg_hub/inst/BSCANID.u_xsdbm_id/SWITCH_N_EXT_BSCAN.bscan_inst/SERIES7_BSCAN.bscan_inst/TCK
                         net (fo=1, routed)           1.487    34.487    dbg_hub/inst/BSCANID.u_xsdbm_id/tck_bs
    BUFGCTRL_X0Y3        BUFG (Prop_bufg_I_O)         0.091    34.578 r  dbg_hub/inst/BSCANID.u_xsdbm_id/SWITCH_N_EXT_BSCAN.u_bufg_icon_tck/O
                         net (fo=482, routed)         1.431    36.009    dbg_hub/inst/BSCANID.u_xsdbm_id/SWITCH_N_EXT_BSCAN.bscan_switch/s_bscan_tck
    SLICE_X36Y22         FDRE                                         r  dbg_hub/inst/BSCANID.u_xsdbm_id/SWITCH_N_EXT_BSCAN.bscan_switch/portno_temp_reg[3]/C
                         clock pessimism              0.341    36.350    
                         clock uncertainty           -0.035    36.315    
    SLICE_X36Y22         FDRE (Setup_fdre_C_D)        0.029    36.344    dbg_hub/inst/BSCANID.u_xsdbm_id/SWITCH_N_EXT_BSCAN.bscan_switch/portno_temp_reg[3]
  -------------------------------------------------------------------
                         required time                         36.344    
                         arrival time                         -10.100    
  -------------------------------------------------------------------
                         slack                                 26.244    





Min Delay Paths
--------------------------------------------------------------------------------------
Slack (MET) :             0.087ns  (arrival time - required time)
  Source:                 dbg_hub/inst/BSCANID.u_xsdbm_id/CORE_XSDB.UUT_MASTER/U_ICON_INTERFACE/icn_cmd_en_reg[3]/C
                            (rising edge-triggered cell FDRE clocked by dbg_hub/inst/BSCANID.u_xsdbm_id/SWITCH_N_EXT_BSCAN.bscan_inst/SERIES7_BSCAN.bscan_inst/TCK  {rise@0.000ns fall@16.500ns period=33.000ns})
  Destination:            dbg_hub/inst/BSCANID.u_xsdbm_id/CORE_XSDB.UUT_MASTER/U_ICON_INTERFACE/U_CMD3/icn_cmd_en_temp_reg/D
                            (rising edge-triggered cell FDRE clocked by dbg_hub/inst/BSCANID.u_xsdbm_id/SWITCH_N_EXT_BSCAN.bscan_inst/SERIES7_BSCAN.bscan_inst/TCK  {rise@0.000ns fall@16.500ns period=33.000ns})
  Path Group:             dbg_hub/inst/BSCANID.u_xsdbm_id/SWITCH_N_EXT_BSCAN.bscan_inst/SERIES7_BSCAN.bscan_inst/TCK
  Path Type:              Hold (Min at Fast Process Corner)
  Requirement:            0.000ns  (dbg_hub/inst/BSCANID.u_xsdbm_id/SWITCH_N_EXT_BSCAN.bscan_inst/SERIES7_BSCAN.bscan_inst/TCK rise@0.000ns - dbg_hub/inst/BSCANID.u_xsdbm_id/SWITCH_N_EXT_BSCAN.bscan_inst/SERIES7_BSCAN.bscan_inst/TCK rise@0.000ns)
  Data Path Delay:        0.422ns  (logic 0.164ns (38.831%)  route 0.258ns (61.169%))
  Logic Levels:           0  
  Clock Path Skew:        0.265ns (DCD - SCD - CPR)
    Destination Clock Delay (DCD):    1.645ns
    Source Clock Delay      (SCD):    1.266ns
    Clock Pessimism Removal (CPR):    0.114ns

    Location             Delay type                Incr(ns)  Path(ns)    Netlist Resource(s)
  -------------------------------------------------------------------    -------------------
                         (clock dbg_hub/inst/BSCANID.u_xsdbm_id/SWITCH_N_EXT_BSCAN.bscan_inst/SERIES7_BSCAN.bscan_inst/TCK rise edge)
                                                      0.000     0.000 r  
    BSCAN_X0Y0           BSCANE2                      0.000     0.000 r  dbg_hub/inst/BSCANID.u_xsdbm_id/SWITCH_N_EXT_BSCAN.bscan_inst/SERIES7_BSCAN.bscan_inst/TCK
                         net (fo=1, routed)           0.685     0.685    dbg_hub/inst/BSCANID.u_xsdbm_id/tck_bs
    BUFGCTRL_X0Y3        BUFG (Prop_bufg_I_O)         0.026     0.711 r  dbg_hub/inst/BSCANID.u_xsdbm_id/SWITCH_N_EXT_BSCAN.u_bufg_icon_tck/O
                         net (fo=482, routed)         0.555     1.266    dbg_hub/inst/BSCANID.u_xsdbm_id/CORE_XSDB.UUT_MASTER/U_ICON_INTERFACE/m_bscan_tck[0]
    SLICE_X34Y18         FDRE                                         r  dbg_hub/inst/BSCANID.u_xsdbm_id/CORE_XSDB.UUT_MASTER/U_ICON_INTERFACE/icn_cmd_en_reg[3]/C
  -------------------------------------------------------------------    -------------------
    SLICE_X34Y18         FDRE (Prop_fdre_C_Q)         0.164     1.430 r  dbg_hub/inst/BSCANID.u_xsdbm_id/CORE_XSDB.UUT_MASTER/U_ICON_INTERFACE/icn_cmd_en_reg[3]/Q
                         net (fo=4, routed)           0.258     1.688    dbg_hub/inst/BSCANID.u_xsdbm_id/CORE_XSDB.UUT_MASTER/U_ICON_INTERFACE/U_CMD3/icn_cmd_en_temp_reg_0
    SLICE_X37Y16         FDRE                                         r  dbg_hub/inst/BSCANID.u_xsdbm_id/CORE_XSDB.UUT_MASTER/U_ICON_INTERFACE/U_CMD3/icn_cmd_en_temp_reg/D
  -------------------------------------------------------------------    -------------------

                         (clock dbg_hub/inst/BSCANID.u_xsdbm_id/SWITCH_N_EXT_BSCAN.bscan_inst/SERIES7_BSCAN.bscan_inst/TCK rise edge)
                                                      0.000     0.000 r  
    BSCAN_X0Y0           BSCANE2                      0.000     0.000 r  dbg_hub/inst/BSCANID.u_xsdbm_id/SWITCH_N_EXT_BSCAN.bscan_inst/SERIES7_BSCAN.bscan_inst/TCK
                         net (fo=1, routed)           0.791     0.791    dbg_hub/inst/BSCANID.u_xsdbm_id/tck_bs
    BUFGCTRL_X0Y3        BUFG (Prop_bufg_I_O)         0.029     0.820 r  dbg_hub/inst/BSCANID.u_xsdbm_id/SWITCH_N_EXT_BSCAN.u_bufg_icon_tck/O
                         net (fo=482, routed)         0.825     1.645    dbg_hub/inst/BSCANID.u_xsdbm_id/CORE_XSDB.UUT_MASTER/U_ICON_INTERFACE/U_CMD3/m_bscan_tck[0]
    SLICE_X37Y16         FDRE                                         r  dbg_hub/inst/BSCANID.u_xsdbm_id/CORE_XSDB.UUT_MASTER/U_ICON_INTERFACE/U_CMD3/icn_cmd_en_temp_reg/C
                         clock pessimism             -0.114     1.531    
    SLICE_X37Y16         FDRE (Hold_fdre_C_D)         0.070     1.601    dbg_hub/inst/BSCANID.u_xsdbm_id/CORE_XSDB.UUT_MASTER/U_ICON_INTERFACE/U_CMD3/icn_cmd_en_temp_reg
  -------------------------------------------------------------------
                         required time                         -1.601    
                         arrival time                           1.688    
  -------------------------------------------------------------------
                         slack                                  0.087    





Pulse Width Checks
--------------------------------------------------------------------------------------
Clock Name:         dbg_hub/inst/BSCANID.u_xsdbm_id/SWITCH_N_EXT_BSCAN.bscan_inst/SERIES7_BSCAN.bscan_inst/TCK
Waveform(ns):       { 0.000 16.500 }
Period(ns):         33.000
Sources:            { dbg_hub/inst/BSCANID.u_xsdbm_id/SWITCH_N_EXT_BSCAN.bscan_inst/SERIES7_BSCAN.bscan_inst/TCK }

Check Type        Corner  Lib Pin     Reference Pin  Required(ns)  Actual(ns)  Slack(ns)  Location       Pin
Min Period        n/a     BUFG/I      n/a            2.155         33.000      30.845     BUFGCTRL_X0Y3  dbg_hub/inst/BSCANID.u_xsdbm_id/SWITCH_N_EXT_BSCAN.u_bufg_icon_tck/I
Low Pulse Width   Slow    RAMD32/CLK  n/a            1.250         16.500      15.250     SLICE_X34Y7    dbg_hub/inst/BSCANID.u_xsdbm_id/CORE_XSDB.UUT_MASTER/U_ICON_INTERFACE/U_CMD6_WR/U_WR_FIFO/SUBCORE_FIFO.xsdbm_v3_0_3_wrfifo_inst/inst_fifo_gen/gconvfifo.rf/grf.rf/gntv_or_sync_fifo.mem/gdm.dm_gen.dm/RAM_reg_0_15_0_5/RAMA/CLK
High Pulse Width  Slow    RAMD32/CLK  n/a            1.250         16.500      15.250     SLICE_X34Y7    dbg_hub/inst/BSCANID.u_xsdbm_id/CORE_XSDB.UUT_MASTER/U_ICON_INTERFACE/U_CMD6_WR/U_WR_FIFO/SUBCORE_FIFO.xsdbm_v3_0_3_wrfifo_inst/inst_fifo_gen/gconvfifo.rf/grf.rf/gntv_or_sync_fifo.mem/gdm.dm_gen.dm/RAM_reg_0_15_0_5/RAMA/CLK



---------------------------------------------------------------------------------------------------
From Clock:  sys_clock
  To Clock:  sys_clock

Setup :           NA  Failing Endpoints,  Worst Slack           NA  ,  Total Violation           NA
Hold  :           NA  Failing Endpoints,  Worst Slack           NA  ,  Total Violation           NA
PW    :            0  Failing Endpoints,  Worst Slack        3.000ns,  Total Violation        0.000ns
---------------------------------------------------------------------------------------------------


Pulse Width Checks
--------------------------------------------------------------------------------------
Clock Name:         sys_clock
Waveform(ns):       { 0.000 5.000 }
Period(ns):         10.000
Sources:            { sys_clock }

Check Type        Corner  Lib Pin            Reference Pin  Required(ns)  Actual(ns)  Slack(ns)  Location         Pin
Min Period        n/a     MMCME2_ADV/CLKIN1  n/a            1.249         10.000      8.751      MMCME2_ADV_X1Y0  base_soc_i/clk_wiz/inst/mmcm_adv_inst/CLKIN1
Max Period        n/a     MMCME2_ADV/CLKIN1  n/a            100.000       10.000      90.000     MMCME2_ADV_X1Y0  base_soc_i/clk_wiz/inst/mmcm_adv_inst/CLKIN1
Low Pulse Width   Slow    MMCME2_ADV/CLKIN1  n/a            2.000         5.000       3.000      MMCME2_ADV_X1Y0  base_soc_i/clk_wiz/inst/mmcm_adv_inst/CLKIN1
High Pulse Width  Slow    MMCME2_ADV/CLKIN1  n/a            2.000         5.000       3.000      MMCME2_ADV_X1Y0  base_soc_i/clk_wiz/inst/mmcm_adv_inst/CLKIN1



---------------------------------------------------------------------------------------------------
From Clock:  clk_out1_base_soc_clk_wiz_0
  To Clock:  clk_out1_base_soc_clk_wiz_0

Setup :            0  Failing Endpoints,  Worst Slack        1.262ns,  Total Violation        0.000ns
Hold  :            0  Failing Endpoints,  Worst Slack        0.024ns,  Total Violation        0.000ns
PW    :            0  Failing Endpoints,  Worst Slack        3.750ns,  Total Violation        0.000ns
---------------------------------------------------------------------------------------------------


Max Delay Paths
--------------------------------------------------------------------------------------
Slack (MET) :             1.262ns  (required time - arrival time)
  Source:                 <hidden>
                            (rising edge-triggered cell FDRE clocked by clk_out1_base_soc_clk_wiz_0  {rise@0.000ns fall@5.000ns period=10.000ns})
  Destination:            <hidden>
                            (rising edge-triggered cell FDRE clocked by clk_out1_base_soc_clk_wiz_0  {rise@0.000ns fall@5.000ns period=10.000ns})
  Path Group:             clk_out1_base_soc_clk_wiz_0
  Path Type:              Setup (Max at Slow Process Corner)
  Requirement:            10.000ns  (clk_out1_base_soc_clk_wiz_0 rise@10.000ns - clk_out1_base_soc_clk_wiz_0 rise@0.000ns)
  Data Path Delay:        7.967ns  (logic 2.211ns (27.753%)  route 5.756ns (72.247%))
  Logic Levels:           7  (CARRY4=1 LUT2=1 LUT3=1 LUT5=1 LUT6=3)
  Clock Path Skew:        0.034ns (DCD - SCD + CPR)
    Destination Clock Delay (DCD):    -1.487ns = ( 8.513 - 10.000 ) 
    Source Clock Delay      (SCD):    -0.959ns
    Clock Pessimism Removal (CPR):    0.562ns
  Clock Uncertainty:      0.074ns  ((TSJ^2 + DJ^2)^1/2) / 2 + PE
    Total System Jitter     (TSJ):    0.071ns
    Discrete Jitter          (DJ):    0.131ns
    Phase Error              (PE):    0.000ns

    Location             Delay type                Incr(ns)  Path(ns)    Netlist Resource(s)
  -------------------------------------------------------------------    -------------------
                         (clock clk_out1_base_soc_clk_wiz_0 rise edge)
                                                      0.000     0.000 r  
    W5                                                0.000     0.000 r  sys_clock (IN)
                         net (fo=0)                   0.000     0.000    base_soc_i/clk_wiz/inst/clk_in1
    W5                   IBUF (Prop_ibuf_I_O)         1.458     1.458 r  base_soc_i/clk_wiz/inst/clkin1_ibufg/O
                         net (fo=1, routed)           1.233     2.691    base_soc_i/clk_wiz/inst/clk_in1_base_soc_clk_wiz_0
    MMCME2_ADV_X1Y0      MMCME2_ADV (Prop_mmcme2_adv_CLKIN1_CLKOUT0)
                                                     -6.961    -4.269 r  base_soc_i/clk_wiz/inst/mmcm_adv_inst/CLKOUT0
                         net (fo=1, routed)           1.661    -2.608    base_soc_i/clk_wiz/inst/clk_out1_base_soc_clk_wiz_0
    BUFGCTRL_X0Y2        BUFG (Prop_bufg_I_O)         0.096    -2.512 r  base_soc_i/clk_wiz/inst/clkout1_buf/O
                         net (fo=3850, routed)        1.553    -0.959    <hidden>
    SLICE_X42Y57         FDRE                                         r  <hidden>
  -------------------------------------------------------------------    -------------------
    SLICE_X42Y57         FDRE (Prop_fdre_C_Q)         0.518    -0.441 f  <hidden>
                         net (fo=24, routed)          0.833     0.392    <hidden>
    SLICE_X47Y56         LUT3 (Prop_lut3_I0_O)        0.153     0.545 r  <hidden>
                         net (fo=10, routed)          0.621     1.166    <hidden>
    SLICE_X50Y56         LUT6 (Prop_lut6_I5_O)        0.327     1.493 r  <hidden>
                         net (fo=22, routed)          0.798     2.292    <hidden>
    SLICE_X59Y57         LUT6 (Prop_lut6_I2_O)        0.124     2.416 f  <hidden>
                         net (fo=3, routed)           0.710     3.126    <hidden>
    SLICE_X54Y59         LUT5 (Prop_lut5_I1_O)        0.124     3.250 r  <hidden>
                         net (fo=1, routed)           0.596     3.846    <hidden>
    SLICE_X46Y59         LUT6 (Prop_lut6_I0_O)        0.124     3.970 r  <hidden>
                         net (fo=1, routed)           0.000     3.970    <hidden>
    SLICE_X46Y59         CARRY4 (Prop_carry4_S[0]_CO[2])
                                                      0.538     4.508 r  <hidden>
                         net (fo=263, routed)         0.857     5.365    <hidden>
    SLICE_X50Y58         LUT2 (Prop_lut2_I1_O)        0.303     5.668 r  <hidden>
                         net (fo=28, routed)          1.340     7.008    <hidden>
    SLICE_X60Y50         FDRE                                         r  <hidden>
  -------------------------------------------------------------------    -------------------

                         (clock clk_out1_base_soc_clk_wiz_0 rise edge)
                                                     10.000    10.000 r  
    W5                                                0.000    10.000 r  sys_clock (IN)
                         net (fo=0)                   0.000    10.000    base_soc_i/clk_wiz/inst/clk_in1
    W5                   IBUF (Prop_ibuf_I_O)         1.388    11.388 r  base_soc_i/clk_wiz/inst/clkin1_ibufg/O
                         net (fo=1, routed)           1.162    12.550    base_soc_i/clk_wiz/inst/clk_in1_base_soc_clk_wiz_0
    MMCME2_ADV_X1Y0      MMCME2_ADV (Prop_mmcme2_adv_CLKIN1_CLKOUT0)
                                                     -7.217     5.332 r  base_soc_i/clk_wiz/inst/mmcm_adv_inst/CLKOUT0
                         net (fo=1, routed)           1.581     6.914    base_soc_i/clk_wiz/inst/clk_out1_base_soc_clk_wiz_0
    BUFGCTRL_X0Y2        BUFG (Prop_bufg_I_O)         0.091     7.005 r  base_soc_i/clk_wiz/inst/clkout1_buf/O
                         net (fo=3850, routed)        1.509     8.513    <hidden>
    SLICE_X60Y50         FDRE                                         r  <hidden>
                         clock pessimism              0.562     9.075    
                         clock uncertainty           -0.074     9.001    
    SLICE_X60Y50         FDRE (Setup_fdre_C_R)       -0.731     8.270    <hidden>
  -------------------------------------------------------------------
                         required time                          8.270    
                         arrival time                          -7.008    
  -------------------------------------------------------------------
                         slack                                  1.262    





Min Delay Paths
--------------------------------------------------------------------------------------
Slack (MET) :             0.024ns  (arrival time - required time)
  Source:                 <hidden>
                            (rising edge-triggered cell FDRE clocked by clk_out1_base_soc_clk_wiz_0  {rise@0.000ns fall@5.000ns period=10.000ns})
  Destination:            <hidden>
                            (rising edge-triggered cell FDRE clocked by clk_out1_base_soc_clk_wiz_0  {rise@0.000ns fall@5.000ns period=10.000ns})
  Path Group:             clk_out1_base_soc_clk_wiz_0
  Path Type:              Hold (Min at Fast Process Corner)
  Requirement:            0.000ns  (clk_out1_base_soc_clk_wiz_0 rise@0.000ns - clk_out1_base_soc_clk_wiz_0 rise@0.000ns)
  Data Path Delay:        0.380ns  (logic 0.209ns (54.954%)  route 0.171ns (45.046%))
  Logic Levels:           1  (LUT6=1)
  Clock Path Skew:        0.265ns (DCD - SCD - CPR)
    Destination Clock Delay (DCD):    -0.858ns
    Source Clock Delay      (SCD):    -0.619ns
    Clock Pessimism Removal (CPR):    -0.503ns

    Location             Delay type                Incr(ns)  Path(ns)    Netlist Resource(s)
  -------------------------------------------------------------------    -------------------
                         (clock clk_out1_base_soc_clk_wiz_0 rise edge)
                                                      0.000     0.000 r  
    W5                                                0.000     0.000 r  sys_clock (IN)
                         net (fo=0)                   0.000     0.000    base_soc_i/clk_wiz/inst/clk_in1
    W5                   IBUF (Prop_ibuf_I_O)         0.226     0.226 r  base_soc_i/clk_wiz/inst/clkin1_ibufg/O
                         net (fo=1, routed)           0.440     0.667    base_soc_i/clk_wiz/inst/clk_in1_base_soc_clk_wiz_0
    MMCME2_ADV_X1Y0      MMCME2_ADV (Prop_mmcme2_adv_CLKIN1_CLKOUT0)
                                                     -2.360    -1.693 r  base_soc_i/clk_wiz/inst/mmcm_adv_inst/CLKOUT0
                         net (fo=1, routed)           0.486    -1.207    base_soc_i/clk_wiz/inst/clk_out1_base_soc_clk_wiz_0
    BUFGCTRL_X0Y2        BUFG (Prop_bufg_I_O)         0.026    -1.181 r  base_soc_i/clk_wiz/inst/clkout1_buf/O
                         net (fo=3850, routed)        0.562    -0.619    <hidden>
    SLICE_X34Y4          FDRE                                         r  <hidden>
  -------------------------------------------------------------------    -------------------
    SLICE_X34Y4          FDRE (Prop_fdre_C_Q)         0.164    -0.455 r  <hidden>
                         net (fo=19, routed)          0.171    -0.284    <hidden>
    SLICE_X36Y4          LUT6 (Prop_lut6_I1_O)        0.045    -0.239 r  <hidden>
                         net (fo=1, routed)           0.000    -0.239    <hidden>
    SLICE_X36Y4          FDRE                                         r  <hidden>
  -------------------------------------------------------------------    -------------------

                         (clock clk_out1_base_soc_clk_wiz_0 rise edge)
                                                      0.000     0.000 r  
    W5                                                0.000     0.000 r  sys_clock (IN)
                         net (fo=0)                   0.000     0.000    base_soc_i/clk_wiz/inst/clk_in1
    W5                   IBUF (Prop_ibuf_I_O)         0.414     0.414 r  base_soc_i/clk_wiz/inst/clkin1_ibufg/O
                         net (fo=1, routed)           0.480     0.894    base_soc_i/clk_wiz/inst/clk_in1_base_soc_clk_wiz_0
    MMCME2_ADV_X1Y0      MMCME2_ADV (Prop_mmcme2_adv_CLKIN1_CLKOUT0)
                                                     -3.142    -2.248 r  base_soc_i/clk_wiz/inst/mmcm_adv_inst/CLKOUT0
                         net (fo=1, routed)           0.530    -1.718    base_soc_i/clk_wiz/inst/clk_out1_base_soc_clk_wiz_0
    BUFGCTRL_X0Y2        BUFG (Prop_bufg_I_O)         0.029    -1.689 r  base_soc_i/clk_wiz/inst/clkout1_buf/O
                         net (fo=3850, routed)        0.832    -0.858    <hidden>
    SLICE_X36Y4          FDRE                                         r  <hidden>
                         clock pessimism              0.503    -0.354    
    SLICE_X36Y4          FDRE (Hold_fdre_C_D)         0.091    -0.263    <hidden>
  -------------------------------------------------------------------
                         required time                          0.263    
                         arrival time                          -0.239    
  -------------------------------------------------------------------
                         slack                                  0.024    





Pulse Width Checks
--------------------------------------------------------------------------------------
Clock Name:         clk_out1_base_soc_clk_wiz_0
Waveform(ns):       { 0.000 5.000 }
Period(ns):         10.000
Sources:            { base_soc_i/clk_wiz/inst/mmcm_adv_inst/CLKOUT0 }

Check Type        Corner  Lib Pin             Reference Pin  Required(ns)  Actual(ns)  Slack(ns)  Location         Pin
Min Period        n/a     RAMB18E1/CLKARDCLK  n/a            2.944         10.000      7.056      RAMB18_X2Y2      <hidden>
Max Period        n/a     MMCME2_ADV/CLKOUT0  n/a            213.360       10.000      203.360    MMCME2_ADV_X1Y0  base_soc_i/clk_wiz/inst/mmcm_adv_inst/CLKOUT0
Low Pulse Width   Slow    RAMD32/CLK          n/a            1.250         5.000       3.750      SLICE_X42Y54     <hidden>
High Pulse Width  Slow    RAMD32/CLK          n/a            1.250         5.000       3.750      SLICE_X42Y54     <hidden>



---------------------------------------------------------------------------------------------------
From Clock:  clkfbout_base_soc_clk_wiz_0
  To Clock:  clkfbout_base_soc_clk_wiz_0

Setup :           NA  Failing Endpoints,  Worst Slack           NA  ,  Total Violation           NA
Hold  :           NA  Failing Endpoints,  Worst Slack           NA  ,  Total Violation           NA
PW    :            0  Failing Endpoints,  Worst Slack        7.845ns,  Total Violation        0.000ns
---------------------------------------------------------------------------------------------------


Pulse Width Checks
--------------------------------------------------------------------------------------
Clock Name:         clkfbout_base_soc_clk_wiz_0
Waveform(ns):       { 0.000 5.000 }
Period(ns):         10.000
Sources:            { base_soc_i/clk_wiz/inst/mmcm_adv_inst/CLKFBOUT }

Check Type  Corner  Lib Pin             Reference Pin  Required(ns)  Actual(ns)  Slack(ns)  Location         Pin
Min Period  n/a     BUFG/I              n/a            2.155         10.000      7.845      BUFGCTRL_X0Y6    base_soc_i/clk_wiz/inst/clkf_buf/I
Max Period  n/a     MMCME2_ADV/CLKFBIN  n/a            100.000       10.000      90.000     MMCME2_ADV_X1Y0  base_soc_i/clk_wiz/inst/mmcm_adv_inst/CLKFBIN



---------------------------------------------------------------------------------------------------
From Clock:  clk_out1_base_soc_clk_wiz_0
  To Clock:  dbg_hub/inst/BSCANID.u_xsdbm_id/SWITCH_N_EXT_BSCAN.bscan_inst/SERIES7_BSCAN.bscan_inst/TCK

Setup :            0  Failing Endpoints,  Worst Slack        8.407ns,  Total Violation        0.000ns
Hold  :           NA  Failing Endpoints,  Worst Slack           NA  ,  Total Violation           NA
---------------------------------------------------------------------------------------------------


Max Delay Paths
--------------------------------------------------------------------------------------
Slack (MET) :             8.407ns  (required time - arrival time)
  Source:                 dbg_hub/inst/BSCANID.u_xsdbm_id/CORE_XSDB.UUT_MASTER/U_ICON_INTERFACE/U_CMD6_RD/U_RD_FIFO/SUBCORE_FIFO.xsdbm_v3_0_3_rdfifo_inst/inst_fifo_gen/gconvfifo.rf/grf.rf/gntv_or_sync_fifo.gcx.clkx/gnxpm_cdc.wr_pntr_gc_reg[3]/C
                            (rising edge-triggered cell FDCE clocked by clk_out1_base_soc_clk_wiz_0  {rise@0.000ns fall@5.000ns period=10.000ns})
  Destination:            dbg_hub/inst/BSCANID.u_xsdbm_id/CORE_XSDB.UUT_MASTER/U_ICON_INTERFACE/U_CMD6_RD/U_RD_FIFO/SUBCORE_FIFO.xsdbm_v3_0_3_rdfifo_inst/inst_fifo_gen/gconvfifo.rf/grf.rf/gntv_or_sync_fifo.gcx.clkx/gnxpm_cdc.gsync_stage[1].rd_stg_inst/Q_reg_reg[3]/D
                            (rising edge-triggered cell FDCE clocked by dbg_hub/inst/BSCANID.u_xsdbm_id/SWITCH_N_EXT_BSCAN.bscan_inst/SERIES7_BSCAN.bscan_inst/TCK  {rise@0.000ns fall@16.500ns period=33.000ns})
  Path Group:             dbg_hub/inst/BSCANID.u_xsdbm_id/SWITCH_N_EXT_BSCAN.bscan_inst/SERIES7_BSCAN.bscan_inst/TCK
  Path Type:              Setup (Max at Slow Process Corner)
  Requirement:            10.000ns  (MaxDelay Path 10.000ns)
  Data Path Delay:        1.325ns  (logic 0.419ns (31.623%)  route 0.906ns (68.377%))
  Logic Levels:           0  
  Timing Exception:       MaxDelay Path 10.000ns -datapath_only

    Location             Delay type                Incr(ns)  Path(ns)    Netlist Resource(s)
  -------------------------------------------------------------------    -------------------
    SLICE_X29Y12                                      0.000     0.000 r  dbg_hub/inst/BSCANID.u_xsdbm_id/CORE_XSDB.UUT_MASTER/U_ICON_INTERFACE/U_CMD6_RD/U_RD_FIFO/SUBCORE_FIFO.xsdbm_v3_0_3_rdfifo_inst/inst_fifo_gen/gconvfifo.rf/grf.rf/gntv_or_sync_fifo.gcx.clkx/gnxpm_cdc.wr_pntr_gc_reg[3]/C
    SLICE_X29Y12         FDCE (Prop_fdce_C_Q)         0.419     0.419 r  dbg_hub/inst/BSCANID.u_xsdbm_id/CORE_XSDB.UUT_MASTER/U_ICON_INTERFACE/U_CMD6_RD/U_RD_FIFO/SUBCORE_FIFO.xsdbm_v3_0_3_rdfifo_inst/inst_fifo_gen/gconvfifo.rf/grf.rf/gntv_or_sync_fifo.gcx.clkx/gnxpm_cdc.wr_pntr_gc_reg[3]/Q
                         net (fo=1, routed)           0.906     1.325    dbg_hub/inst/BSCANID.u_xsdbm_id/CORE_XSDB.UUT_MASTER/U_ICON_INTERFACE/U_CMD6_RD/U_RD_FIFO/SUBCORE_FIFO.xsdbm_v3_0_3_rdfifo_inst/inst_fifo_gen/gconvfifo.rf/grf.rf/gntv_or_sync_fifo.gcx.clkx/gnxpm_cdc.gsync_stage[1].rd_stg_inst/Q[3]
    SLICE_X15Y12         FDCE                                         r  dbg_hub/inst/BSCANID.u_xsdbm_id/CORE_XSDB.UUT_MASTER/U_ICON_INTERFACE/U_CMD6_RD/U_RD_FIFO/SUBCORE_FIFO.xsdbm_v3_0_3_rdfifo_inst/inst_fifo_gen/gconvfifo.rf/grf.rf/gntv_or_sync_fifo.gcx.clkx/gnxpm_cdc.gsync_stage[1].rd_stg_inst/Q_reg_reg[3]/D
  -------------------------------------------------------------------    -------------------

                         max delay                   10.000    10.000    
    SLICE_X15Y12         FDCE (Setup_fdce_C_D)       -0.268     9.732    dbg_hub/inst/BSCANID.u_xsdbm_id/CORE_XSDB.UUT_MASTER/U_ICON_INTERFACE/U_CMD6_RD/U_RD_FIFO/SUBCORE_FIFO.xsdbm_v3_0_3_rdfifo_inst/inst_fifo_gen/gconvfifo.rf/grf.rf/gntv_or_sync_fifo.gcx.clkx/gnxpm_cdc.gsync_stage[1].rd_stg_inst/Q_reg_reg[3]
  -------------------------------------------------------------------
                         required time                          9.732    
                         arrival time                          -1.325    
  -------------------------------------------------------------------
                         slack                                  8.407    





---------------------------------------------------------------------------------------------------
From Clock:  dbg_hub/inst/BSCANID.u_xsdbm_id/SWITCH_N_EXT_BSCAN.bscan_inst/SERIES7_BSCAN.bscan_inst/TCK
  To Clock:  clk_out1_base_soc_clk_wiz_0

Setup :            0  Failing Endpoints,  Worst Slack       31.540ns,  Total Violation        0.000ns
Hold  :           NA  Failing Endpoints,  Worst Slack           NA  ,  Total Violation           NA
---------------------------------------------------------------------------------------------------


Max Delay Paths
--------------------------------------------------------------------------------------
Slack (MET) :             31.540ns  (required time - arrival time)
  Source:                 dbg_hub/inst/BSCANID.u_xsdbm_id/CORE_XSDB.UUT_MASTER/U_ICON_INTERFACE/U_CMD6_RD/U_RD_FIFO/SUBCORE_FIFO.xsdbm_v3_0_3_rdfifo_inst/inst_fifo_gen/gconvfifo.rf/grf.rf/gntv_or_sync_fifo.gcx.clkx/gnxpm_cdc.rd_pntr_gc_reg[2]/C
                            (rising edge-triggered cell FDCE clocked by dbg_hub/inst/BSCANID.u_xsdbm_id/SWITCH_N_EXT_BSCAN.bscan_inst/SERIES7_BSCAN.bscan_inst/TCK  {rise@0.000ns fall@16.500ns period=33.000ns})
  Destination:            dbg_hub/inst/BSCANID.u_xsdbm_id/CORE_XSDB.UUT_MASTER/U_ICON_INTERFACE/U_CMD6_RD/U_RD_FIFO/SUBCORE_FIFO.xsdbm_v3_0_3_rdfifo_inst/inst_fifo_gen/gconvfifo.rf/grf.rf/gntv_or_sync_fifo.gcx.clkx/gnxpm_cdc.gsync_stage[1].wr_stg_inst/Q_reg_reg[2]/D
                            (rising edge-triggered cell FDCE clocked by clk_out1_base_soc_clk_wiz_0  {rise@0.000ns fall@5.000ns period=10.000ns})
  Path Group:             clk_out1_base_soc_clk_wiz_0
  Path Type:              Setup (Max at Slow Process Corner)
  Requirement:            33.000ns  (MaxDelay Path 33.000ns)
  Data Path Delay:        1.367ns  (logic 0.518ns (37.883%)  route 0.849ns (62.117%))
  Logic Levels:           0  
  Timing Exception:       MaxDelay Path 33.000ns -datapath_only

    Location             Delay type                Incr(ns)  Path(ns)    Netlist Resource(s)
  -------------------------------------------------------------------    -------------------
    SLICE_X14Y12                                      0.000     0.000 r  dbg_hub/inst/BSCANID.u_xsdbm_id/CORE_XSDB.UUT_MASTER/U_ICON_INTERFACE/U_CMD6_RD/U_RD_FIFO/SUBCORE_FIFO.xsdbm_v3_0_3_rdfifo_inst/inst_fifo_gen/gconvfifo.rf/grf.rf/gntv_or_sync_fifo.gcx.clkx/gnxpm_cdc.rd_pntr_gc_reg[2]/C
    SLICE_X14Y12         FDCE (Prop_fdce_C_Q)         0.518     0.518 r  dbg_hub/inst/BSCANID.u_xsdbm_id/CORE_XSDB.UUT_MASTER/U_ICON_INTERFACE/U_CMD6_RD/U_RD_FIFO/SUBCORE_FIFO.xsdbm_v3_0_3_rdfifo_inst/inst_fifo_gen/gconvfifo.rf/grf.rf/gntv_or_sync_fifo.gcx.clkx/gnxpm_cdc.rd_pntr_gc_reg[2]/Q
                         net (fo=1, routed)           0.849     1.367    dbg_hub/inst/BSCANID.u_xsdbm_id/CORE_XSDB.UUT_MASTER/U_ICON_INTERFACE/U_CMD6_RD/U_RD_FIFO/SUBCORE_FIFO.xsdbm_v3_0_3_rdfifo_inst/inst_fifo_gen/gconvfifo.rf/grf.rf/gntv_or_sync_fifo.gcx.clkx/gnxpm_cdc.gsync_stage[1].wr_stg_inst/Q[2]
    SLICE_X29Y12         FDCE                                         r  dbg_hub/inst/BSCANID.u_xsdbm_id/CORE_XSDB.UUT_MASTER/U_ICON_INTERFACE/U_CMD6_RD/U_RD_FIFO/SUBCORE_FIFO.xsdbm_v3_0_3_rdfifo_inst/inst_fifo_gen/gconvfifo.rf/grf.rf/gntv_or_sync_fifo.gcx.clkx/gnxpm_cdc.gsync_stage[1].wr_stg_inst/Q_reg_reg[2]/D
  -------------------------------------------------------------------    -------------------

                         max delay                   33.000    33.000    
    SLICE_X29Y12         FDCE (Setup_fdce_C_D)       -0.093    32.907    dbg_hub/inst/BSCANID.u_xsdbm_id/CORE_XSDB.UUT_MASTER/U_ICON_INTERFACE/U_CMD6_RD/U_RD_FIFO/SUBCORE_FIFO.xsdbm_v3_0_3_rdfifo_inst/inst_fifo_gen/gconvfifo.rf/grf.rf/gntv_or_sync_fifo.gcx.clkx/gnxpm_cdc.gsync_stage[1].wr_stg_inst/Q_reg_reg[2]
  -------------------------------------------------------------------
                         required time                         32.907    
                         arrival time                          -1.367    
  -------------------------------------------------------------------
                         slack                                 31.540    





---------------------------------------------------------------------------------------------------
Path Group:  **async_default**
From Clock:  clk_out1_base_soc_clk_wiz_0
  To Clock:  clk_out1_base_soc_clk_wiz_0

Setup :            0  Failing Endpoints,  Worst Slack        7.242ns,  Total Violation        0.000ns
Hold  :            0  Failing Endpoints,  Worst Slack        0.335ns,  Total Violation        0.000ns
---------------------------------------------------------------------------------------------------


Max Delay Paths
--------------------------------------------------------------------------------------
Slack (MET) :             7.242ns  (required time - arrival time)
  Source:                 dbg_hub/inst/BSCANID.u_xsdbm_id/CORE_XSDB.UUT_MASTER/U_ICON_INTERFACE/U_CMD6_RD/U_RD_FIFO/SUBCORE_FIFO.xsdbm_v3_0_3_rdfifo_inst/inst_fifo_gen/gconvfifo.rf/grf.rf/rstblk/ngwrdrst.grst.g7serrst.gwrrd_rst_sync_stage[2].wrst_inst/Q_reg_reg[0]/C
                            (rising edge-triggered cell FDRE clocked by clk_out1_base_soc_clk_wiz_0  {rise@0.000ns fall@5.000ns period=10.000ns})
  Destination:            dbg_hub/inst/BSCANID.u_xsdbm_id/CORE_XSDB.UUT_MASTER/U_ICON_INTERFACE/U_CMD6_RD/U_RD_FIFO/SUBCORE_FIFO.xsdbm_v3_0_3_rdfifo_inst/inst_fifo_gen/gconvfifo.rf/grf.rf/rstblk/ngwrdrst.grst.g7serrst.wr_rst_reg_reg[0]/PRE
                            (recovery check against rising-edge clock clk_out1_base_soc_clk_wiz_0  {rise@0.000ns fall@5.000ns period=10.000ns})
  Path Group:             **async_default**
  Path Type:              Recovery (Max at Slow Process Corner)
  Requirement:            10.000ns  (clk_out1_base_soc_clk_wiz_0 rise@10.000ns - clk_out1_base_soc_clk_wiz_0 rise@0.000ns)
  Data Path Delay:        2.297ns  (logic 0.773ns (33.652%)  route 1.524ns (66.348%))
  Logic Levels:           1  (LUT2=1)
  Clock Path Skew:        -0.026ns (DCD - SCD + CPR)
    Destination Clock Delay (DCD):    -1.551ns = ( 8.449 - 10.000 ) 
    Source Clock Delay      (SCD):    -0.948ns
    Clock Pessimism Removal (CPR):    0.578ns
  Clock Uncertainty:      0.074ns  ((TSJ^2 + DJ^2)^1/2) / 2 + PE
    Total System Jitter     (TSJ):    0.071ns
    Discrete Jitter          (DJ):    0.131ns
    Phase Error              (PE):    0.000ns

    Location             Delay type                Incr(ns)  Path(ns)    Netlist Resource(s)
  -------------------------------------------------------------------    -------------------
                         (clock clk_out1_base_soc_clk_wiz_0 rise edge)
                                                      0.000     0.000 r  
    W5                                                0.000     0.000 r  sys_clock (IN)
                         net (fo=0)                   0.000     0.000    base_soc_i/clk_wiz/inst/clk_in1
    W5                   IBUF (Prop_ibuf_I_O)         1.458     1.458 r  base_soc_i/clk_wiz/inst/clkin1_ibufg/O
                         net (fo=1, routed)           1.233     2.691    base_soc_i/clk_wiz/inst/clk_in1_base_soc_clk_wiz_0
    MMCME2_ADV_X1Y0      MMCME2_ADV (Prop_mmcme2_adv_CLKIN1_CLKOUT0)
                                                     -6.961    -4.269 r  base_soc_i/clk_wiz/inst/mmcm_adv_inst/CLKOUT0
                         net (fo=1, routed)           1.661    -2.608    base_soc_i/clk_wiz/inst/clk_out1_base_soc_clk_wiz_0
    BUFGCTRL_X0Y2        BUFG (Prop_bufg_I_O)         0.096    -2.512 r  base_soc_i/clk_wiz/inst/clkout1_buf/O
                         net (fo=3850, routed)        1.564    -0.948    dbg_hub/inst/BSCANID.u_xsdbm_id/CORE_XSDB.UUT_MASTER/U_ICON_INTERFACE/U_CMD6_RD/U_RD_FIFO/SUBCORE_FIFO.xsdbm_v3_0_3_rdfifo_inst/inst_fifo_gen/gconvfifo.rf/grf.rf/rstblk/ngwrdrst.grst.g7serrst.gwrrd_rst_sync_stage[2].wrst_inst/wr_clk
    SLICE_X14Y14         FDRE                                         r  dbg_hub/inst/BSCANID.u_xsdbm_id/CORE_XSDB.UUT_MASTER/U_ICON_INTERFACE/U_CMD6_RD/U_RD_FIFO/SUBCORE_FIFO.xsdbm_v3_0_3_rdfifo_inst/inst_fifo_gen/gconvfifo.rf/grf.rf/rstblk/ngwrdrst.grst.g7serrst.gwrrd_rst_sync_stage[2].wrst_inst/Q_reg_reg[0]/C
  -------------------------------------------------------------------    -------------------
    SLICE_X14Y14         FDRE (Prop_fdre_C_Q)         0.478    -0.470 r  dbg_hub/inst/BSCANID.u_xsdbm_id/CORE_XSDB.UUT_MASTER/U_ICON_INTERFACE/U_CMD6_RD/U_RD_FIFO/SUBCORE_FIFO.xsdbm_v3_0_3_rdfifo_inst/inst_fifo_gen/gconvfifo.rf/grf.rf/rstblk/ngwrdrst.grst.g7serrst.gwrrd_rst_sync_stage[2].wrst_inst/Q_reg_reg[0]/Q
                         net (fo=1, routed)           0.853     0.384    dbg_hub/inst/BSCANID.u_xsdbm_id/CORE_XSDB.UUT_MASTER/U_ICON_INTERFACE/U_CMD6_RD/U_RD_FIFO/SUBCORE_FIFO.xsdbm_v3_0_3_rdfifo_inst/inst_fifo_gen/gconvfifo.rf/grf.rf/rstblk/ngwrdrst.grst.g7serrst.gwrrd_rst_sync_stage[2].wrst_inst/Q_reg
    SLICE_X14Y14         LUT2 (Prop_lut2_I1_O)        0.295     0.679 f  dbg_hub/inst/BSCANID.u_xsdbm_id/CORE_XSDB.UUT_MASTER/U_ICON_INTERFACE/U_CMD6_RD/U_RD_FIFO/SUBCORE_FIFO.xsdbm_v3_0_3_rdfifo_inst/inst_fifo_gen/gconvfifo.rf/grf.rf/rstblk/ngwrdrst.grst.g7serrst.gwrrd_rst_sync_stage[2].wrst_inst/ngwrdrst.grst.g7serrst.wr_rst_reg[2]_i_1/O
                         net (fo=3, routed)           0.671     1.350    dbg_hub/inst/BSCANID.u_xsdbm_id/CORE_XSDB.UUT_MASTER/U_ICON_INTERFACE/U_CMD6_RD/U_RD_FIFO/SUBCORE_FIFO.xsdbm_v3_0_3_rdfifo_inst/inst_fifo_gen/gconvfifo.rf/grf.rf/rstblk/wr_rst_comb
    SLICE_X14Y15         FDPE                                         f  dbg_hub/inst/BSCANID.u_xsdbm_id/CORE_XSDB.UUT_MASTER/U_ICON_INTERFACE/U_CMD6_RD/U_RD_FIFO/SUBCORE_FIFO.xsdbm_v3_0_3_rdfifo_inst/inst_fifo_gen/gconvfifo.rf/grf.rf/rstblk/ngwrdrst.grst.g7serrst.wr_rst_reg_reg[0]/PRE
  -------------------------------------------------------------------    -------------------

                         (clock clk_out1_base_soc_clk_wiz_0 rise edge)
                                                     10.000    10.000 r  
    W5                                                0.000    10.000 r  sys_clock (IN)
                         net (fo=0)                   0.000    10.000    base_soc_i/clk_wiz/inst/clk_in1
    W5                   IBUF (Prop_ibuf_I_O)         1.388    11.388 r  base_soc_i/clk_wiz/inst/clkin1_ibufg/O
                         net (fo=1, routed)           1.162    12.550    base_soc_i/clk_wiz/inst/clk_in1_base_soc_clk_wiz_0
    MMCME2_ADV_X1Y0      MMCME2_ADV (Prop_mmcme2_adv_CLKIN1_CLKOUT0)
                                                     -7.217     5.332 r  base_soc_i/clk_wiz/inst/mmcm_adv_inst/CLKOUT0
                         net (fo=1, routed)           1.581     6.914    base_soc_i/clk_wiz/inst/clk_out1_base_soc_clk_wiz_0
    BUFGCTRL_X0Y2        BUFG (Prop_bufg_I_O)         0.091     7.005 r  base_soc_i/clk_wiz/inst/clkout1_buf/O
                         net (fo=3850, routed)        1.444     8.449    dbg_hub/inst/BSCANID.u_xsdbm_id/CORE_XSDB.UUT_MASTER/U_ICON_INTERFACE/U_CMD6_RD/U_RD_FIFO/SUBCORE_FIFO.xsdbm_v3_0_3_rdfifo_inst/inst_fifo_gen/gconvfifo.rf/grf.rf/rstblk/wr_clk
    SLICE_X14Y15         FDPE                                         r  dbg_hub/inst/BSCANID.u_xsdbm_id/CORE_XSDB.UUT_MASTER/U_ICON_INTERFACE/U_CMD6_RD/U_RD_FIFO/SUBCORE_FIFO.xsdbm_v3_0_3_rdfifo_inst/inst_fifo_gen/gconvfifo.rf/grf.rf/rstblk/ngwrdrst.grst.g7serrst.wr_rst_reg_reg[0]/C
                         clock pessimism              0.578     9.026    
                         clock uncertainty           -0.074     8.952    
    SLICE_X14Y15         FDPE (Recov_fdpe_C_PRE)     -0.361     8.591    dbg_hub/inst/BSCANID.u_xsdbm_id/CORE_XSDB.UUT_MASTER/U_ICON_INTERFACE/U_CMD6_RD/U_RD_FIFO/SUBCORE_FIFO.xsdbm_v3_0_3_rdfifo_inst/inst_fifo_gen/gconvfifo.rf/grf.rf/rstblk/ngwrdrst.grst.g7serrst.wr_rst_reg_reg[0]
  -------------------------------------------------------------------
                         required time                          8.591    
                         arrival time                          -1.350    
  -------------------------------------------------------------------
                         slack                                  7.242    





Min Delay Paths
--------------------------------------------------------------------------------------
Slack (MET) :             0.335ns  (arrival time - required time)
  Source:                 dbg_hub/inst/BSCANID.u_xsdbm_id/CORE_XSDB.UUT_MASTER/U_ICON_INTERFACE/U_CMD6_WR/U_WR_FIFO/SUBCORE_FIFO.xsdbm_v3_0_3_wrfifo_inst/inst_fifo_gen/gconvfifo.rf/grf.rf/rstblk/ngwrdrst.grst.g7serrst.rd_rst_reg_reg[1]/C
                            (rising edge-triggered cell FDPE clocked by clk_out1_base_soc_clk_wiz_0  {rise@0.000ns fall@5.000ns period=10.000ns})
  Destination:            dbg_hub/inst/BSCANID.u_xsdbm_id/CORE_XSDB.UUT_MASTER/U_ICON_INTERFACE/U_CMD6_WR/U_WR_FIFO/SUBCORE_FIFO.xsdbm_v3_0_3_wrfifo_inst/inst_fifo_gen/gconvfifo.rf/grf.rf/gntv_or_sync_fifo.gcx.clkx/gnxpm_cdc.rd_pntr_gc_reg[0]/CLR
                            (removal check against rising-edge clock clk_out1_base_soc_clk_wiz_0  {rise@0.000ns fall@5.000ns period=10.000ns})
  Path Group:             **async_default**
  Path Type:              Removal (Min at Fast Process Corner)
  Requirement:            0.000ns  (clk_out1_base_soc_clk_wiz_0 rise@0.000ns - clk_out1_base_soc_clk_wiz_0 rise@0.000ns)
  Data Path Delay:        0.259ns  (logic 0.141ns (54.507%)  route 0.118ns (45.493%))
  Logic Levels:           0  
  Clock Path Skew:        0.016ns (DCD - SCD - CPR)
    Destination Clock Delay (DCD):    -0.859ns
    Source Clock Delay      (SCD):    -0.619ns
    Clock Pessimism Removal (CPR):    -0.255ns

    Location             Delay type                Incr(ns)  Path(ns)    Netlist Resource(s)
  -------------------------------------------------------------------    -------------------
                         (clock clk_out1_base_soc_clk_wiz_0 rise edge)
                                                      0.000     0.000 r  
    W5                                                0.000     0.000 r  sys_clock (IN)
                         net (fo=0)                   0.000     0.000    base_soc_i/clk_wiz/inst/clk_in1
    W5                   IBUF (Prop_ibuf_I_O)         0.226     0.226 r  base_soc_i/clk_wiz/inst/clkin1_ibufg/O
                         net (fo=1, routed)           0.440     0.667    base_soc_i/clk_wiz/inst/clk_in1_base_soc_clk_wiz_0
    MMCME2_ADV_X1Y0      MMCME2_ADV (Prop_mmcme2_adv_CLKIN1_CLKOUT0)
                                                     -2.360    -1.693 r  base_soc_i/clk_wiz/inst/mmcm_adv_inst/CLKOUT0
                         net (fo=1, routed)           0.486    -1.207    base_soc_i/clk_wiz/inst/clk_out1_base_soc_clk_wiz_0
    BUFGCTRL_X0Y2        BUFG (Prop_bufg_I_O)         0.026    -1.181 r  base_soc_i/clk_wiz/inst/clkout1_buf/O
                         net (fo=3850, routed)        0.562    -0.619    dbg_hub/inst/BSCANID.u_xsdbm_id/CORE_XSDB.UUT_MASTER/U_ICON_INTERFACE/U_CMD6_WR/U_WR_FIFO/SUBCORE_FIFO.xsdbm_v3_0_3_wrfifo_inst/inst_fifo_gen/gconvfifo.rf/grf.rf/rstblk/rd_clk
    SLICE_X31Y9          FDPE                                         r  dbg_hub/inst/BSCANID.u_xsdbm_id/CORE_XSDB.UUT_MASTER/U_ICON_INTERFACE/U_CMD6_WR/U_WR_FIFO/SUBCORE_FIFO.xsdbm_v3_0_3_wrfifo_inst/inst_fifo_gen/gconvfifo.rf/grf.rf/rstblk/ngwrdrst.grst.g7serrst.rd_rst_reg_reg[1]/C
  -------------------------------------------------------------------    -------------------
    SLICE_X31Y9          FDPE (Prop_fdpe_C_Q)         0.141    -0.478 f  dbg_hub/inst/BSCANID.u_xsdbm_id/CORE_XSDB.UUT_MASTER/U_ICON_INTERFACE/U_CMD6_WR/U_WR_FIFO/SUBCORE_FIFO.xsdbm_v3_0_3_wrfifo_inst/inst_fifo_gen/gconvfifo.rf/grf.rf/rstblk/ngwrdrst.grst.g7serrst.rd_rst_reg_reg[1]/Q
                         net (fo=16, routed)          0.118    -0.361    dbg_hub/inst/BSCANID.u_xsdbm_id/CORE_XSDB.UUT_MASTER/U_ICON_INTERFACE/U_CMD6_WR/U_WR_FIFO/SUBCORE_FIFO.xsdbm_v3_0_3_wrfifo_inst/inst_fifo_gen/gconvfifo.rf/grf.rf/gntv_or_sync_fifo.gcx.clkx/Q_reg_reg[0][0]
    SLICE_X33Y9          FDCE                                         f  dbg_hub/inst/BSCANID.u_xsdbm_id/CORE_XSDB.UUT_MASTER/U_ICON_INTERFACE/U_CMD6_WR/U_WR_FIFO/SUBCORE_FIFO.xsdbm_v3_0_3_wrfifo_inst/inst_fifo_gen/gconvfifo.rf/grf.rf/gntv_or_sync_fifo.gcx.clkx/gnxpm_cdc.rd_pntr_gc_reg[0]/CLR
  -------------------------------------------------------------------    -------------------

                         (clock clk_out1_base_soc_clk_wiz_0 rise edge)
                                                      0.000     0.000 r  
    W5                                                0.000     0.000 r  sys_clock (IN)
                         net (fo=0)                   0.000     0.000    base_soc_i/clk_wiz/inst/clk_in1
    W5                   IBUF (Prop_ibuf_I_O)         0.414     0.414 r  base_soc_i/clk_wiz/inst/clkin1_ibufg/O
                         net (fo=1, routed)           0.480     0.894    base_soc_i/clk_wiz/inst/clk_in1_base_soc_clk_wiz_0
    MMCME2_ADV_X1Y0      MMCME2_ADV (Prop_mmcme2_adv_CLKIN1_CLKOUT0)
                                                     -3.142    -2.248 r  base_soc_i/clk_wiz/inst/mmcm_adv_inst/CLKOUT0
                         net (fo=1, routed)           0.530    -1.718    base_soc_i/clk_wiz/inst/clk_out1_base_soc_clk_wiz_0
    BUFGCTRL_X0Y2        BUFG (Prop_bufg_I_O)         0.029    -1.689 r  base_soc_i/clk_wiz/inst/clkout1_buf/O
                         net (fo=3850, routed)        0.831    -0.859    dbg_hub/inst/BSCANID.u_xsdbm_id/CORE_XSDB.UUT_MASTER/U_ICON_INTERFACE/U_CMD6_WR/U_WR_FIFO/SUBCORE_FIFO.xsdbm_v3_0_3_wrfifo_inst/inst_fifo_gen/gconvfifo.rf/grf.rf/gntv_or_sync_fifo.gcx.clkx/rd_clk
    SLICE_X33Y9          FDCE                                         r  dbg_hub/inst/BSCANID.u_xsdbm_id/CORE_XSDB.UUT_MASTER/U_ICON_INTERFACE/U_CMD6_WR/U_WR_FIFO/SUBCORE_FIFO.xsdbm_v3_0_3_wrfifo_inst/inst_fifo_gen/gconvfifo.rf/grf.rf/gntv_or_sync_fifo.gcx.clkx/gnxpm_cdc.rd_pntr_gc_reg[0]/C
                         clock pessimism              0.255    -0.603    
    SLICE_X33Y9          FDCE (Remov_fdce_C_CLR)     -0.092    -0.695    dbg_hub/inst/BSCANID.u_xsdbm_id/CORE_XSDB.UUT_MASTER/U_ICON_INTERFACE/U_CMD6_WR/U_WR_FIFO/SUBCORE_FIFO.xsdbm_v3_0_3_wrfifo_inst/inst_fifo_gen/gconvfifo.rf/grf.rf/gntv_or_sync_fifo.gcx.clkx/gnxpm_cdc.rd_pntr_gc_reg[0]
  -------------------------------------------------------------------
                         required time                          0.695    
                         arrival time                          -0.361    
  -------------------------------------------------------------------
                         slack                                  0.335    





---------------------------------------------------------------------------------------------------
Path Group:  **async_default**
From Clock:  dbg_hub/inst/BSCANID.u_xsdbm_id/SWITCH_N_EXT_BSCAN.bscan_inst/SERIES7_BSCAN.bscan_inst/TCK
  To Clock:  dbg_hub/inst/BSCANID.u_xsdbm_id/SWITCH_N_EXT_BSCAN.bscan_inst/SERIES7_BSCAN.bscan_inst/TCK

Setup :            0  Failing Endpoints,  Worst Slack       28.763ns,  Total Violation        0.000ns
Hold  :            0  Failing Endpoints,  Worst Slack        0.342ns,  Total Violation        0.000ns
---------------------------------------------------------------------------------------------------


Max Delay Paths
--------------------------------------------------------------------------------------
Slack (MET) :             28.763ns  (required time - arrival time)
  Source:                 dbg_hub/inst/BSCANID.u_xsdbm_id/SWITCH_N_EXT_BSCAN.bscan_switch/portno_reg[1]/C
                            (rising edge-triggered cell FDRE clocked by dbg_hub/inst/BSCANID.u_xsdbm_id/SWITCH_N_EXT_BSCAN.bscan_inst/SERIES7_BSCAN.bscan_inst/TCK  {rise@0.000ns fall@16.500ns period=33.000ns})
  Destination:            dbg_hub/inst/BSCANID.u_xsdbm_id/CORE_XSDB.U_ICON/U_CMD/iTARGET_reg[11]/CLR
                            (recovery check against rising-edge clock dbg_hub/inst/BSCANID.u_xsdbm_id/SWITCH_N_EXT_BSCAN.bscan_inst/SERIES7_BSCAN.bscan_inst/TCK  {rise@0.000ns fall@16.500ns period=33.000ns})
  Path Group:             **async_default**
  Path Type:              Recovery (Max at Slow Process Corner)
  Requirement:            33.000ns  (dbg_hub/inst/BSCANID.u_xsdbm_id/SWITCH_N_EXT_BSCAN.bscan_inst/SERIES7_BSCAN.bscan_inst/TCK rise@33.000ns - dbg_hub/inst/BSCANID.u_xsdbm_id/SWITCH_N_EXT_BSCAN.bscan_inst/SERIES7_BSCAN.bscan_inst/TCK rise@0.000ns)
  Data Path Delay:        3.691ns  (logic 1.058ns (28.664%)  route 2.633ns (71.336%))
  Logic Levels:           3  (LUT1=1 LUT4=1 LUT6=1)
  Clock Path Skew:        -0.106ns (DCD - SCD + CPR)
    Destination Clock Delay (DCD):    3.015ns = ( 36.015 - 33.000 ) 
    Source Clock Delay      (SCD):    3.375ns
    Clock Pessimism Removal (CPR):    0.254ns
  Clock Uncertainty:      0.035ns  ((TSJ^2 + TIJ^2)^1/2 + DJ) / 2 + PE
    Total System Jitter     (TSJ):    0.071ns
    Total Input Jitter      (TIJ):    0.000ns
    Discrete Jitter          (DJ):    0.000ns
    Phase Error              (PE):    0.000ns

    Location             Delay type                Incr(ns)  Path(ns)    Netlist Resource(s)
  -------------------------------------------------------------------    -------------------
                         (clock dbg_hub/inst/BSCANID.u_xsdbm_id/SWITCH_N_EXT_BSCAN.bscan_inst/SERIES7_BSCAN.bscan_inst/TCK rise edge)
                                                      0.000     0.000 r  
    BSCAN_X0Y0           BSCANE2                      0.000     0.000 r  dbg_hub/inst/BSCANID.u_xsdbm_id/SWITCH_N_EXT_BSCAN.bscan_inst/SERIES7_BSCAN.bscan_inst/TCK
                         net (fo=1, routed)           1.728     1.728    dbg_hub/inst/BSCANID.u_xsdbm_id/tck_bs
    BUFGCTRL_X0Y3        BUFG (Prop_bufg_I_O)         0.096     1.824 r  dbg_hub/inst/BSCANID.u_xsdbm_id/SWITCH_N_EXT_BSCAN.u_bufg_icon_tck/O
                         net (fo=482, routed)         1.551     3.375    dbg_hub/inst/BSCANID.u_xsdbm_id/SWITCH_N_EXT_BSCAN.bscan_switch/s_bscan_tck
    SLICE_X37Y21         FDRE                                         r  dbg_hub/inst/BSCANID.u_xsdbm_id/SWITCH_N_EXT_BSCAN.bscan_switch/portno_reg[1]/C
  -------------------------------------------------------------------    -------------------
    SLICE_X37Y21         FDRE (Prop_fdre_C_Q)         0.456     3.831 f  dbg_hub/inst/BSCANID.u_xsdbm_id/SWITCH_N_EXT_BSCAN.bscan_switch/portno_reg[1]/Q
                         net (fo=1, routed)           0.855     4.687    dbg_hub/inst/BSCANID.u_xsdbm_id/SWITCH_N_EXT_BSCAN.bscan_switch/portno[1]
    SLICE_X37Y21         LUT6 (Prop_lut6_I3_O)        0.124     4.811 f  dbg_hub/inst/BSCANID.u_xsdbm_id/SWITCH_N_EXT_BSCAN.bscan_switch/m_bscan_drck[0]_INST_0_i_1/O
                         net (fo=5, routed)           0.971     5.782    dbg_hub/inst/BSCANID.u_xsdbm_id/SWITCH_N_EXT_BSCAN.bscan_switch/m_bscan_drck[0]_INST_0_i_1_n_0
    SLICE_X33Y21         LUT4 (Prop_lut4_I3_O)        0.152     5.934 r  dbg_hub/inst/BSCANID.u_xsdbm_id/SWITCH_N_EXT_BSCAN.bscan_switch/m_bscan_sel[0]_INST_0/O
                         net (fo=2, routed)           0.446     6.380    dbg_hub/inst/BSCANID.u_xsdbm_id/CORE_XSDB.U_ICON/U_CMD/iTARGET_reg[6]_0
    SLICE_X33Y18         LUT1 (Prop_lut1_I0_O)        0.326     6.706 f  dbg_hub/inst/BSCANID.u_xsdbm_id/CORE_XSDB.U_ICON/U_CMD/iTARGET[15]_i_2/O
                         net (fo=10, routed)          0.360     7.067    dbg_hub/inst/BSCANID.u_xsdbm_id/CORE_XSDB.U_ICON/U_CMD/iSEL_n
    SLICE_X32Y17         FDCE                                         f  dbg_hub/inst/BSCANID.u_xsdbm_id/CORE_XSDB.U_ICON/U_CMD/iTARGET_reg[11]/CLR
  -------------------------------------------------------------------    -------------------

                         (clock dbg_hub/inst/BSCANID.u_xsdbm_id/SWITCH_N_EXT_BSCAN.bscan_inst/SERIES7_BSCAN.bscan_inst/TCK rise edge)
                                                     33.000    33.000 r  
    BSCAN_X0Y0           BSCANE2                      0.000    33.000 r  dbg_hub/inst/BSCANID.u_xsdbm_id/SWITCH_N_EXT_BSCAN.bscan_inst/SERIES7_BSCAN.bscan_inst/TCK
                         net (fo=1, routed)           1.487    34.487    dbg_hub/inst/BSCANID.u_xsdbm_id/tck_bs
    BUFGCTRL_X0Y3        BUFG (Prop_bufg_I_O)         0.091    34.578 r  dbg_hub/inst/BSCANID.u_xsdbm_id/SWITCH_N_EXT_BSCAN.u_bufg_icon_tck/O
                         net (fo=482, routed)         1.437    36.015    dbg_hub/inst/BSCANID.u_xsdbm_id/CORE_XSDB.U_ICON/U_CMD/m_bscan_tck[0]
    SLICE_X32Y17         FDCE                                         r  dbg_hub/inst/BSCANID.u_xsdbm_id/CORE_XSDB.U_ICON/U_CMD/iTARGET_reg[11]/C
                         clock pessimism              0.254    36.270    
                         clock uncertainty           -0.035    36.234    
    SLICE_X32Y17         FDCE (Recov_fdce_C_CLR)     -0.405    35.829    dbg_hub/inst/BSCANID.u_xsdbm_id/CORE_XSDB.U_ICON/U_CMD/iTARGET_reg[11]
  -------------------------------------------------------------------
                         required time                         35.829    
                         arrival time                          -7.067    
  -------------------------------------------------------------------
                         slack                                 28.763    





Min Delay Paths
--------------------------------------------------------------------------------------
Slack (MET) :             0.342ns  (arrival time - required time)
  Source:                 dbg_hub/inst/BSCANID.u_xsdbm_id/CORE_XSDB.UUT_MASTER/U_ICON_INTERFACE/U_CMD6_RD/U_RD_FIFO/SUBCORE_FIFO.xsdbm_v3_0_3_rdfifo_inst/inst_fifo_gen/gconvfifo.rf/grf.rf/rstblk/ngwrdrst.grst.g7serrst.rd_rst_reg_reg[1]/C
                            (rising edge-triggered cell FDPE clocked by dbg_hub/inst/BSCANID.u_xsdbm_id/SWITCH_N_EXT_BSCAN.bscan_inst/SERIES7_BSCAN.bscan_inst/TCK  {rise@0.000ns fall@16.500ns period=33.000ns})
  Destination:            dbg_hub/inst/BSCANID.u_xsdbm_id/CORE_XSDB.UUT_MASTER/U_ICON_INTERFACE/U_CMD6_RD/U_RD_FIFO/SUBCORE_FIFO.xsdbm_v3_0_3_rdfifo_inst/inst_fifo_gen/gconvfifo.rf/grf.rf/gntv_or_sync_fifo.gcx.clkx/gnxpm_cdc.rd_pntr_gc_reg[0]/CLR
                            (removal check against rising-edge clock dbg_hub/inst/BSCANID.u_xsdbm_id/SWITCH_N_EXT_BSCAN.bscan_inst/SERIES7_BSCAN.bscan_inst/TCK  {rise@0.000ns fall@16.500ns period=33.000ns})
  Path Group:             **async_default**
  Path Type:              Removal (Min at Fast Process Corner)
  Requirement:            0.000ns  (dbg_hub/inst/BSCANID.u_xsdbm_id/SWITCH_N_EXT_BSCAN.bscan_inst/SERIES7_BSCAN.bscan_inst/TCK rise@0.000ns - dbg_hub/inst/BSCANID.u_xsdbm_id/SWITCH_N_EXT_BSCAN.bscan_inst/SERIES7_BSCAN.bscan_inst/TCK rise@0.000ns)
  Data Path Delay:        0.290ns  (logic 0.164ns (56.455%)  route 0.126ns (43.545%))
  Logic Levels:           0  
  Clock Path Skew:        0.015ns (DCD - SCD - CPR)
    Destination Clock Delay (DCD):    1.652ns
    Source Clock Delay      (SCD):    1.274ns
    Clock Pessimism Removal (CPR):    0.363ns

    Location             Delay type                Incr(ns)  Path(ns)    Netlist Resource(s)
  -------------------------------------------------------------------    -------------------
                         (clock dbg_hub/inst/BSCANID.u_xsdbm_id/SWITCH_N_EXT_BSCAN.bscan_inst/SERIES7_BSCAN.bscan_inst/TCK rise edge)
                                                      0.000     0.000 r  
    BSCAN_X0Y0           BSCANE2                      0.000     0.000 r  dbg_hub/inst/BSCANID.u_xsdbm_id/SWITCH_N_EXT_BSCAN.bscan_inst/SERIES7_BSCAN.bscan_inst/TCK
                         net (fo=1, routed)           0.685     0.685    dbg_hub/inst/BSCANID.u_xsdbm_id/tck_bs
    BUFGCTRL_X0Y3        BUFG (Prop_bufg_I_O)         0.026     0.711 r  dbg_hub/inst/BSCANID.u_xsdbm_id/SWITCH_N_EXT_BSCAN.u_bufg_icon_tck/O
                         net (fo=482, routed)         0.563     1.274    dbg_hub/inst/BSCANID.u_xsdbm_id/CORE_XSDB.UUT_MASTER/U_ICON_INTERFACE/U_CMD6_RD/U_RD_FIFO/SUBCORE_FIFO.xsdbm_v3_0_3_rdfifo_inst/inst_fifo_gen/gconvfifo.rf/grf.rf/rstblk/rd_clk
    SLICE_X12Y12         FDPE                                         r  dbg_hub/inst/BSCANID.u_xsdbm_id/CORE_XSDB.UUT_MASTER/U_ICON_INTERFACE/U_CMD6_RD/U_RD_FIFO/SUBCORE_FIFO.xsdbm_v3_0_3_rdfifo_inst/inst_fifo_gen/gconvfifo.rf/grf.rf/rstblk/ngwrdrst.grst.g7serrst.rd_rst_reg_reg[1]/C
  -------------------------------------------------------------------    -------------------
    SLICE_X12Y12         FDPE (Prop_fdpe_C_Q)         0.164     1.438 f  dbg_hub/inst/BSCANID.u_xsdbm_id/CORE_XSDB.UUT_MASTER/U_ICON_INTERFACE/U_CMD6_RD/U_RD_FIFO/SUBCORE_FIFO.xsdbm_v3_0_3_rdfifo_inst/inst_fifo_gen/gconvfifo.rf/grf.rf/rstblk/ngwrdrst.grst.g7serrst.rd_rst_reg_reg[1]/Q
                         net (fo=16, routed)          0.126     1.564    dbg_hub/inst/BSCANID.u_xsdbm_id/CORE_XSDB.UUT_MASTER/U_ICON_INTERFACE/U_CMD6_RD/U_RD_FIFO/SUBCORE_FIFO.xsdbm_v3_0_3_rdfifo_inst/inst_fifo_gen/gconvfifo.rf/grf.rf/gntv_or_sync_fifo.gcx.clkx/Q_reg_reg[0][0]
    SLICE_X14Y12         FDCE                                         f  dbg_hub/inst/BSCANID.u_xsdbm_id/CORE_XSDB.UUT_MASTER/U_ICON_INTERFACE/U_CMD6_RD/U_RD_FIFO/SUBCORE_FIFO.xsdbm_v3_0_3_rdfifo_inst/inst_fifo_gen/gconvfifo.rf/grf.rf/gntv_or_sync_fifo.gcx.clkx/gnxpm_cdc.rd_pntr_gc_reg[0]/CLR
  -------------------------------------------------------------------    -------------------

                         (clock dbg_hub/inst/BSCANID.u_xsdbm_id/SWITCH_N_EXT_BSCAN.bscan_inst/SERIES7_BSCAN.bscan_inst/TCK rise edge)
                                                      0.000     0.000 r  
    BSCAN_X0Y0           BSCANE2                      0.000     0.000 r  dbg_hub/inst/BSCANID.u_xsdbm_id/SWITCH_N_EXT_BSCAN.bscan_inst/SERIES7_BSCAN.bscan_inst/TCK
                         net (fo=1, routed)           0.791     0.791    dbg_hub/inst/BSCANID.u_xsdbm_id/tck_bs
    BUFGCTRL_X0Y3        BUFG (Prop_bufg_I_O)         0.029     0.820 r  dbg_hub/inst/BSCANID.u_xsdbm_id/SWITCH_N_EXT_BSCAN.u_bufg_icon_tck/O
                         net (fo=482, routed)         0.832     1.652    dbg_hub/inst/BSCANID.u_xsdbm_id/CORE_XSDB.UUT_MASTER/U_ICON_INTERFACE/U_CMD6_RD/U_RD_FIFO/SUBCORE_FIFO.xsdbm_v3_0_3_rdfifo_inst/inst_fifo_gen/gconvfifo.rf/grf.rf/gntv_or_sync_fifo.gcx.clkx/rd_clk
    SLICE_X14Y12         FDCE                                         r  dbg_hub/inst/BSCANID.u_xsdbm_id/CORE_XSDB.UUT_MASTER/U_ICON_INTERFACE/U_CMD6_RD/U_RD_FIFO/SUBCORE_FIFO.xsdbm_v3_0_3_rdfifo_inst/inst_fifo_gen/gconvfifo.rf/grf.rf/gntv_or_sync_fifo.gcx.clkx/gnxpm_cdc.rd_pntr_gc_reg[0]/C
                         clock pessimism             -0.363     1.289    
    SLICE_X14Y12         FDCE (Remov_fdce_C_CLR)     -0.067     1.222    dbg_hub/inst/BSCANID.u_xsdbm_id/CORE_XSDB.UUT_MASTER/U_ICON_INTERFACE/U_CMD6_RD/U_RD_FIFO/SUBCORE_FIFO.xsdbm_v3_0_3_rdfifo_inst/inst_fifo_gen/gconvfifo.rf/grf.rf/gntv_or_sync_fifo.gcx.clkx/gnxpm_cdc.rd_pntr_gc_reg[0]
  -------------------------------------------------------------------
                         required time                         -1.222    
                         arrival time                           1.564    
  -------------------------------------------------------------------
                         slack                                  0.342    





