Copyright 1986-2022 Xilinx, Inc. All Rights Reserved. Copyright 2022-2024 Advanced Micro Devices, Inc. All Rights Reserved.
--------------------------------------------------------------------------------------------------------------------------------------------------------------------------------------------
| Tool Version : Vivado v.2024.2 (lin64) Build 5239630 Fri Nov 08 22:34:34 MST 2024
| Date         : Wed Jul 29 14:39:51 2026
| Host         : doguen-ASUS-TUF-Gaming-A15-FA507UI-FA507UI running 64-bit Ubuntu 24.04.4 LTS
| Command      : report_utilization -hierarchical -file {/home/doguen/Downloads/8채널 100 MSs Standalone Logic Analyzer Lite/comparison/cpu_polling/reports/hierarchical_utilization.rpt}
| Design       : base_soc_wrapper
| Device       : xc7a35tcpg236-1
| Speed File   : -1
| Design State : Routed
--------------------------------------------------------------------------------------------------------------------------------------------------------------------------------------------

Utilization Design Information

Table of Contents
-----------------
1. Utilization by Hierarchy

1. Utilization by Hierarchy
---------------------------

+----------------------------------------------------------------------------------------------+--------------------------------------------------------------------------------------------------+------------+------------+---------+------+------+--------+--------+------------+
|                                           Instance                                           |                                              Module                                              | Total LUTs | Logic LUTs | LUTRAMs | SRLs |  FFs | RAMB36 | RAMB18 | DSP Blocks |
+----------------------------------------------------------------------------------------------+--------------------------------------------------------------------------------------------------+------------+------------+---------+------+------+--------+--------+------------+
| base_soc_wrapper                                                                             |                                                                                            (top) |       2782 |       2644 |      96 |   42 | 2560 |     32 |      0 |          0 |
|   (base_soc_wrapper)                                                                         |                                                                                            (top) |          0 |          0 |       0 |    0 |    0 |      0 |      0 |          0 |
|   base_soc_i                                                                                 |                                                                                         base_soc |       2782 |       2644 |      96 |   42 | 2560 |     32 |      0 |          0 |
|     (base_soc_i)                                                                             |                                                                                         base_soc |          0 |          0 |       0 |    0 |    0 |      0 |      0 |          0 |
|     axi_gpio_probe                                                                           |                                                                        base_soc_axi_gpio_probe_0 |         53 |         53 |       0 |    0 |  104 |      0 |      0 |          0 |
|       U0                                                                                     |                                                               base_soc_axi_gpio_probe_0_axi_gpio |         53 |         53 |       0 |    0 |  104 |      0 |      0 |          0 |
|         (U0)                                                                                 |                                                               base_soc_axi_gpio_probe_0_axi_gpio |          0 |          0 |       0 |    0 |   11 |      0 |      0 |          0 |
|         AXI_LITE_IPIF_I                                                                      |                                                          base_soc_axi_gpio_probe_0_axi_lite_ipif |         34 |         34 |       0 |    0 |   35 |      0 |      0 |          0 |
|           I_SLAVE_ATTACHMENT                                                                 |                                                       base_soc_axi_gpio_probe_0_slave_attachment |         34 |         34 |       0 |    0 |   35 |      0 |      0 |          0 |
|             (I_SLAVE_ATTACHMENT)                                                             |                                                       base_soc_axi_gpio_probe_0_slave_attachment |         17 |         17 |       0 |    0 |   29 |      0 |      0 |          0 |
|             I_DECODER                                                                        |                                                        base_soc_axi_gpio_probe_0_address_decoder |         17 |         17 |       0 |    0 |    6 |      0 |      0 |          0 |
|               (I_DECODER)                                                                    |                                                        base_soc_axi_gpio_probe_0_address_decoder |         15 |         15 |       0 |    0 |    6 |      0 |      0 |          0 |
|               MEM_DECODE_GEN[0].PER_CE_GEN[0].MULTIPLE_CES_THIS_CS_GEN.CE_I                  |                                                              base_soc_axi_gpio_probe_0_pselect_f |          1 |          1 |       0 |    0 |    0 |      0 |      0 |          0 |
|               MEM_DECODE_GEN[0].PER_CE_GEN[2].MULTIPLE_CES_THIS_CS_GEN.CE_I                  |                                              base_soc_axi_gpio_probe_0_pselect_f__parameterized1 |          1 |          1 |       0 |    0 |    0 |      0 |      0 |          0 |
|         gpio_core_1                                                                          |                                                              base_soc_axi_gpio_probe_0_GPIO_Core |         19 |         19 |       0 |    0 |   58 |      0 |      0 |          0 |
|           (gpio_core_1)                                                                      |                                                              base_soc_axi_gpio_probe_0_GPIO_Core |         19 |         19 |       0 |    0 |   26 |      0 |      0 |          0 |
|           Not_Dual.INPUT_DOUBLE_REGS3                                                        |                                                               base_soc_axi_gpio_probe_0_cdc_sync |          0 |          0 |       0 |    0 |   32 |      0 |      0 |          0 |
|     axi_gpio_test_ctrl                                                                       |                                                                    base_soc_axi_gpio_test_ctrl_0 |         76 |         76 |       0 |    0 |  150 |      0 |      0 |          0 |
|       U0                                                                                     |                                                           base_soc_axi_gpio_test_ctrl_0_axi_gpio |         76 |         76 |       0 |    0 |  150 |      0 |      0 |          0 |
|         (U0)                                                                                 |                                                           base_soc_axi_gpio_test_ctrl_0_axi_gpio |          0 |          0 |       0 |    0 |   29 |      0 |      0 |          0 |
|         AXI_LITE_IPIF_I                                                                      |                                                      base_soc_axi_gpio_test_ctrl_0_axi_lite_ipif |         70 |         70 |       0 |    0 |   53 |      0 |      0 |          0 |
|           I_SLAVE_ATTACHMENT                                                                 |                                                   base_soc_axi_gpio_test_ctrl_0_slave_attachment |         70 |         70 |       0 |    0 |   53 |      0 |      0 |          0 |
|             (I_SLAVE_ATTACHMENT)                                                             |                                                   base_soc_axi_gpio_test_ctrl_0_slave_attachment |         17 |         17 |       0 |    0 |   47 |      0 |      0 |          0 |
|             I_DECODER                                                                        |                                                    base_soc_axi_gpio_test_ctrl_0_address_decoder |         53 |         53 |       0 |    0 |    6 |      0 |      0 |          0 |
|               (I_DECODER)                                                                    |                                                    base_soc_axi_gpio_test_ctrl_0_address_decoder |         51 |         51 |       0 |    0 |    6 |      0 |      0 |          0 |
|               MEM_DECODE_GEN[0].PER_CE_GEN[0].MULTIPLE_CES_THIS_CS_GEN.CE_I                  |                                                          base_soc_axi_gpio_test_ctrl_0_pselect_f |          1 |          1 |       0 |    0 |    0 |      0 |      0 |          0 |
|               MEM_DECODE_GEN[0].PER_CE_GEN[2].MULTIPLE_CES_THIS_CS_GEN.CE_I                  |                                          base_soc_axi_gpio_test_ctrl_0_pselect_f__parameterized1 |          1 |          1 |       0 |    0 |    0 |      0 |      0 |          0 |
|         gpio_core_1                                                                          |                                                          base_soc_axi_gpio_test_ctrl_0_GPIO_Core |          6 |          6 |       0 |    0 |   68 |      0 |      0 |          0 |
|           (gpio_core_1)                                                                      |                                                          base_soc_axi_gpio_test_ctrl_0_GPIO_Core |          6 |          6 |       0 |    0 |   60 |      0 |      0 |          0 |
|           Dual.INPUT_DOUBLE_REGS5                                                            |                                           base_soc_axi_gpio_test_ctrl_0_cdc_sync__parameterized0 |          0 |          0 |       0 |    0 |    8 |      0 |      0 |          0 |
|     axi_timer_0                                                                              |                                                                           base_soc_axi_timer_0_0 |        290 |        290 |       0 |    0 |  241 |      0 |      0 |          0 |
|       U0                                                                                     |                                                                 base_soc_axi_timer_0_0_axi_timer |        290 |        290 |       0 |    0 |  241 |      0 |      0 |          0 |
|         AXI4_LITE_I                                                                          |                                                             base_soc_axi_timer_0_0_axi_lite_ipif |        120 |        120 |       0 |    0 |   62 |      0 |      0 |          0 |
|           I_SLAVE_ATTACHMENT                                                                 |                                                          base_soc_axi_timer_0_0_slave_attachment |        120 |        120 |       0 |    0 |   62 |      0 |      0 |          0 |
|             (I_SLAVE_ATTACHMENT)                                                             |                                                          base_soc_axi_timer_0_0_slave_attachment |         11 |         11 |       0 |    0 |   54 |      0 |      0 |          0 |
|             I_DECODER                                                                        |                                                           base_soc_axi_timer_0_0_address_decoder |        109 |        109 |       0 |    0 |    8 |      0 |      0 |          0 |
|               (I_DECODER)                                                                    |                                                           base_soc_axi_timer_0_0_address_decoder |        103 |        103 |       0 |    0 |    8 |      0 |      0 |          0 |
|               MEM_DECODE_GEN[0].PER_CE_GEN[0].MULTIPLE_CES_THIS_CS_GEN.CE_I                  |                                                                 base_soc_axi_timer_0_0_pselect_f |          1 |          1 |       0 |    0 |    0 |      0 |      0 |          0 |
|               MEM_DECODE_GEN[0].PER_CE_GEN[2].MULTIPLE_CES_THIS_CS_GEN.CE_I                  |                                                 base_soc_axi_timer_0_0_pselect_f__parameterized1 |          1 |          1 |       0 |    0 |    0 |      0 |      0 |          0 |
|               MEM_DECODE_GEN[0].PER_CE_GEN[4].MULTIPLE_CES_THIS_CS_GEN.CE_I                  |                                                 base_soc_axi_timer_0_0_pselect_f__parameterized3 |          1 |          1 |       0 |    0 |    0 |      0 |      0 |          0 |
|               MEM_DECODE_GEN[0].PER_CE_GEN[5].MULTIPLE_CES_THIS_CS_GEN.CE_I                  |                                                 base_soc_axi_timer_0_0_pselect_f__parameterized4 |          1 |          1 |       0 |    0 |    0 |      0 |      0 |          0 |
|               MEM_DECODE_GEN[0].PER_CE_GEN[6].MULTIPLE_CES_THIS_CS_GEN.CE_I                  |                                                 base_soc_axi_timer_0_0_pselect_f__parameterized5 |          1 |          1 |       0 |    0 |    0 |      0 |      0 |          0 |
|               MEM_DECODE_GEN[0].PER_CE_GEN[7].MULTIPLE_CES_THIS_CS_GEN.CE_I                  |                                                 base_soc_axi_timer_0_0_pselect_f__parameterized6 |          1 |          1 |       0 |    0 |    0 |      0 |      0 |          0 |
|         TC_CORE_I                                                                            |                                                                   base_soc_axi_timer_0_0_tc_core |        170 |        170 |       0 |    0 |  179 |      0 |      0 |          0 |
|           COUNTER_0_I                                                                        |                                                              base_soc_axi_timer_0_0_count_module |         50 |         50 |       0 |    0 |   65 |      0 |      0 |          0 |
|             (COUNTER_0_I)                                                                    |                                                              base_soc_axi_timer_0_0_count_module |          0 |          0 |       0 |    0 |   32 |      0 |      0 |          0 |
|             COUNTER_I                                                                        |                                                               base_soc_axi_timer_0_0_counter_f_1 |         50 |         50 |       0 |    0 |   33 |      0 |      0 |          0 |
|           GEN_SECOND_TIMER.COUNTER_1_I                                                       |                                                            base_soc_axi_timer_0_0_count_module_0 |         83 |         83 |       0 |    0 |   65 |      0 |      0 |          0 |
|             (GEN_SECOND_TIMER.COUNTER_1_I)                                                   |                                                            base_soc_axi_timer_0_0_count_module_0 |          0 |          0 |       0 |    0 |   32 |      0 |      0 |          0 |
|             COUNTER_I                                                                        |                                                                 base_soc_axi_timer_0_0_counter_f |         83 |         83 |       0 |    0 |   33 |      0 |      0 |          0 |
|           READ_MUX_I                                                                         |                                                              base_soc_axi_timer_0_0_mux_onehot_f |          0 |          0 |       0 |    0 |    0 |      0 |      0 |          0 |
|           TIMER_CONTROL_I                                                                    |                                                             base_soc_axi_timer_0_0_timer_control |         39 |         39 |       0 |    0 |   49 |      0 |      0 |          0 |
|             (TIMER_CONTROL_I)                                                                |                                                             base_soc_axi_timer_0_0_timer_control |         39 |         39 |       0 |    0 |   37 |      0 |      0 |          0 |
|             INPUT_DOUBLE_REGS                                                                |                                                               base_soc_axi_timer_0_0_cdc_sync__2 |          0 |          0 |       0 |    0 |    4 |      0 |      0 |          0 |
|             INPUT_DOUBLE_REGS2                                                               |                                                                  base_soc_axi_timer_0_0_cdc_sync |          0 |          0 |       0 |    0 |    4 |      0 |      0 |          0 |
|             INPUT_DOUBLE_REGS3                                                               |                                                               base_soc_axi_timer_0_0_cdc_sync__1 |          0 |          0 |       0 |    0 |    4 |      0 |      0 |          0 |
|     axi_uartlite_0                                                                           |                                                                        base_soc_axi_uartlite_0_0 |         98 |         88 |       0 |   10 |  114 |      0 |      0 |          0 |
|       U0                                                                                     |                                                           base_soc_axi_uartlite_0_0_axi_uartlite |         98 |         88 |       0 |   10 |  114 |      0 |      0 |          0 |
|         AXI_LITE_IPIF_I                                                                      |                                                          base_soc_axi_uartlite_0_0_axi_lite_ipif |         30 |         30 |       0 |    0 |   26 |      0 |      0 |          0 |
|           I_SLAVE_ATTACHMENT                                                                 |                                                       base_soc_axi_uartlite_0_0_slave_attachment |         30 |         30 |       0 |    0 |   26 |      0 |      0 |          0 |
|             (I_SLAVE_ATTACHMENT)                                                             |                                                       base_soc_axi_uartlite_0_0_slave_attachment |          7 |          7 |       0 |    0 |   21 |      0 |      0 |          0 |
|             I_DECODER                                                                        |                                                        base_soc_axi_uartlite_0_0_address_decoder |         23 |         23 |       0 |    0 |    5 |      0 |      0 |          0 |
|               (I_DECODER)                                                                    |                                                        base_soc_axi_uartlite_0_0_address_decoder |         21 |         21 |       0 |    0 |    5 |      0 |      0 |          0 |
|               MEM_DECODE_GEN[0].PER_CE_GEN[0].MULTIPLE_CES_THIS_CS_GEN.CE_I                  |                                                              base_soc_axi_uartlite_0_0_pselect_f |          1 |          1 |       0 |    0 |    0 |      0 |      0 |          0 |
|               MEM_DECODE_GEN[0].PER_CE_GEN[2].MULTIPLE_CES_THIS_CS_GEN.CE_I                  |                                              base_soc_axi_uartlite_0_0_pselect_f__parameterized1 |          1 |          1 |       0 |    0 |    0 |      0 |      0 |          0 |
|         UARTLITE_CORE_I                                                                      |                                                          base_soc_axi_uartlite_0_0_uartlite_core |         69 |         59 |       0 |   10 |   88 |      0 |      0 |          0 |
|           (UARTLITE_CORE_I)                                                                  |                                                          base_soc_axi_uartlite_0_0_uartlite_core |          0 |          0 |       0 |    0 |    9 |      0 |      0 |          0 |
|           BAUD_RATE_I                                                                        |                                                               base_soc_axi_uartlite_0_0_baudrate |         12 |         12 |       0 |    0 |   11 |      0 |      0 |          0 |
|           UARTLITE_RX_I                                                                      |                                                            base_soc_axi_uartlite_0_0_uartlite_rx |         31 |         26 |       0 |    5 |   50 |      0 |      0 |          0 |
|             (UARTLITE_RX_I)                                                                  |                                                            base_soc_axi_uartlite_0_0_uartlite_rx |         13 |         12 |       0 |    1 |   40 |      0 |      0 |          0 |
|             INPUT_DOUBLE_REGS3                                                               |                                                               base_soc_axi_uartlite_0_0_cdc_sync |          4 |          4 |       0 |    0 |    4 |      0 |      0 |          0 |
|             SRL_FIFO_I                                                                       |                                                           base_soc_axi_uartlite_0_0_srl_fifo_f_0 |         15 |         11 |       0 |    4 |    6 |      0 |      0 |          0 |
|               I_SRL_FIFO_RBU_F                                                               |                                                       base_soc_axi_uartlite_0_0_srl_fifo_rbu_f_1 |         15 |         11 |       0 |    4 |    6 |      0 |      0 |          0 |
|                 (I_SRL_FIFO_RBU_F)                                                           |                                                       base_soc_axi_uartlite_0_0_srl_fifo_rbu_f_1 |          1 |          1 |       0 |    0 |    1 |      0 |      0 |          0 |
|                 CNTR_INCR_DECR_ADDN_F_I                                                      |                                                base_soc_axi_uartlite_0_0_cntr_incr_decr_addn_f_2 |          9 |          9 |       0 |    0 |    5 |      0 |      0 |          0 |
|                 DYNSHREG_F_I                                                                 |                                                           base_soc_axi_uartlite_0_0_dynshreg_f_3 |          5 |          1 |       0 |    4 |    0 |      0 |      0 |          0 |
|           UARTLITE_TX_I                                                                      |                                                            base_soc_axi_uartlite_0_0_uartlite_tx |         26 |         21 |       0 |    5 |   18 |      0 |      0 |          0 |
|             (UARTLITE_TX_I)                                                                  |                                                            base_soc_axi_uartlite_0_0_uartlite_tx |          8 |          7 |       0 |    1 |   12 |      0 |      0 |          0 |
|             SRL_FIFO_I                                                                       |                                                             base_soc_axi_uartlite_0_0_srl_fifo_f |         18 |         14 |       0 |    4 |    6 |      0 |      0 |          0 |
|               I_SRL_FIFO_RBU_F                                                               |                                                         base_soc_axi_uartlite_0_0_srl_fifo_rbu_f |         18 |         14 |       0 |    4 |    6 |      0 |      0 |          0 |
|                 (I_SRL_FIFO_RBU_F)                                                           |                                                         base_soc_axi_uartlite_0_0_srl_fifo_rbu_f |          0 |          0 |       0 |    0 |    1 |      0 |      0 |          0 |
|                 CNTR_INCR_DECR_ADDN_F_I                                                      |                                                  base_soc_axi_uartlite_0_0_cntr_incr_decr_addn_f |         12 |         12 |       0 |    0 |    5 |      0 |      0 |          0 |
|                 DYNSHREG_F_I                                                                 |                                                             base_soc_axi_uartlite_0_0_dynshreg_f |          6 |          2 |       0 |    4 |    0 |      0 |      0 |          0 |
|     clk_wiz                                                                                  |                                                                               base_soc_clk_wiz_0 |          0 |          0 |       0 |    0 |    0 |      0 |      0 |          0 |
|       inst                                                                                   |                                                                       base_soc_clk_wiz_0_clk_wiz |          0 |          0 |       0 |    0 |    0 |      0 |      0 |          0 |
|     mdm_1                                                                                    |                                                                                 base_soc_mdm_1_0 |        130 |        125 |       0 |    5 |  193 |      0 |      0 |          0 |
|       U0                                                                                     |                                                                       base_soc_mdm_1_0_MDM_RISCV |        130 |        125 |       0 |    5 |  193 |      0 |      0 |          0 |
|         (U0)                                                                                 |                                                                       base_soc_mdm_1_0_MDM_RISCV |         12 |          9 |       0 |    3 |   48 |      0 |      0 |          0 |
|         MDM_Core_I1                                                                          |                                                                        base_soc_mdm_1_0_MDM_Core |         96 |         94 |       0 |    2 |  145 |      0 |      0 |          0 |
|           JTAG_CONTROL_I                                                                     |                                                                    base_soc_mdm_1_0_JTAG_CONTROL |         96 |         94 |       0 |    2 |  145 |      0 |      0 |          0 |
|             (JTAG_CONTROL_I)                                                                 |                                                                    base_soc_mdm_1_0_JTAG_CONTROL |         95 |         93 |       0 |    2 |  145 |      0 |      0 |          0 |
|             Test_Access_Port.BUFG_DRCK                                                       |                                                                   base_soc_mdm_1_0_MB_BUFGCE_1_0 |          1 |          1 |       0 |    0 |    0 |      0 |      0 |          0 |
|             Test_Access_Port.BUFG_UPDATE                                                     |                                                                         base_soc_mdm_1_0_MB_BUFG |          0 |          0 |       0 |    0 |    0 |      0 |      0 |          0 |
|         Use_E2.BSCAN_I                                                                       |                                                                      base_soc_mdm_1_0_MB_BSCANE2 |         18 |         18 |       0 |    0 |    0 |      0 |      0 |          0 |
|         Use_E2.LUT1_I                                                                        |                                                                         base_soc_mdm_1_0_MB_LUT1 |          5 |          5 |       0 |    0 |    0 |      0 |      0 |          0 |
|         Use_JTAG_BSCAN.BUFG_JTAG_TCK                                                         |                                                                     base_soc_mdm_1_0_MB_BUFGCE_1 |          0 |          0 |       0 |    0 |    0 |      0 |      0 |          0 |
|     microblaze_riscv_0                                                                       |                                                                    base_soc_microblaze_riscv_0_0 |       1653 |       1565 |      64 |   24 | 1339 |      0 |      0 |          0 |
|       U0                                                                                     |                                                              base_soc_microblaze_riscv_0_0_riscv |       1653 |       1565 |      64 |   24 | 1339 |      0 |      0 |          0 |
|         riscv_core_I                                                                         |                                                         base_soc_microblaze_riscv_0_0_riscv_core |       1653 |       1565 |      64 |   24 | 1339 |      0 |      0 |          0 |
|           (riscv_core_I)                                                                     |                                                         base_soc_microblaze_riscv_0_0_riscv_core |         34 |         34 |       0 |    0 |    1 |      0 |      0 |          0 |
|           Base.Core                                                                          |                                                          base_soc_microblaze_riscv_0_0_riscv_GTi |       1619 |       1531 |      64 |   24 | 1336 |      0 |      0 |          0 |
|             (Base.Core)                                                                      |                                                          base_soc_microblaze_riscv_0_0_riscv_GTi |         17 |         17 |       0 |    0 |   64 |      0 |      0 |          0 |
|             Data_Flow_I                                                                      |                              base_soc_microblaze_riscv_0_0_microblaze_riscv_v1_0_3_Data_Flow_gti |        574 |        510 |      64 |    0 |  509 |      0 |      0 |          0 |
|               (Data_Flow_I)                                                                  |                              base_soc_microblaze_riscv_0_0_microblaze_riscv_v1_0_3_Data_Flow_gti |         10 |         10 |       0 |    0 |    0 |      0 |      0 |          0 |
|               ALU_I                                                                          |                                        base_soc_microblaze_riscv_0_0_microblaze_riscv_v1_0_3_ALU |         48 |         48 |       0 |    0 |    0 |      0 |      0 |          0 |
|                 (ALU_I)                                                                      |                                        base_soc_microblaze_riscv_0_0_microblaze_riscv_v1_0_3_ALU |          1 |          1 |       0 |    0 |    0 |      0 |      0 |          0 |
|                 Using_FPGA.ALL_Bits[0].ALU_Bit_I1                                            |                                    base_soc_microblaze_riscv_0_0_microblaze_riscv_v1_0_3_ALU_Bit |          2 |          2 |       0 |    0 |    0 |      0 |      0 |          0 |
|                   I_ALU_LUT_V5                                                               |                                                      base_soc_microblaze_riscv_0_0_MB_LUT6_2_506 |          1 |          1 |       0 |    0 |    0 |      0 |      0 |          0 |
|                   MUXCY_XOR_I                                                                |                                                 base_soc_microblaze_riscv_0_0_MB_MUXCY_XORCY_507 |          1 |          1 |       0 |    0 |    0 |      0 |      0 |          0 |
|                 Using_FPGA.ALL_Bits[10].ALU_Bit_I1                                           |                                base_soc_microblaze_riscv_0_0_microblaze_riscv_v1_0_3_ALU_Bit_414 |          2 |          2 |       0 |    0 |    0 |      0 |      0 |          0 |
|                   I_ALU_LUT_V5                                                               |                                                      base_soc_microblaze_riscv_0_0_MB_LUT6_2_504 |          1 |          1 |       0 |    0 |    0 |      0 |      0 |          0 |
|                   MUXCY_XOR_I                                                                |                                                 base_soc_microblaze_riscv_0_0_MB_MUXCY_XORCY_505 |          1 |          1 |       0 |    0 |    0 |      0 |      0 |          0 |
|                 Using_FPGA.ALL_Bits[11].ALU_Bit_I1                                           |                                base_soc_microblaze_riscv_0_0_microblaze_riscv_v1_0_3_ALU_Bit_415 |          2 |          2 |       0 |    0 |    0 |      0 |      0 |          0 |
|                   I_ALU_LUT_V5                                                               |                                                      base_soc_microblaze_riscv_0_0_MB_LUT6_2_502 |          1 |          1 |       0 |    0 |    0 |      0 |      0 |          0 |
|                   MUXCY_XOR_I                                                                |                                                 base_soc_microblaze_riscv_0_0_MB_MUXCY_XORCY_503 |          1 |          1 |       0 |    0 |    0 |      0 |      0 |          0 |
|                 Using_FPGA.ALL_Bits[12].ALU_Bit_I1                                           |                                base_soc_microblaze_riscv_0_0_microblaze_riscv_v1_0_3_ALU_Bit_416 |          2 |          2 |       0 |    0 |    0 |      0 |      0 |          0 |
|                   I_ALU_LUT_V5                                                               |                                                      base_soc_microblaze_riscv_0_0_MB_LUT6_2_500 |          1 |          1 |       0 |    0 |    0 |      0 |      0 |          0 |
|                   MUXCY_XOR_I                                                                |                                                 base_soc_microblaze_riscv_0_0_MB_MUXCY_XORCY_501 |          1 |          1 |       0 |    0 |    0 |      0 |      0 |          0 |
|                 Using_FPGA.ALL_Bits[13].ALU_Bit_I1                                           |                                base_soc_microblaze_riscv_0_0_microblaze_riscv_v1_0_3_ALU_Bit_417 |          2 |          2 |       0 |    0 |    0 |      0 |      0 |          0 |
|                   I_ALU_LUT_V5                                                               |                                                      base_soc_microblaze_riscv_0_0_MB_LUT6_2_498 |          1 |          1 |       0 |    0 |    0 |      0 |      0 |          0 |
|                   MUXCY_XOR_I                                                                |                                                 base_soc_microblaze_riscv_0_0_MB_MUXCY_XORCY_499 |          1 |          1 |       0 |    0 |    0 |      0 |      0 |          0 |
|                 Using_FPGA.ALL_Bits[14].ALU_Bit_I1                                           |                                base_soc_microblaze_riscv_0_0_microblaze_riscv_v1_0_3_ALU_Bit_418 |          2 |          2 |       0 |    0 |    0 |      0 |      0 |          0 |
|                   I_ALU_LUT_V5                                                               |                                                      base_soc_microblaze_riscv_0_0_MB_LUT6_2_496 |          1 |          1 |       0 |    0 |    0 |      0 |      0 |          0 |
|                   MUXCY_XOR_I                                                                |                                                 base_soc_microblaze_riscv_0_0_MB_MUXCY_XORCY_497 |          1 |          1 |       0 |    0 |    0 |      0 |      0 |          0 |
|                 Using_FPGA.ALL_Bits[15].ALU_Bit_I1                                           |                                base_soc_microblaze_riscv_0_0_microblaze_riscv_v1_0_3_ALU_Bit_419 |          1 |          1 |       0 |    0 |    0 |      0 |      0 |          0 |
|                   I_ALU_LUT_V5                                                               |                                                      base_soc_microblaze_riscv_0_0_MB_LUT6_2_494 |          1 |          1 |       0 |    0 |    0 |      0 |      0 |          0 |
|                   MUXCY_XOR_I                                                                |                                                 base_soc_microblaze_riscv_0_0_MB_MUXCY_XORCY_495 |          0 |          0 |       0 |    0 |    0 |      0 |      0 |          0 |
|                 Using_FPGA.ALL_Bits[16].ALU_Bit_I1                                           |                                base_soc_microblaze_riscv_0_0_microblaze_riscv_v1_0_3_ALU_Bit_420 |          1 |          1 |       0 |    0 |    0 |      0 |      0 |          0 |
|                   I_ALU_LUT_V5                                                               |                                                      base_soc_microblaze_riscv_0_0_MB_LUT6_2_492 |          1 |          1 |       0 |    0 |    0 |      0 |      0 |          0 |
|                   MUXCY_XOR_I                                                                |                                                 base_soc_microblaze_riscv_0_0_MB_MUXCY_XORCY_493 |          0 |          0 |       0 |    0 |    0 |      0 |      0 |          0 |
|                 Using_FPGA.ALL_Bits[17].ALU_Bit_I1                                           |                                base_soc_microblaze_riscv_0_0_microblaze_riscv_v1_0_3_ALU_Bit_421 |          1 |          1 |       0 |    0 |    0 |      0 |      0 |          0 |
|                   I_ALU_LUT_V5                                                               |                                                      base_soc_microblaze_riscv_0_0_MB_LUT6_2_490 |          1 |          1 |       0 |    0 |    0 |      0 |      0 |          0 |
|                   MUXCY_XOR_I                                                                |                                                 base_soc_microblaze_riscv_0_0_MB_MUXCY_XORCY_491 |          0 |          0 |       0 |    0 |    0 |      0 |      0 |          0 |
|                 Using_FPGA.ALL_Bits[18].ALU_Bit_I1                                           |                                base_soc_microblaze_riscv_0_0_microblaze_riscv_v1_0_3_ALU_Bit_422 |          1 |          1 |       0 |    0 |    0 |      0 |      0 |          0 |
|                   I_ALU_LUT_V5                                                               |                                                      base_soc_microblaze_riscv_0_0_MB_LUT6_2_488 |          1 |          1 |       0 |    0 |    0 |      0 |      0 |          0 |
|                   MUXCY_XOR_I                                                                |                                                 base_soc_microblaze_riscv_0_0_MB_MUXCY_XORCY_489 |          0 |          0 |       0 |    0 |    0 |      0 |      0 |          0 |
|                 Using_FPGA.ALL_Bits[19].ALU_Bit_I1                                           |                                base_soc_microblaze_riscv_0_0_microblaze_riscv_v1_0_3_ALU_Bit_423 |          1 |          1 |       0 |    0 |    0 |      0 |      0 |          0 |
|                   I_ALU_LUT_V5                                                               |                                                      base_soc_microblaze_riscv_0_0_MB_LUT6_2_486 |          1 |          1 |       0 |    0 |    0 |      0 |      0 |          0 |
|                   MUXCY_XOR_I                                                                |                                                 base_soc_microblaze_riscv_0_0_MB_MUXCY_XORCY_487 |          0 |          0 |       0 |    0 |    0 |      0 |      0 |          0 |
|                 Using_FPGA.ALL_Bits[1].ALU_Bit_I1                                            |                                base_soc_microblaze_riscv_0_0_microblaze_riscv_v1_0_3_ALU_Bit_424 |          2 |          2 |       0 |    0 |    0 |      0 |      0 |          0 |
|                   I_ALU_LUT_V5                                                               |                                                      base_soc_microblaze_riscv_0_0_MB_LUT6_2_484 |          1 |          1 |       0 |    0 |    0 |      0 |      0 |          0 |
|                   MUXCY_XOR_I                                                                |                                                 base_soc_microblaze_riscv_0_0_MB_MUXCY_XORCY_485 |          1 |          1 |       0 |    0 |    0 |      0 |      0 |          0 |
|                 Using_FPGA.ALL_Bits[20].ALU_Bit_I1                                           |                                base_soc_microblaze_riscv_0_0_microblaze_riscv_v1_0_3_ALU_Bit_425 |          1 |          1 |       0 |    0 |    0 |      0 |      0 |          0 |
|                   I_ALU_LUT_V5                                                               |                                                      base_soc_microblaze_riscv_0_0_MB_LUT6_2_482 |          1 |          1 |       0 |    0 |    0 |      0 |      0 |          0 |
|                   MUXCY_XOR_I                                                                |                                                 base_soc_microblaze_riscv_0_0_MB_MUXCY_XORCY_483 |          0 |          0 |       0 |    0 |    0 |      0 |      0 |          0 |
|                 Using_FPGA.ALL_Bits[21].ALU_Bit_I1                                           |                                base_soc_microblaze_riscv_0_0_microblaze_riscv_v1_0_3_ALU_Bit_426 |          1 |          1 |       0 |    0 |    0 |      0 |      0 |          0 |
|                   I_ALU_LUT_V5                                                               |                                                      base_soc_microblaze_riscv_0_0_MB_LUT6_2_480 |          1 |          1 |       0 |    0 |    0 |      0 |      0 |          0 |
|                   MUXCY_XOR_I                                                                |                                                 base_soc_microblaze_riscv_0_0_MB_MUXCY_XORCY_481 |          0 |          0 |       0 |    0 |    0 |      0 |      0 |          0 |
|                 Using_FPGA.ALL_Bits[22].ALU_Bit_I1                                           |                                base_soc_microblaze_riscv_0_0_microblaze_riscv_v1_0_3_ALU_Bit_427 |          1 |          1 |       0 |    0 |    0 |      0 |      0 |          0 |
|                   I_ALU_LUT_V5                                                               |                                                      base_soc_microblaze_riscv_0_0_MB_LUT6_2_478 |          1 |          1 |       0 |    0 |    0 |      0 |      0 |          0 |
|                   MUXCY_XOR_I                                                                |                                                 base_soc_microblaze_riscv_0_0_MB_MUXCY_XORCY_479 |          0 |          0 |       0 |    0 |    0 |      0 |      0 |          0 |
|                 Using_FPGA.ALL_Bits[23].ALU_Bit_I1                                           |                                base_soc_microblaze_riscv_0_0_microblaze_riscv_v1_0_3_ALU_Bit_428 |          1 |          1 |       0 |    0 |    0 |      0 |      0 |          0 |
|                   I_ALU_LUT_V5                                                               |                                                      base_soc_microblaze_riscv_0_0_MB_LUT6_2_476 |          1 |          1 |       0 |    0 |    0 |      0 |      0 |          0 |
|                   MUXCY_XOR_I                                                                |                                                 base_soc_microblaze_riscv_0_0_MB_MUXCY_XORCY_477 |          0 |          0 |       0 |    0 |    0 |      0 |      0 |          0 |
|                 Using_FPGA.ALL_Bits[24].ALU_Bit_I1                                           |                                base_soc_microblaze_riscv_0_0_microblaze_riscv_v1_0_3_ALU_Bit_429 |          1 |          1 |       0 |    0 |    0 |      0 |      0 |          0 |
|                   I_ALU_LUT_V5                                                               |                                                      base_soc_microblaze_riscv_0_0_MB_LUT6_2_474 |          1 |          1 |       0 |    0 |    0 |      0 |      0 |          0 |
|                   MUXCY_XOR_I                                                                |                                                 base_soc_microblaze_riscv_0_0_MB_MUXCY_XORCY_475 |          0 |          0 |       0 |    0 |    0 |      0 |      0 |          0 |
|                 Using_FPGA.ALL_Bits[25].ALU_Bit_I1                                           |                                base_soc_microblaze_riscv_0_0_microblaze_riscv_v1_0_3_ALU_Bit_430 |          1 |          1 |       0 |    0 |    0 |      0 |      0 |          0 |
|                   I_ALU_LUT_V5                                                               |                                                      base_soc_microblaze_riscv_0_0_MB_LUT6_2_472 |          1 |          1 |       0 |    0 |    0 |      0 |      0 |          0 |
|                   MUXCY_XOR_I                                                                |                                                 base_soc_microblaze_riscv_0_0_MB_MUXCY_XORCY_473 |          0 |          0 |       0 |    0 |    0 |      0 |      0 |          0 |
|                 Using_FPGA.ALL_Bits[26].ALU_Bit_I1                                           |                                base_soc_microblaze_riscv_0_0_microblaze_riscv_v1_0_3_ALU_Bit_431 |          1 |          1 |       0 |    0 |    0 |      0 |      0 |          0 |
|                   I_ALU_LUT_V5                                                               |                                                      base_soc_microblaze_riscv_0_0_MB_LUT6_2_470 |          1 |          1 |       0 |    0 |    0 |      0 |      0 |          0 |
|                   MUXCY_XOR_I                                                                |                                                 base_soc_microblaze_riscv_0_0_MB_MUXCY_XORCY_471 |          0 |          0 |       0 |    0 |    0 |      0 |      0 |          0 |
|                 Using_FPGA.ALL_Bits[27].ALU_Bit_I1                                           |                                base_soc_microblaze_riscv_0_0_microblaze_riscv_v1_0_3_ALU_Bit_432 |          1 |          1 |       0 |    0 |    0 |      0 |      0 |          0 |
|                   I_ALU_LUT_V5                                                               |                                                      base_soc_microblaze_riscv_0_0_MB_LUT6_2_468 |          1 |          1 |       0 |    0 |    0 |      0 |      0 |          0 |
|                   MUXCY_XOR_I                                                                |                                                 base_soc_microblaze_riscv_0_0_MB_MUXCY_XORCY_469 |          0 |          0 |       0 |    0 |    0 |      0 |      0 |          0 |
|                 Using_FPGA.ALL_Bits[28].ALU_Bit_I1                                           |                                base_soc_microblaze_riscv_0_0_microblaze_riscv_v1_0_3_ALU_Bit_433 |          1 |          1 |       0 |    0 |    0 |      0 |      0 |          0 |
|                   I_ALU_LUT_V5                                                               |                                                      base_soc_microblaze_riscv_0_0_MB_LUT6_2_466 |          1 |          1 |       0 |    0 |    0 |      0 |      0 |          0 |
|                   MUXCY_XOR_I                                                                |                                                 base_soc_microblaze_riscv_0_0_MB_MUXCY_XORCY_467 |          0 |          0 |       0 |    0 |    0 |      0 |      0 |          0 |
|                 Using_FPGA.ALL_Bits[29].ALU_Bit_I1                                           |                                base_soc_microblaze_riscv_0_0_microblaze_riscv_v1_0_3_ALU_Bit_434 |          1 |          1 |       0 |    0 |    0 |      0 |      0 |          0 |
|                   I_ALU_LUT_V5                                                               |                                                      base_soc_microblaze_riscv_0_0_MB_LUT6_2_464 |          1 |          1 |       0 |    0 |    0 |      0 |      0 |          0 |
|                   MUXCY_XOR_I                                                                |                                                 base_soc_microblaze_riscv_0_0_MB_MUXCY_XORCY_465 |          0 |          0 |       0 |    0 |    0 |      0 |      0 |          0 |
|                 Using_FPGA.ALL_Bits[2].ALU_Bit_I1                                            |                                base_soc_microblaze_riscv_0_0_microblaze_riscv_v1_0_3_ALU_Bit_435 |          2 |          2 |       0 |    0 |    0 |      0 |      0 |          0 |
|                   I_ALU_LUT_V5                                                               |                                                      base_soc_microblaze_riscv_0_0_MB_LUT6_2_462 |          1 |          1 |       0 |    0 |    0 |      0 |      0 |          0 |
|                   MUXCY_XOR_I                                                                |                                                 base_soc_microblaze_riscv_0_0_MB_MUXCY_XORCY_463 |          1 |          1 |       0 |    0 |    0 |      0 |      0 |          0 |
|                 Using_FPGA.ALL_Bits[30].ALU_Bit_I1                                           |                                base_soc_microblaze_riscv_0_0_microblaze_riscv_v1_0_3_ALU_Bit_436 |          1 |          1 |       0 |    0 |    0 |      0 |      0 |          0 |
|                   I_ALU_LUT_V5                                                               |                                                      base_soc_microblaze_riscv_0_0_MB_LUT6_2_460 |          1 |          1 |       0 |    0 |    0 |      0 |      0 |          0 |
|                   MUXCY_XOR_I                                                                |                                                 base_soc_microblaze_riscv_0_0_MB_MUXCY_XORCY_461 |          0 |          0 |       0 |    0 |    0 |      0 |      0 |          0 |
|                 Using_FPGA.ALL_Bits[31].ALU_Bit_I1                                           |                                base_soc_microblaze_riscv_0_0_microblaze_riscv_v1_0_3_ALU_Bit_437 |          1 |          1 |       0 |    0 |    0 |      0 |      0 |          0 |
|                   I_ALU_LUT_V5                                                               |                                                      base_soc_microblaze_riscv_0_0_MB_LUT6_2_458 |          1 |          1 |       0 |    0 |    0 |      0 |      0 |          0 |
|                   MUXCY_XOR_I                                                                |                                                 base_soc_microblaze_riscv_0_0_MB_MUXCY_XORCY_459 |          0 |          0 |       0 |    0 |    0 |      0 |      0 |          0 |
|                 Using_FPGA.ALL_Bits[3].ALU_Bit_I1                                            |                                base_soc_microblaze_riscv_0_0_microblaze_riscv_v1_0_3_ALU_Bit_438 |          2 |          2 |       0 |    0 |    0 |      0 |      0 |          0 |
|                   I_ALU_LUT_V5                                                               |                                                      base_soc_microblaze_riscv_0_0_MB_LUT6_2_456 |          1 |          1 |       0 |    0 |    0 |      0 |      0 |          0 |
|                   MUXCY_XOR_I                                                                |                                                 base_soc_microblaze_riscv_0_0_MB_MUXCY_XORCY_457 |          1 |          1 |       0 |    0 |    0 |      0 |      0 |          0 |
|                 Using_FPGA.ALL_Bits[4].ALU_Bit_I1                                            |                                base_soc_microblaze_riscv_0_0_microblaze_riscv_v1_0_3_ALU_Bit_439 |          2 |          2 |       0 |    0 |    0 |      0 |      0 |          0 |
|                   I_ALU_LUT_V5                                                               |                                                      base_soc_microblaze_riscv_0_0_MB_LUT6_2_454 |          1 |          1 |       0 |    0 |    0 |      0 |      0 |          0 |
|                   MUXCY_XOR_I                                                                |                                                 base_soc_microblaze_riscv_0_0_MB_MUXCY_XORCY_455 |          1 |          1 |       0 |    0 |    0 |      0 |      0 |          0 |
|                 Using_FPGA.ALL_Bits[5].ALU_Bit_I1                                            |                                base_soc_microblaze_riscv_0_0_microblaze_riscv_v1_0_3_ALU_Bit_440 |          2 |          2 |       0 |    0 |    0 |      0 |      0 |          0 |
|                   I_ALU_LUT_V5                                                               |                                                      base_soc_microblaze_riscv_0_0_MB_LUT6_2_452 |          1 |          1 |       0 |    0 |    0 |      0 |      0 |          0 |
|                   MUXCY_XOR_I                                                                |                                                 base_soc_microblaze_riscv_0_0_MB_MUXCY_XORCY_453 |          1 |          1 |       0 |    0 |    0 |      0 |      0 |          0 |
|                 Using_FPGA.ALL_Bits[6].ALU_Bit_I1                                            |                                base_soc_microblaze_riscv_0_0_microblaze_riscv_v1_0_3_ALU_Bit_441 |          2 |          2 |       0 |    0 |    0 |      0 |      0 |          0 |
|                   I_ALU_LUT_V5                                                               |                                                      base_soc_microblaze_riscv_0_0_MB_LUT6_2_450 |          1 |          1 |       0 |    0 |    0 |      0 |      0 |          0 |
|                   MUXCY_XOR_I                                                                |                                                 base_soc_microblaze_riscv_0_0_MB_MUXCY_XORCY_451 |          1 |          1 |       0 |    0 |    0 |      0 |      0 |          0 |
|                 Using_FPGA.ALL_Bits[7].ALU_Bit_I1                                            |                                base_soc_microblaze_riscv_0_0_microblaze_riscv_v1_0_3_ALU_Bit_442 |          2 |          2 |       0 |    0 |    0 |      0 |      0 |          0 |
|                   I_ALU_LUT_V5                                                               |                                                      base_soc_microblaze_riscv_0_0_MB_LUT6_2_448 |          1 |          1 |       0 |    0 |    0 |      0 |      0 |          0 |
|                   MUXCY_XOR_I                                                                |                                                 base_soc_microblaze_riscv_0_0_MB_MUXCY_XORCY_449 |          1 |          1 |       0 |    0 |    0 |      0 |      0 |          0 |
|                 Using_FPGA.ALL_Bits[8].ALU_Bit_I1                                            |                                base_soc_microblaze_riscv_0_0_microblaze_riscv_v1_0_3_ALU_Bit_443 |          2 |          2 |       0 |    0 |    0 |      0 |      0 |          0 |
|                   I_ALU_LUT_V5                                                               |                                                      base_soc_microblaze_riscv_0_0_MB_LUT6_2_446 |          1 |          1 |       0 |    0 |    0 |      0 |      0 |          0 |
|                   MUXCY_XOR_I                                                                |                                                 base_soc_microblaze_riscv_0_0_MB_MUXCY_XORCY_447 |          1 |          1 |       0 |    0 |    0 |      0 |      0 |          0 |
|                 Using_FPGA.ALL_Bits[9].ALU_Bit_I1                                            |                                base_soc_microblaze_riscv_0_0_microblaze_riscv_v1_0_3_ALU_Bit_444 |          2 |          2 |       0 |    0 |    0 |      0 |      0 |          0 |
|                   I_ALU_LUT_V5                                                               |                                                          base_soc_microblaze_riscv_0_0_MB_LUT6_2 |          1 |          1 |       0 |    0 |    0 |      0 |      0 |          0 |
|                   MUXCY_XOR_I                                                                |                                                 base_soc_microblaze_riscv_0_0_MB_MUXCY_XORCY_445 |          1 |          1 |       0 |    0 |    0 |      0 |      0 |          0 |
|               Branch_Compare_1                                                               |                                                     base_soc_microblaze_riscv_0_0_Branch_Compare |          0 |          0 |       0 |    0 |    0 |      0 |      0 |          0 |
|                 Using_FPGA.MUXCY_L_I1                                                        |                                                       base_soc_microblaze_riscv_0_0_MB_MUXCY_396 |          0 |          0 |       0 |    0 |    0 |      0 |      0 |          0 |
|                 Using_FPGA.MUXCY_L_I2                                                        |                                                       base_soc_microblaze_riscv_0_0_MB_MUXCY_397 |          0 |          0 |       0 |    0 |    0 |      0 |      0 |          0 |
|                 Using_FPGA.The_Compare[0].MUXCY_L_I1                                         |                                                       base_soc_microblaze_riscv_0_0_MB_MUXCY_398 |          0 |          0 |       0 |    0 |    0 |      0 |      0 |          0 |
|                 Using_FPGA.The_Compare[11].MUXCY_L_I1                                        |                                                       base_soc_microblaze_riscv_0_0_MB_MUXCY_400 |          0 |          0 |       0 |    0 |    0 |      0 |      0 |          0 |
|                 Using_FPGA.The_Compare[12].MUXCY_L_I1                                        |                                                       base_soc_microblaze_riscv_0_0_MB_MUXCY_401 |          0 |          0 |       0 |    0 |    0 |      0 |      0 |          0 |
|                 Using_FPGA.The_Compare[15].MUXCY_L_I1                                        |                                                       base_soc_microblaze_riscv_0_0_MB_MUXCY_404 |          0 |          0 |       0 |    0 |    0 |      0 |      0 |          0 |
|                 Using_FPGA.The_Compare[3].MUXCY_L_I1                                         |                                                       base_soc_microblaze_riscv_0_0_MB_MUXCY_407 |          0 |          0 |       0 |    0 |    0 |      0 |      0 |          0 |
|                 Using_FPGA.The_Compare[4].MUXCY_L_I1                                         |                                                       base_soc_microblaze_riscv_0_0_MB_MUXCY_408 |          0 |          0 |       0 |    0 |    0 |      0 |      0 |          0 |
|                 Using_FPGA.The_Compare[7].MUXCY_L_I1                                         |                                                       base_soc_microblaze_riscv_0_0_MB_MUXCY_411 |          0 |          0 |       0 |    0 |    0 |      0 |      0 |          0 |
|                 Using_FPGA.The_Compare[8].MUXCY_L_I1                                         |                                                       base_soc_microblaze_riscv_0_0_MB_MUXCY_412 |          0 |          0 |       0 |    0 |    0 |      0 |      0 |          0 |
|               Byte_Doublet_Handle_gti_I                                                      |                    base_soc_microblaze_riscv_0_0_microblaze_riscv_v1_0_3_Byte_Doublet_Handle_gti |          0 |          0 |       0 |    0 |   48 |      0 |      0 |          0 |
|               Data_Flow_Logic_I                                                              |                            base_soc_microblaze_riscv_0_0_microblaze_riscv_v1_0_3_Data_Flow_Logic |          0 |          0 |       0 |    0 |   64 |      0 |      0 |          0 |
|                 (Data_Flow_Logic_I)                                                          |                            base_soc_microblaze_riscv_0_0_microblaze_riscv_v1_0_3_Data_Flow_Logic |          0 |          0 |       0 |    0 |   32 |      0 |      0 |          0 |
|                 No_Short_Pipe.Gen_Bits[0].MEM_EX_Result_Inst                                 |                                                        base_soc_microblaze_riscv_0_0_MB_FDRE_364 |          0 |          0 |       0 |    0 |    1 |      0 |      0 |          0 |
|                 No_Short_Pipe.Gen_Bits[10].MEM_EX_Result_Inst                                |                                                        base_soc_microblaze_riscv_0_0_MB_FDRE_365 |          0 |          0 |       0 |    0 |    1 |      0 |      0 |          0 |
|                 No_Short_Pipe.Gen_Bits[11].MEM_EX_Result_Inst                                |                                                        base_soc_microblaze_riscv_0_0_MB_FDRE_366 |          0 |          0 |       0 |    0 |    1 |      0 |      0 |          0 |
|                 No_Short_Pipe.Gen_Bits[12].MEM_EX_Result_Inst                                |                                                        base_soc_microblaze_riscv_0_0_MB_FDRE_367 |          0 |          0 |       0 |    0 |    1 |      0 |      0 |          0 |
|                 No_Short_Pipe.Gen_Bits[13].MEM_EX_Result_Inst                                |                                                        base_soc_microblaze_riscv_0_0_MB_FDRE_368 |          0 |          0 |       0 |    0 |    1 |      0 |      0 |          0 |
|                 No_Short_Pipe.Gen_Bits[14].MEM_EX_Result_Inst                                |                                                        base_soc_microblaze_riscv_0_0_MB_FDRE_369 |          0 |          0 |       0 |    0 |    1 |      0 |      0 |          0 |
|                 No_Short_Pipe.Gen_Bits[15].MEM_EX_Result_Inst                                |                                                        base_soc_microblaze_riscv_0_0_MB_FDRE_370 |          0 |          0 |       0 |    0 |    1 |      0 |      0 |          0 |
|                 No_Short_Pipe.Gen_Bits[16].MEM_EX_Result_Inst                                |                                                        base_soc_microblaze_riscv_0_0_MB_FDRE_371 |          0 |          0 |       0 |    0 |    1 |      0 |      0 |          0 |
|                 No_Short_Pipe.Gen_Bits[17].MEM_EX_Result_Inst                                |                                                        base_soc_microblaze_riscv_0_0_MB_FDRE_372 |          0 |          0 |       0 |    0 |    1 |      0 |      0 |          0 |
|                 No_Short_Pipe.Gen_Bits[18].MEM_EX_Result_Inst                                |                                                        base_soc_microblaze_riscv_0_0_MB_FDRE_373 |          0 |          0 |       0 |    0 |    1 |      0 |      0 |          0 |
|                 No_Short_Pipe.Gen_Bits[19].MEM_EX_Result_Inst                                |                                                        base_soc_microblaze_riscv_0_0_MB_FDRE_374 |          0 |          0 |       0 |    0 |    1 |      0 |      0 |          0 |
|                 No_Short_Pipe.Gen_Bits[1].MEM_EX_Result_Inst                                 |                                                        base_soc_microblaze_riscv_0_0_MB_FDRE_375 |          0 |          0 |       0 |    0 |    1 |      0 |      0 |          0 |
|                 No_Short_Pipe.Gen_Bits[20].MEM_EX_Result_Inst                                |                                                        base_soc_microblaze_riscv_0_0_MB_FDRE_376 |          0 |          0 |       0 |    0 |    1 |      0 |      0 |          0 |
|                 No_Short_Pipe.Gen_Bits[21].MEM_EX_Result_Inst                                |                                                        base_soc_microblaze_riscv_0_0_MB_FDRE_377 |          0 |          0 |       0 |    0 |    1 |      0 |      0 |          0 |
|                 No_Short_Pipe.Gen_Bits[22].MEM_EX_Result_Inst                                |                                                        base_soc_microblaze_riscv_0_0_MB_FDRE_378 |          0 |          0 |       0 |    0 |    1 |      0 |      0 |          0 |
|                 No_Short_Pipe.Gen_Bits[23].MEM_EX_Result_Inst                                |                                                        base_soc_microblaze_riscv_0_0_MB_FDRE_379 |          0 |          0 |       0 |    0 |    1 |      0 |      0 |          0 |
|                 No_Short_Pipe.Gen_Bits[24].MEM_EX_Result_Inst                                |                                                        base_soc_microblaze_riscv_0_0_MB_FDRE_380 |          0 |          0 |       0 |    0 |    1 |      0 |      0 |          0 |
|                 No_Short_Pipe.Gen_Bits[25].MEM_EX_Result_Inst                                |                                                        base_soc_microblaze_riscv_0_0_MB_FDRE_381 |          0 |          0 |       0 |    0 |    1 |      0 |      0 |          0 |
|                 No_Short_Pipe.Gen_Bits[26].MEM_EX_Result_Inst                                |                                                        base_soc_microblaze_riscv_0_0_MB_FDRE_382 |          0 |          0 |       0 |    0 |    1 |      0 |      0 |          0 |
|                 No_Short_Pipe.Gen_Bits[27].MEM_EX_Result_Inst                                |                                                        base_soc_microblaze_riscv_0_0_MB_FDRE_383 |          0 |          0 |       0 |    0 |    1 |      0 |      0 |          0 |
|                 No_Short_Pipe.Gen_Bits[28].MEM_EX_Result_Inst                                |                                                        base_soc_microblaze_riscv_0_0_MB_FDRE_384 |          0 |          0 |       0 |    0 |    1 |      0 |      0 |          0 |
|                 No_Short_Pipe.Gen_Bits[29].MEM_EX_Result_Inst                                |                                                        base_soc_microblaze_riscv_0_0_MB_FDRE_385 |          0 |          0 |       0 |    0 |    1 |      0 |      0 |          0 |
|                 No_Short_Pipe.Gen_Bits[2].MEM_EX_Result_Inst                                 |                                                        base_soc_microblaze_riscv_0_0_MB_FDRE_386 |          0 |          0 |       0 |    0 |    1 |      0 |      0 |          0 |
|                 No_Short_Pipe.Gen_Bits[30].MEM_EX_Result_Inst                                |                                                        base_soc_microblaze_riscv_0_0_MB_FDRE_387 |          0 |          0 |       0 |    0 |    1 |      0 |      0 |          0 |
|                 No_Short_Pipe.Gen_Bits[31].MEM_EX_Result_Inst                                |                                                        base_soc_microblaze_riscv_0_0_MB_FDRE_388 |          0 |          0 |       0 |    0 |    1 |      0 |      0 |          0 |
|                 No_Short_Pipe.Gen_Bits[3].MEM_EX_Result_Inst                                 |                                                        base_soc_microblaze_riscv_0_0_MB_FDRE_389 |          0 |          0 |       0 |    0 |    1 |      0 |      0 |          0 |
|                 No_Short_Pipe.Gen_Bits[4].MEM_EX_Result_Inst                                 |                                                        base_soc_microblaze_riscv_0_0_MB_FDRE_390 |          0 |          0 |       0 |    0 |    1 |      0 |      0 |          0 |
|                 No_Short_Pipe.Gen_Bits[5].MEM_EX_Result_Inst                                 |                                                        base_soc_microblaze_riscv_0_0_MB_FDRE_391 |          0 |          0 |       0 |    0 |    1 |      0 |      0 |          0 |
|                 No_Short_Pipe.Gen_Bits[6].MEM_EX_Result_Inst                                 |                                                        base_soc_microblaze_riscv_0_0_MB_FDRE_392 |          0 |          0 |       0 |    0 |    1 |      0 |      0 |          0 |
|                 No_Short_Pipe.Gen_Bits[7].MEM_EX_Result_Inst                                 |                                                        base_soc_microblaze_riscv_0_0_MB_FDRE_393 |          0 |          0 |       0 |    0 |    1 |      0 |      0 |          0 |
|                 No_Short_Pipe.Gen_Bits[8].MEM_EX_Result_Inst                                 |                                                        base_soc_microblaze_riscv_0_0_MB_FDRE_394 |          0 |          0 |       0 |    0 |    1 |      0 |      0 |          0 |
|                 No_Short_Pipe.Gen_Bits[9].MEM_EX_Result_Inst                                 |                                                        base_soc_microblaze_riscv_0_0_MB_FDRE_395 |          0 |          0 |       0 |    0 |    1 |      0 |      0 |          0 |
|               Operand_Select_I                                                               |                         base_soc_microblaze_riscv_0_0_microblaze_riscv_v1_0_3_Operand_Select_gti |        356 |        356 |       0 |    0 |  117 |      0 |      0 |          0 |
|                 (Operand_Select_I)                                                           |                         base_soc_microblaze_riscv_0_0_microblaze_riscv_v1_0_3_Operand_Select_gti |        124 |        124 |       0 |    0 |  117 |      0 |      0 |          0 |
|                 Using_5Stage.Op1_Mux_4[0].Mux4_1                                             |                                       base_soc_microblaze_riscv_0_0_microblaze_riscv_v1_0_3_Mux4 |          1 |          1 |       0 |    0 |    0 |      0 |      0 |          0 |
|                   Using_FPGA.MB_LUT6_1                                                       |                                       base_soc_microblaze_riscv_0_0_MB_LUT6__parameterized10_363 |          1 |          1 |       0 |    0 |    0 |      0 |      0 |          0 |
|                 Using_5Stage.Op1_Mux_4[10].Mux4_1                                            |                                   base_soc_microblaze_riscv_0_0_microblaze_riscv_v1_0_3_Mux4_238 |          1 |          1 |       0 |    0 |    0 |      0 |      0 |          0 |
|                   Using_FPGA.MB_LUT6_1                                                       |                                       base_soc_microblaze_riscv_0_0_MB_LUT6__parameterized10_362 |          1 |          1 |       0 |    0 |    0 |      0 |      0 |          0 |
|                 Using_5Stage.Op1_Mux_4[11].Mux4_1                                            |                                   base_soc_microblaze_riscv_0_0_microblaze_riscv_v1_0_3_Mux4_239 |          1 |          1 |       0 |    0 |    0 |      0 |      0 |          0 |
|                   Using_FPGA.MB_LUT6_1                                                       |                                       base_soc_microblaze_riscv_0_0_MB_LUT6__parameterized10_361 |          1 |          1 |       0 |    0 |    0 |      0 |      0 |          0 |
|                 Using_5Stage.Op1_Mux_4[12].Mux4_1                                            |                                   base_soc_microblaze_riscv_0_0_microblaze_riscv_v1_0_3_Mux4_240 |          1 |          1 |       0 |    0 |    0 |      0 |      0 |          0 |
|                   Using_FPGA.MB_LUT6_1                                                       |                                       base_soc_microblaze_riscv_0_0_MB_LUT6__parameterized10_360 |          1 |          1 |       0 |    0 |    0 |      0 |      0 |          0 |
|                 Using_5Stage.Op1_Mux_4[13].Mux4_1                                            |                                   base_soc_microblaze_riscv_0_0_microblaze_riscv_v1_0_3_Mux4_241 |          1 |          1 |       0 |    0 |    0 |      0 |      0 |          0 |
|                   Using_FPGA.MB_LUT6_1                                                       |                                       base_soc_microblaze_riscv_0_0_MB_LUT6__parameterized10_359 |          1 |          1 |       0 |    0 |    0 |      0 |      0 |          0 |
|                 Using_5Stage.Op1_Mux_4[14].Mux4_1                                            |                                   base_soc_microblaze_riscv_0_0_microblaze_riscv_v1_0_3_Mux4_242 |          1 |          1 |       0 |    0 |    0 |      0 |      0 |          0 |
|                   Using_FPGA.MB_LUT6_1                                                       |                                       base_soc_microblaze_riscv_0_0_MB_LUT6__parameterized10_358 |          1 |          1 |       0 |    0 |    0 |      0 |      0 |          0 |
|                 Using_5Stage.Op1_Mux_4[15].Mux4_1                                            |                                   base_soc_microblaze_riscv_0_0_microblaze_riscv_v1_0_3_Mux4_243 |          1 |          1 |       0 |    0 |    0 |      0 |      0 |          0 |
|                   Using_FPGA.MB_LUT6_1                                                       |                                       base_soc_microblaze_riscv_0_0_MB_LUT6__parameterized10_357 |          1 |          1 |       0 |    0 |    0 |      0 |      0 |          0 |
|                 Using_5Stage.Op1_Mux_4[16].Mux4_1                                            |                                   base_soc_microblaze_riscv_0_0_microblaze_riscv_v1_0_3_Mux4_244 |          1 |          1 |       0 |    0 |    0 |      0 |      0 |          0 |
|                   Using_FPGA.MB_LUT6_1                                                       |                                       base_soc_microblaze_riscv_0_0_MB_LUT6__parameterized10_356 |          1 |          1 |       0 |    0 |    0 |      0 |      0 |          0 |
|                 Using_5Stage.Op1_Mux_4[17].Mux4_1                                            |                                   base_soc_microblaze_riscv_0_0_microblaze_riscv_v1_0_3_Mux4_245 |          1 |          1 |       0 |    0 |    0 |      0 |      0 |          0 |
|                   Using_FPGA.MB_LUT6_1                                                       |                                       base_soc_microblaze_riscv_0_0_MB_LUT6__parameterized10_355 |          1 |          1 |       0 |    0 |    0 |      0 |      0 |          0 |
|                 Using_5Stage.Op1_Mux_4[18].Mux4_1                                            |                                   base_soc_microblaze_riscv_0_0_microblaze_riscv_v1_0_3_Mux4_246 |          1 |          1 |       0 |    0 |    0 |      0 |      0 |          0 |
|                   Using_FPGA.MB_LUT6_1                                                       |                                       base_soc_microblaze_riscv_0_0_MB_LUT6__parameterized10_354 |          1 |          1 |       0 |    0 |    0 |      0 |      0 |          0 |
|                 Using_5Stage.Op1_Mux_4[19].Mux4_1                                            |                                   base_soc_microblaze_riscv_0_0_microblaze_riscv_v1_0_3_Mux4_247 |          1 |          1 |       0 |    0 |    0 |      0 |      0 |          0 |
|                   Using_FPGA.MB_LUT6_1                                                       |                                       base_soc_microblaze_riscv_0_0_MB_LUT6__parameterized10_353 |          1 |          1 |       0 |    0 |    0 |      0 |      0 |          0 |
|                 Using_5Stage.Op1_Mux_4[1].Mux4_1                                             |                                   base_soc_microblaze_riscv_0_0_microblaze_riscv_v1_0_3_Mux4_248 |          1 |          1 |       0 |    0 |    0 |      0 |      0 |          0 |
|                   Using_FPGA.MB_LUT6_1                                                       |                                       base_soc_microblaze_riscv_0_0_MB_LUT6__parameterized10_352 |          1 |          1 |       0 |    0 |    0 |      0 |      0 |          0 |
|                 Using_5Stage.Op1_Mux_4[20].Mux4_1                                            |                                   base_soc_microblaze_riscv_0_0_microblaze_riscv_v1_0_3_Mux4_249 |          1 |          1 |       0 |    0 |    0 |      0 |      0 |          0 |
|                   Using_FPGA.MB_LUT6_1                                                       |                                       base_soc_microblaze_riscv_0_0_MB_LUT6__parameterized10_351 |          1 |          1 |       0 |    0 |    0 |      0 |      0 |          0 |
|                 Using_5Stage.Op1_Mux_4[21].Mux4_1                                            |                                   base_soc_microblaze_riscv_0_0_microblaze_riscv_v1_0_3_Mux4_250 |          1 |          1 |       0 |    0 |    0 |      0 |      0 |          0 |
|                   Using_FPGA.MB_LUT6_1                                                       |                                       base_soc_microblaze_riscv_0_0_MB_LUT6__parameterized10_350 |          1 |          1 |       0 |    0 |    0 |      0 |      0 |          0 |
|                 Using_5Stage.Op1_Mux_4[22].Mux4_1                                            |                                   base_soc_microblaze_riscv_0_0_microblaze_riscv_v1_0_3_Mux4_251 |          1 |          1 |       0 |    0 |    0 |      0 |      0 |          0 |
|                   Using_FPGA.MB_LUT6_1                                                       |                                       base_soc_microblaze_riscv_0_0_MB_LUT6__parameterized10_349 |          1 |          1 |       0 |    0 |    0 |      0 |      0 |          0 |
|                 Using_5Stage.Op1_Mux_4[23].Mux4_1                                            |                                   base_soc_microblaze_riscv_0_0_microblaze_riscv_v1_0_3_Mux4_252 |          1 |          1 |       0 |    0 |    0 |      0 |      0 |          0 |
|                   Using_FPGA.MB_LUT6_1                                                       |                                       base_soc_microblaze_riscv_0_0_MB_LUT6__parameterized10_348 |          1 |          1 |       0 |    0 |    0 |      0 |      0 |          0 |
|                 Using_5Stage.Op1_Mux_4[24].Mux4_1                                            |                                   base_soc_microblaze_riscv_0_0_microblaze_riscv_v1_0_3_Mux4_253 |          1 |          1 |       0 |    0 |    0 |      0 |      0 |          0 |
|                   Using_FPGA.MB_LUT6_1                                                       |                                       base_soc_microblaze_riscv_0_0_MB_LUT6__parameterized10_347 |          1 |          1 |       0 |    0 |    0 |      0 |      0 |          0 |
|                 Using_5Stage.Op1_Mux_4[25].Mux4_1                                            |                                   base_soc_microblaze_riscv_0_0_microblaze_riscv_v1_0_3_Mux4_254 |          1 |          1 |       0 |    0 |    0 |      0 |      0 |          0 |
|                   Using_FPGA.MB_LUT6_1                                                       |                                       base_soc_microblaze_riscv_0_0_MB_LUT6__parameterized10_346 |          1 |          1 |       0 |    0 |    0 |      0 |      0 |          0 |
|                 Using_5Stage.Op1_Mux_4[26].Mux4_1                                            |                                   base_soc_microblaze_riscv_0_0_microblaze_riscv_v1_0_3_Mux4_255 |          1 |          1 |       0 |    0 |    0 |      0 |      0 |          0 |
|                   Using_FPGA.MB_LUT6_1                                                       |                                       base_soc_microblaze_riscv_0_0_MB_LUT6__parameterized10_345 |          1 |          1 |       0 |    0 |    0 |      0 |      0 |          0 |
|                 Using_5Stage.Op1_Mux_4[27].Mux4_1                                            |                                   base_soc_microblaze_riscv_0_0_microblaze_riscv_v1_0_3_Mux4_256 |          1 |          1 |       0 |    0 |    0 |      0 |      0 |          0 |
|                   Using_FPGA.MB_LUT6_1                                                       |                                       base_soc_microblaze_riscv_0_0_MB_LUT6__parameterized10_344 |          1 |          1 |       0 |    0 |    0 |      0 |      0 |          0 |
|                 Using_5Stage.Op1_Mux_4[28].Mux4_1                                            |                                   base_soc_microblaze_riscv_0_0_microblaze_riscv_v1_0_3_Mux4_257 |          1 |          1 |       0 |    0 |    0 |      0 |      0 |          0 |
|                   Using_FPGA.MB_LUT6_1                                                       |                                       base_soc_microblaze_riscv_0_0_MB_LUT6__parameterized10_343 |          1 |          1 |       0 |    0 |    0 |      0 |      0 |          0 |
|                 Using_5Stage.Op1_Mux_4[29].Mux4_1                                            |                                   base_soc_microblaze_riscv_0_0_microblaze_riscv_v1_0_3_Mux4_258 |          1 |          1 |       0 |    0 |    0 |      0 |      0 |          0 |
|                   Using_FPGA.MB_LUT6_1                                                       |                                       base_soc_microblaze_riscv_0_0_MB_LUT6__parameterized10_342 |          1 |          1 |       0 |    0 |    0 |      0 |      0 |          0 |
|                 Using_5Stage.Op1_Mux_4[2].Mux4_1                                             |                                   base_soc_microblaze_riscv_0_0_microblaze_riscv_v1_0_3_Mux4_259 |          1 |          1 |       0 |    0 |    0 |      0 |      0 |          0 |
|                   Using_FPGA.MB_LUT6_1                                                       |                                       base_soc_microblaze_riscv_0_0_MB_LUT6__parameterized10_341 |          1 |          1 |       0 |    0 |    0 |      0 |      0 |          0 |
|                 Using_5Stage.Op1_Mux_4[30].Mux4_1                                            |                                   base_soc_microblaze_riscv_0_0_microblaze_riscv_v1_0_3_Mux4_260 |          1 |          1 |       0 |    0 |    0 |      0 |      0 |          0 |
|                   Using_FPGA.MB_LUT6_1                                                       |                                       base_soc_microblaze_riscv_0_0_MB_LUT6__parameterized10_340 |          1 |          1 |       0 |    0 |    0 |      0 |      0 |          0 |
|                 Using_5Stage.Op1_Mux_4[31].Mux4_1                                            |                                   base_soc_microblaze_riscv_0_0_microblaze_riscv_v1_0_3_Mux4_261 |          1 |          1 |       0 |    0 |    0 |      0 |      0 |          0 |
|                   Using_FPGA.MB_LUT6_1                                                       |                                       base_soc_microblaze_riscv_0_0_MB_LUT6__parameterized10_339 |          1 |          1 |       0 |    0 |    0 |      0 |      0 |          0 |
|                 Using_5Stage.Op1_Mux_4[3].Mux4_1                                             |                                   base_soc_microblaze_riscv_0_0_microblaze_riscv_v1_0_3_Mux4_262 |          1 |          1 |       0 |    0 |    0 |      0 |      0 |          0 |
|                   Using_FPGA.MB_LUT6_1                                                       |                                       base_soc_microblaze_riscv_0_0_MB_LUT6__parameterized10_338 |          1 |          1 |       0 |    0 |    0 |      0 |      0 |          0 |
|                 Using_5Stage.Op1_Mux_4[4].Mux4_1                                             |                                   base_soc_microblaze_riscv_0_0_microblaze_riscv_v1_0_3_Mux4_263 |          1 |          1 |       0 |    0 |    0 |      0 |      0 |          0 |
|                   Using_FPGA.MB_LUT6_1                                                       |                                       base_soc_microblaze_riscv_0_0_MB_LUT6__parameterized10_337 |          1 |          1 |       0 |    0 |    0 |      0 |      0 |          0 |
|                 Using_5Stage.Op1_Mux_4[5].Mux4_1                                             |                                   base_soc_microblaze_riscv_0_0_microblaze_riscv_v1_0_3_Mux4_264 |          1 |          1 |       0 |    0 |    0 |      0 |      0 |          0 |
|                   Using_FPGA.MB_LUT6_1                                                       |                                       base_soc_microblaze_riscv_0_0_MB_LUT6__parameterized10_336 |          1 |          1 |       0 |    0 |    0 |      0 |      0 |          0 |
|                 Using_5Stage.Op1_Mux_4[6].Mux4_1                                             |                                   base_soc_microblaze_riscv_0_0_microblaze_riscv_v1_0_3_Mux4_265 |          1 |          1 |       0 |    0 |    0 |      0 |      0 |          0 |
|                   Using_FPGA.MB_LUT6_1                                                       |                                       base_soc_microblaze_riscv_0_0_MB_LUT6__parameterized10_335 |          1 |          1 |       0 |    0 |    0 |      0 |      0 |          0 |
|                 Using_5Stage.Op1_Mux_4[7].Mux4_1                                             |                                   base_soc_microblaze_riscv_0_0_microblaze_riscv_v1_0_3_Mux4_266 |          1 |          1 |       0 |    0 |    0 |      0 |      0 |          0 |
|                   Using_FPGA.MB_LUT6_1                                                       |                                       base_soc_microblaze_riscv_0_0_MB_LUT6__parameterized10_334 |          1 |          1 |       0 |    0 |    0 |      0 |      0 |          0 |
|                 Using_5Stage.Op1_Mux_4[8].Mux4_1                                             |                                   base_soc_microblaze_riscv_0_0_microblaze_riscv_v1_0_3_Mux4_267 |          1 |          1 |       0 |    0 |    0 |      0 |      0 |          0 |
|                   Using_FPGA.MB_LUT6_1                                                       |                                       base_soc_microblaze_riscv_0_0_MB_LUT6__parameterized10_333 |          1 |          1 |       0 |    0 |    0 |      0 |      0 |          0 |
|                 Using_5Stage.Op1_Mux_4[9].Mux4_1                                             |                                   base_soc_microblaze_riscv_0_0_microblaze_riscv_v1_0_3_Mux4_268 |          1 |          1 |       0 |    0 |    0 |      0 |      0 |          0 |
|                   Using_FPGA.MB_LUT6_1                                                       |                                       base_soc_microblaze_riscv_0_0_MB_LUT6__parameterized10_332 |          1 |          1 |       0 |    0 |    0 |      0 |      0 |          0 |
|                 Using_5Stage.Op2_Mux_4[0].Mux4_1                                             |                                   base_soc_microblaze_riscv_0_0_microblaze_riscv_v1_0_3_Mux4_269 |         14 |         14 |       0 |    0 |    0 |      0 |      0 |          0 |
|                   Using_FPGA.MB_LUT6_1                                                       |                                       base_soc_microblaze_riscv_0_0_MB_LUT6__parameterized10_331 |         14 |         14 |       0 |    0 |    0 |      0 |      0 |          0 |
|                 Using_5Stage.Op2_Mux_4[10].Mux4_1                                            |                                   base_soc_microblaze_riscv_0_0_microblaze_riscv_v1_0_3_Mux4_270 |          8 |          8 |       0 |    0 |    0 |      0 |      0 |          0 |
|                   Using_FPGA.MB_LUT6_1                                                       |                                       base_soc_microblaze_riscv_0_0_MB_LUT6__parameterized10_330 |          8 |          8 |       0 |    0 |    0 |      0 |      0 |          0 |
|                 Using_5Stage.Op2_Mux_4[11].Mux4_1                                            |                                   base_soc_microblaze_riscv_0_0_microblaze_riscv_v1_0_3_Mux4_271 |          4 |          4 |       0 |    0 |    0 |      0 |      0 |          0 |
|                   Using_FPGA.MB_LUT6_1                                                       |                                       base_soc_microblaze_riscv_0_0_MB_LUT6__parameterized10_329 |          4 |          4 |       0 |    0 |    0 |      0 |      0 |          0 |
|                 Using_5Stage.Op2_Mux_4[12].Mux4_1                                            |                                   base_soc_microblaze_riscv_0_0_microblaze_riscv_v1_0_3_Mux4_272 |          4 |          4 |       0 |    0 |    0 |      0 |      0 |          0 |
|                   Using_FPGA.MB_LUT6_1                                                       |                                       base_soc_microblaze_riscv_0_0_MB_LUT6__parameterized10_328 |          4 |          4 |       0 |    0 |    0 |      0 |      0 |          0 |
|                 Using_5Stage.Op2_Mux_4[13].Mux4_1                                            |                                   base_soc_microblaze_riscv_0_0_microblaze_riscv_v1_0_3_Mux4_273 |          9 |          9 |       0 |    0 |    0 |      0 |      0 |          0 |
|                   Using_FPGA.MB_LUT6_1                                                       |                                       base_soc_microblaze_riscv_0_0_MB_LUT6__parameterized10_327 |          9 |          9 |       0 |    0 |    0 |      0 |      0 |          0 |
|                 Using_5Stage.Op2_Mux_4[14].Mux4_1                                            |                                   base_soc_microblaze_riscv_0_0_microblaze_riscv_v1_0_3_Mux4_274 |          4 |          4 |       0 |    0 |    0 |      0 |      0 |          0 |
|                   Using_FPGA.MB_LUT6_1                                                       |                                       base_soc_microblaze_riscv_0_0_MB_LUT6__parameterized10_326 |          4 |          4 |       0 |    0 |    0 |      0 |      0 |          0 |
|                 Using_5Stage.Op2_Mux_4[15].Mux4_1                                            |                                   base_soc_microblaze_riscv_0_0_microblaze_riscv_v1_0_3_Mux4_275 |          7 |          7 |       0 |    0 |    0 |      0 |      0 |          0 |
|                   Using_FPGA.MB_LUT6_1                                                       |                                       base_soc_microblaze_riscv_0_0_MB_LUT6__parameterized10_325 |          7 |          7 |       0 |    0 |    0 |      0 |      0 |          0 |
|                 Using_5Stage.Op2_Mux_4[16].Mux4_1                                            |                                   base_soc_microblaze_riscv_0_0_microblaze_riscv_v1_0_3_Mux4_276 |          4 |          4 |       0 |    0 |    0 |      0 |      0 |          0 |
|                   Using_FPGA.MB_LUT6_1                                                       |                                       base_soc_microblaze_riscv_0_0_MB_LUT6__parameterized10_324 |          4 |          4 |       0 |    0 |    0 |      0 |      0 |          0 |
|                 Using_5Stage.Op2_Mux_4[17].Mux4_1                                            |                                   base_soc_microblaze_riscv_0_0_microblaze_riscv_v1_0_3_Mux4_277 |          4 |          4 |       0 |    0 |    0 |      0 |      0 |          0 |
|                   Using_FPGA.MB_LUT6_1                                                       |                                       base_soc_microblaze_riscv_0_0_MB_LUT6__parameterized10_323 |          4 |          4 |       0 |    0 |    0 |      0 |      0 |          0 |
|                 Using_5Stage.Op2_Mux_4[18].Mux4_1                                            |                                   base_soc_microblaze_riscv_0_0_microblaze_riscv_v1_0_3_Mux4_278 |          4 |          4 |       0 |    0 |    0 |      0 |      0 |          0 |
|                   Using_FPGA.MB_LUT6_1                                                       |                                       base_soc_microblaze_riscv_0_0_MB_LUT6__parameterized10_322 |          4 |          4 |       0 |    0 |    0 |      0 |      0 |          0 |
|                 Using_5Stage.Op2_Mux_4[19].Mux4_1                                            |                                   base_soc_microblaze_riscv_0_0_microblaze_riscv_v1_0_3_Mux4_279 |          4 |          4 |       0 |    0 |    0 |      0 |      0 |          0 |
|                   Using_FPGA.MB_LUT6_1                                                       |                                       base_soc_microblaze_riscv_0_0_MB_LUT6__parameterized10_321 |          4 |          4 |       0 |    0 |    0 |      0 |      0 |          0 |
|                 Using_5Stage.Op2_Mux_4[1].Mux4_1                                             |                                   base_soc_microblaze_riscv_0_0_microblaze_riscv_v1_0_3_Mux4_280 |         12 |         12 |       0 |    0 |    0 |      0 |      0 |          0 |
|                   Using_FPGA.MB_LUT6_1                                                       |                                       base_soc_microblaze_riscv_0_0_MB_LUT6__parameterized10_320 |         12 |         12 |       0 |    0 |    0 |      0 |      0 |          0 |
|                 Using_5Stage.Op2_Mux_4[20].Mux4_1                                            |                                   base_soc_microblaze_riscv_0_0_microblaze_riscv_v1_0_3_Mux4_281 |          4 |          4 |       0 |    0 |    0 |      0 |      0 |          0 |
|                   Using_FPGA.MB_LUT6_1                                                       |                                       base_soc_microblaze_riscv_0_0_MB_LUT6__parameterized10_319 |          4 |          4 |       0 |    0 |    0 |      0 |      0 |          0 |
|                 Using_5Stage.Op2_Mux_4[21].Mux4_1                                            |                                   base_soc_microblaze_riscv_0_0_microblaze_riscv_v1_0_3_Mux4_282 |          8 |          8 |       0 |    0 |    0 |      0 |      0 |          0 |
|                   Using_FPGA.MB_LUT6_1                                                       |                                       base_soc_microblaze_riscv_0_0_MB_LUT6__parameterized10_318 |          8 |          8 |       0 |    0 |    0 |      0 |      0 |          0 |
|                 Using_5Stage.Op2_Mux_4[22].Mux4_1                                            |                                   base_soc_microblaze_riscv_0_0_microblaze_riscv_v1_0_3_Mux4_283 |          7 |          7 |       0 |    0 |    0 |      0 |      0 |          0 |
|                   Using_FPGA.MB_LUT6_1                                                       |                                       base_soc_microblaze_riscv_0_0_MB_LUT6__parameterized10_317 |          7 |          7 |       0 |    0 |    0 |      0 |      0 |          0 |
|                 Using_5Stage.Op2_Mux_4[23].Mux4_1                                            |                                   base_soc_microblaze_riscv_0_0_microblaze_riscv_v1_0_3_Mux4_284 |          4 |          4 |       0 |    0 |    0 |      0 |      0 |          0 |
|                   Using_FPGA.MB_LUT6_1                                                       |                                       base_soc_microblaze_riscv_0_0_MB_LUT6__parameterized10_316 |          4 |          4 |       0 |    0 |    0 |      0 |      0 |          0 |
|                 Using_5Stage.Op2_Mux_4[24].Mux4_1                                            |                                   base_soc_microblaze_riscv_0_0_microblaze_riscv_v1_0_3_Mux4_285 |          4 |          4 |       0 |    0 |    0 |      0 |      0 |          0 |
|                   Using_FPGA.MB_LUT6_1                                                       |                                       base_soc_microblaze_riscv_0_0_MB_LUT6__parameterized10_315 |          4 |          4 |       0 |    0 |    0 |      0 |      0 |          0 |
|                 Using_5Stage.Op2_Mux_4[25].Mux4_1                                            |                                   base_soc_microblaze_riscv_0_0_microblaze_riscv_v1_0_3_Mux4_286 |          4 |          4 |       0 |    0 |    0 |      0 |      0 |          0 |
|                   Using_FPGA.MB_LUT6_1                                                       |                                       base_soc_microblaze_riscv_0_0_MB_LUT6__parameterized10_314 |          4 |          4 |       0 |    0 |    0 |      0 |      0 |          0 |
|                 Using_5Stage.Op2_Mux_4[26].Mux4_1                                            |                                   base_soc_microblaze_riscv_0_0_microblaze_riscv_v1_0_3_Mux4_287 |          4 |          4 |       0 |    0 |    0 |      0 |      0 |          0 |
|                   Using_FPGA.MB_LUT6_1                                                       |                                       base_soc_microblaze_riscv_0_0_MB_LUT6__parameterized10_313 |          4 |          4 |       0 |    0 |    0 |      0 |      0 |          0 |
|                 Using_5Stage.Op2_Mux_4[27].Mux4_1                                            |                                   base_soc_microblaze_riscv_0_0_microblaze_riscv_v1_0_3_Mux4_288 |          7 |          7 |       0 |    0 |    0 |      0 |      0 |          0 |
|                   Using_FPGA.MB_LUT6_1                                                       |                                       base_soc_microblaze_riscv_0_0_MB_LUT6__parameterized10_312 |          7 |          7 |       0 |    0 |    0 |      0 |      0 |          0 |
|                 Using_5Stage.Op2_Mux_4[28].Mux4_1                                            |                                   base_soc_microblaze_riscv_0_0_microblaze_riscv_v1_0_3_Mux4_289 |          7 |          7 |       0 |    0 |    0 |      0 |      0 |          0 |
|                   Using_FPGA.MB_LUT6_1                                                       |                                       base_soc_microblaze_riscv_0_0_MB_LUT6__parameterized10_311 |          7 |          7 |       0 |    0 |    0 |      0 |      0 |          0 |
|                 Using_5Stage.Op2_Mux_4[29].Mux4_1                                            |                                   base_soc_microblaze_riscv_0_0_microblaze_riscv_v1_0_3_Mux4_290 |          4 |          4 |       0 |    0 |    0 |      0 |      0 |          0 |
|                   Using_FPGA.MB_LUT6_1                                                       |                                       base_soc_microblaze_riscv_0_0_MB_LUT6__parameterized10_310 |          4 |          4 |       0 |    0 |    0 |      0 |      0 |          0 |
|                 Using_5Stage.Op2_Mux_4[2].Mux4_1                                             |                                   base_soc_microblaze_riscv_0_0_microblaze_riscv_v1_0_3_Mux4_291 |         11 |         11 |       0 |    0 |    0 |      0 |      0 |          0 |
|                   Using_FPGA.MB_LUT6_1                                                       |                                       base_soc_microblaze_riscv_0_0_MB_LUT6__parameterized10_309 |         11 |         11 |       0 |    0 |    0 |      0 |      0 |          0 |
|                 Using_5Stage.Op2_Mux_4[30].Mux4_1                                            |                                   base_soc_microblaze_riscv_0_0_microblaze_riscv_v1_0_3_Mux4_292 |          7 |          7 |       0 |    0 |    0 |      0 |      0 |          0 |
|                   Using_FPGA.MB_LUT6_1                                                       |                                       base_soc_microblaze_riscv_0_0_MB_LUT6__parameterized10_308 |          7 |          7 |       0 |    0 |    0 |      0 |      0 |          0 |
|                 Using_5Stage.Op2_Mux_4[31].Mux4_1                                            |                                   base_soc_microblaze_riscv_0_0_microblaze_riscv_v1_0_3_Mux4_293 |          3 |          3 |       0 |    0 |    0 |      0 |      0 |          0 |
|                   Using_FPGA.MB_LUT6_1                                                       |                                       base_soc_microblaze_riscv_0_0_MB_LUT6__parameterized10_307 |          3 |          3 |       0 |    0 |    0 |      0 |      0 |          0 |
|                 Using_5Stage.Op2_Mux_4[3].Mux4_1                                             |                                   base_soc_microblaze_riscv_0_0_microblaze_riscv_v1_0_3_Mux4_294 |         10 |         10 |       0 |    0 |    0 |      0 |      0 |          0 |
|                   Using_FPGA.MB_LUT6_1                                                       |                                       base_soc_microblaze_riscv_0_0_MB_LUT6__parameterized10_306 |         10 |         10 |       0 |    0 |    0 |      0 |      0 |          0 |
|                 Using_5Stage.Op2_Mux_4[4].Mux4_1                                             |                                   base_soc_microblaze_riscv_0_0_microblaze_riscv_v1_0_3_Mux4_295 |          8 |          8 |       0 |    0 |    0 |      0 |      0 |          0 |
|                   Using_FPGA.MB_LUT6_1                                                       |                                       base_soc_microblaze_riscv_0_0_MB_LUT6__parameterized10_305 |          8 |          8 |       0 |    0 |    0 |      0 |      0 |          0 |
|                 Using_5Stage.Op2_Mux_4[5].Mux4_1                                             |                                   base_soc_microblaze_riscv_0_0_microblaze_riscv_v1_0_3_Mux4_296 |          4 |          4 |       0 |    0 |    0 |      0 |      0 |          0 |
|                   Using_FPGA.MB_LUT6_1                                                       |                                       base_soc_microblaze_riscv_0_0_MB_LUT6__parameterized10_304 |          4 |          4 |       0 |    0 |    0 |      0 |      0 |          0 |
|                 Using_5Stage.Op2_Mux_4[6].Mux4_1                                             |                                   base_soc_microblaze_riscv_0_0_microblaze_riscv_v1_0_3_Mux4_297 |          4 |          4 |       0 |    0 |    0 |      0 |      0 |          0 |
|                   Using_FPGA.MB_LUT6_1                                                       |                                       base_soc_microblaze_riscv_0_0_MB_LUT6__parameterized10_303 |          4 |          4 |       0 |    0 |    0 |      0 |      0 |          0 |
|                 Using_5Stage.Op2_Mux_4[7].Mux4_1                                             |                                   base_soc_microblaze_riscv_0_0_microblaze_riscv_v1_0_3_Mux4_298 |          8 |          8 |       0 |    0 |    0 |      0 |      0 |          0 |
|                   Using_FPGA.MB_LUT6_1                                                       |                                       base_soc_microblaze_riscv_0_0_MB_LUT6__parameterized10_302 |          8 |          8 |       0 |    0 |    0 |      0 |      0 |          0 |
|                 Using_5Stage.Op2_Mux_4[8].Mux4_1                                             |                                   base_soc_microblaze_riscv_0_0_microblaze_riscv_v1_0_3_Mux4_299 |          9 |          9 |       0 |    0 |    0 |      0 |      0 |          0 |
|                   Using_FPGA.MB_LUT6_1                                                       |                                       base_soc_microblaze_riscv_0_0_MB_LUT6__parameterized10_301 |          9 |          9 |       0 |    0 |    0 |      0 |      0 |          0 |
|                 Using_5Stage.Op2_Mux_4[9].Mux4_1                                             |                                   base_soc_microblaze_riscv_0_0_microblaze_riscv_v1_0_3_Mux4_300 |          7 |          7 |       0 |    0 |    0 |      0 |      0 |          0 |
|                   Using_FPGA.MB_LUT6_1                                                       |                                           base_soc_microblaze_riscv_0_0_MB_LUT6__parameterized10 |          7 |          7 |       0 |    0 |    0 |      0 |      0 |          0 |
|               Register_File_I                                                                |                          base_soc_microblaze_riscv_0_0_microblaze_riscv_v1_0_3_Register_File_gti |         78 |         14 |      64 |    0 |    0 |      0 |      0 |          0 |
|                 Using_LUT6.All_RAM32M[0].ram32m_i                                            |                                                          base_soc_microblaze_riscv_0_0_MB_RAM32M |          5 |          1 |       4 |    0 |    0 |      0 |      0 |          0 |
|                 Using_LUT6.All_RAM32M[10].ram32m_i                                           |                                                      base_soc_microblaze_riscv_0_0_MB_RAM32M_223 |          5 |          1 |       4 |    0 |    0 |      0 |      0 |          0 |
|                 Using_LUT6.All_RAM32M[11].ram32m_i                                           |                                                      base_soc_microblaze_riscv_0_0_MB_RAM32M_224 |          5 |          1 |       4 |    0 |    0 |      0 |      0 |          0 |
|                 Using_LUT6.All_RAM32M[12].ram32m_i                                           |                                                      base_soc_microblaze_riscv_0_0_MB_RAM32M_225 |          5 |          1 |       4 |    0 |    0 |      0 |      0 |          0 |
|                 Using_LUT6.All_RAM32M[13].ram32m_i                                           |                                                      base_soc_microblaze_riscv_0_0_MB_RAM32M_226 |          5 |          1 |       4 |    0 |    0 |      0 |      0 |          0 |
|                 Using_LUT6.All_RAM32M[14].ram32m_i                                           |                                                      base_soc_microblaze_riscv_0_0_MB_RAM32M_227 |          4 |          0 |       4 |    0 |    0 |      0 |      0 |          0 |
|                 Using_LUT6.All_RAM32M[15].ram32m_i                                           |                                                      base_soc_microblaze_riscv_0_0_MB_RAM32M_228 |          4 |          0 |       4 |    0 |    0 |      0 |      0 |          0 |
|                 Using_LUT6.All_RAM32M[1].ram32m_i                                            |                                                      base_soc_microblaze_riscv_0_0_MB_RAM32M_229 |          5 |          1 |       4 |    0 |    0 |      0 |      0 |          0 |
|                 Using_LUT6.All_RAM32M[2].ram32m_i                                            |                                                      base_soc_microblaze_riscv_0_0_MB_RAM32M_230 |          5 |          1 |       4 |    0 |    0 |      0 |      0 |          0 |
|                 Using_LUT6.All_RAM32M[3].ram32m_i                                            |                                                      base_soc_microblaze_riscv_0_0_MB_RAM32M_231 |          5 |          1 |       4 |    0 |    0 |      0 |      0 |          0 |
|                 Using_LUT6.All_RAM32M[4].ram32m_i                                            |                                                      base_soc_microblaze_riscv_0_0_MB_RAM32M_232 |          5 |          1 |       4 |    0 |    0 |      0 |      0 |          0 |
|                 Using_LUT6.All_RAM32M[5].ram32m_i                                            |                                                      base_soc_microblaze_riscv_0_0_MB_RAM32M_233 |          5 |          1 |       4 |    0 |    0 |      0 |      0 |          0 |
|                 Using_LUT6.All_RAM32M[6].ram32m_i                                            |                                                      base_soc_microblaze_riscv_0_0_MB_RAM32M_234 |          5 |          1 |       4 |    0 |    0 |      0 |      0 |          0 |
|                 Using_LUT6.All_RAM32M[7].ram32m_i                                            |                                                      base_soc_microblaze_riscv_0_0_MB_RAM32M_235 |          5 |          1 |       4 |    0 |    0 |      0 |      0 |          0 |
|                 Using_LUT6.All_RAM32M[8].ram32m_i                                            |                                                      base_soc_microblaze_riscv_0_0_MB_RAM32M_236 |          5 |          1 |       4 |    0 |    0 |      0 |      0 |          0 |
|                 Using_LUT6.All_RAM32M[9].ram32m_i                                            |                                                      base_soc_microblaze_riscv_0_0_MB_RAM32M_237 |          5 |          1 |       4 |    0 |    0 |      0 |      0 |          0 |
|               Using_MEM.WB_Mux_I                                                             |                                                             base_soc_microblaze_riscv_0_0_WB_Mux |         32 |         32 |       0 |    0 |    0 |      0 |      0 |          0 |
|                 ALL_Bits[0].Wb_Mux_I1                                                        |                                         base_soc_microblaze_riscv_0_0_WB_Mux_Bit__parameterized2 |          1 |          1 |       0 |    0 |    0 |      0 |      0 |          0 |
|                 ALL_Bits[10].Wb_Mux_I1                                                       |                                     base_soc_microblaze_riscv_0_0_WB_Mux_Bit__parameterized2_193 |          1 |          1 |       0 |    0 |    0 |      0 |      0 |          0 |
|                 ALL_Bits[11].Wb_Mux_I1                                                       |                                     base_soc_microblaze_riscv_0_0_WB_Mux_Bit__parameterized2_194 |          1 |          1 |       0 |    0 |    0 |      0 |      0 |          0 |
|                 ALL_Bits[12].Wb_Mux_I1                                                       |                                     base_soc_microblaze_riscv_0_0_WB_Mux_Bit__parameterized2_195 |          1 |          1 |       0 |    0 |    0 |      0 |      0 |          0 |
|                 ALL_Bits[13].Wb_Mux_I1                                                       |                                     base_soc_microblaze_riscv_0_0_WB_Mux_Bit__parameterized2_196 |          1 |          1 |       0 |    0 |    0 |      0 |      0 |          0 |
|                 ALL_Bits[14].Wb_Mux_I1                                                       |                                     base_soc_microblaze_riscv_0_0_WB_Mux_Bit__parameterized2_197 |          1 |          1 |       0 |    0 |    0 |      0 |      0 |          0 |
|                 ALL_Bits[15].Wb_Mux_I1                                                       |                                     base_soc_microblaze_riscv_0_0_WB_Mux_Bit__parameterized2_198 |          1 |          1 |       0 |    0 |    0 |      0 |      0 |          0 |
|                 ALL_Bits[16].Wb_Mux_I1                                                       |                                     base_soc_microblaze_riscv_0_0_WB_Mux_Bit__parameterized2_199 |          1 |          1 |       0 |    0 |    0 |      0 |      0 |          0 |
|                 ALL_Bits[17].Wb_Mux_I1                                                       |                                     base_soc_microblaze_riscv_0_0_WB_Mux_Bit__parameterized2_200 |          1 |          1 |       0 |    0 |    0 |      0 |      0 |          0 |
|                 ALL_Bits[18].Wb_Mux_I1                                                       |                                                         base_soc_microblaze_riscv_0_0_WB_Mux_Bit |          1 |          1 |       0 |    0 |    0 |      0 |      0 |          0 |
|                 ALL_Bits[19].Wb_Mux_I1                                                       |                                                     base_soc_microblaze_riscv_0_0_WB_Mux_Bit_201 |          1 |          1 |       0 |    0 |    0 |      0 |      0 |          0 |
|                 ALL_Bits[1].Wb_Mux_I1                                                        |                                     base_soc_microblaze_riscv_0_0_WB_Mux_Bit__parameterized2_202 |          1 |          1 |       0 |    0 |    0 |      0 |      0 |          0 |
|                 ALL_Bits[20].Wb_Mux_I1                                                       |                                                     base_soc_microblaze_riscv_0_0_WB_Mux_Bit_203 |          1 |          1 |       0 |    0 |    0 |      0 |      0 |          0 |
|                 ALL_Bits[21].Wb_Mux_I1                                                       |                                                     base_soc_microblaze_riscv_0_0_WB_Mux_Bit_204 |          1 |          1 |       0 |    0 |    0 |      0 |      0 |          0 |
|                 ALL_Bits[22].Wb_Mux_I1                                                       |                                                     base_soc_microblaze_riscv_0_0_WB_Mux_Bit_205 |          1 |          1 |       0 |    0 |    0 |      0 |      0 |          0 |
|                 ALL_Bits[23].Wb_Mux_I1                                                       |                                                     base_soc_microblaze_riscv_0_0_WB_Mux_Bit_206 |          1 |          1 |       0 |    0 |    0 |      0 |      0 |          0 |
|                 ALL_Bits[24].Wb_Mux_I1                                                       |                                                     base_soc_microblaze_riscv_0_0_WB_Mux_Bit_207 |          1 |          1 |       0 |    0 |    0 |      0 |      0 |          0 |
|                 ALL_Bits[25].Wb_Mux_I1                                                       |                                                     base_soc_microblaze_riscv_0_0_WB_Mux_Bit_208 |          1 |          1 |       0 |    0 |    0 |      0 |      0 |          0 |
|                 ALL_Bits[26].Wb_Mux_I1                                                       |                                                     base_soc_microblaze_riscv_0_0_WB_Mux_Bit_209 |          1 |          1 |       0 |    0 |    0 |      0 |      0 |          0 |
|                 ALL_Bits[27].Wb_Mux_I1                                                       |                                                     base_soc_microblaze_riscv_0_0_WB_Mux_Bit_210 |          1 |          1 |       0 |    0 |    0 |      0 |      0 |          0 |
|                 ALL_Bits[28].Wb_Mux_I1                                                       |                                                     base_soc_microblaze_riscv_0_0_WB_Mux_Bit_211 |          1 |          1 |       0 |    0 |    0 |      0 |      0 |          0 |
|                 ALL_Bits[29].Wb_Mux_I1                                                       |                                                     base_soc_microblaze_riscv_0_0_WB_Mux_Bit_212 |          1 |          1 |       0 |    0 |    0 |      0 |      0 |          0 |
|                 ALL_Bits[2].Wb_Mux_I1                                                        |                                     base_soc_microblaze_riscv_0_0_WB_Mux_Bit__parameterized2_213 |          1 |          1 |       0 |    0 |    0 |      0 |      0 |          0 |
|                 ALL_Bits[30].Wb_Mux_I1                                                       |                                                     base_soc_microblaze_riscv_0_0_WB_Mux_Bit_214 |          1 |          1 |       0 |    0 |    0 |      0 |      0 |          0 |
|                 ALL_Bits[31].Wb_Mux_I1                                                       |                                                     base_soc_microblaze_riscv_0_0_WB_Mux_Bit_215 |          1 |          1 |       0 |    0 |    0 |      0 |      0 |          0 |
|                 ALL_Bits[3].Wb_Mux_I1                                                        |                                     base_soc_microblaze_riscv_0_0_WB_Mux_Bit__parameterized2_216 |          1 |          1 |       0 |    0 |    0 |      0 |      0 |          0 |
|                 ALL_Bits[4].Wb_Mux_I1                                                        |                                     base_soc_microblaze_riscv_0_0_WB_Mux_Bit__parameterized2_217 |          1 |          1 |       0 |    0 |    0 |      0 |      0 |          0 |
|                 ALL_Bits[5].Wb_Mux_I1                                                        |                                     base_soc_microblaze_riscv_0_0_WB_Mux_Bit__parameterized2_218 |          1 |          1 |       0 |    0 |    0 |      0 |      0 |          0 |
|                 ALL_Bits[6].Wb_Mux_I1                                                        |                                     base_soc_microblaze_riscv_0_0_WB_Mux_Bit__parameterized2_219 |          1 |          1 |       0 |    0 |    0 |      0 |      0 |          0 |
|                 ALL_Bits[7].Wb_Mux_I1                                                        |                                     base_soc_microblaze_riscv_0_0_WB_Mux_Bit__parameterized2_220 |          1 |          1 |       0 |    0 |    0 |      0 |      0 |          0 |
|                 ALL_Bits[8].Wb_Mux_I1                                                        |                                     base_soc_microblaze_riscv_0_0_WB_Mux_Bit__parameterized2_221 |          1 |          1 |       0 |    0 |    0 |      0 |      0 |          0 |
|                 ALL_Bits[9].Wb_Mux_I1                                                        |                                     base_soc_microblaze_riscv_0_0_WB_Mux_Bit__parameterized2_222 |          1 |          1 |       0 |    0 |    0 |      0 |      0 |          0 |
|               csr_I                                                                          |                                                                base_soc_microblaze_riscv_0_0_csr |         51 |         51 |       0 |    0 |  280 |      0 |      0 |          0 |
|             Decode_I                                                                         |                                 base_soc_microblaze_riscv_0_0_microblaze_riscv_v1_0_3_Decode_gti |        789 |        765 |       0 |   24 |  315 |      0 |      0 |          0 |
|               (Decode_I)                                                                     |                                 base_soc_microblaze_riscv_0_0_microblaze_riscv_v1_0_3_Decode_gti |        322 |        322 |       0 |    0 |  161 |      0 |      0 |          0 |
|               EX_Gen_Bits[0].EX_Instr_Reg_FF                                                 |                                                             base_soc_microblaze_riscv_0_0_MB_FDE |          0 |          0 |       0 |    0 |    1 |      0 |      0 |          0 |
|               EX_Gen_Bits[10].EX_Instr_Reg_FF                                                |                                                          base_soc_microblaze_riscv_0_0_MB_FDE_51 |          0 |          0 |       0 |    0 |    1 |      0 |      0 |          0 |
|               EX_Gen_Bits[11].EX_Instr_Reg_FF                                                |                                                          base_soc_microblaze_riscv_0_0_MB_FDE_52 |          0 |          0 |       0 |    0 |    1 |      0 |      0 |          0 |
|               EX_Gen_Bits[12].EX_Instr_Reg_FF                                                |                                                          base_soc_microblaze_riscv_0_0_MB_FDE_53 |          0 |          0 |       0 |    0 |    1 |      0 |      0 |          0 |
|               EX_Gen_Bits[13].EX_Instr_Reg_FF                                                |                                                          base_soc_microblaze_riscv_0_0_MB_FDE_54 |          0 |          0 |       0 |    0 |    1 |      0 |      0 |          0 |
|               EX_Gen_Bits[14].EX_Instr_Reg_FF                                                |                                                          base_soc_microblaze_riscv_0_0_MB_FDE_55 |          0 |          0 |       0 |    0 |    1 |      0 |      0 |          0 |
|               EX_Gen_Bits[15].EX_Instr_Reg_FF                                                |                                                          base_soc_microblaze_riscv_0_0_MB_FDE_56 |          0 |          0 |       0 |    0 |    1 |      0 |      0 |          0 |
|               EX_Gen_Bits[16].EX_Instr_Reg_FF                                                |                                                          base_soc_microblaze_riscv_0_0_MB_FDE_57 |          0 |          0 |       0 |    0 |    1 |      0 |      0 |          0 |
|               EX_Gen_Bits[17].EX_Instr_Reg_FF                                                |                                                          base_soc_microblaze_riscv_0_0_MB_FDE_58 |          0 |          0 |       0 |    0 |    1 |      0 |      0 |          0 |
|               EX_Gen_Bits[18].EX_Instr_Reg_FF                                                |                                                          base_soc_microblaze_riscv_0_0_MB_FDE_59 |          0 |          0 |       0 |    0 |    1 |      0 |      0 |          0 |
|               EX_Gen_Bits[19].EX_Instr_Reg_FF                                                |                                                          base_soc_microblaze_riscv_0_0_MB_FDE_60 |          0 |          0 |       0 |    0 |    1 |      0 |      0 |          0 |
|               EX_Gen_Bits[1].EX_Instr_Reg_FF                                                 |                                                          base_soc_microblaze_riscv_0_0_MB_FDE_61 |          0 |          0 |       0 |    0 |    1 |      0 |      0 |          0 |
|               EX_Gen_Bits[20].EX_Instr_Reg_FF                                                |                                                          base_soc_microblaze_riscv_0_0_MB_FDE_62 |          0 |          0 |       0 |    0 |    1 |      0 |      0 |          0 |
|               EX_Gen_Bits[21].EX_Instr_Reg_FF                                                |                                                          base_soc_microblaze_riscv_0_0_MB_FDE_63 |          0 |          0 |       0 |    0 |    1 |      0 |      0 |          0 |
|               EX_Gen_Bits[22].EX_Instr_Reg_FF                                                |                                                          base_soc_microblaze_riscv_0_0_MB_FDE_64 |          0 |          0 |       0 |    0 |    1 |      0 |      0 |          0 |
|               EX_Gen_Bits[23].EX_Instr_Reg_FF                                                |                                                          base_soc_microblaze_riscv_0_0_MB_FDE_65 |          0 |          0 |       0 |    0 |    1 |      0 |      0 |          0 |
|               EX_Gen_Bits[24].EX_Instr_Reg_FF                                                |                                                          base_soc_microblaze_riscv_0_0_MB_FDE_66 |          0 |          0 |       0 |    0 |    1 |      0 |      0 |          0 |
|               EX_Gen_Bits[25].EX_Instr_Reg_FF                                                |                                                          base_soc_microblaze_riscv_0_0_MB_FDE_67 |          0 |          0 |       0 |    0 |    1 |      0 |      0 |          0 |
|               EX_Gen_Bits[26].EX_Instr_Reg_FF                                                |                                                          base_soc_microblaze_riscv_0_0_MB_FDE_68 |          0 |          0 |       0 |    0 |    1 |      0 |      0 |          0 |
|               EX_Gen_Bits[27].EX_Instr_Reg_FF                                                |                                                          base_soc_microblaze_riscv_0_0_MB_FDE_69 |          0 |          0 |       0 |    0 |    1 |      0 |      0 |          0 |
|               EX_Gen_Bits[28].EX_Instr_Reg_FF                                                |                                                          base_soc_microblaze_riscv_0_0_MB_FDE_70 |          0 |          0 |       0 |    0 |    1 |      0 |      0 |          0 |
|               EX_Gen_Bits[29].EX_Instr_Reg_FF                                                |                                                          base_soc_microblaze_riscv_0_0_MB_FDE_71 |          0 |          0 |       0 |    0 |    1 |      0 |      0 |          0 |
|               EX_Gen_Bits[2].EX_Instr_Reg_FF                                                 |                                                          base_soc_microblaze_riscv_0_0_MB_FDE_72 |          0 |          0 |       0 |    0 |    1 |      0 |      0 |          0 |
|               EX_Gen_Bits[30].EX_Instr_Reg_FF                                                |                                                          base_soc_microblaze_riscv_0_0_MB_FDE_73 |          0 |          0 |       0 |    0 |    1 |      0 |      0 |          0 |
|               EX_Gen_Bits[31].EX_Instr_Reg_FF                                                |                                                          base_soc_microblaze_riscv_0_0_MB_FDE_74 |          0 |          0 |       0 |    0 |    1 |      0 |      0 |          0 |
|               EX_Gen_Bits[3].EX_Instr_Reg_FF                                                 |                                                          base_soc_microblaze_riscv_0_0_MB_FDE_75 |          0 |          0 |       0 |    0 |    1 |      0 |      0 |          0 |
|               EX_Gen_Bits[4].EX_Instr_Reg_FF                                                 |                                                          base_soc_microblaze_riscv_0_0_MB_FDE_76 |          0 |          0 |       0 |    0 |    1 |      0 |      0 |          0 |
|               EX_Gen_Bits[5].EX_Instr_Reg_FF                                                 |                                                          base_soc_microblaze_riscv_0_0_MB_FDE_77 |          0 |          0 |       0 |    0 |    1 |      0 |      0 |          0 |
|               EX_Gen_Bits[6].EX_Instr_Reg_FF                                                 |                                                          base_soc_microblaze_riscv_0_0_MB_FDE_78 |          0 |          0 |       0 |    0 |    1 |      0 |      0 |          0 |
|               EX_Gen_Bits[7].EX_Instr_Reg_FF                                                 |                                                          base_soc_microblaze_riscv_0_0_MB_FDE_79 |          0 |          0 |       0 |    0 |    1 |      0 |      0 |          0 |
|               EX_Gen_Bits[8].EX_Instr_Reg_FF                                                 |                                                          base_soc_microblaze_riscv_0_0_MB_FDE_80 |          0 |          0 |       0 |    0 |    1 |      0 |      0 |          0 |
|               EX_Gen_Bits[9].EX_Instr_Reg_FF                                                 |                                                          base_soc_microblaze_riscv_0_0_MB_FDE_81 |          0 |          0 |       0 |    0 |    1 |      0 |      0 |          0 |
|               No_Short_Pipe_5.Using_FPGA.Gen_Bits[0].MEM_EX_Result_Inst                      |                                                            base_soc_microblaze_riscv_0_0_MB_FDRE |          2 |          2 |       0 |    0 |    1 |      0 |      0 |          0 |
|               No_Short_Pipe_5.Using_FPGA.Gen_Bits[1].MEM_EX_Result_Inst                      |                                                         base_soc_microblaze_riscv_0_0_MB_FDRE_82 |         70 |         70 |       0 |    0 |    1 |      0 |      0 |          0 |
|               No_Short_Pipe_5.Using_FPGA.Gen_Bits[2].MEM_EX_Result_Inst                      |                                                         base_soc_microblaze_riscv_0_0_MB_FDRE_83 |          3 |          3 |       0 |    0 |    1 |      0 |      0 |          0 |
|               No_Short_Pipe_5.Using_FPGA.Gen_Bits[3].MEM_EX_Result_Inst                      |                                                         base_soc_microblaze_riscv_0_0_MB_FDRE_84 |          2 |          2 |       0 |    0 |    1 |      0 |      0 |          0 |
|               No_Short_Pipe_5.Using_FPGA.Gen_Bits[5].MEM_EX_Result_Inst                      |                                                         base_soc_microblaze_riscv_0_0_MB_FDRE_85 |          3 |          3 |       0 |    0 |    1 |      0 |      0 |          0 |
|               PC_Module_I                                                                    |                              base_soc_microblaze_riscv_0_0_microblaze_riscv_v1_0_3_PC_Module_gti |         55 |         47 |       0 |    8 |   67 |      0 |      0 |          0 |
|                 (PC_Module_I)                                                                |                              base_soc_microblaze_riscv_0_0_microblaze_riscv_v1_0_3_PC_Module_gti |         16 |          8 |       0 |    8 |   50 |      0 |      0 |          0 |
|                 Instruction_Prefetch_Mux[15].Gen_Instr_DFF                                   |                                                         base_soc_microblaze_riscv_0_0_MB_FDR_145 |          1 |          1 |       0 |    0 |    1 |      0 |      0 |          0 |
|                 Instruction_Prefetch_Mux[15].PC_Mux_MUXF7                                    |                                                           base_soc_microblaze_riscv_0_0_MB_MUXF7 |          1 |          1 |       0 |    0 |    0 |      0 |      0 |          0 |
|                 Instruction_Prefetch_Mux[16].Gen_Instr_DFF                                   |                                                         base_soc_microblaze_riscv_0_0_MB_FDR_146 |          2 |          2 |       0 |    0 |    1 |      0 |      0 |          0 |
|                 Instruction_Prefetch_Mux[16].PC_Mux_MUXF7                                    |                                                       base_soc_microblaze_riscv_0_0_MB_MUXF7_147 |          1 |          1 |       0 |    0 |    0 |      0 |      0 |          0 |
|                 Instruction_Prefetch_Mux[17].Gen_Instr_DFF                                   |                                                         base_soc_microblaze_riscv_0_0_MB_FDR_148 |          1 |          1 |       0 |    0 |    1 |      0 |      0 |          0 |
|                 Instruction_Prefetch_Mux[17].PC_Mux_MUXF7                                    |                                                       base_soc_microblaze_riscv_0_0_MB_MUXF7_149 |          1 |          1 |       0 |    0 |    0 |      0 |      0 |          0 |
|                 Instruction_Prefetch_Mux[18].Gen_Instr_DFF                                   |                                                         base_soc_microblaze_riscv_0_0_MB_FDR_150 |          2 |          2 |       0 |    0 |    1 |      0 |      0 |          0 |
|                 Instruction_Prefetch_Mux[18].PC_Mux_MUXF7                                    |                                                       base_soc_microblaze_riscv_0_0_MB_MUXF7_151 |          1 |          1 |       0 |    0 |    0 |      0 |      0 |          0 |
|                 Instruction_Prefetch_Mux[19].Gen_Instr_DFF                                   |                                                         base_soc_microblaze_riscv_0_0_MB_FDR_152 |          1 |          1 |       0 |    0 |    1 |      0 |      0 |          0 |
|                 Instruction_Prefetch_Mux[19].PC_Mux_MUXF7                                    |                                                       base_soc_microblaze_riscv_0_0_MB_MUXF7_153 |          1 |          1 |       0 |    0 |    0 |      0 |      0 |          0 |
|                 Instruction_Prefetch_Mux[20].Gen_Instr_DFF                                   |                                                         base_soc_microblaze_riscv_0_0_MB_FDR_154 |          1 |          1 |       0 |    0 |    1 |      0 |      0 |          0 |
|                 Instruction_Prefetch_Mux[20].PC_Mux_MUXF7                                    |                                                       base_soc_microblaze_riscv_0_0_MB_MUXF7_155 |          1 |          1 |       0 |    0 |    0 |      0 |      0 |          0 |
|                 Instruction_Prefetch_Mux[21].Gen_Instr_DFF                                   |                                                         base_soc_microblaze_riscv_0_0_MB_FDR_156 |          2 |          2 |       0 |    0 |    1 |      0 |      0 |          0 |
|                 Instruction_Prefetch_Mux[21].PC_Mux_MUXF7                                    |                                                       base_soc_microblaze_riscv_0_0_MB_MUXF7_157 |          1 |          1 |       0 |    0 |    0 |      0 |      0 |          0 |
|                 Instruction_Prefetch_Mux[22].Gen_Instr_DFF                                   |                                                         base_soc_microblaze_riscv_0_0_MB_FDR_158 |          1 |          1 |       0 |    0 |    1 |      0 |      0 |          0 |
|                 Instruction_Prefetch_Mux[22].PC_Mux_MUXF7                                    |                                                       base_soc_microblaze_riscv_0_0_MB_MUXF7_159 |          1 |          1 |       0 |    0 |    0 |      0 |      0 |          0 |
|                 Instruction_Prefetch_Mux[23].Gen_Instr_DFF                                   |                                                         base_soc_microblaze_riscv_0_0_MB_FDR_160 |          1 |          1 |       0 |    0 |    1 |      0 |      0 |          0 |
|                 Instruction_Prefetch_Mux[23].PC_Mux_MUXF7                                    |                                                       base_soc_microblaze_riscv_0_0_MB_MUXF7_161 |          1 |          1 |       0 |    0 |    0 |      0 |      0 |          0 |
|                 Instruction_Prefetch_Mux[24].Gen_Instr_DFF                                   |                                                         base_soc_microblaze_riscv_0_0_MB_FDR_162 |          1 |          1 |       0 |    0 |    1 |      0 |      0 |          0 |
|                 Instruction_Prefetch_Mux[24].PC_Mux_MUXF7                                    |                                                       base_soc_microblaze_riscv_0_0_MB_MUXF7_163 |          1 |          1 |       0 |    0 |    0 |      0 |      0 |          0 |
|                 Instruction_Prefetch_Mux[25].Gen_Instr_DFF                                   |                                                         base_soc_microblaze_riscv_0_0_MB_FDR_164 |          2 |          2 |       0 |    0 |    1 |      0 |      0 |          0 |
|                 Instruction_Prefetch_Mux[25].PC_Mux_MUXF7                                    |                                                       base_soc_microblaze_riscv_0_0_MB_MUXF7_165 |          1 |          1 |       0 |    0 |    0 |      0 |      0 |          0 |
|                 Instruction_Prefetch_Mux[26].Gen_Instr_DFF                                   |                                                         base_soc_microblaze_riscv_0_0_MB_FDR_166 |          1 |          1 |       0 |    0 |    1 |      0 |      0 |          0 |
|                 Instruction_Prefetch_Mux[26].PC_Mux_MUXF7                                    |                                                       base_soc_microblaze_riscv_0_0_MB_MUXF7_167 |          1 |          1 |       0 |    0 |    0 |      0 |      0 |          0 |
|                 Instruction_Prefetch_Mux[27].Gen_Instr_DFF                                   |                                                         base_soc_microblaze_riscv_0_0_MB_FDR_168 |          1 |          1 |       0 |    0 |    1 |      0 |      0 |          0 |
|                 Instruction_Prefetch_Mux[27].PC_Mux_MUXF7                                    |                                                       base_soc_microblaze_riscv_0_0_MB_MUXF7_169 |          1 |          1 |       0 |    0 |    0 |      0 |      0 |          0 |
|                 Instruction_Prefetch_Mux[28].Gen_Instr_DFF                                   |                                                         base_soc_microblaze_riscv_0_0_MB_FDR_170 |          2 |          2 |       0 |    0 |    1 |      0 |      0 |          0 |
|                 Instruction_Prefetch_Mux[28].PC_Mux_MUXF7                                    |                                                       base_soc_microblaze_riscv_0_0_MB_MUXF7_171 |          1 |          1 |       0 |    0 |    0 |      0 |      0 |          0 |
|                 Instruction_Prefetch_Mux[29].Gen_Instr_DFF                                   |                                                         base_soc_microblaze_riscv_0_0_MB_FDR_172 |          1 |          1 |       0 |    0 |    1 |      0 |      0 |          0 |
|                 Instruction_Prefetch_Mux[29].PC_Mux_MUXF7                                    |                                                       base_soc_microblaze_riscv_0_0_MB_MUXF7_173 |          1 |          1 |       0 |    0 |    0 |      0 |      0 |          0 |
|                 Instruction_Prefetch_Mux[30].Gen_Instr_DFF                                   |                                                         base_soc_microblaze_riscv_0_0_MB_FDR_174 |          1 |          1 |       0 |    0 |    1 |      0 |      0 |          0 |
|                 Instruction_Prefetch_Mux[30].PC_Mux_MUXF7                                    |                                                       base_soc_microblaze_riscv_0_0_MB_MUXF7_175 |          1 |          1 |       0 |    0 |    0 |      0 |      0 |          0 |
|                 Instruction_Prefetch_Mux[31].Gen_Instr_DFF                                   |                                                         base_soc_microblaze_riscv_0_0_MB_FDR_176 |          1 |          1 |       0 |    0 |    1 |      0 |      0 |          0 |
|                 Instruction_Prefetch_Mux[31].PC_Mux_MUXF7                                    |                                                       base_soc_microblaze_riscv_0_0_MB_MUXF7_177 |          1 |          1 |       0 |    0 |    0 |      0 |      0 |          0 |
|                 Using_FPGA.Incr_PC[15].MUXCY_XOR_I                                           |                                                 base_soc_microblaze_riscv_0_0_MB_MUXCY_XORCY_178 |          0 |          0 |       0 |    0 |    0 |      0 |      0 |          0 |
|                 Using_FPGA.Incr_PC[16].MUXCY_XOR_I                                           |                                                 base_soc_microblaze_riscv_0_0_MB_MUXCY_XORCY_179 |          0 |          0 |       0 |    0 |    0 |      0 |      0 |          0 |
|                 Using_FPGA.Incr_PC[17].MUXCY_XOR_I                                           |                                                 base_soc_microblaze_riscv_0_0_MB_MUXCY_XORCY_180 |          0 |          0 |       0 |    0 |    0 |      0 |      0 |          0 |
|                 Using_FPGA.Incr_PC[18].MUXCY_XOR_I                                           |                                                 base_soc_microblaze_riscv_0_0_MB_MUXCY_XORCY_181 |          0 |          0 |       0 |    0 |    0 |      0 |      0 |          0 |
|                 Using_FPGA.Incr_PC[19].MUXCY_XOR_I                                           |                                                 base_soc_microblaze_riscv_0_0_MB_MUXCY_XORCY_182 |          0 |          0 |       0 |    0 |    0 |      0 |      0 |          0 |
|                 Using_FPGA.Incr_PC[20].MUXCY_XOR_I                                           |                                                 base_soc_microblaze_riscv_0_0_MB_MUXCY_XORCY_183 |          0 |          0 |       0 |    0 |    0 |      0 |      0 |          0 |
|                 Using_FPGA.Incr_PC[21].MUXCY_XOR_I                                           |                                                 base_soc_microblaze_riscv_0_0_MB_MUXCY_XORCY_184 |          0 |          0 |       0 |    0 |    0 |      0 |      0 |          0 |
|                 Using_FPGA.Incr_PC[22].MUXCY_XOR_I                                           |                                                 base_soc_microblaze_riscv_0_0_MB_MUXCY_XORCY_185 |          0 |          0 |       0 |    0 |    0 |      0 |      0 |          0 |
|                 Using_FPGA.Incr_PC[23].MUXCY_XOR_I                                           |                                                 base_soc_microblaze_riscv_0_0_MB_MUXCY_XORCY_186 |          0 |          0 |       0 |    0 |    0 |      0 |      0 |          0 |
|                 Using_FPGA.Incr_PC[24].MUXCY_XOR_I                                           |                                                 base_soc_microblaze_riscv_0_0_MB_MUXCY_XORCY_187 |          0 |          0 |       0 |    0 |    0 |      0 |      0 |          0 |
|                 Using_FPGA.Incr_PC[25].MUXCY_XOR_I                                           |                                                 base_soc_microblaze_riscv_0_0_MB_MUXCY_XORCY_188 |          0 |          0 |       0 |    0 |    0 |      0 |      0 |          0 |
|                 Using_FPGA.Incr_PC[26].MUXCY_XOR_I                                           |                                                 base_soc_microblaze_riscv_0_0_MB_MUXCY_XORCY_189 |          0 |          0 |       0 |    0 |    0 |      0 |      0 |          0 |
|                 Using_FPGA.Incr_PC[27].MUXCY_XOR_I                                           |                                                 base_soc_microblaze_riscv_0_0_MB_MUXCY_XORCY_190 |          0 |          0 |       0 |    0 |    0 |      0 |      0 |          0 |
|                 Using_FPGA.Incr_PC[28].MUXCY_XOR_I                                           |                                                 base_soc_microblaze_riscv_0_0_MB_MUXCY_XORCY_191 |          0 |          0 |       0 |    0 |    0 |      0 |      0 |          0 |
|                 Using_FPGA.Incr_PC[29].MUXCY_XOR_I                                           |                                                 base_soc_microblaze_riscv_0_0_MB_MUXCY_XORCY_192 |          0 |          0 |       0 |    0 |    0 |      0 |      0 |          0 |
|               PreFetch_Buffer_I                                                              |                         base_soc_microblaze_riscv_0_0_microblaze_riscv_v1_0_3_PreFetch_Buffer_ff |        260 |        244 |       0 |   16 |   38 |      0 |      0 |          0 |
|                 INSTR_BUFFER_I1                                                              |                                                   base_soc_microblaze_riscv_0_0_OneHot_Buffer_FF |        260 |        244 |       0 |   16 |   38 |      0 |      0 |          0 |
|                   (INSTR_BUFFER_I1)                                                          |                                                   base_soc_microblaze_riscv_0_0_OneHot_Buffer_FF |        192 |        176 |       0 |   16 |   32 |      0 |      0 |          0 |
|                   Generating_Control_Logic.Using_FPGA.Gen_Mux_Select_LUT6[1].Gen_Sel_DFF     |                                                             base_soc_microblaze_riscv_0_0_MB_FDR |          2 |          2 |       0 |    0 |    1 |      0 |      0 |          0 |
|                   Generating_Control_Logic.Using_FPGA.Gen_Mux_Select_LUT6[1].Mux_Select_LUT6 |                                                            base_soc_microblaze_riscv_0_0_MB_LUT6 |          1 |          1 |       0 |    0 |    0 |      0 |      0 |          0 |
|                   Generating_Control_Logic.Using_FPGA.Gen_Mux_Select_LUT6[2].Gen_Sel_DFF     |                                                         base_soc_microblaze_riscv_0_0_MB_FDR_138 |          2 |          2 |       0 |    0 |    1 |      0 |      0 |          0 |
|                   Generating_Control_Logic.Using_FPGA.Gen_Mux_Select_LUT6[2].Mux_Select_LUT6 |                                                        base_soc_microblaze_riscv_0_0_MB_LUT6_139 |          1 |          1 |       0 |    0 |    0 |      0 |      0 |          0 |
|                   Generating_Control_Logic.Using_FPGA.Gen_Mux_Select_LUT6[3].Gen_Sel_DFF     |                                                         base_soc_microblaze_riscv_0_0_MB_FDR_140 |          0 |          0 |       0 |    0 |    1 |      0 |      0 |          0 |
|                   Generating_Control_Logic.Using_FPGA.Gen_Mux_Select_LUT6[3].Mux_Select_LUT6 |                                                        base_soc_microblaze_riscv_0_0_MB_LUT6_141 |          1 |          1 |       0 |    0 |    0 |      0 |      0 |          0 |
|                   Generating_Control_Logic.Using_FPGA.Gen_Mux_Select_LUT6[4].Gen_Sel_DFF     |                                                         base_soc_microblaze_riscv_0_0_MB_FDR_142 |          0 |          0 |       0 |    0 |    1 |      0 |      0 |          0 |
|                   Generating_Control_Logic.Using_FPGA.Gen_Mux_Select_LUT6[4].Mux_Select_LUT6 |                                                        base_soc_microblaze_riscv_0_0_MB_LUT6_143 |          1 |          1 |       0 |    0 |    0 |      0 |      0 |          0 |
|                   Generating_Control_Logic.Using_FPGA.Last_Sel_DFF                           |                                                             base_soc_microblaze_riscv_0_0_MB_FDS |         32 |         32 |       0 |    0 |    1 |      0 |      0 |          0 |
|                   Generating_Control_Logic.Using_FPGA.Mux_Select_Empty_LUT6                  |                                            base_soc_microblaze_riscv_0_0_MB_LUT6__parameterized2 |          1 |          1 |       0 |    0 |    0 |      0 |      0 |          0 |
|                   Generating_Control_Logic.Using_FPGA.Mux_Select_OF_Valid_LUT6               |                                            base_soc_microblaze_riscv_0_0_MB_LUT6__parameterized4 |          1 |          1 |       0 |    0 |    0 |      0 |      0 |          0 |
|                   Generating_Control_Logic.Using_FPGA.OF_Valid_DFF                           |                                                         base_soc_microblaze_riscv_0_0_MB_FDR_144 |         26 |         26 |       0 |    0 |    1 |      0 |      0 |          0 |
|               Use_MuxCy[10].OF_Piperun_Stage                                                 |                                                       base_soc_microblaze_riscv_0_0_carry_and_86 |          0 |          0 |       0 |    0 |    0 |      0 |      0 |          0 |
|                 MUXCY_I                                                                      |                                                       base_soc_microblaze_riscv_0_0_MB_MUXCY_137 |          0 |          0 |       0 |    0 |    0 |      0 |      0 |          0 |
|               Use_MuxCy[11].OF_Piperun_Stage                                                 |                                                       base_soc_microblaze_riscv_0_0_carry_and_87 |          3 |          3 |       0 |    0 |    0 |      0 |      0 |          0 |
|                 MUXCY_I                                                                      |                                                       base_soc_microblaze_riscv_0_0_MB_MUXCY_136 |          3 |          3 |       0 |    0 |    0 |      0 |      0 |          0 |
|               Use_MuxCy[12].OF_Piperun_Stage                                                 |                                                       base_soc_microblaze_riscv_0_0_carry_and_88 |          0 |          0 |       0 |    0 |    0 |      0 |      0 |          0 |
|                 MUXCY_I                                                                      |                                                       base_soc_microblaze_riscv_0_0_MB_MUXCY_135 |          0 |          0 |       0 |    0 |    0 |      0 |      0 |          0 |
|               Use_MuxCy[13].OF_Piperun_Stage                                                 |                                                       base_soc_microblaze_riscv_0_0_carry_and_89 |          1 |          1 |       0 |    0 |    0 |      0 |      0 |          0 |
|                 MUXCY_I                                                                      |                                                       base_soc_microblaze_riscv_0_0_MB_MUXCY_134 |          1 |          1 |       0 |    0 |    0 |      0 |      0 |          0 |
|               Use_MuxCy[1].OF_Piperun_Stage                                                  |                                                       base_soc_microblaze_riscv_0_0_carry_and_90 |          0 |          0 |       0 |    0 |    0 |      0 |      0 |          0 |
|                 MUXCY_I                                                                      |                                                       base_soc_microblaze_riscv_0_0_MB_MUXCY_133 |          0 |          0 |       0 |    0 |    0 |      0 |      0 |          0 |
|               Use_MuxCy[2].OF_Piperun_Stage                                                  |                                                       base_soc_microblaze_riscv_0_0_carry_and_91 |          0 |          0 |       0 |    0 |    0 |      0 |      0 |          0 |
|                 MUXCY_I                                                                      |                                                       base_soc_microblaze_riscv_0_0_MB_MUXCY_132 |          0 |          0 |       0 |    0 |    0 |      0 |      0 |          0 |
|               Use_MuxCy[3].OF_Piperun_Stage                                                  |                                                       base_soc_microblaze_riscv_0_0_carry_and_92 |          0 |          0 |       0 |    0 |    0 |      0 |      0 |          0 |
|                 MUXCY_I                                                                      |                                                       base_soc_microblaze_riscv_0_0_MB_MUXCY_131 |          0 |          0 |       0 |    0 |    0 |      0 |      0 |          0 |
|               Use_MuxCy[4].OF_Piperun_Stage                                                  |                                                       base_soc_microblaze_riscv_0_0_carry_and_93 |          0 |          0 |       0 |    0 |    0 |      0 |      0 |          0 |
|                 MUXCY_I                                                                      |                                                       base_soc_microblaze_riscv_0_0_MB_MUXCY_130 |          0 |          0 |       0 |    0 |    0 |      0 |      0 |          0 |
|               Use_MuxCy[5].OF_Piperun_Stage                                                  |                                                       base_soc_microblaze_riscv_0_0_carry_and_94 |          7 |          7 |       0 |    0 |    0 |      0 |      0 |          0 |
|                 MUXCY_I                                                                      |                                                       base_soc_microblaze_riscv_0_0_MB_MUXCY_129 |          7 |          7 |       0 |    0 |    0 |      0 |      0 |          0 |
|               Use_MuxCy[6].OF_Piperun_Stage                                                  |                                                       base_soc_microblaze_riscv_0_0_carry_and_95 |          0 |          0 |       0 |    0 |    0 |      0 |      0 |          0 |
|                 MUXCY_I                                                                      |                                                       base_soc_microblaze_riscv_0_0_MB_MUXCY_128 |          0 |          0 |       0 |    0 |    0 |      0 |      0 |          0 |
|               Use_MuxCy[7].OF_Piperun_Stage                                                  |                                                       base_soc_microblaze_riscv_0_0_carry_and_96 |          0 |          0 |       0 |    0 |    0 |      0 |      0 |          0 |
|                 MUXCY_I                                                                      |                                                       base_soc_microblaze_riscv_0_0_MB_MUXCY_127 |          0 |          0 |       0 |    0 |    0 |      0 |      0 |          0 |
|               Use_MuxCy[8].OF_Piperun_Stage                                                  |                                                       base_soc_microblaze_riscv_0_0_carry_and_97 |          0 |          0 |       0 |    0 |    0 |      0 |      0 |          0 |
|                 MUXCY_I                                                                      |                                                       base_soc_microblaze_riscv_0_0_MB_MUXCY_126 |          0 |          0 |       0 |    0 |    0 |      0 |      0 |          0 |
|               Use_MuxCy[9].OF_Piperun_Stage                                                  |                                                       base_soc_microblaze_riscv_0_0_carry_and_98 |          0 |          0 |       0 |    0 |    0 |      0 |      0 |          0 |
|                 MUXCY_I                                                                      |                                                       base_soc_microblaze_riscv_0_0_MB_MUXCY_125 |          0 |          0 |       0 |    0 |    0 |      0 |      0 |          0 |
|               Using_FPGA_2.ex_byte_access_i_Inst                                             |                                                         base_soc_microblaze_riscv_0_0_MB_FDRE_99 |          9 |          9 |       0 |    0 |    1 |      0 |      0 |          0 |
|               Using_FPGA_2.ex_doublet_access_i_Inst                                          |                                                        base_soc_microblaze_riscv_0_0_MB_FDRE_100 |          7 |          7 |       0 |    0 |    1 |      0 |      0 |          0 |
|               Using_FPGA_2.ex_is_load_instr_Inst                                             |                                                        base_soc_microblaze_riscv_0_0_MB_FDRE_101 |          2 |          2 |       0 |    0 |    1 |      0 |      0 |          0 |
|               Using_FPGA_2.ex_load_store_instr_Inst                                          |                                                        base_soc_microblaze_riscv_0_0_MB_FDRE_102 |          3 |          3 |       0 |    0 |    1 |      0 |      0 |          0 |
|               Using_FPGA_2.ex_signed_access_Inst                                             |                                                        base_soc_microblaze_riscv_0_0_MB_FDRE_103 |          2 |          2 |       0 |    0 |    1 |      0 |      0 |          0 |
|               Using_FPGA_4.of_read_ex_write_op1_conflict_INST1                               |                                            base_soc_microblaze_riscv_0_0_MB_LUT6__parameterized6 |          1 |          1 |       0 |    0 |    0 |      0 |      0 |          0 |
|               Using_FPGA_4.of_read_ex_write_op1_conflict_INST2                               |                                            base_soc_microblaze_riscv_0_0_MB_LUT6__parameterized8 |          1 |          1 |       0 |    0 |    0 |      0 |      0 |          0 |
|               Using_FPGA_4.of_read_ex_write_op2_conflict_INST1                               |                                        base_soc_microblaze_riscv_0_0_MB_LUT6__parameterized6_104 |          1 |          1 |       0 |    0 |    0 |      0 |      0 |          0 |
|               Using_FPGA_4.of_read_ex_write_op2_conflict_INST2                               |                                        base_soc_microblaze_riscv_0_0_MB_LUT6__parameterized8_105 |          1 |          1 |       0 |    0 |    0 |      0 |      0 |          0 |
|               Using_FPGA_4.of_read_mem_write_op1_conflict_INST1                              |                                        base_soc_microblaze_riscv_0_0_MB_LUT6__parameterized6_106 |          1 |          1 |       0 |    0 |    0 |      0 |      0 |          0 |
|               Using_FPGA_4.of_read_mem_write_op1_conflict_INST2                              |                                        base_soc_microblaze_riscv_0_0_MB_LUT6__parameterized8_107 |          1 |          1 |       0 |    0 |    0 |      0 |      0 |          0 |
|               Using_FPGA_4.of_read_mem_write_op2_conflict_INST1                              |                                        base_soc_microblaze_riscv_0_0_MB_LUT6__parameterized6_108 |          1 |          1 |       0 |    0 |    0 |      0 |      0 |          0 |
|               Using_FPGA_4.of_read_mem_write_op2_conflict_INST2                              |                                        base_soc_microblaze_riscv_0_0_MB_LUT6__parameterized8_109 |          1 |          1 |       0 |    0 |    0 |      0 |      0 |          0 |
|               Using_OF_Pull_FPGA.PR_OF_Pull_Or1                                              |                                                           base_soc_microblaze_riscv_0_0_carry_or |          0 |          0 |       0 |    0 |    0 |      0 |      0 |          0 |
|                 MUXCY_I                                                                      |                                                       base_soc_microblaze_riscv_0_0_MB_MUXCY_124 |          0 |          0 |       0 |    0 |    0 |      0 |      0 |          0 |
|               Using_PC_Incr_Dbg_or_Prot.if_pc_incr_carry_and_1                               |                                                      base_soc_microblaze_riscv_0_0_carry_and_110 |          0 |          0 |       0 |    0 |    0 |      0 |      0 |          0 |
|                 MUXCY_I                                                                      |                                                       base_soc_microblaze_riscv_0_0_MB_MUXCY_123 |          0 |          0 |       0 |    0 |    0 |      0 |      0 |          0 |
|               if_pc_incr_carry_and_0                                                         |                                                      base_soc_microblaze_riscv_0_0_carry_and_111 |          1 |          1 |       0 |    0 |    0 |      0 |      0 |          0 |
|                 MUXCY_I                                                                      |                                                       base_soc_microblaze_riscv_0_0_MB_MUXCY_122 |          1 |          1 |       0 |    0 |    0 |      0 |      0 |          0 |
|               if_pc_incr_carry_and_3                                                         |                                                      base_soc_microblaze_riscv_0_0_carry_and_112 |          0 |          0 |       0 |    0 |    0 |      0 |      0 |          0 |
|                 MUXCY_I                                                                      |                                                       base_soc_microblaze_riscv_0_0_MB_MUXCY_121 |          0 |          0 |       0 |    0 |    0 |      0 |      0 |          0 |
|               jump_logic_I1                                                                  |                                 base_soc_microblaze_riscv_0_0_microblaze_riscv_v1_0_3_jump_logic |         26 |         26 |       0 |    0 |    7 |      0 |      0 |          0 |
|                 (jump_logic_I1)                                                              |                                 base_soc_microblaze_riscv_0_0_microblaze_riscv_v1_0_3_jump_logic |          1 |          1 |       0 |    0 |    7 |      0 |      0 |          0 |
|                 MB_MUXCY_CARRY3                                                              |                                                       base_soc_microblaze_riscv_0_0_MB_MUXCY_117 |          1 |          1 |       0 |    0 |    0 |      0 |      0 |          0 |
|                 MB_MUXCY_EX_Jump                                                             |                                                       base_soc_microblaze_riscv_0_0_MB_MUXCY_118 |          2 |          2 |       0 |    0 |    0 |      0 |      0 |          0 |
|                 MB_MUXCY_EX_Jump2                                                            |                                                     base_soc_microblaze_riscv_0_0_MB_MUXCY_XORCY |         21 |         21 |       0 |    0 |    0 |      0 |      0 |          0 |
|                 MUXCY_JUMP_CARRY2                                                            |                                                       base_soc_microblaze_riscv_0_0_MB_MUXCY_119 |          1 |          1 |       0 |    0 |    0 |      0 |      0 |          0 |
|                 MUXCY_JUMP_CARRY4                                                            |                                                       base_soc_microblaze_riscv_0_0_MB_MUXCY_120 |          0 |          0 |       0 |    0 |    0 |      0 |      0 |          0 |
|               mem_PipeRun_carry_and                                                          |                                                      base_soc_microblaze_riscv_0_0_carry_and_113 |          5 |          5 |       0 |    0 |    0 |      0 |      0 |          0 |
|                 MUXCY_I                                                                      |                                                       base_soc_microblaze_riscv_0_0_MB_MUXCY_116 |          5 |          5 |       0 |    0 |    0 |      0 |      0 |          0 |
|               mem_wait_on_ready_N_carry_or                                                   |                                                       base_soc_microblaze_riscv_0_0_carry_or_114 |          1 |          1 |       0 |    0 |    0 |      0 |      0 |          0 |
|                 MUXCY_I                                                                      |                                                       base_soc_microblaze_riscv_0_0_MB_MUXCY_115 |          1 |          1 |       0 |    0 |    0 |      0 |      0 |          0 |
|             Has_a_WB_DFF.read_data_mux_I                                                     |                                                      base_soc_microblaze_riscv_0_0_read_data_mux |         13 |         13 |       0 |    0 |    0 |      0 |      0 |          0 |
|             MMU_I                                                                            |                                        base_soc_microblaze_riscv_0_0_microblaze_riscv_v1_0_3_MMU |          0 |          0 |       0 |    0 |   32 |      0 |      0 |          0 |
|             Use_DBUS.DAXI_Interface_I1                                                       |                             base_soc_microblaze_riscv_0_0_microblaze_riscv_v1_0_3_DAXI_interface |         45 |         45 |       0 |    0 |   40 |      0 |      0 |          0 |
|             Use_Debug_Logic.Master_Core.Debug_Perf                                           |                                                        base_soc_microblaze_riscv_0_0_riscv_debug |        163 |        163 |       0 |    0 |  340 |      0 |      0 |          0 |
|               (Use_Debug_Logic.Master_Core.Debug_Perf)                                       |                                                        base_soc_microblaze_riscv_0_0_riscv_debug |        154 |        154 |       0 |    0 |  315 |      0 |      0 |          0 |
|               Serial_Dbg_Intf.abstractcs_busy_rst_i                                          |                                          base_soc_microblaze_riscv_0_0_xil_scan_reset_control__8 |          0 |          0 |       0 |    0 |    0 |      0 |      0 |          0 |
|               Serial_Dbg_Intf.continue_from_brk_rst_i                                        |                                          base_soc_microblaze_riscv_0_0_xil_scan_reset_control__6 |          0 |          0 |       0 |    0 |    0 |      0 |      0 |          0 |
|               Serial_Dbg_Intf.new_dbg_instr_rst_i                                            |                                          base_soc_microblaze_riscv_0_0_xil_scan_reset_control__9 |          0 |          0 |       0 |    0 |    0 |      0 |      0 |          0 |
|               Serial_Dbg_Intf.normal_stop_cmd_rst_i                                          |                                          base_soc_microblaze_riscv_0_0_xil_scan_reset_control__4 |          0 |          0 |       0 |    0 |    0 |      0 |      0 |          0 |
|               Serial_Dbg_Intf.register_read_rst_i                                            |                                         base_soc_microblaze_riscv_0_0_xil_scan_reset_control__11 |          0 |          0 |       0 |    0 |    0 |      0 |      0 |          0 |
|               Serial_Dbg_Intf.register_write_rst_i                                           |                                         base_soc_microblaze_riscv_0_0_xil_scan_reset_control__10 |          0 |          0 |       0 |    0 |    0 |      0 |      0 |          0 |
|               Serial_Dbg_Intf.resethaltreq_sample                                            |                                     base_soc_microblaze_riscv_0_0_mb_sync_bit__parameterized1_36 |          0 |          0 |       0 |    0 |    2 |      0 |      0 |          0 |
|               Serial_Dbg_Intf.resume_rst_i                                                   |                                          base_soc_microblaze_riscv_0_0_xil_scan_reset_control__7 |          0 |          0 |       0 |    0 |    0 |      0 |      0 |          0 |
|               Serial_Dbg_Intf.running_clk_rst_i                                              |                                             base_soc_microblaze_riscv_0_0_xil_scan_reset_control |          0 |          0 |       0 |    0 |    0 |      0 |      0 |          0 |
|               Serial_Dbg_Intf.start_single_step_rst_i                                        |                                          base_soc_microblaze_riscv_0_0_xil_scan_reset_control__5 |          0 |          0 |       0 |    0 |    0 |      0 |      0 |          0 |
|               Serial_Dbg_Intf.sync_running_clock                                             |                                        base_soc_microblaze_riscv_0_0_mb_sync_bit__parameterized5 |          0 |          0 |       0 |    0 |    1 |      0 |      0 |          0 |
|               Serial_Dbg_Intf.sync_sample                                                    |                                                        base_soc_microblaze_riscv_0_0_mb_sync_vec |          3 |          3 |       0 |    0 |   20 |      0 |      0 |          0 |
|                 sync_bits[0].sync_bit                                                        |                                     base_soc_microblaze_riscv_0_0_mb_sync_bit__parameterized1_39 |          0 |          0 |       0 |    0 |    2 |      0 |      0 |          0 |
|                 sync_bits[11].sync_bit                                                       |                                     base_soc_microblaze_riscv_0_0_mb_sync_bit__parameterized1_41 |          1 |          1 |       0 |    0 |    2 |      0 |      0 |          0 |
|                 sync_bits[1].sync_bit                                                        |                                     base_soc_microblaze_riscv_0_0_mb_sync_bit__parameterized1_42 |          1 |          1 |       0 |    0 |    2 |      0 |      0 |          0 |
|                 sync_bits[3].sync_bit                                                        |                                     base_soc_microblaze_riscv_0_0_mb_sync_bit__parameterized1_44 |          0 |          0 |       0 |    0 |    2 |      0 |      0 |          0 |
|                 sync_bits[4].sync_bit                                                        |                                     base_soc_microblaze_riscv_0_0_mb_sync_bit__parameterized1_45 |          0 |          0 |       0 |    0 |    2 |      0 |      0 |          0 |
|                 sync_bits[5].sync_bit                                                        |                                     base_soc_microblaze_riscv_0_0_mb_sync_bit__parameterized1_46 |          0 |          0 |       0 |    0 |    2 |      0 |      0 |          0 |
|                 sync_bits[6].sync_bit                                                        |                                     base_soc_microblaze_riscv_0_0_mb_sync_bit__parameterized1_47 |          0 |          0 |       0 |    0 |    2 |      0 |      0 |          0 |
|                 sync_bits[7].sync_bit                                                        |                                     base_soc_microblaze_riscv_0_0_mb_sync_bit__parameterized1_48 |          0 |          0 |       0 |    0 |    2 |      0 |      0 |          0 |
|                 sync_bits[8].sync_bit                                                        |                                     base_soc_microblaze_riscv_0_0_mb_sync_bit__parameterized1_49 |          0 |          0 |       0 |    0 |    2 |      0 |      0 |          0 |
|                 sync_bits[9].sync_bit                                                        |                                     base_soc_microblaze_riscv_0_0_mb_sync_bit__parameterized1_50 |          1 |          1 |       0 |    0 |    2 |      0 |      0 |          0 |
|               Serial_Dbg_Intf.sync_step                                                      |                                     base_soc_microblaze_riscv_0_0_mb_sync_bit__parameterized5_37 |          2 |          2 |       0 |    0 |    1 |      0 |      0 |          0 |
|               Serial_Dbg_Intf.sync_stop_CPU                                                  |                                     base_soc_microblaze_riscv_0_0_mb_sync_bit__parameterized5_38 |          4 |          4 |       0 |    0 |    1 |      0 |      0 |          0 |
|             Use_Debug_Logic.Master_Core.Trigger_Perf                                         |                                                            base_soc_microblaze_riscv_0_0_trigger |          8 |          8 |       0 |    0 |   36 |      0 |      0 |          0 |
|               (Use_Debug_Logic.Master_Core.Trigger_Perf)                                     |                                                            base_soc_microblaze_riscv_0_0_trigger |          0 |          0 |       0 |    0 |   36 |      0 |      0 |          0 |
|               Use_Trigger.Using_PC_Breakpoints.All_PC_Brks[0].address_hit_I                  |                                                      base_soc_microblaze_riscv_0_0_carry_compare |          8 |          8 |       0 |    0 |    0 |      0 |      0 |          0 |
|                 The_Compare[0].carry_and_I1                                                  |                                                          base_soc_microblaze_riscv_0_0_carry_and |          3 |          3 |       0 |    0 |    0 |      0 |      0 |          0 |
|                   MUXCY_I                                                                    |                                                        base_soc_microblaze_riscv_0_0_MB_MUXCY_35 |          3 |          3 |       0 |    0 |    0 |      0 |      0 |          0 |
|                 The_Compare[10].carry_and_I1                                                 |                                                       base_soc_microblaze_riscv_0_0_carry_and_16 |          1 |          1 |       0 |    0 |    0 |      0 |      0 |          0 |
|                   MUXCY_I                                                                    |                                                        base_soc_microblaze_riscv_0_0_MB_MUXCY_34 |          1 |          1 |       0 |    0 |    0 |      0 |      0 |          0 |
|                 The_Compare[1].carry_and_I1                                                  |                                                       base_soc_microblaze_riscv_0_0_carry_and_17 |          1 |          1 |       0 |    0 |    0 |      0 |      0 |          0 |
|                   MUXCY_I                                                                    |                                                        base_soc_microblaze_riscv_0_0_MB_MUXCY_33 |          1 |          1 |       0 |    0 |    0 |      0 |      0 |          0 |
|                 The_Compare[2].carry_and_I1                                                  |                                                       base_soc_microblaze_riscv_0_0_carry_and_18 |          1 |          1 |       0 |    0 |    0 |      0 |      0 |          0 |
|                   MUXCY_I                                                                    |                                                        base_soc_microblaze_riscv_0_0_MB_MUXCY_32 |          1 |          1 |       0 |    0 |    0 |      0 |      0 |          0 |
|                 The_Compare[3].carry_and_I1                                                  |                                                       base_soc_microblaze_riscv_0_0_carry_and_19 |          1 |          1 |       0 |    0 |    0 |      0 |      0 |          0 |
|                   MUXCY_I                                                                    |                                                        base_soc_microblaze_riscv_0_0_MB_MUXCY_31 |          1 |          1 |       0 |    0 |    0 |      0 |      0 |          0 |
|                 The_Compare[4].carry_and_I1                                                  |                                                       base_soc_microblaze_riscv_0_0_carry_and_20 |          1 |          1 |       0 |    0 |    0 |      0 |      0 |          0 |
|                   MUXCY_I                                                                    |                                                        base_soc_microblaze_riscv_0_0_MB_MUXCY_30 |          1 |          1 |       0 |    0 |    0 |      0 |      0 |          0 |
|                 The_Compare[5].carry_and_I1                                                  |                                                       base_soc_microblaze_riscv_0_0_carry_and_21 |          0 |          0 |       0 |    0 |    0 |      0 |      0 |          0 |
|                   MUXCY_I                                                                    |                                                        base_soc_microblaze_riscv_0_0_MB_MUXCY_29 |          0 |          0 |       0 |    0 |    0 |      0 |      0 |          0 |
|                 The_Compare[6].carry_and_I1                                                  |                                                       base_soc_microblaze_riscv_0_0_carry_and_22 |          0 |          0 |       0 |    0 |    0 |      0 |      0 |          0 |
|                   MUXCY_I                                                                    |                                                        base_soc_microblaze_riscv_0_0_MB_MUXCY_28 |          0 |          0 |       0 |    0 |    0 |      0 |      0 |          0 |
|                 The_Compare[7].carry_and_I1                                                  |                                                       base_soc_microblaze_riscv_0_0_carry_and_23 |          0 |          0 |       0 |    0 |    0 |      0 |      0 |          0 |
|                   MUXCY_I                                                                    |                                                        base_soc_microblaze_riscv_0_0_MB_MUXCY_27 |          0 |          0 |       0 |    0 |    0 |      0 |      0 |          0 |
|                 The_Compare[8].carry_and_I1                                                  |                                                       base_soc_microblaze_riscv_0_0_carry_and_24 |          0 |          0 |       0 |    0 |    0 |      0 |      0 |          0 |
|                   MUXCY_I                                                                    |                                                        base_soc_microblaze_riscv_0_0_MB_MUXCY_26 |          0 |          0 |       0 |    0 |    0 |      0 |      0 |          0 |
|                 The_Compare[9].carry_and_I1                                                  |                                                       base_soc_microblaze_riscv_0_0_carry_and_25 |          0 |          0 |       0 |    0 |    0 |      0 |      0 |          0 |
|                   MUXCY_I                                                                    |                                                           base_soc_microblaze_riscv_0_0_MB_MUXCY |          0 |          0 |       0 |    0 |    0 |      0 |      0 |          0 |
|             instr_mux_I                                                                      |                                                          base_soc_microblaze_riscv_0_0_instr_mux |         16 |         16 |       0 |    0 |    0 |      0 |      0 |          0 |
|               Mux_LD.LD_inst                                                                 |                                                            base_soc_microblaze_riscv_0_0_mux_bus |         16 |         16 |       0 |    0 |    0 |      0 |      0 |          0 |
|                 Mux_Loop[0].I_MUX_LUT6                                                       |                                          base_soc_microblaze_riscv_0_0_MB_LUT6_2__parameterized1 |          1 |          1 |       0 |    0 |    0 |      0 |      0 |          0 |
|                 Mux_Loop[10].I_MUX_LUT6                                                      |                                        base_soc_microblaze_riscv_0_0_MB_LUT6_2__parameterized1_1 |          1 |          1 |       0 |    0 |    0 |      0 |      0 |          0 |
|                 Mux_Loop[11].I_MUX_LUT6                                                      |                                        base_soc_microblaze_riscv_0_0_MB_LUT6_2__parameterized1_2 |          1 |          1 |       0 |    0 |    0 |      0 |      0 |          0 |
|                 Mux_Loop[12].I_MUX_LUT6                                                      |                                        base_soc_microblaze_riscv_0_0_MB_LUT6_2__parameterized1_3 |          1 |          1 |       0 |    0 |    0 |      0 |      0 |          0 |
|                 Mux_Loop[13].I_MUX_LUT6                                                      |                                        base_soc_microblaze_riscv_0_0_MB_LUT6_2__parameterized1_4 |          1 |          1 |       0 |    0 |    0 |      0 |      0 |          0 |
|                 Mux_Loop[14].I_MUX_LUT6                                                      |                                        base_soc_microblaze_riscv_0_0_MB_LUT6_2__parameterized1_5 |          1 |          1 |       0 |    0 |    0 |      0 |      0 |          0 |
|                 Mux_Loop[15].I_MUX_LUT6                                                      |                                        base_soc_microblaze_riscv_0_0_MB_LUT6_2__parameterized1_6 |          1 |          1 |       0 |    0 |    0 |      0 |      0 |          0 |
|                 Mux_Loop[1].I_MUX_LUT6                                                       |                                        base_soc_microblaze_riscv_0_0_MB_LUT6_2__parameterized1_7 |          1 |          1 |       0 |    0 |    0 |      0 |      0 |          0 |
|                 Mux_Loop[2].I_MUX_LUT6                                                       |                                        base_soc_microblaze_riscv_0_0_MB_LUT6_2__parameterized1_8 |          1 |          1 |       0 |    0 |    0 |      0 |      0 |          0 |
|                 Mux_Loop[3].I_MUX_LUT6                                                       |                                        base_soc_microblaze_riscv_0_0_MB_LUT6_2__parameterized1_9 |          1 |          1 |       0 |    0 |    0 |      0 |      0 |          0 |
|                 Mux_Loop[4].I_MUX_LUT6                                                       |                                       base_soc_microblaze_riscv_0_0_MB_LUT6_2__parameterized1_10 |          1 |          1 |       0 |    0 |    0 |      0 |      0 |          0 |
|                 Mux_Loop[5].I_MUX_LUT6                                                       |                                       base_soc_microblaze_riscv_0_0_MB_LUT6_2__parameterized1_11 |          1 |          1 |       0 |    0 |    0 |      0 |      0 |          0 |
|                 Mux_Loop[6].I_MUX_LUT6                                                       |                                       base_soc_microblaze_riscv_0_0_MB_LUT6_2__parameterized1_12 |          1 |          1 |       0 |    0 |    0 |      0 |      0 |          0 |
|                 Mux_Loop[7].I_MUX_LUT6                                                       |                                       base_soc_microblaze_riscv_0_0_MB_LUT6_2__parameterized1_13 |          1 |          1 |       0 |    0 |    0 |      0 |      0 |          0 |
|                 Mux_Loop[8].I_MUX_LUT6                                                       |                                       base_soc_microblaze_riscv_0_0_MB_LUT6_2__parameterized1_14 |          1 |          1 |       0 |    0 |    0 |      0 |      0 |          0 |
|                 Mux_Loop[9].I_MUX_LUT6                                                       |                                       base_soc_microblaze_riscv_0_0_MB_LUT6_2__parameterized1_15 |          1 |          1 |       0 |    0 |    0 |      0 |      0 |          0 |
|           Reset_DFF                                                                          |                                                        base_soc_microblaze_riscv_0_0_mb_sync_bit |          1 |          1 |       0 |    0 |    2 |      0 |      0 |          0 |
|     microblaze_riscv_0_axi_intc                                                              |                                                           base_soc_microblaze_riscv_0_axi_intc_0 |        134 |        102 |      32 |    0 |  182 |      0 |      0 |          0 |
|       U0                                                                                     |                                                  base_soc_microblaze_riscv_0_axi_intc_0_axi_intc |        134 |        102 |      32 |    0 |  182 |      0 |      0 |          0 |
|         (U0)                                                                                 |                                                  base_soc_microblaze_riscv_0_axi_intc_0_axi_intc |          0 |          0 |       0 |    0 |    4 |      0 |      0 |          0 |
|         AXI_LITE_IPIF_I                                                                      |                                             base_soc_microblaze_riscv_0_axi_intc_0_axi_lite_ipif |         76 |         76 |       0 |    0 |   78 |      0 |      0 |          0 |
|           I_SLAVE_ATTACHMENT                                                                 |                                          base_soc_microblaze_riscv_0_axi_intc_0_slave_attachment |         76 |         76 |       0 |    0 |   78 |      0 |      0 |          0 |
|             (I_SLAVE_ATTACHMENT)                                                             |                                          base_soc_microblaze_riscv_0_axi_intc_0_slave_attachment |         24 |         24 |       0 |    0 |   58 |      0 |      0 |          0 |
|             I_DECODER                                                                        |                                           base_soc_microblaze_riscv_0_axi_intc_0_address_decoder |         52 |         52 |       0 |    0 |   20 |      0 |      0 |          0 |
|         INTC_CORE_I                                                                          |                                                 base_soc_microblaze_riscv_0_axi_intc_0_intc_core |         59 |         27 |      32 |    0 |  100 |      0 |      0 |          0 |
|           (INTC_CORE_I)                                                                      |                                                 base_soc_microblaze_riscv_0_axi_intc_0_intc_core |         27 |         27 |       0 |    0 |   36 |      0 |      0 |          0 |
|           IVAR_FAST_MODE_GEN.IVAR_REG_MEM_AXI_CLK_GEN.IVAR_REG_MEM_I                         |                                           base_soc_microblaze_riscv_0_axi_intc_0_shared_ram_ivar |         32 |          0 |      32 |    0 |   64 |      0 |      0 |          0 |
|     microblaze_riscv_0_axi_periph                                                            |                                                         base_soc_microblaze_riscv_0_axi_periph_0 |        179 |        179 |       0 |    0 |  120 |      0 |      0 |          0 |
|       xbar                                                                                   |                                                base_soc_microblaze_riscv_0_axi_periph_imp_xbar_0 |        179 |        179 |       0 |    0 |  120 |      0 |      0 |          0 |
|         inst                                                                                 |              base_soc_microblaze_riscv_0_axi_periph_imp_xbar_0_axi_crossbar_v2_1_34_axi_crossbar |        179 |        179 |       0 |    0 |  120 |      0 |      0 |          0 |
|           gen_sasd.crossbar_sasd_0                                                           |             base_soc_microblaze_riscv_0_axi_periph_imp_xbar_0_axi_crossbar_v2_1_34_crossbar_sasd |        179 |        179 |       0 |    0 |  120 |      0 |      0 |          0 |
|             (gen_sasd.crossbar_sasd_0)                                                       |             base_soc_microblaze_riscv_0_axi_periph_imp_xbar_0_axi_crossbar_v2_1_34_crossbar_sasd |          3 |          3 |       0 |    0 |   10 |      0 |      0 |          0 |
|             addr_arbiter_inst                                                                |         base_soc_microblaze_riscv_0_axi_periph_imp_xbar_0_axi_crossbar_v2_1_34_addr_arbiter_sasd |         50 |         50 |       0 |    0 |   29 |      0 |      0 |          0 |
|             gen_decerr.decerr_slave_inst                                                     |              base_soc_microblaze_riscv_0_axi_periph_imp_xbar_0_axi_crossbar_v2_1_34_decerr_slave |         10 |         10 |       0 |    0 |    4 |      0 |      0 |          0 |
|             reg_slice_r                                                                      | base_soc_microblaze_riscv_0_axi_periph_imp_xbar_0_axi_register_slice_v2_1_33_axic_register_slice |        108 |        108 |       0 |    0 |   72 |      0 |      0 |          0 |
|             splitter_ar                                                                      |  base_soc_microblaze_riscv_0_axi_periph_imp_xbar_0_axi_crossbar_v2_1_34_splitter__parameterized0 |          3 |          3 |       0 |    0 |    2 |      0 |      0 |          0 |
|             splitter_aw                                                                      |                  base_soc_microblaze_riscv_0_axi_periph_imp_xbar_0_axi_crossbar_v2_1_34_splitter |          6 |          6 |       0 |    0 |    3 |      0 |      0 |          0 |
|     microblaze_riscv_0_local_memory                                                          |                                                       microblaze_riscv_0_local_memory_imp_R4JR1S |         44 |         42 |       0 |    2 |   14 |     32 |      0 |          0 |
|       (microblaze_riscv_0_local_memory)                                                      |                                                       microblaze_riscv_0_local_memory_imp_R4JR1S |          0 |          0 |       0 |    0 |    0 |      0 |      0 |          0 |
|       dlmb_bram_if_cntlr                                                                     |                                                                    base_soc_dlmb_bram_if_cntlr_0 |          4 |          4 |       0 |    0 |    2 |      0 |      0 |          0 |
|         U0                                                                                   |                                                  base_soc_dlmb_bram_if_cntlr_0_lmb_bram_if_cntlr |          4 |          4 |       0 |    0 |    2 |      0 |      0 |          0 |
|       dlmb_v10                                                                               |                                                                              base_soc_dlmb_v10_0 |          0 |          0 |       0 |    0 |    0 |      0 |      0 |          0 |
|         U0                                                                                   |                                                                      base_soc_dlmb_v10_0_lmb_v10 |          0 |          0 |       0 |    0 |    0 |      0 |      0 |          0 |
|       ilmb_bram_if_cntlr                                                                     |                                                                    base_soc_ilmb_bram_if_cntlr_0 |          2 |          2 |       0 |    0 |    2 |      0 |      0 |          0 |
|         U0                                                                                   |                                                  base_soc_ilmb_bram_if_cntlr_0_lmb_bram_if_cntlr |          2 |          2 |       0 |    0 |    2 |      0 |      0 |          0 |
|       ilmb_v10                                                                               |                                                                              base_soc_ilmb_v10_0 |          0 |          0 |       0 |    0 |    0 |      0 |      0 |          0 |
|         U0                                                                                   |                                                                      base_soc_ilmb_v10_0_lmb_v10 |          0 |          0 |       0 |    0 |    0 |      0 |      0 |          0 |
|       lmb_bram                                                                               |                                                                              base_soc_lmb_bram_0 |         38 |         36 |       0 |    2 |   10 |     32 |      0 |          0 |
|         U0                                                                                   |                                                           base_soc_lmb_bram_0_blk_mem_gen_v8_4_9 |         38 |         36 |       0 |    2 |   10 |     32 |      0 |          0 |
|           inst_blk_mem_gen                                                                   |                                                     base_soc_lmb_bram_0_blk_mem_gen_v8_4_9_synth |         38 |         36 |       0 |    2 |   10 |     32 |      0 |          0 |
|             gnbram.gnative_mem_map_bmg.native_mem_map_blk_mem_gen                            |                                                              base_soc_lmb_bram_0_blk_mem_gen_top |         38 |         36 |       0 |    2 |   10 |     32 |      0 |          0 |
|               valid.cstr                                                                     |                                                     base_soc_lmb_bram_0_blk_mem_gen_generic_cstr |         38 |         36 |       0 |    2 |   10 |     32 |      0 |          0 |
|                 ramloop[0].ram.r                                                             |                                                       base_soc_lmb_bram_0_blk_mem_gen_prim_width |          1 |          1 |       0 |    0 |    0 |      1 |      0 |          0 |
|                   prim_noinit.ram                                                            |                                                     base_soc_lmb_bram_0_blk_mem_gen_prim_wrapper |          1 |          1 |       0 |    0 |    0 |      1 |      0 |          0 |
|                 ramloop[10].ram.r                                                            |                                       base_soc_lmb_bram_0_blk_mem_gen_prim_width__parameterized9 |          1 |          1 |       0 |    0 |    0 |      1 |      0 |          0 |
|                   prim_noinit.ram                                                            |                                     base_soc_lmb_bram_0_blk_mem_gen_prim_wrapper__parameterized9 |          1 |          1 |       0 |    0 |    0 |      1 |      0 |          0 |
|                 ramloop[11].ram.r                                                            |                                      base_soc_lmb_bram_0_blk_mem_gen_prim_width__parameterized10 |          1 |          1 |       0 |    0 |    0 |      1 |      0 |          0 |
|                   prim_noinit.ram                                                            |                                    base_soc_lmb_bram_0_blk_mem_gen_prim_wrapper__parameterized10 |          1 |          1 |       0 |    0 |    0 |      1 |      0 |          0 |
|                 ramloop[12].ram.r                                                            |                                      base_soc_lmb_bram_0_blk_mem_gen_prim_width__parameterized11 |          1 |          1 |       0 |    0 |    0 |      1 |      0 |          0 |
|                   prim_noinit.ram                                                            |                                    base_soc_lmb_bram_0_blk_mem_gen_prim_wrapper__parameterized11 |          1 |          1 |       0 |    0 |    0 |      1 |      0 |          0 |
|                 ramloop[13].ram.r                                                            |                                      base_soc_lmb_bram_0_blk_mem_gen_prim_width__parameterized12 |          1 |          1 |       0 |    0 |    0 |      1 |      0 |          0 |
|                   prim_noinit.ram                                                            |                                    base_soc_lmb_bram_0_blk_mem_gen_prim_wrapper__parameterized12 |          1 |          1 |       0 |    0 |    0 |      1 |      0 |          0 |
|                 ramloop[14].ram.r                                                            |                                      base_soc_lmb_bram_0_blk_mem_gen_prim_width__parameterized13 |          1 |          1 |       0 |    0 |    0 |      1 |      0 |          0 |
|                   prim_noinit.ram                                                            |                                    base_soc_lmb_bram_0_blk_mem_gen_prim_wrapper__parameterized13 |          1 |          1 |       0 |    0 |    0 |      1 |      0 |          0 |
|                 ramloop[15].ram.r                                                            |                                      base_soc_lmb_bram_0_blk_mem_gen_prim_width__parameterized14 |          1 |          1 |       0 |    0 |    0 |      1 |      0 |          0 |
|                   prim_noinit.ram                                                            |                                    base_soc_lmb_bram_0_blk_mem_gen_prim_wrapper__parameterized14 |          1 |          1 |       0 |    0 |    0 |      1 |      0 |          0 |
|                 ramloop[16].ram.r                                                            |                                      base_soc_lmb_bram_0_blk_mem_gen_prim_width__parameterized15 |          1 |          1 |       0 |    0 |    0 |      1 |      0 |          0 |
|                   prim_noinit.ram                                                            |                                    base_soc_lmb_bram_0_blk_mem_gen_prim_wrapper__parameterized15 |          1 |          1 |       0 |    0 |    0 |      1 |      0 |          0 |
|                 ramloop[17].ram.r                                                            |                                      base_soc_lmb_bram_0_blk_mem_gen_prim_width__parameterized16 |          1 |          1 |       0 |    0 |    0 |      1 |      0 |          0 |
|                   prim_noinit.ram                                                            |                                    base_soc_lmb_bram_0_blk_mem_gen_prim_wrapper__parameterized16 |          1 |          1 |       0 |    0 |    0 |      1 |      0 |          0 |
|                 ramloop[18].ram.r                                                            |                                      base_soc_lmb_bram_0_blk_mem_gen_prim_width__parameterized17 |          1 |          1 |       0 |    0 |    0 |      1 |      0 |          0 |
|                   prim_noinit.ram                                                            |                                    base_soc_lmb_bram_0_blk_mem_gen_prim_wrapper__parameterized17 |          1 |          1 |       0 |    0 |    0 |      1 |      0 |          0 |
|                 ramloop[19].ram.r                                                            |                                      base_soc_lmb_bram_0_blk_mem_gen_prim_width__parameterized18 |          1 |          1 |       0 |    0 |    0 |      1 |      0 |          0 |
|                   prim_noinit.ram                                                            |                                    base_soc_lmb_bram_0_blk_mem_gen_prim_wrapper__parameterized18 |          1 |          1 |       0 |    0 |    0 |      1 |      0 |          0 |
|                 ramloop[1].ram.r                                                             |                                       base_soc_lmb_bram_0_blk_mem_gen_prim_width__parameterized0 |          1 |          1 |       0 |    0 |    0 |      1 |      0 |          0 |
|                   prim_noinit.ram                                                            |                                     base_soc_lmb_bram_0_blk_mem_gen_prim_wrapper__parameterized0 |          1 |          1 |       0 |    0 |    0 |      1 |      0 |          0 |
|                 ramloop[20].ram.r                                                            |                                      base_soc_lmb_bram_0_blk_mem_gen_prim_width__parameterized19 |          1 |          1 |       0 |    0 |    0 |      1 |      0 |          0 |
|                   prim_noinit.ram                                                            |                                    base_soc_lmb_bram_0_blk_mem_gen_prim_wrapper__parameterized19 |          1 |          1 |       0 |    0 |    0 |      1 |      0 |          0 |
|                 ramloop[21].ram.r                                                            |                                      base_soc_lmb_bram_0_blk_mem_gen_prim_width__parameterized20 |          1 |          1 |       0 |    0 |    0 |      1 |      0 |          0 |
|                   prim_noinit.ram                                                            |                                    base_soc_lmb_bram_0_blk_mem_gen_prim_wrapper__parameterized20 |          1 |          1 |       0 |    0 |    0 |      1 |      0 |          0 |
|                 ramloop[22].ram.r                                                            |                                      base_soc_lmb_bram_0_blk_mem_gen_prim_width__parameterized21 |          1 |          1 |       0 |    0 |    0 |      1 |      0 |          0 |
|                   prim_noinit.ram                                                            |                                    base_soc_lmb_bram_0_blk_mem_gen_prim_wrapper__parameterized21 |          1 |          1 |       0 |    0 |    0 |      1 |      0 |          0 |
|                 ramloop[23].ram.r                                                            |                                      base_soc_lmb_bram_0_blk_mem_gen_prim_width__parameterized22 |          1 |          1 |       0 |    0 |    0 |      1 |      0 |          0 |
|                   prim_noinit.ram                                                            |                                    base_soc_lmb_bram_0_blk_mem_gen_prim_wrapper__parameterized22 |          1 |          1 |       0 |    0 |    0 |      1 |      0 |          0 |
|                 ramloop[24].ram.r                                                            |                                      base_soc_lmb_bram_0_blk_mem_gen_prim_width__parameterized23 |          1 |          1 |       0 |    0 |    0 |      1 |      0 |          0 |
|                   prim_noinit.ram                                                            |                                    base_soc_lmb_bram_0_blk_mem_gen_prim_wrapper__parameterized23 |          1 |          1 |       0 |    0 |    0 |      1 |      0 |          0 |
|                 ramloop[25].ram.r                                                            |                                      base_soc_lmb_bram_0_blk_mem_gen_prim_width__parameterized24 |          1 |          1 |       0 |    0 |    0 |      1 |      0 |          0 |
|                   prim_noinit.ram                                                            |                                    base_soc_lmb_bram_0_blk_mem_gen_prim_wrapper__parameterized24 |          1 |          1 |       0 |    0 |    0 |      1 |      0 |          0 |
|                 ramloop[26].ram.r                                                            |                                      base_soc_lmb_bram_0_blk_mem_gen_prim_width__parameterized25 |          1 |          1 |       0 |    0 |    0 |      1 |      0 |          0 |
|                   prim_noinit.ram                                                            |                                    base_soc_lmb_bram_0_blk_mem_gen_prim_wrapper__parameterized25 |          1 |          1 |       0 |    0 |    0 |      1 |      0 |          0 |
|                 ramloop[27].ram.r                                                            |                                      base_soc_lmb_bram_0_blk_mem_gen_prim_width__parameterized26 |          1 |          1 |       0 |    0 |    0 |      1 |      0 |          0 |
|                   prim_noinit.ram                                                            |                                    base_soc_lmb_bram_0_blk_mem_gen_prim_wrapper__parameterized26 |          1 |          1 |       0 |    0 |    0 |      1 |      0 |          0 |
|                 ramloop[28].ram.r                                                            |                                      base_soc_lmb_bram_0_blk_mem_gen_prim_width__parameterized27 |          1 |          1 |       0 |    0 |    0 |      1 |      0 |          0 |
|                   prim_noinit.ram                                                            |                                    base_soc_lmb_bram_0_blk_mem_gen_prim_wrapper__parameterized27 |          1 |          1 |       0 |    0 |    0 |      1 |      0 |          0 |
|                 ramloop[29].ram.r                                                            |                                      base_soc_lmb_bram_0_blk_mem_gen_prim_width__parameterized28 |          1 |          1 |       0 |    0 |    0 |      1 |      0 |          0 |
|                   prim_noinit.ram                                                            |                                    base_soc_lmb_bram_0_blk_mem_gen_prim_wrapper__parameterized28 |          1 |          1 |       0 |    0 |    0 |      1 |      0 |          0 |
|                 ramloop[2].ram.r                                                             |                                       base_soc_lmb_bram_0_blk_mem_gen_prim_width__parameterized1 |          1 |          1 |       0 |    0 |    0 |      1 |      0 |          0 |
|                   prim_noinit.ram                                                            |                                     base_soc_lmb_bram_0_blk_mem_gen_prim_wrapper__parameterized1 |          1 |          1 |       0 |    0 |    0 |      1 |      0 |          0 |
|                 ramloop[30].ram.r                                                            |                                      base_soc_lmb_bram_0_blk_mem_gen_prim_width__parameterized29 |          1 |          1 |       0 |    0 |    0 |      1 |      0 |          0 |
|                   prim_noinit.ram                                                            |                                    base_soc_lmb_bram_0_blk_mem_gen_prim_wrapper__parameterized29 |          1 |          1 |       0 |    0 |    0 |      1 |      0 |          0 |
|                 ramloop[31].ram.r                                                            |                                      base_soc_lmb_bram_0_blk_mem_gen_prim_width__parameterized30 |          7 |          5 |       0 |    2 |   10 |      1 |      0 |          0 |
|                   (ramloop[31].ram.r)                                                        |                                      base_soc_lmb_bram_0_blk_mem_gen_prim_width__parameterized30 |          4 |          2 |       0 |    2 |   10 |      0 |      0 |          0 |
|                   prim_noinit.ram                                                            |                                    base_soc_lmb_bram_0_blk_mem_gen_prim_wrapper__parameterized30 |          3 |          3 |       0 |    0 |    0 |      1 |      0 |          0 |
|                 ramloop[3].ram.r                                                             |                                       base_soc_lmb_bram_0_blk_mem_gen_prim_width__parameterized2 |          1 |          1 |       0 |    0 |    0 |      1 |      0 |          0 |
|                   prim_noinit.ram                                                            |                                     base_soc_lmb_bram_0_blk_mem_gen_prim_wrapper__parameterized2 |          1 |          1 |       0 |    0 |    0 |      1 |      0 |          0 |
|                 ramloop[4].ram.r                                                             |                                       base_soc_lmb_bram_0_blk_mem_gen_prim_width__parameterized3 |          1 |          1 |       0 |    0 |    0 |      1 |      0 |          0 |
|                   prim_noinit.ram                                                            |                                     base_soc_lmb_bram_0_blk_mem_gen_prim_wrapper__parameterized3 |          1 |          1 |       0 |    0 |    0 |      1 |      0 |          0 |
|                 ramloop[5].ram.r                                                             |                                       base_soc_lmb_bram_0_blk_mem_gen_prim_width__parameterized4 |          1 |          1 |       0 |    0 |    0 |      1 |      0 |          0 |
|                   prim_noinit.ram                                                            |                                     base_soc_lmb_bram_0_blk_mem_gen_prim_wrapper__parameterized4 |          1 |          1 |       0 |    0 |    0 |      1 |      0 |          0 |
|                 ramloop[6].ram.r                                                             |                                       base_soc_lmb_bram_0_blk_mem_gen_prim_width__parameterized5 |          1 |          1 |       0 |    0 |    0 |      1 |      0 |          0 |
|                   prim_noinit.ram                                                            |                                     base_soc_lmb_bram_0_blk_mem_gen_prim_wrapper__parameterized5 |          1 |          1 |       0 |    0 |    0 |      1 |      0 |          0 |
|                 ramloop[7].ram.r                                                             |                                       base_soc_lmb_bram_0_blk_mem_gen_prim_width__parameterized6 |          1 |          1 |       0 |    0 |    0 |      1 |      0 |          0 |
|                   prim_noinit.ram                                                            |                                     base_soc_lmb_bram_0_blk_mem_gen_prim_wrapper__parameterized6 |          1 |          1 |       0 |    0 |    0 |      1 |      0 |          0 |
|                 ramloop[8].ram.r                                                             |                                       base_soc_lmb_bram_0_blk_mem_gen_prim_width__parameterized7 |          1 |          1 |       0 |    0 |    0 |      1 |      0 |          0 |
|                   prim_noinit.ram                                                            |                                     base_soc_lmb_bram_0_blk_mem_gen_prim_wrapper__parameterized7 |          1 |          1 |       0 |    0 |    0 |      1 |      0 |          0 |
|                 ramloop[9].ram.r                                                             |                                       base_soc_lmb_bram_0_blk_mem_gen_prim_width__parameterized8 |          1 |          1 |       0 |    0 |    0 |      1 |      0 |          0 |
|                   prim_noinit.ram                                                            |                                     base_soc_lmb_bram_0_blk_mem_gen_prim_wrapper__parameterized8 |          1 |          1 |       0 |    0 |    0 |      1 |      0 |          0 |
|     microblaze_riscv_0_xlconcat                                                              |                                                           base_soc_microblaze_riscv_0_xlconcat_0 |          0 |          0 |       0 |    0 |    0 |      0 |      0 |          0 |
|     rst_clk_wiz_100M                                                                         |                                                                      base_soc_rst_clk_wiz_100M_0 |         18 |         17 |       0 |    1 |   38 |      0 |      0 |          0 |
|       U0                                                                                     |                                                       base_soc_rst_clk_wiz_100M_0_proc_sys_reset |         18 |         17 |       0 |    1 |   38 |      0 |      0 |          0 |
|         (U0)                                                                                 |                                                       base_soc_rst_clk_wiz_100M_0_proc_sys_reset |          0 |          0 |       0 |    0 |    3 |      0 |      0 |          0 |
|         EXT_LPF                                                                              |                                                                  base_soc_rst_clk_wiz_100M_0_lpf |          5 |          4 |       0 |    1 |   17 |      0 |      0 |          0 |
|           (EXT_LPF)                                                                          |                                                                  base_soc_rst_clk_wiz_100M_0_lpf |          2 |          1 |       0 |    1 |    9 |      0 |      0 |          0 |
|           ACTIVE_HIGH_EXT.ACT_HI_EXT                                                         |                                                             base_soc_rst_clk_wiz_100M_0_cdc_sync |          2 |          2 |       0 |    0 |    4 |      0 |      0 |          0 |
|           ACTIVE_LOW_AUX.ACT_LO_AUX                                                          |                                                           base_soc_rst_clk_wiz_100M_0_cdc_sync_0 |          1 |          1 |       0 |    0 |    4 |      0 |      0 |          0 |
|         SEQ                                                                                  |                                                         base_soc_rst_clk_wiz_100M_0_sequence_psr |         13 |         13 |       0 |    0 |   18 |      0 |      0 |          0 |
|           (SEQ)                                                                              |                                                         base_soc_rst_clk_wiz_100M_0_sequence_psr |          8 |          8 |       0 |    0 |   12 |      0 |      0 |          0 |
|           SEQ_COUNTER                                                                        |                                                              base_soc_rst_clk_wiz_100M_0_upcnt_n |          5 |          5 |       0 |    0 |    6 |      0 |      0 |          0 |
|     test_pattern_generator_0                                                                 |                                                              base_soc_test_pattern_generator_0_0 |        110 |        110 |       0 |    0 |   65 |      0 |      0 |          0 |
|       (test_pattern_generator_0)                                                             |                                                              base_soc_test_pattern_generator_0_0 |          0 |          0 |       0 |    0 |    0 |      0 |      0 |          0 |
|       inst                                                                                   |                                       base_soc_test_pattern_generator_0_0_test_pattern_generator |        110 |        110 |       0 |    0 |   65 |      0 |      0 |          0 |
+----------------------------------------------------------------------------------------------+--------------------------------------------------------------------------------------------------+------------+------------+---------+------+------+--------+--------+------------+
* Note: The sum of lower-level cells may be larger than their parent cells total, due to cross-hierarchy LUT combining


