Copyright 1986-2022 Xilinx, Inc. All Rights Reserved. Copyright 2022-2024 Advanced Micro Devices, Inc. All Rights Reserved.
-----------------------------------------------------------------------------------------------------------------------------------------------------------------------------------------------------------------------------------------
| Tool Version : Vivado v.2024.2 (lin64) Build 5239630 Fri Nov 08 22:34:34 MST 2024
| Date         : Wed Jul 29 16:48:48 2026
| Host         : user4-B80KV-AP35BKE running 64-bit Ubuntu 24.04.4 LTS
| Command      : report_timing_summary -delay_type min_max -report_unconstrained -check_timing_verbose -file {/home/user4/workspace_ondevice_3/Logic Analysis/comparison/ila_reference/generated/ila_reference_step5_timing_summary.rpt}
| Design       : base_soc_wrapper
| Device       : 7a35t-cpg236
| Speed File   : -1  PRODUCTION 1.23 2018-06-13
| Design State : Routed
-----------------------------------------------------------------------------------------------------------------------------------------------------------------------------------------------------------------------------------------

Timing Summary Report

------------------------------------------------------------------------------------------------
| Timer Settings
| --------------
------------------------------------------------------------------------------------------------

  Enable Multi Corner Analysis               :  Yes
  Enable Pessimism Removal                   :  Yes
  Pessimism Removal Resolution               :  Nearest Common Node
  Enable Input Delay Default Clock           :  No
  Enable Preset / Clear Arcs                 :  No
  Disable Flight Delays                      :  No
  Ignore I/O Paths                           :  No
  Timing Early Launch at Borrowing Latches   :  No
  Borrow Time for Max Delay Exceptions       :  Yes
  Merge Timing Exceptions                    :  Yes
  Inter-SLR Compensation                     :  Conservative

  Corner  Analyze    Analyze    
  Name    Max Paths  Min Paths  
  ------  ---------  ---------  
  Slow    Yes        Yes        
  Fast    Yes        Yes        


------------------------------------------------------------------------------------------------
| Report Methodology
| ------------------
------------------------------------------------------------------------------------------------

Rule       Severity  Description                                  Violations  
---------  --------  -------------------------------------------  ----------  
LUTAR-1    Warning   LUT drives async reset alert                 6           
TIMING-9   Warning   Unknown CDC Logic                            1           
TIMING-18  Warning   Missing input or output delay                3           
XDCB-5     Warning   Runtime inefficient way to find pin objects  2           

Note: This report is based on the most recent report_methodology run and may not be up-to-date. Run report_methodology on the current design for the latest report.



check_timing report

Table of Contents
-----------------
1. checking no_clock (0)
2. checking constant_clock (0)
3. checking pulse_width_clock (0)
4. checking unconstrained_internal_endpoints (0)
5. checking no_input_delay (2)
6. checking no_output_delay (1)
7. checking multiple_clock (0)
8. checking generated_clocks (0)
9. checking loops (0)
10. checking partial_input_delay (0)
11. checking partial_output_delay (0)
12. checking latch_loops (0)

1. checking no_clock (0)
------------------------
 There are 0 register/latch pins with no clock.


2. checking constant_clock (0)
------------------------------
 There are 0 register/latch pins with constant_clock.


3. checking pulse_width_clock (0)
---------------------------------
 There are 0 register/latch pins which need pulse_width check


4. checking unconstrained_internal_endpoints (0)
------------------------------------------------
 There are 0 pins that are not constrained for maximum delay.

 There are 0 pins that are not constrained for maximum delay due to constant clock.


5. checking no_input_delay (2)
------------------------------
 There are 2 input ports with no input delay specified. (HIGH)

reset
usb_uart_rxd

 There are 0 input ports with no input delay but user has a false path constraint.


6. checking no_output_delay (1)
-------------------------------
 There is 1 port with no output delay specified. (HIGH)

usb_uart_txd

 There are 0 ports with no output delay but user has a false path constraint

 There are 0 ports with no output delay but with a timing clock defined on it or propagating through it


7. checking multiple_clock (0)
------------------------------
 There are 0 register/latch pins with multiple clocks.


8. checking generated_clocks (0)
--------------------------------
 There are 0 generated clocks that are not connected to a clock source.


9. checking loops (0)
---------------------
 There are 0 combinational loops in the design.


10. checking partial_input_delay (0)
------------------------------------
 There are 0 input ports with partial input delay specified.


11. checking partial_output_delay (0)
-------------------------------------
 There are 0 ports with partial output delay specified.


12. checking latch_loops (0)
----------------------------
 There are 0 combinational latch loops in the design through latch input



------------------------------------------------------------------------------------------------
| Design Timing Summary
| ---------------------
------------------------------------------------------------------------------------------------

    WNS(ns)      TNS(ns)  TNS Failing Endpoints  TNS Total Endpoints      WHS(ns)      THS(ns)  THS Failing Endpoints  THS Total Endpoints     WPWS(ns)     TPWS(ns)  TPWS Failing Endpoints  TPWS Total Endpoints  
    -------      -------  ---------------------  -------------------      -------      -------  ---------------------  -------------------     --------     --------  ----------------------  --------------------  
      1.544        0.000                      0                11670        0.014        0.000                      0                11654        3.000        0.000                       0                  4720  


All user specified timing constraints are met.


------------------------------------------------------------------------------------------------
| Clock Summary
| -------------
------------------------------------------------------------------------------------------------

Clock                                                                                              Waveform(ns)       Period(ns)      Frequency(MHz)
-----                                                                                              ------------       ----------      --------------
base_soc_i/mdm_1/U0/Use_E2.BSCAN_I/Use_E2.BSCANE2_I/TCK                                            {0.000 16.666}     33.333          30.000          
  base_soc_i/mdm_1/U0/MDM_Core_I1/JTAG_CONTROL_I/Test_Access_Port.BUFG_UPDATE/Using_FPGA.Native/O  {0.000 33.333}     66.666          15.000          
base_soc_i/mdm_1/U0/Use_E2.BSCAN_I/Use_E2.BSCANE2_I/UPDATE                                         {0.000 16.666}     33.333          30.000          
dbg_hub/inst/BSCANID.u_xsdbm_id/SWITCH_N_EXT_BSCAN.bscan_inst/SERIES7_BSCAN.bscan_inst/TCK         {0.000 16.500}     33.000          30.303          
sys_clock                                                                                          {0.000 5.000}      10.000          100.000         
  clk_out1_base_soc_clk_wiz_0                                                                      {0.000 5.000}      10.000          100.000         
  clkfbout_base_soc_clk_wiz_0                                                                      {0.000 5.000}      10.000          100.000         


------------------------------------------------------------------------------------------------
| Intra Clock Table
| -----------------
------------------------------------------------------------------------------------------------

Clock                                                                                                  WNS(ns)      TNS(ns)  TNS Failing Endpoints  TNS Total Endpoints      WHS(ns)      THS(ns)  THS Failing Endpoints  THS Total Endpoints     WPWS(ns)     TPWS(ns)  TPWS Failing Endpoints  TPWS Total Endpoints  
-----                                                                                                  -------      -------  ---------------------  -------------------      -------      -------  ---------------------  -------------------     --------     --------  ----------------------  --------------------  
base_soc_i/mdm_1/U0/Use_E2.BSCAN_I/Use_E2.BSCANE2_I/TCK                                                  8.245        0.000                      0                  427        0.079        0.000                      0                  427       15.686        0.000                       0                   282  
  base_soc_i/mdm_1/U0/MDM_Core_I1/JTAG_CONTROL_I/Test_Access_Port.BUFG_UPDATE/Using_FPGA.Native/O       59.832        0.000                      0                   88        0.264        0.000                      0                   88       32.833        0.000                       0                    99  
dbg_hub/inst/BSCANID.u_xsdbm_id/SWITCH_N_EXT_BSCAN.bscan_inst/SERIES7_BSCAN.bscan_inst/TCK              25.916        0.000                      0                  928        0.049        0.000                      0                  928       15.250        0.000                       0                   483  
sys_clock                                                                                                                                                                                                                                            3.000        0.000                       0                     1  
  clk_out1_base_soc_clk_wiz_0                                                                            1.544        0.000                      0                10006        0.014        0.000                      0                10006        3.750        0.000                       0                  3852  
  clkfbout_base_soc_clk_wiz_0                                                                                                                                                                                                                        7.845        0.000                       0                     3  


------------------------------------------------------------------------------------------------
| Inter Clock Table
| -----------------
------------------------------------------------------------------------------------------------

From Clock                                                                                  To Clock                                                                                        WNS(ns)      TNS(ns)  TNS Failing Endpoints  TNS Total Endpoints      WHS(ns)      THS(ns)  THS Failing Endpoints  THS Total Endpoints  
----------                                                                                  --------                                                                                        -------      -------  ---------------------  -------------------      -------      -------  ---------------------  -------------------  
clk_out1_base_soc_clk_wiz_0                                                                 dbg_hub/inst/BSCANID.u_xsdbm_id/SWITCH_N_EXT_BSCAN.bscan_inst/SERIES7_BSCAN.bscan_inst/TCK        8.636        0.000                      0                    8                                                                        
dbg_hub/inst/BSCANID.u_xsdbm_id/SWITCH_N_EXT_BSCAN.bscan_inst/SERIES7_BSCAN.bscan_inst/TCK  clk_out1_base_soc_clk_wiz_0                                                                      31.321        0.000                      0                    8                                                                        


------------------------------------------------------------------------------------------------
| Other Path Groups Table
| -----------------------
------------------------------------------------------------------------------------------------

Path Group                                                                                  From Clock                                                                                  To Clock                                                                                        WNS(ns)      TNS(ns)  TNS Failing Endpoints  TNS Total Endpoints      WHS(ns)      THS(ns)  THS Failing Endpoints  THS Total Endpoints  
----------                                                                                  ----------                                                                                  --------                                                                                        -------      -------  ---------------------  -------------------      -------      -------  ---------------------  -------------------  
**async_default**                                                                           clk_out1_base_soc_clk_wiz_0                                                                 clk_out1_base_soc_clk_wiz_0                                                                       6.203        0.000                      0                  105        0.309        0.000                      0                  105  
**async_default**                                                                           dbg_hub/inst/BSCANID.u_xsdbm_id/SWITCH_N_EXT_BSCAN.bscan_inst/SERIES7_BSCAN.bscan_inst/TCK  dbg_hub/inst/BSCANID.u_xsdbm_id/SWITCH_N_EXT_BSCAN.bscan_inst/SERIES7_BSCAN.bscan_inst/TCK       27.858        0.000                      0                  100        0.339        0.000                      0                  100  


------------------------------------------------------------------------------------------------
| User Ignored Path Table
| -----------------------
------------------------------------------------------------------------------------------------

Path Group                                                                                       From Clock                                                                                       To Clock                                                                                       
----------                                                                                       ----------                                                                                       --------                                                                                       
(none)                                                                                           base_soc_i/mdm_1/U0/Use_E2.BSCAN_I/Use_E2.BSCANE2_I/TCK                                          base_soc_i/mdm_1/U0/MDM_Core_I1/JTAG_CONTROL_I/Test_Access_Port.BUFG_UPDATE/Using_FPGA.Native/O  
(none)                                                                                           clk_out1_base_soc_clk_wiz_0                                                                      base_soc_i/mdm_1/U0/MDM_Core_I1/JTAG_CONTROL_I/Test_Access_Port.BUFG_UPDATE/Using_FPGA.Native/O  
(none)                                                                                                                                                                                            base_soc_i/mdm_1/U0/Use_E2.BSCAN_I/Use_E2.BSCANE2_I/TCK                                          
(none)                                                                                           base_soc_i/mdm_1/U0/MDM_Core_I1/JTAG_CONTROL_I/Test_Access_Port.BUFG_UPDATE/Using_FPGA.Native/O  base_soc_i/mdm_1/U0/Use_E2.BSCAN_I/Use_E2.BSCANE2_I/TCK                                          
(none)                                                                                           base_soc_i/mdm_1/U0/Use_E2.BSCAN_I/Use_E2.BSCANE2_I/UPDATE                                       base_soc_i/mdm_1/U0/Use_E2.BSCAN_I/Use_E2.BSCANE2_I/TCK                                          
(none)                                                                                           clk_out1_base_soc_clk_wiz_0                                                                      base_soc_i/mdm_1/U0/Use_E2.BSCAN_I/Use_E2.BSCANE2_I/TCK                                          
(none)                                                                                                                                                                                            clk_out1_base_soc_clk_wiz_0                                                                      
(none)                                                                                           base_soc_i/mdm_1/U0/MDM_Core_I1/JTAG_CONTROL_I/Test_Access_Port.BUFG_UPDATE/Using_FPGA.Native/O  clk_out1_base_soc_clk_wiz_0                                                                      
(none)                                                                                           base_soc_i/mdm_1/U0/Use_E2.BSCAN_I/Use_E2.BSCANE2_I/TCK                                          clk_out1_base_soc_clk_wiz_0                                                                      
(none)                                                                                           clk_out1_base_soc_clk_wiz_0                                                                      clk_out1_base_soc_clk_wiz_0                                                                      
(none)                                                                                           dbg_hub/inst/BSCANID.u_xsdbm_id/SWITCH_N_EXT_BSCAN.bscan_inst/SERIES7_BSCAN.bscan_inst/TCK       clk_out1_base_soc_clk_wiz_0                                                                      
(none)                                                                                           clk_out1_base_soc_clk_wiz_0                                                                      dbg_hub/inst/BSCANID.u_xsdbm_id/SWITCH_N_EXT_BSCAN.bscan_inst/SERIES7_BSCAN.bscan_inst/TCK       


------------------------------------------------------------------------------------------------
| Unconstrained Path Table
| ------------------------
------------------------------------------------------------------------------------------------

Path Group                                                                                  From Clock                                                                                  To Clock                                                                                  
----------                                                                                  ----------                                                                                  --------                                                                                  
(none)                                                                                      clk_out1_base_soc_clk_wiz_0                                                                                                                                                             
(none)                                                                                      clkfbout_base_soc_clk_wiz_0                                                                                                                                                             
(none)                                                                                                                                                                                  base_soc_i/mdm_1/U0/Use_E2.BSCAN_I/Use_E2.BSCANE2_I/TCK                                     
(none)                                                                                                                                                                                  clk_out1_base_soc_clk_wiz_0                                                                 
(none)                                                                                                                                                                                  dbg_hub/inst/BSCANID.u_xsdbm_id/SWITCH_N_EXT_BSCAN.bscan_inst/SERIES7_BSCAN.bscan_inst/TCK  


------------------------------------------------------------------------------------------------
| Timing Details
| --------------
------------------------------------------------------------------------------------------------


---------------------------------------------------------------------------------------------------
From Clock:  base_soc_i/mdm_1/U0/Use_E2.BSCAN_I/Use_E2.BSCANE2_I/TCK
  To Clock:  base_soc_i/mdm_1/U0/Use_E2.BSCAN_I/Use_E2.BSCANE2_I/TCK

Setup :            0  Failing Endpoints,  Worst Slack        8.245ns,  Total Violation        0.000ns
Hold  :            0  Failing Endpoints,  Worst Slack        0.079ns,  Total Violation        0.000ns
PW    :            0  Failing Endpoints,  Worst Slack       15.686ns,  Total Violation        0.000ns
---------------------------------------------------------------------------------------------------


Max Delay Paths
--------------------------------------------------------------------------------------
Slack (MET) :             8.245ns  (required time - arrival time)
  Source:                 base_soc_i/mdm_1/U0/MDM_Core_I1/JTAG_CONTROL_I/Test_Access_Port.shift_dtm_reg/C
                            (falling edge-triggered cell FDRE clocked by base_soc_i/mdm_1/U0/Use_E2.BSCAN_I/Use_E2.BSCANE2_I/TCK  {rise@0.000ns fall@16.667ns period=33.333ns})
  Destination:            base_soc_i/mdm_1/U0/MDM_Core_I1/JTAG_CONTROL_I/dmistat_reg[1]/D
                            (rising edge-triggered cell FDRE clocked by base_soc_i/mdm_1/U0/Use_E2.BSCAN_I/Use_E2.BSCANE2_I/TCK  {rise@0.000ns fall@16.667ns period=33.333ns})
  Path Group:             base_soc_i/mdm_1/U0/Use_E2.BSCAN_I/Use_E2.BSCANE2_I/TCK
  Path Type:              Setup (Max at Slow Process Corner)
  Requirement:            16.667ns  (base_soc_i/mdm_1/U0/Use_E2.BSCAN_I/Use_E2.BSCANE2_I/TCK rise@33.333ns - base_soc_i/mdm_1/U0/Use_E2.BSCAN_I/Use_E2.BSCANE2_I/TCK fall@16.667ns)
  Data Path Delay:        8.567ns  (logic 1.601ns (18.689%)  route 6.966ns (81.311%))
  Logic Levels:           9  (LUT4=2 LUT5=1 LUT6=6)
  Clock Path Skew:        0.106ns (DCD - SCD + CPR)
    Destination Clock Delay (DCD):    3.109ns = ( 36.442 - 33.333 ) 
    Source Clock Delay      (SCD):    3.236ns = ( 19.903 - 16.667 ) 
    Clock Pessimism Removal (CPR):    0.233ns
  Clock Uncertainty:      0.035ns  ((TSJ^2 + TIJ^2)^1/2 + DJ) / 2 + PE
    Total System Jitter     (TSJ):    0.071ns
    Total Input Jitter      (TIJ):    0.000ns
    Discrete Jitter          (DJ):    0.000ns
    Phase Error              (PE):    0.000ns

    Location             Delay type                Incr(ns)  Path(ns)    Netlist Resource(s)
  -------------------------------------------------------------------    -------------------
                         (clock base_soc_i/mdm_1/U0/Use_E2.BSCAN_I/Use_E2.BSCANE2_I/TCK fall edge)
                                                     16.667    16.667 f  
    BSCAN_X0Y1           BSCANE2                      0.000    16.667 f  base_soc_i/mdm_1/U0/Use_E2.BSCAN_I/Use_E2.BSCANE2_I/TCK
                         net (fo=2, routed)           1.587    18.254    base_soc_i/mdm_1/U0/Use_JTAG_BSCAN.BUFG_JTAG_TCK/lopt
    BUFGCTRL_X0Y1        BUFGCTRL (Prop_bufgctrl_I0_O)
                                                      0.096    18.350 f  base_soc_i/mdm_1/U0/Use_JTAG_BSCAN.BUFG_JTAG_TCK/Using_FPGA.Native/O
                         net (fo=31, routed)          1.553    19.903    base_soc_i/mdm_1/U0/MDM_Core_I1/JTAG_CONTROL_I/Use_JTAG_BSCAN.tck_int
    SLICE_X35Y52         FDRE                                         r  base_soc_i/mdm_1/U0/MDM_Core_I1/JTAG_CONTROL_I/Test_Access_Port.shift_dtm_reg/C  (IS_INVERTED)
  -------------------------------------------------------------------    -------------------
    SLICE_X35Y52         FDRE (Prop_fdre_C_Q)         0.459    20.362 r  base_soc_i/mdm_1/U0/MDM_Core_I1/JTAG_CONTROL_I/Test_Access_Port.shift_dtm_reg/Q
                         net (fo=19, routed)          1.758    22.120    base_soc_i/mdm_1/U0/MDM_Core_I1/JTAG_CONTROL_I/Test_Access_Port.shift_dtm_reg_0
    SLICE_X37Y58         LUT4 (Prop_lut4_I2_O)        0.124    22.244 f  base_soc_i/mdm_1/U0/MDM_Core_I1/JTAG_CONTROL_I/Dbg_Reg_En_0[4]_INST_0/O
                         net (fo=8, routed)           1.181    23.425    <hidden>
    SLICE_X40Y59         LUT6 (Prop_lut6_I4_O)        0.124    23.549 r  <hidden>
                         net (fo=1, routed)           0.627    24.175    <hidden>
    SLICE_X40Y61         LUT5 (Prop_lut5_I4_O)        0.124    24.299 f  <hidden>
                         net (fo=1, routed)           0.670    24.970    <hidden>
    SLICE_X40Y61         LUT6 (Prop_lut6_I0_O)        0.124    25.094 r  <hidden>
                         net (fo=1, routed)           0.574    25.668    <hidden>
    SLICE_X41Y58         LUT6 (Prop_lut6_I5_O)        0.124    25.792 r  <hidden>
                         net (fo=3, routed)           0.705    26.497    base_soc_i/mdm_1/U0/MDM_Core_I1/JTAG_CONTROL_I/Dbg_TDO_0
    SLICE_X36Y55         LUT6 (Prop_lut6_I1_O)        0.124    26.621 f  base_soc_i/mdm_1/U0/MDM_Core_I1/JTAG_CONTROL_I/TDO_i_8/O
                         net (fo=1, routed)           0.280    26.901    base_soc_i/mdm_1/U0/MDM_Core_I1/JTAG_CONTROL_I/TDO_i_8_n_0
    SLICE_X36Y55         LUT6 (Prop_lut6_I1_O)        0.124    27.025 r  base_soc_i/mdm_1/U0/MDM_Core_I1/JTAG_CONTROL_I/TDO_i_4/O
                         net (fo=1, routed)           0.454    27.479    base_soc_i/mdm_1/U0/MDM_Core_I1/JTAG_CONTROL_I/TDO_i_4_n_0
    SLICE_X32Y55         LUT6 (Prop_lut6_I2_O)        0.124    27.603 r  base_soc_i/mdm_1/U0/MDM_Core_I1/JTAG_CONTROL_I/TDO_i_1/O
                         net (fo=2, routed)           0.717    28.320    base_soc_i/mdm_1/U0/MDM_Core_I1/JTAG_CONTROL_I/TDO_dtm
    SLICE_X33Y55         LUT4 (Prop_lut4_I0_O)        0.150    28.470 r  base_soc_i/mdm_1/U0/MDM_Core_I1/JTAG_CONTROL_I/dmistat[1]_i_1/O
                         net (fo=1, routed)           0.000    28.470    base_soc_i/mdm_1/U0/MDM_Core_I1/JTAG_CONTROL_I/dmistat[1]_i_1_n_0
    SLICE_X33Y55         FDRE                                         r  base_soc_i/mdm_1/U0/MDM_Core_I1/JTAG_CONTROL_I/dmistat_reg[1]/D
  -------------------------------------------------------------------    -------------------

                         (clock base_soc_i/mdm_1/U0/Use_E2.BSCAN_I/Use_E2.BSCANE2_I/TCK rise edge)
                                                     33.333    33.333 r  
    BSCAN_X0Y1           BSCANE2                      0.000    33.333 r  base_soc_i/mdm_1/U0/Use_E2.BSCAN_I/Use_E2.BSCANE2_I/TCK
                         net (fo=2, routed)           1.359    34.692    base_soc_i/mdm_1/U0/Use_JTAG_BSCAN.BUFG_JTAG_TCK/lopt
    BUFGCTRL_X0Y1        BUFGCTRL (Prop_bufgctrl_I0_O)
                                                      0.091    34.783 r  base_soc_i/mdm_1/U0/Use_JTAG_BSCAN.BUFG_JTAG_TCK/Using_FPGA.Native/O
                         net (fo=31, routed)          0.133    34.916    base_soc_i/mdm_1/U0/MDM_Core_I1/JTAG_CONTROL_I/Test_Access_Port.BUFG_DRCK/Use_JTAG_BSCAN.tck_int
    BUFGCTRL_X0Y0        BUFGCTRL (Prop_bufgctrl_I0_O)
                                                      0.091    35.007 r  base_soc_i/mdm_1/U0/MDM_Core_I1/JTAG_CONTROL_I/Test_Access_Port.BUFG_DRCK/Using_FPGA.Native/O
                         net (fo=198, routed)         1.435    36.442    base_soc_i/mdm_1/U0/MDM_Core_I1/JTAG_CONTROL_I/Using_FPGA.Native
    SLICE_X33Y55         FDRE                                         r  base_soc_i/mdm_1/U0/MDM_Core_I1/JTAG_CONTROL_I/dmistat_reg[1]/C
                         clock pessimism              0.233    36.675    
                         clock uncertainty           -0.035    36.640    
    SLICE_X33Y55         FDRE (Setup_fdre_C_D)        0.075    36.715    base_soc_i/mdm_1/U0/MDM_Core_I1/JTAG_CONTROL_I/dmistat_reg[1]
  -------------------------------------------------------------------
                         required time                         36.715    
                         arrival time                         -28.470    
  -------------------------------------------------------------------
                         slack                                  8.245    





Min Delay Paths
--------------------------------------------------------------------------------------
Slack (MET) :             0.079ns  (arrival time - required time)
  Source:                 base_soc_i/mdm_1/U0/MDM_Core_I1/JTAG_CONTROL_I/haltsum0_read_reg[2]/C
                            (rising edge-triggered cell FDRE clocked by base_soc_i/mdm_1/U0/Use_E2.BSCAN_I/Use_E2.BSCANE2_I/TCK  {rise@0.000ns fall@16.667ns period=33.333ns})
  Destination:            base_soc_i/mdm_1/U0/MDM_Core_I1/JTAG_CONTROL_I/haltsum0_read_reg[1]/D
                            (rising edge-triggered cell FDRE clocked by base_soc_i/mdm_1/U0/Use_E2.BSCAN_I/Use_E2.BSCANE2_I/TCK  {rise@0.000ns fall@16.667ns period=33.333ns})
  Path Group:             base_soc_i/mdm_1/U0/Use_E2.BSCAN_I/Use_E2.BSCANE2_I/TCK
  Path Type:              Hold (Min at Fast Process Corner)
  Requirement:            0.000ns  (base_soc_i/mdm_1/U0/Use_E2.BSCAN_I/Use_E2.BSCANE2_I/TCK rise@0.000ns - base_soc_i/mdm_1/U0/Use_E2.BSCAN_I/Use_E2.BSCANE2_I/TCK rise@0.000ns)
  Data Path Delay:        0.450ns  (logic 0.252ns (56.014%)  route 0.198ns (43.986%))
  Logic Levels:           1  (LUT2=1)
  Clock Path Skew:        0.264ns (DCD - SCD - CPR)
    Destination Clock Delay (DCD):    1.617ns
    Source Clock Delay      (SCD):    1.239ns
    Clock Pessimism Removal (CPR):    0.114ns

    Location             Delay type                Incr(ns)  Path(ns)    Netlist Resource(s)
  -------------------------------------------------------------------    -------------------
                         (clock base_soc_i/mdm_1/U0/Use_E2.BSCAN_I/Use_E2.BSCANE2_I/TCK rise edge)
                                                      0.000     0.000 r  
    BSCAN_X0Y1           BSCANE2                      0.000     0.000 r  base_soc_i/mdm_1/U0/Use_E2.BSCAN_I/Use_E2.BSCANE2_I/TCK
                         net (fo=2, routed)           0.597     0.597    base_soc_i/mdm_1/U0/Use_JTAG_BSCAN.BUFG_JTAG_TCK/lopt
    BUFGCTRL_X0Y1        BUFGCTRL (Prop_bufgctrl_I0_O)
                                                      0.026     0.623 r  base_soc_i/mdm_1/U0/Use_JTAG_BSCAN.BUFG_JTAG_TCK/Using_FPGA.Native/O
                         net (fo=31, routed)          0.030     0.653    base_soc_i/mdm_1/U0/MDM_Core_I1/JTAG_CONTROL_I/Test_Access_Port.BUFG_DRCK/Use_JTAG_BSCAN.tck_int
    BUFGCTRL_X0Y0        BUFGCTRL (Prop_bufgctrl_I0_O)
                                                      0.026     0.679 r  base_soc_i/mdm_1/U0/MDM_Core_I1/JTAG_CONTROL_I/Test_Access_Port.BUFG_DRCK/Using_FPGA.Native/O
                         net (fo=198, routed)         0.560     1.239    base_soc_i/mdm_1/U0/MDM_Core_I1/JTAG_CONTROL_I/Using_FPGA.Native
    SLICE_X34Y56         FDRE                                         r  base_soc_i/mdm_1/U0/MDM_Core_I1/JTAG_CONTROL_I/haltsum0_read_reg[2]/C
  -------------------------------------------------------------------    -------------------
    SLICE_X34Y56         FDRE (Prop_fdre_C_Q)         0.148     1.387 r  base_soc_i/mdm_1/U0/MDM_Core_I1/JTAG_CONTROL_I/haltsum0_read_reg[2]/Q
                         net (fo=1, routed)           0.198     1.585    base_soc_i/mdm_1/U0/MDM_Core_I1/JTAG_CONTROL_I/haltsum0_read[2]
    SLICE_X36Y57         LUT2 (Prop_lut2_I0_O)        0.104     1.689 r  base_soc_i/mdm_1/U0/MDM_Core_I1/JTAG_CONTROL_I/haltsum0_read[1]_i_1/O
                         net (fo=1, routed)           0.000     1.689    base_soc_i/mdm_1/U0/MDM_Core_I1/JTAG_CONTROL_I/haltsum0_read[1]_i_1_n_0
    SLICE_X36Y57         FDRE                                         r  base_soc_i/mdm_1/U0/MDM_Core_I1/JTAG_CONTROL_I/haltsum0_read_reg[1]/D
  -------------------------------------------------------------------    -------------------

                         (clock base_soc_i/mdm_1/U0/Use_E2.BSCAN_I/Use_E2.BSCANE2_I/TCK rise edge)
                                                      0.000     0.000 r  
    BSCAN_X0Y1           BSCANE2                      0.000     0.000 r  base_soc_i/mdm_1/U0/Use_E2.BSCAN_I/Use_E2.BSCANE2_I/TCK
                         net (fo=2, routed)           0.697     0.697    base_soc_i/mdm_1/U0/Use_JTAG_BSCAN.BUFG_JTAG_TCK/lopt
    BUFGCTRL_X0Y1        BUFGCTRL (Prop_bufgctrl_I0_O)
                                                      0.029     0.726 r  base_soc_i/mdm_1/U0/Use_JTAG_BSCAN.BUFG_JTAG_TCK/Using_FPGA.Native/O
                         net (fo=31, routed)          0.033     0.759    base_soc_i/mdm_1/U0/MDM_Core_I1/JTAG_CONTROL_I/Test_Access_Port.BUFG_DRCK/Use_JTAG_BSCAN.tck_int
    BUFGCTRL_X0Y0        BUFGCTRL (Prop_bufgctrl_I0_O)
                                                      0.029     0.788 r  base_soc_i/mdm_1/U0/MDM_Core_I1/JTAG_CONTROL_I/Test_Access_Port.BUFG_DRCK/Using_FPGA.Native/O
                         net (fo=198, routed)         0.828     1.617    base_soc_i/mdm_1/U0/MDM_Core_I1/JTAG_CONTROL_I/Using_FPGA.Native
    SLICE_X36Y57         FDRE                                         r  base_soc_i/mdm_1/U0/MDM_Core_I1/JTAG_CONTROL_I/haltsum0_read_reg[1]/C
                         clock pessimism             -0.114     1.503    
    SLICE_X36Y57         FDRE (Hold_fdre_C_D)         0.107     1.610    base_soc_i/mdm_1/U0/MDM_Core_I1/JTAG_CONTROL_I/haltsum0_read_reg[1]
  -------------------------------------------------------------------
                         required time                         -1.610    
                         arrival time                           1.689    
  -------------------------------------------------------------------
                         slack                                  0.079    





Pulse Width Checks
--------------------------------------------------------------------------------------
Clock Name:         base_soc_i/mdm_1/U0/Use_E2.BSCAN_I/Use_E2.BSCANE2_I/TCK
Waveform(ns):       { 0.000 16.667 }
Period(ns):         33.333
Sources:            { base_soc_i/mdm_1/U0/Use_E2.BSCAN_I/Use_E2.BSCANE2_I/TCK }

Check Type        Corner  Lib Pin      Reference Pin  Required(ns)  Actual(ns)  Slack(ns)  Location       Pin
Min Period        n/a     BUFGCTRL/I0  n/a            2.155         33.333      31.178     BUFGCTRL_X0Y0  base_soc_i/mdm_1/U0/MDM_Core_I1/JTAG_CONTROL_I/Test_Access_Port.BUFG_DRCK/Using_FPGA.Native/I0
Low Pulse Width   Slow    SRL16E/CLK   n/a            0.980         16.666      15.686     SLICE_X30Y58   base_soc_i/mdm_1/U0/Use_JTAG_BSCAN.bscanid_reg[13]_srl7___Use_JTAG_BSCAN.bscanid_reg_r_5/CLK
High Pulse Width  Slow    SRL16E/CLK   n/a            0.980         16.666      15.686     SLICE_X30Y58   base_soc_i/mdm_1/U0/Use_JTAG_BSCAN.bscanid_reg[13]_srl7___Use_JTAG_BSCAN.bscanid_reg_r_5/CLK



---------------------------------------------------------------------------------------------------
From Clock:  base_soc_i/mdm_1/U0/MDM_Core_I1/JTAG_CONTROL_I/Test_Access_Port.BUFG_UPDATE/Using_FPGA.Native/O
  To Clock:  base_soc_i/mdm_1/U0/MDM_Core_I1/JTAG_CONTROL_I/Test_Access_Port.BUFG_UPDATE/Using_FPGA.Native/O

Setup :            0  Failing Endpoints,  Worst Slack       59.832ns,  Total Violation        0.000ns
Hold  :            0  Failing Endpoints,  Worst Slack        0.264ns,  Total Violation        0.000ns
PW    :            0  Failing Endpoints,  Worst Slack       32.833ns,  Total Violation        0.000ns
---------------------------------------------------------------------------------------------------


Max Delay Paths
--------------------------------------------------------------------------------------
Slack (MET) :             59.832ns  (required time - arrival time)
  Source:                 base_soc_i/mdm_1/U0/MDM_Core_I1/JTAG_CONTROL_I/command_reg[6]/C
                            (rising edge-triggered cell FDRE clocked by base_soc_i/mdm_1/U0/MDM_Core_I1/JTAG_CONTROL_I/Test_Access_Port.BUFG_UPDATE/Using_FPGA.Native/O  {rise@0.000ns fall@33.333ns period=66.666ns})
  Destination:            <hidden>
                            (rising edge-triggered cell FDCE clocked by base_soc_i/mdm_1/U0/MDM_Core_I1/JTAG_CONTROL_I/Test_Access_Port.BUFG_UPDATE/Using_FPGA.Native/O  {rise@0.000ns fall@33.333ns period=66.666ns})
  Path Group:             base_soc_i/mdm_1/U0/MDM_Core_I1/JTAG_CONTROL_I/Test_Access_Port.BUFG_UPDATE/Using_FPGA.Native/O
  Path Type:              Setup (Max at Slow Process Corner)
  Requirement:            66.666ns  (base_soc_i/mdm_1/U0/MDM_Core_I1/JTAG_CONTROL_I/Test_Access_Port.BUFG_UPDATE/Using_FPGA.Native/O rise@66.666ns - base_soc_i/mdm_1/U0/MDM_Core_I1/JTAG_CONTROL_I/Test_Access_Port.BUFG_UPDATE/Using_FPGA.Native/O rise@0.000ns)
  Data Path Delay:        6.589ns  (logic 1.670ns (25.344%)  route 4.919ns (74.656%))
  Logic Levels:           5  (LUT2=1 LUT4=1 LUT5=2 LUT6=1)
  Clock Path Skew:        -0.040ns (DCD - SCD + CPR)
    Destination Clock Delay (DCD):    5.572ns = ( 72.238 - 66.666 ) 
    Source Clock Delay      (SCD):    6.248ns
    Clock Pessimism Removal (CPR):    0.636ns
  Clock Uncertainty:      0.035ns  ((TSJ^2 + TIJ^2)^1/2 + DJ) / 2 + PE
    Total System Jitter     (TSJ):    0.071ns
    Total Input Jitter      (TIJ):    0.000ns
    Discrete Jitter          (DJ):    0.000ns
    Phase Error              (PE):    0.000ns

    Location             Delay type                Incr(ns)  Path(ns)    Netlist Resource(s)
  -------------------------------------------------------------------    -------------------
                         (clock base_soc_i/mdm_1/U0/MDM_Core_I1/JTAG_CONTROL_I/Test_Access_Port.BUFG_UPDATE/Using_FPGA.Native/O rise edge)
                                                      0.000     0.000 r  
    BSCAN_X0Y1           BSCANE2                      0.000     0.000 f  base_soc_i/mdm_1/U0/Use_E2.BSCAN_I/Use_E2.BSCANE2_I/TCK
                         net (fo=2, routed)           1.587     1.587    base_soc_i/mdm_1/U0/Use_JTAG_BSCAN.BUFG_JTAG_TCK/lopt
    BUFGCTRL_X0Y1        BUFGCTRL (Prop_bufgctrl_I0_O)
                                                      0.096     1.683 f  base_soc_i/mdm_1/U0/Use_JTAG_BSCAN.BUFG_JTAG_TCK/Using_FPGA.Native/O
                         net (fo=31, routed)          1.553     3.236    base_soc_i/mdm_1/U0/MDM_Core_I1/JTAG_CONTROL_I/Use_JTAG_BSCAN.tck_int
    SLICE_X35Y52         FDRE (Prop_fdre_C_Q)         0.459     3.695 r  base_soc_i/mdm_1/U0/MDM_Core_I1/JTAG_CONTROL_I/Test_Access_Port.update_unbuf_reg/Q
                         net (fo=1, routed)           0.903     4.599    base_soc_i/mdm_1/U0/MDM_Core_I1/JTAG_CONTROL_I/Test_Access_Port.BUFG_UPDATE/Test_Access_Port.update_unbuf
    BUFGCTRL_X0Y4        BUFG (Prop_bufg_I_O)         0.096     4.695 r  base_soc_i/mdm_1/U0/MDM_Core_I1/JTAG_CONTROL_I/Test_Access_Port.BUFG_UPDATE/Using_FPGA.Native/O
                         net (fo=99, routed)          1.553     6.248    base_soc_i/mdm_1/U0/MDM_Core_I1/JTAG_CONTROL_I/Using_FPGA.Native_0
    SLICE_X36Y56         FDRE                                         r  base_soc_i/mdm_1/U0/MDM_Core_I1/JTAG_CONTROL_I/command_reg[6]/C
  -------------------------------------------------------------------    -------------------
    SLICE_X36Y56         FDRE (Prop_fdre_C_Q)         0.419     6.667 r  base_soc_i/mdm_1/U0/MDM_Core_I1/JTAG_CONTROL_I/command_reg[6]/Q
                         net (fo=7, routed)           0.832     7.499    base_soc_i/mdm_1/U0/MDM_Core_I1/JTAG_CONTROL_I/command[6]
    SLICE_X38Y55         LUT4 (Prop_lut4_I3_O)        0.297     7.796 r  base_soc_i/mdm_1/U0/MDM_Core_I1/JTAG_CONTROL_I/Dbg_Reg_En_0[1]_INST_0/O
                         net (fo=3, routed)           0.706     8.502    <hidden>
    SLICE_X39Y59         LUT6 (Prop_lut6_I4_O)        0.124     8.626 r  <hidden>
                         net (fo=2, routed)           0.749     9.375    <hidden>
    SLICE_X40Y59         LUT5 (Prop_lut5_I0_O)        0.150     9.525 r  <hidden>
                         net (fo=7, routed)           1.149    10.673    <hidden>
    SLICE_X43Y61         LUT5 (Prop_lut5_I0_O)        0.354    11.027 r  <hidden>
                         net (fo=6, routed)           0.871    11.898    <hidden>
    SLICE_X45Y61         LUT2 (Prop_lut2_I0_O)        0.326    12.224 r  <hidden>
                         net (fo=2, routed)           0.612    12.837    <hidden>
    SLICE_X46Y61         FDCE                                         r  <hidden>
  -------------------------------------------------------------------    -------------------

                         (clock base_soc_i/mdm_1/U0/MDM_Core_I1/JTAG_CONTROL_I/Test_Access_Port.BUFG_UPDATE/Using_FPGA.Native/O rise edge)
                                                     66.666    66.666 f  
    BSCAN_X0Y1           BSCANE2                      0.000    66.666 f  base_soc_i/mdm_1/U0/Use_E2.BSCAN_I/Use_E2.BSCANE2_I/TCK
                         net (fo=2, routed)           1.359    68.025    base_soc_i/mdm_1/U0/Use_JTAG_BSCAN.BUFG_JTAG_TCK/lopt
    BUFGCTRL_X0Y1        BUFGCTRL (Prop_bufgctrl_I0_O)
                                                      0.091    68.116 f  base_soc_i/mdm_1/U0/Use_JTAG_BSCAN.BUFG_JTAG_TCK/Using_FPGA.Native/O
                         net (fo=31, routed)          1.435    69.551    base_soc_i/mdm_1/U0/MDM_Core_I1/JTAG_CONTROL_I/Use_JTAG_BSCAN.tck_int
    SLICE_X35Y52         FDRE (Prop_fdre_C_Q)         0.370    69.921 r  base_soc_i/mdm_1/U0/MDM_Core_I1/JTAG_CONTROL_I/Test_Access_Port.update_unbuf_reg/Q
                         net (fo=1, routed)           0.791    70.712    base_soc_i/mdm_1/U0/MDM_Core_I1/JTAG_CONTROL_I/Test_Access_Port.BUFG_UPDATE/Test_Access_Port.update_unbuf
    BUFGCTRL_X0Y4        BUFG (Prop_bufg_I_O)         0.091    70.803 r  base_soc_i/mdm_1/U0/MDM_Core_I1/JTAG_CONTROL_I/Test_Access_Port.BUFG_UPDATE/Using_FPGA.Native/O
                         net (fo=99, routed)          1.435    72.238    <hidden>
    SLICE_X46Y61         FDCE                                         r  <hidden>
                         clock pessimism              0.636    72.874    
                         clock uncertainty           -0.035    72.838    
    SLICE_X46Y61         FDCE (Setup_fdce_C_CE)      -0.169    72.669    <hidden>
  -------------------------------------------------------------------
                         required time                         72.669    
                         arrival time                         -12.837    
  -------------------------------------------------------------------
                         slack                                 59.832    





Min Delay Paths
--------------------------------------------------------------------------------------
Slack (MET) :             0.264ns  (arrival time - required time)
  Source:                 <hidden>
                            (rising edge-triggered cell FDRE clocked by base_soc_i/mdm_1/U0/MDM_Core_I1/JTAG_CONTROL_I/Test_Access_Port.BUFG_UPDATE/Using_FPGA.Native/O  {rise@0.000ns fall@33.333ns period=66.666ns})
  Destination:            <hidden>
                            (rising edge-triggered cell FDRE clocked by base_soc_i/mdm_1/U0/MDM_Core_I1/JTAG_CONTROL_I/Test_Access_Port.BUFG_UPDATE/Using_FPGA.Native/O  {rise@0.000ns fall@33.333ns period=66.666ns})
  Path Group:             base_soc_i/mdm_1/U0/MDM_Core_I1/JTAG_CONTROL_I/Test_Access_Port.BUFG_UPDATE/Using_FPGA.Native/O
  Path Type:              Hold (Min at Fast Process Corner)
  Requirement:            0.000ns  (base_soc_i/mdm_1/U0/MDM_Core_I1/JTAG_CONTROL_I/Test_Access_Port.BUFG_UPDATE/Using_FPGA.Native/O rise@0.000ns - base_soc_i/mdm_1/U0/MDM_Core_I1/JTAG_CONTROL_I/Test_Access_Port.BUFG_UPDATE/Using_FPGA.Native/O rise@0.000ns)
  Data Path Delay:        0.384ns  (logic 0.209ns (54.393%)  route 0.175ns (45.607%))
  Logic Levels:           1  (LUT5=1)
  Clock Path Skew:        0.000ns (DCD - SCD - CPR)
    Destination Clock Delay (DCD):    2.994ns
    Source Clock Delay      (SCD):    2.264ns
    Clock Pessimism Removal (CPR):    0.730ns

    Location             Delay type                Incr(ns)  Path(ns)    Netlist Resource(s)
  -------------------------------------------------------------------    -------------------
                         (clock base_soc_i/mdm_1/U0/MDM_Core_I1/JTAG_CONTROL_I/Test_Access_Port.BUFG_UPDATE/Using_FPGA.Native/O rise edge)
                                                      0.000     0.000 r  
    BSCAN_X0Y1           BSCANE2                      0.000     0.000 f  base_soc_i/mdm_1/U0/Use_E2.BSCAN_I/Use_E2.BSCANE2_I/TCK
                         net (fo=2, routed)           0.597     0.597    base_soc_i/mdm_1/U0/Use_JTAG_BSCAN.BUFG_JTAG_TCK/lopt
    BUFGCTRL_X0Y1        BUFGCTRL (Prop_bufgctrl_I0_O)
                                                      0.026     0.623 f  base_soc_i/mdm_1/U0/Use_JTAG_BSCAN.BUFG_JTAG_TCK/Using_FPGA.Native/O
                         net (fo=31, routed)          0.561     1.184    base_soc_i/mdm_1/U0/MDM_Core_I1/JTAG_CONTROL_I/Use_JTAG_BSCAN.tck_int
    SLICE_X35Y52         FDRE (Prop_fdre_C_Q)         0.146     1.330 r  base_soc_i/mdm_1/U0/MDM_Core_I1/JTAG_CONTROL_I/Test_Access_Port.update_unbuf_reg/Q
                         net (fo=1, routed)           0.349     1.679    base_soc_i/mdm_1/U0/MDM_Core_I1/JTAG_CONTROL_I/Test_Access_Port.BUFG_UPDATE/Test_Access_Port.update_unbuf
    BUFGCTRL_X0Y4        BUFG (Prop_bufg_I_O)         0.026     1.705 r  base_soc_i/mdm_1/U0/MDM_Core_I1/JTAG_CONTROL_I/Test_Access_Port.BUFG_UPDATE/Using_FPGA.Native/O
                         net (fo=99, routed)          0.559     2.264    <hidden>
    SLICE_X42Y60         FDRE                                         r  <hidden>
  -------------------------------------------------------------------    -------------------
    SLICE_X42Y60         FDRE (Prop_fdre_C_Q)         0.164     2.428 r  <hidden>
                         net (fo=2, routed)           0.175     2.603    <hidden>
    SLICE_X42Y60         LUT5 (Prop_lut5_I2_O)        0.045     2.648 r  <hidden>
                         net (fo=1, routed)           0.000     2.648    <hidden>
    SLICE_X42Y60         FDRE                                         r  <hidden>
  -------------------------------------------------------------------    -------------------

                         (clock base_soc_i/mdm_1/U0/MDM_Core_I1/JTAG_CONTROL_I/Test_Access_Port.BUFG_UPDATE/Using_FPGA.Native/O rise edge)
                                                      0.000     0.000 f  
    BSCAN_X0Y1           BSCANE2                      0.000     0.000 f  base_soc_i/mdm_1/U0/Use_E2.BSCAN_I/Use_E2.BSCANE2_I/TCK
                         net (fo=2, routed)           0.697     0.697    base_soc_i/mdm_1/U0/Use_JTAG_BSCAN.BUFG_JTAG_TCK/lopt
    BUFGCTRL_X0Y1        BUFGCTRL (Prop_bufgctrl_I0_O)
                                                      0.029     0.726 f  base_soc_i/mdm_1/U0/Use_JTAG_BSCAN.BUFG_JTAG_TCK/Using_FPGA.Native/O
                         net (fo=31, routed)          0.829     1.556    base_soc_i/mdm_1/U0/MDM_Core_I1/JTAG_CONTROL_I/Use_JTAG_BSCAN.tck_int
    SLICE_X35Y52         FDRE (Prop_fdre_C_Q)         0.182     1.738 r  base_soc_i/mdm_1/U0/MDM_Core_I1/JTAG_CONTROL_I/Test_Access_Port.update_unbuf_reg/Q
                         net (fo=1, routed)           0.398     2.136    base_soc_i/mdm_1/U0/MDM_Core_I1/JTAG_CONTROL_I/Test_Access_Port.BUFG_UPDATE/Test_Access_Port.update_unbuf
    BUFGCTRL_X0Y4        BUFG (Prop_bufg_I_O)         0.029     2.165 r  base_soc_i/mdm_1/U0/MDM_Core_I1/JTAG_CONTROL_I/Test_Access_Port.BUFG_UPDATE/Using_FPGA.Native/O
                         net (fo=99, routed)          0.829     2.994    <hidden>
    SLICE_X42Y60         FDRE                                         r  <hidden>
                         clock pessimism             -0.730     2.264    
    SLICE_X42Y60         FDRE (Hold_fdre_C_D)         0.120     2.384    <hidden>
  -------------------------------------------------------------------
                         required time                         -2.384    
                         arrival time                           2.648    
  -------------------------------------------------------------------
                         slack                                  0.264    





Pulse Width Checks
--------------------------------------------------------------------------------------
Clock Name:         base_soc_i/mdm_1/U0/MDM_Core_I1/JTAG_CONTROL_I/Test_Access_Port.BUFG_UPDATE/Using_FPGA.Native/O
Waveform(ns):       { 0.000 33.333 }
Period(ns):         66.666
Sources:            { base_soc_i/mdm_1/U0/MDM_Core_I1/JTAG_CONTROL_I/Test_Access_Port.BUFG_UPDATE/Using_FPGA.Native/O }

Check Type        Corner  Lib Pin  Reference Pin  Required(ns)  Actual(ns)  Slack(ns)  Location      Pin
Min Period        n/a     FDRE/C   n/a            1.000         66.666      65.666     SLICE_X39Y56  base_soc_i/mdm_1/U0/MDM_Core_I1/JTAG_CONTROL_I/command_reg[0]/C
Low Pulse Width   Slow    FDRE/C   n/a            0.500         33.333      32.833     SLICE_X39Y56  base_soc_i/mdm_1/U0/MDM_Core_I1/JTAG_CONTROL_I/command_reg[0]/C
High Pulse Width  Slow    FDRE/C   n/a            0.500         33.333      32.833     SLICE_X39Y56  base_soc_i/mdm_1/U0/MDM_Core_I1/JTAG_CONTROL_I/command_reg[0]/C



---------------------------------------------------------------------------------------------------
From Clock:  dbg_hub/inst/BSCANID.u_xsdbm_id/SWITCH_N_EXT_BSCAN.bscan_inst/SERIES7_BSCAN.bscan_inst/TCK
  To Clock:  dbg_hub/inst/BSCANID.u_xsdbm_id/SWITCH_N_EXT_BSCAN.bscan_inst/SERIES7_BSCAN.bscan_inst/TCK

Setup :            0  Failing Endpoints,  Worst Slack       25.916ns,  Total Violation        0.000ns
Hold  :            0  Failing Endpoints,  Worst Slack        0.049ns,  Total Violation        0.000ns
PW    :            0  Failing Endpoints,  Worst Slack       15.250ns,  Total Violation        0.000ns
---------------------------------------------------------------------------------------------------


Max Delay Paths
--------------------------------------------------------------------------------------
Slack (MET) :             25.916ns  (required time - arrival time)
  Source:                 dbg_hub/inst/BSCANID.u_xsdbm_id/SWITCH_N_EXT_BSCAN.bscan_switch/state_reg[0]/C
                            (rising edge-triggered cell FDRE clocked by dbg_hub/inst/BSCANID.u_xsdbm_id/SWITCH_N_EXT_BSCAN.bscan_inst/SERIES7_BSCAN.bscan_inst/TCK  {rise@0.000ns fall@16.500ns period=33.000ns})
  Destination:            dbg_hub/inst/BSCANID.u_xsdbm_id/SWITCH_N_EXT_BSCAN.bscan_switch/portno_temp_reg[1]/D
                            (rising edge-triggered cell FDRE clocked by dbg_hub/inst/BSCANID.u_xsdbm_id/SWITCH_N_EXT_BSCAN.bscan_inst/SERIES7_BSCAN.bscan_inst/TCK  {rise@0.000ns fall@16.500ns period=33.000ns})
  Path Group:             dbg_hub/inst/BSCANID.u_xsdbm_id/SWITCH_N_EXT_BSCAN.bscan_inst/SERIES7_BSCAN.bscan_inst/TCK
  Path Type:              Setup (Max at Slow Process Corner)
  Requirement:            33.000ns  (dbg_hub/inst/BSCANID.u_xsdbm_id/SWITCH_N_EXT_BSCAN.bscan_inst/SERIES7_BSCAN.bscan_inst/TCK rise@33.000ns - dbg_hub/inst/BSCANID.u_xsdbm_id/SWITCH_N_EXT_BSCAN.bscan_inst/SERIES7_BSCAN.bscan_inst/TCK rise@0.000ns)
  Data Path Delay:        7.051ns  (logic 1.849ns (26.222%)  route 5.202ns (73.778%))
  Logic Levels:           6  (CARRY4=2 LUT3=1 LUT4=1 LUT5=1 LUT6=1)
  Clock Path Skew:        -0.026ns (DCD - SCD + CPR)
    Destination Clock Delay (DCD):    3.023ns = ( 36.023 - 33.000 ) 
    Source Clock Delay      (SCD):    3.390ns
    Clock Pessimism Removal (CPR):    0.341ns
  Clock Uncertainty:      0.035ns  ((TSJ^2 + TIJ^2)^1/2 + DJ) / 2 + PE
    Total System Jitter     (TSJ):    0.071ns
    Total Input Jitter      (TIJ):    0.000ns
    Discrete Jitter          (DJ):    0.000ns
    Phase Error              (PE):    0.000ns

    Location             Delay type                Incr(ns)  Path(ns)    Netlist Resource(s)
  -------------------------------------------------------------------    -------------------
                         (clock dbg_hub/inst/BSCANID.u_xsdbm_id/SWITCH_N_EXT_BSCAN.bscan_inst/SERIES7_BSCAN.bscan_inst/TCK rise edge)
                                                      0.000     0.000 r  
    BSCAN_X0Y0           BSCANE2                      0.000     0.000 r  dbg_hub/inst/BSCANID.u_xsdbm_id/SWITCH_N_EXT_BSCAN.bscan_inst/SERIES7_BSCAN.bscan_inst/TCK
                         net (fo=1, routed)           1.728     1.728    dbg_hub/inst/BSCANID.u_xsdbm_id/tck_bs
    BUFGCTRL_X0Y3        BUFG (Prop_bufg_I_O)         0.096     1.824 r  dbg_hub/inst/BSCANID.u_xsdbm_id/SWITCH_N_EXT_BSCAN.u_bufg_icon_tck/O
                         net (fo=482, routed)         1.566     3.390    dbg_hub/inst/BSCANID.u_xsdbm_id/SWITCH_N_EXT_BSCAN.bscan_switch/s_bscan_tck
    SLICE_X39Y2          FDRE                                         r  dbg_hub/inst/BSCANID.u_xsdbm_id/SWITCH_N_EXT_BSCAN.bscan_switch/state_reg[0]/C
  -------------------------------------------------------------------    -------------------
    SLICE_X39Y2          FDRE (Prop_fdre_C_Q)         0.456     3.846 r  dbg_hub/inst/BSCANID.u_xsdbm_id/SWITCH_N_EXT_BSCAN.bscan_switch/state_reg[0]/Q
                         net (fo=50, routed)          1.689     5.535    dbg_hub/inst/BSCANID.u_xsdbm_id/SWITCH_N_EXT_BSCAN.bscan_switch/state[0]
    SLICE_X42Y1          LUT4 (Prop_lut4_I1_O)        0.124     5.659 r  dbg_hub/inst/BSCANID.u_xsdbm_id/SWITCH_N_EXT_BSCAN.bscan_switch/curid_inferred_i_20/O
                         net (fo=2, routed)           1.091     6.750    dbg_hub/inst/BSCANID.u_xsdbm_id/SWITCH_N_EXT_BSCAN.bscan_switch/curid[12]
    SLICE_X40Y0          LUT6 (Prop_lut6_I4_O)        0.124     6.874 r  dbg_hub/inst/BSCANID.u_xsdbm_id/SWITCH_N_EXT_BSCAN.bscan_switch/state_temp[0]_i_11/O
                         net (fo=1, routed)           0.000     6.874    dbg_hub/inst/BSCANID.u_xsdbm_id/SWITCH_N_EXT_BSCAN.bscan_switch/state_temp[0]_i_11_n_0
    SLICE_X40Y0          CARRY4 (Prop_carry4_S[1]_CO[3])
                                                      0.550     7.424 r  dbg_hub/inst/BSCANID.u_xsdbm_id/SWITCH_N_EXT_BSCAN.bscan_switch/state_temp_reg[0]_i_4/CO[3]
                         net (fo=1, routed)           0.000     7.424    dbg_hub/inst/BSCANID.u_xsdbm_id/SWITCH_N_EXT_BSCAN.bscan_switch/state_temp_reg[0]_i_4_n_0
    SLICE_X40Y1          CARRY4 (Prop_carry4_CI_CO[3])
                                                      0.114     7.538 f  dbg_hub/inst/BSCANID.u_xsdbm_id/SWITCH_N_EXT_BSCAN.bscan_switch/state_temp_reg[0]_i_3/CO[3]
                         net (fo=4, routed)           1.296     8.834    dbg_hub/inst/BSCANID.u_xsdbm_id/SWITCH_N_EXT_BSCAN.bscan_switch/state_temp_reg[0]_i_3_n_0
    SLICE_X37Y2          LUT5 (Prop_lut5_I1_O)        0.154     8.988 r  dbg_hub/inst/BSCANID.u_xsdbm_id/SWITCH_N_EXT_BSCAN.bscan_switch/portno_temp[5]_i_2/O
                         net (fo=7, routed)           1.127    10.115    dbg_hub/inst/BSCANID.u_xsdbm_id/SWITCH_N_EXT_BSCAN.bscan_switch/portno_temp[5]_i_2_n_0
    SLICE_X39Y3          LUT3 (Prop_lut3_I1_O)        0.327    10.442 r  dbg_hub/inst/BSCANID.u_xsdbm_id/SWITCH_N_EXT_BSCAN.bscan_switch/portno_temp[1]_i_1/O
                         net (fo=1, routed)           0.000    10.442    dbg_hub/inst/BSCANID.u_xsdbm_id/SWITCH_N_EXT_BSCAN.bscan_switch/portno_temp[1]_i_1_n_0
    SLICE_X39Y3          FDRE                                         r  dbg_hub/inst/BSCANID.u_xsdbm_id/SWITCH_N_EXT_BSCAN.bscan_switch/portno_temp_reg[1]/D
  -------------------------------------------------------------------    -------------------

                         (clock dbg_hub/inst/BSCANID.u_xsdbm_id/SWITCH_N_EXT_BSCAN.bscan_inst/SERIES7_BSCAN.bscan_inst/TCK rise edge)
                                                     33.000    33.000 r  
    BSCAN_X0Y0           BSCANE2                      0.000    33.000 r  dbg_hub/inst/BSCANID.u_xsdbm_id/SWITCH_N_EXT_BSCAN.bscan_inst/SERIES7_BSCAN.bscan_inst/TCK
                         net (fo=1, routed)           1.487    34.487    dbg_hub/inst/BSCANID.u_xsdbm_id/tck_bs
    BUFGCTRL_X0Y3        BUFG (Prop_bufg_I_O)         0.091    34.578 r  dbg_hub/inst/BSCANID.u_xsdbm_id/SWITCH_N_EXT_BSCAN.u_bufg_icon_tck/O
                         net (fo=482, routed)         1.445    36.023    dbg_hub/inst/BSCANID.u_xsdbm_id/SWITCH_N_EXT_BSCAN.bscan_switch/s_bscan_tck
    SLICE_X39Y3          FDRE                                         r  dbg_hub/inst/BSCANID.u_xsdbm_id/SWITCH_N_EXT_BSCAN.bscan_switch/portno_temp_reg[1]/C
                         clock pessimism              0.341    36.364    
                         clock uncertainty           -0.035    36.329    
    SLICE_X39Y3          FDRE (Setup_fdre_C_D)        0.029    36.358    dbg_hub/inst/BSCANID.u_xsdbm_id/SWITCH_N_EXT_BSCAN.bscan_switch/portno_temp_reg[1]
  -------------------------------------------------------------------
                         required time                         36.358    
                         arrival time                         -10.442    
  -------------------------------------------------------------------
                         slack                                 25.916    





Min Delay Paths
--------------------------------------------------------------------------------------
Slack (MET) :             0.049ns  (arrival time - required time)
  Source:                 dbg_hub/inst/BSCANID.u_xsdbm_id/CORE_XSDB.UUT_MASTER/U_ICON_INTERFACE/U_CMD6_WR/shift_reg_in_reg[13]/C
                            (rising edge-triggered cell FDCE clocked by dbg_hub/inst/BSCANID.u_xsdbm_id/SWITCH_N_EXT_BSCAN.bscan_inst/SERIES7_BSCAN.bscan_inst/TCK  {rise@0.000ns fall@16.500ns period=33.000ns})
  Destination:            dbg_hub/inst/BSCANID.u_xsdbm_id/CORE_XSDB.UUT_MASTER/U_ICON_INTERFACE/U_CMD6_WR/U_WR_FIFO/SUBCORE_FIFO.xsdbm_v3_0_3_wrfifo_inst/inst_fifo_gen/gconvfifo.rf/grf.rf/gntv_or_sync_fifo.mem/gdm.dm_gen.dm/RAM_reg_0_15_12_15/RAMA/I
                            (rising edge-triggered cell RAMD32 clocked by dbg_hub/inst/BSCANID.u_xsdbm_id/SWITCH_N_EXT_BSCAN.bscan_inst/SERIES7_BSCAN.bscan_inst/TCK  {rise@0.000ns fall@16.500ns period=33.000ns})
  Path Group:             dbg_hub/inst/BSCANID.u_xsdbm_id/SWITCH_N_EXT_BSCAN.bscan_inst/SERIES7_BSCAN.bscan_inst/TCK
  Path Type:              Hold (Min at Fast Process Corner)
  Requirement:            0.000ns  (dbg_hub/inst/BSCANID.u_xsdbm_id/SWITCH_N_EXT_BSCAN.bscan_inst/SERIES7_BSCAN.bscan_inst/TCK rise@0.000ns - dbg_hub/inst/BSCANID.u_xsdbm_id/SWITCH_N_EXT_BSCAN.bscan_inst/SERIES7_BSCAN.bscan_inst/TCK rise@0.000ns)
  Data Path Delay:        0.209ns  (logic 0.141ns (67.454%)  route 0.068ns (32.546%))
  Logic Levels:           0  
  Clock Path Skew:        0.013ns (DCD - SCD - CPR)
    Destination Clock Delay (DCD):    1.651ns
    Source Clock Delay      (SCD):    1.272ns
    Clock Pessimism Removal (CPR):    0.366ns

    Location             Delay type                Incr(ns)  Path(ns)    Netlist Resource(s)
  -------------------------------------------------------------------    -------------------
                         (clock dbg_hub/inst/BSCANID.u_xsdbm_id/SWITCH_N_EXT_BSCAN.bscan_inst/SERIES7_BSCAN.bscan_inst/TCK rise edge)
                                                      0.000     0.000 r  
    BSCAN_X0Y0           BSCANE2                      0.000     0.000 r  dbg_hub/inst/BSCANID.u_xsdbm_id/SWITCH_N_EXT_BSCAN.bscan_inst/SERIES7_BSCAN.bscan_inst/TCK
                         net (fo=1, routed)           0.685     0.685    dbg_hub/inst/BSCANID.u_xsdbm_id/tck_bs
    BUFGCTRL_X0Y3        BUFG (Prop_bufg_I_O)         0.026     0.711 r  dbg_hub/inst/BSCANID.u_xsdbm_id/SWITCH_N_EXT_BSCAN.u_bufg_icon_tck/O
                         net (fo=482, routed)         0.561     1.272    dbg_hub/inst/BSCANID.u_xsdbm_id/CORE_XSDB.UUT_MASTER/U_ICON_INTERFACE/U_CMD6_WR/m_bscan_tck[0]
    SLICE_X43Y11         FDCE                                         r  dbg_hub/inst/BSCANID.u_xsdbm_id/CORE_XSDB.UUT_MASTER/U_ICON_INTERFACE/U_CMD6_WR/shift_reg_in_reg[13]/C
  -------------------------------------------------------------------    -------------------
    SLICE_X43Y11         FDCE (Prop_fdce_C_Q)         0.141     1.413 r  dbg_hub/inst/BSCANID.u_xsdbm_id/CORE_XSDB.UUT_MASTER/U_ICON_INTERFACE/U_CMD6_WR/shift_reg_in_reg[13]/Q
                         net (fo=2, routed)           0.068     1.481    dbg_hub/inst/BSCANID.u_xsdbm_id/CORE_XSDB.UUT_MASTER/U_ICON_INTERFACE/U_CMD6_WR/U_WR_FIFO/SUBCORE_FIFO.xsdbm_v3_0_3_wrfifo_inst/inst_fifo_gen/gconvfifo.rf/grf.rf/gntv_or_sync_fifo.mem/gdm.dm_gen.dm/RAM_reg_0_15_12_15/DIA0
    SLICE_X42Y11         RAMD32                                       r  dbg_hub/inst/BSCANID.u_xsdbm_id/CORE_XSDB.UUT_MASTER/U_ICON_INTERFACE/U_CMD6_WR/U_WR_FIFO/SUBCORE_FIFO.xsdbm_v3_0_3_wrfifo_inst/inst_fifo_gen/gconvfifo.rf/grf.rf/gntv_or_sync_fifo.mem/gdm.dm_gen.dm/RAM_reg_0_15_12_15/RAMA/I
  -------------------------------------------------------------------    -------------------

                         (clock dbg_hub/inst/BSCANID.u_xsdbm_id/SWITCH_N_EXT_BSCAN.bscan_inst/SERIES7_BSCAN.bscan_inst/TCK rise edge)
                                                      0.000     0.000 r  
    BSCAN_X0Y0           BSCANE2                      0.000     0.000 r  dbg_hub/inst/BSCANID.u_xsdbm_id/SWITCH_N_EXT_BSCAN.bscan_inst/SERIES7_BSCAN.bscan_inst/TCK
                         net (fo=1, routed)           0.791     0.791    dbg_hub/inst/BSCANID.u_xsdbm_id/tck_bs
    BUFGCTRL_X0Y3        BUFG (Prop_bufg_I_O)         0.029     0.820 r  dbg_hub/inst/BSCANID.u_xsdbm_id/SWITCH_N_EXT_BSCAN.u_bufg_icon_tck/O
                         net (fo=482, routed)         0.831     1.651    dbg_hub/inst/BSCANID.u_xsdbm_id/CORE_XSDB.UUT_MASTER/U_ICON_INTERFACE/U_CMD6_WR/U_WR_FIFO/SUBCORE_FIFO.xsdbm_v3_0_3_wrfifo_inst/inst_fifo_gen/gconvfifo.rf/grf.rf/gntv_or_sync_fifo.mem/gdm.dm_gen.dm/RAM_reg_0_15_12_15/WCLK
    SLICE_X42Y11         RAMD32                                       r  dbg_hub/inst/BSCANID.u_xsdbm_id/CORE_XSDB.UUT_MASTER/U_ICON_INTERFACE/U_CMD6_WR/U_WR_FIFO/SUBCORE_FIFO.xsdbm_v3_0_3_wrfifo_inst/inst_fifo_gen/gconvfifo.rf/grf.rf/gntv_or_sync_fifo.mem/gdm.dm_gen.dm/RAM_reg_0_15_12_15/RAMA/CLK
                         clock pessimism             -0.366     1.285    
    SLICE_X42Y11         RAMD32 (Hold_ramd32_CLK_I)
                                                      0.147     1.432    dbg_hub/inst/BSCANID.u_xsdbm_id/CORE_XSDB.UUT_MASTER/U_ICON_INTERFACE/U_CMD6_WR/U_WR_FIFO/SUBCORE_FIFO.xsdbm_v3_0_3_wrfifo_inst/inst_fifo_gen/gconvfifo.rf/grf.rf/gntv_or_sync_fifo.mem/gdm.dm_gen.dm/RAM_reg_0_15_12_15/RAMA
  -------------------------------------------------------------------
                         required time                         -1.432    
                         arrival time                           1.481    
  -------------------------------------------------------------------
                         slack                                  0.049    





Pulse Width Checks
--------------------------------------------------------------------------------------
Clock Name:         dbg_hub/inst/BSCANID.u_xsdbm_id/SWITCH_N_EXT_BSCAN.bscan_inst/SERIES7_BSCAN.bscan_inst/TCK
Waveform(ns):       { 0.000 16.500 }
Period(ns):         33.000
Sources:            { dbg_hub/inst/BSCANID.u_xsdbm_id/SWITCH_N_EXT_BSCAN.bscan_inst/SERIES7_BSCAN.bscan_inst/TCK }

Check Type        Corner  Lib Pin     Reference Pin  Required(ns)  Actual(ns)  Slack(ns)  Location       Pin
Min Period        n/a     BUFG/I      n/a            2.155         33.000      30.845     BUFGCTRL_X0Y3  dbg_hub/inst/BSCANID.u_xsdbm_id/SWITCH_N_EXT_BSCAN.u_bufg_icon_tck/I
Low Pulse Width   Slow    RAMD32/CLK  n/a            1.250         16.500      15.250     SLICE_X46Y11   dbg_hub/inst/BSCANID.u_xsdbm_id/CORE_XSDB.UUT_MASTER/U_ICON_INTERFACE/U_CMD6_WR/U_WR_FIFO/SUBCORE_FIFO.xsdbm_v3_0_3_wrfifo_inst/inst_fifo_gen/gconvfifo.rf/grf.rf/gntv_or_sync_fifo.mem/gdm.dm_gen.dm/RAM_reg_0_15_0_5/RAMA/CLK
High Pulse Width  Slow    RAMD32/CLK  n/a            1.250         16.500      15.250     SLICE_X46Y11   dbg_hub/inst/BSCANID.u_xsdbm_id/CORE_XSDB.UUT_MASTER/U_ICON_INTERFACE/U_CMD6_WR/U_WR_FIFO/SUBCORE_FIFO.xsdbm_v3_0_3_wrfifo_inst/inst_fifo_gen/gconvfifo.rf/grf.rf/gntv_or_sync_fifo.mem/gdm.dm_gen.dm/RAM_reg_0_15_0_5/RAMA/CLK



---------------------------------------------------------------------------------------------------
From Clock:  sys_clock
  To Clock:  sys_clock

Setup :           NA  Failing Endpoints,  Worst Slack           NA  ,  Total Violation           NA
Hold  :           NA  Failing Endpoints,  Worst Slack           NA  ,  Total Violation           NA
PW    :            0  Failing Endpoints,  Worst Slack        3.000ns,  Total Violation        0.000ns
---------------------------------------------------------------------------------------------------


Pulse Width Checks
--------------------------------------------------------------------------------------
Clock Name:         sys_clock
Waveform(ns):       { 0.000 5.000 }
Period(ns):         10.000
Sources:            { sys_clock }

Check Type        Corner  Lib Pin            Reference Pin  Required(ns)  Actual(ns)  Slack(ns)  Location         Pin
Min Period        n/a     MMCME2_ADV/CLKIN1  n/a            1.249         10.000      8.751      MMCME2_ADV_X1Y0  base_soc_i/clk_wiz/inst/mmcm_adv_inst/CLKIN1
Max Period        n/a     MMCME2_ADV/CLKIN1  n/a            100.000       10.000      90.000     MMCME2_ADV_X1Y0  base_soc_i/clk_wiz/inst/mmcm_adv_inst/CLKIN1
Low Pulse Width   Slow    MMCME2_ADV/CLKIN1  n/a            2.000         5.000       3.000      MMCME2_ADV_X1Y0  base_soc_i/clk_wiz/inst/mmcm_adv_inst/CLKIN1
High Pulse Width  Slow    MMCME2_ADV/CLKIN1  n/a            2.000         5.000       3.000      MMCME2_ADV_X1Y0  base_soc_i/clk_wiz/inst/mmcm_adv_inst/CLKIN1



---------------------------------------------------------------------------------------------------
From Clock:  clk_out1_base_soc_clk_wiz_0
  To Clock:  clk_out1_base_soc_clk_wiz_0

Setup :            0  Failing Endpoints,  Worst Slack        1.544ns,  Total Violation        0.000ns
Hold  :            0  Failing Endpoints,  Worst Slack        0.014ns,  Total Violation        0.000ns
PW    :            0  Failing Endpoints,  Worst Slack        3.750ns,  Total Violation        0.000ns
---------------------------------------------------------------------------------------------------


Max Delay Paths
--------------------------------------------------------------------------------------
Slack (MET) :             1.544ns  (required time - arrival time)
  Source:                 <hidden>
                            (rising edge-triggered cell FDRE clocked by clk_out1_base_soc_clk_wiz_0  {rise@0.000ns fall@5.000ns period=10.000ns})
  Destination:            <hidden>
                            (rising edge-triggered cell RAMB36E1 clocked by clk_out1_base_soc_clk_wiz_0  {rise@0.000ns fall@5.000ns period=10.000ns})
  Path Group:             clk_out1_base_soc_clk_wiz_0
  Path Type:              Setup (Max at Slow Process Corner)
  Requirement:            10.000ns  (clk_out1_base_soc_clk_wiz_0 rise@10.000ns - clk_out1_base_soc_clk_wiz_0 rise@0.000ns)
  Data Path Delay:        7.539ns  (logic 1.931ns (25.612%)  route 5.608ns (74.388%))
  Logic Levels:           4  (CARRY4=2 LUT3=1 LUT5=1)
  Clock Path Skew:        -0.073ns (DCD - SCD + CPR)
    Destination Clock Delay (DCD):    -1.510ns = ( 8.490 - 10.000 ) 
    Source Clock Delay      (SCD):    -0.953ns
    Clock Pessimism Removal (CPR):    0.484ns
  Clock Uncertainty:      0.074ns  ((TSJ^2 + DJ^2)^1/2) / 2 + PE
    Total System Jitter     (TSJ):    0.071ns
    Discrete Jitter          (DJ):    0.131ns
    Phase Error              (PE):    0.000ns

    Location             Delay type                Incr(ns)  Path(ns)    Netlist Resource(s)
  -------------------------------------------------------------------    -------------------
                         (clock clk_out1_base_soc_clk_wiz_0 rise edge)
                                                      0.000     0.000 r  
    W5                                                0.000     0.000 r  sys_clock (IN)
                         net (fo=0)                   0.000     0.000    base_soc_i/clk_wiz/inst/clk_in1
    W5                   IBUF (Prop_ibuf_I_O)         1.458     1.458 r  base_soc_i/clk_wiz/inst/clkin1_ibufg/O
                         net (fo=1, routed)           1.233     2.691    base_soc_i/clk_wiz/inst/clk_in1_base_soc_clk_wiz_0
    MMCME2_ADV_X1Y0      MMCME2_ADV (Prop_mmcme2_adv_CLKIN1_CLKOUT0)
                                                     -6.961    -4.269 r  base_soc_i/clk_wiz/inst/mmcm_adv_inst/CLKOUT0
                         net (fo=1, routed)           1.661    -2.608    base_soc_i/clk_wiz/inst/clk_out1_base_soc_clk_wiz_0
    BUFGCTRL_X0Y2        BUFG (Prop_bufg_I_O)         0.096    -2.512 r  base_soc_i/clk_wiz/inst/clkout1_buf/O
                         net (fo=3850, routed)        1.559    -0.953    <hidden>
    SLICE_X55Y53         FDRE                                         r  <hidden>
  -------------------------------------------------------------------    -------------------
    SLICE_X55Y53         FDRE (Prop_fdre_C_Q)         0.419    -0.534 r  <hidden>
                         net (fo=32, routed)          1.390     0.856    <hidden>
    SLICE_X53Y48         LUT5 (Prop_lut5_I0_O)        0.299     1.155 r  <hidden>
                         net (fo=1, routed)           0.000     1.155    <hidden>
    SLICE_X53Y48         CARRY4 (Prop_carry4_S[0]_CO[3])
                                                      0.532     1.687 r  <hidden>
                         net (fo=1, routed)           0.000     1.687    <hidden>
    SLICE_X53Y49         CARRY4 (Prop_carry4_CI_O[1])
                                                      0.348     2.035 r  <hidden>
                         net (fo=35, routed)          1.343     3.378    <hidden>
    SLICE_X51Y48         LUT3 (Prop_lut3_I0_O)        0.333     3.711 r  <hidden>
                         net (fo=33, routed)          2.876     6.586    <hidden>
    RAMB36_X0Y3          RAMB36E1                                     r  <hidden>
  -------------------------------------------------------------------    -------------------

                         (clock clk_out1_base_soc_clk_wiz_0 rise edge)
                                                     10.000    10.000 r  
    W5                                                0.000    10.000 r  sys_clock (IN)
                         net (fo=0)                   0.000    10.000    base_soc_i/clk_wiz/inst/clk_in1
    W5                   IBUF (Prop_ibuf_I_O)         1.388    11.388 r  base_soc_i/clk_wiz/inst/clkin1_ibufg/O
                         net (fo=1, routed)           1.162    12.550    base_soc_i/clk_wiz/inst/clk_in1_base_soc_clk_wiz_0
    MMCME2_ADV_X1Y0      MMCME2_ADV (Prop_mmcme2_adv_CLKIN1_CLKOUT0)
                                                     -7.217     5.332 r  base_soc_i/clk_wiz/inst/mmcm_adv_inst/CLKOUT0
                         net (fo=1, routed)           1.581     6.914    base_soc_i/clk_wiz/inst/clk_out1_base_soc_clk_wiz_0
    BUFGCTRL_X0Y2        BUFG (Prop_bufg_I_O)         0.091     7.005 r  base_soc_i/clk_wiz/inst/clkout1_buf/O
                         net (fo=3850, routed)        1.486     8.490    <hidden>
    RAMB36_X0Y3          RAMB36E1                                     r  <hidden>
                         clock pessimism              0.484     8.974    
                         clock uncertainty           -0.074     8.900    
    RAMB36_X0Y3          RAMB36E1 (Setup_ramb36e1_CLKBWRCLK_ADDRBWRADDR[7])
                                                     -0.769     8.131    <hidden>
  -------------------------------------------------------------------
                         required time                          8.131    
                         arrival time                          -6.586    
  -------------------------------------------------------------------
                         slack                                  1.544    





Min Delay Paths
--------------------------------------------------------------------------------------
Slack (MET) :             0.014ns  (arrival time - required time)
  Source:                 <hidden>
                            (rising edge-triggered cell FDRE clocked by clk_out1_base_soc_clk_wiz_0  {rise@0.000ns fall@5.000ns period=10.000ns})
  Destination:            <hidden>
                            (rising edge-triggered cell FDRE clocked by clk_out1_base_soc_clk_wiz_0  {rise@0.000ns fall@5.000ns period=10.000ns})
  Path Group:             clk_out1_base_soc_clk_wiz_0
  Path Type:              Hold (Min at Fast Process Corner)
  Requirement:            0.000ns  (clk_out1_base_soc_clk_wiz_0 rise@0.000ns - clk_out1_base_soc_clk_wiz_0 rise@0.000ns)
  Data Path Delay:        0.389ns  (logic 0.252ns (64.736%)  route 0.137ns (35.264%))
  Logic Levels:           2  (CARRY4=1 LUT5=1)
  Clock Path Skew:        0.273ns (DCD - SCD - CPR)
    Destination Clock Delay (DCD):    -0.852ns
    Source Clock Delay      (SCD):    -0.616ns
    Clock Pessimism Removal (CPR):    -0.508ns

    Location             Delay type                Incr(ns)  Path(ns)    Netlist Resource(s)
  -------------------------------------------------------------------    -------------------
                         (clock clk_out1_base_soc_clk_wiz_0 rise edge)
                                                      0.000     0.000 r  
    W5                                                0.000     0.000 r  sys_clock (IN)
                         net (fo=0)                   0.000     0.000    base_soc_i/clk_wiz/inst/clk_in1
    W5                   IBUF (Prop_ibuf_I_O)         0.226     0.226 r  base_soc_i/clk_wiz/inst/clkin1_ibufg/O
                         net (fo=1, routed)           0.440     0.667    base_soc_i/clk_wiz/inst/clk_in1_base_soc_clk_wiz_0
    MMCME2_ADV_X1Y0      MMCME2_ADV (Prop_mmcme2_adv_CLKIN1_CLKOUT0)
                                                     -2.360    -1.693 r  base_soc_i/clk_wiz/inst/mmcm_adv_inst/CLKOUT0
                         net (fo=1, routed)           0.486    -1.207    base_soc_i/clk_wiz/inst/clk_out1_base_soc_clk_wiz_0
    BUFGCTRL_X0Y2        BUFG (Prop_bufg_I_O)         0.026    -1.181 r  base_soc_i/clk_wiz/inst/clkout1_buf/O
                         net (fo=3850, routed)        0.565    -0.616    <hidden>
    SLICE_X51Y50         FDRE                                         r  <hidden>
  -------------------------------------------------------------------    -------------------
    SLICE_X51Y50         FDRE (Prop_fdre_C_Q)         0.141    -0.475 r  <hidden>
                         net (fo=2, routed)           0.137    -0.338    <hidden>
    SLICE_X53Y49         LUT5 (Prop_lut5_I4_O)        0.045    -0.293 r  <hidden>
                         net (fo=1, routed)           0.000    -0.293    <hidden>
    SLICE_X53Y49         CARRY4 (Prop_carry4_S[2]_O[2])
                                                      0.066    -0.227 r  <hidden>
                         net (fo=35, routed)          0.000    -0.227    <hidden>
    SLICE_X53Y49         FDRE                                         r  <hidden>
  -------------------------------------------------------------------    -------------------

                         (clock clk_out1_base_soc_clk_wiz_0 rise edge)
                                                      0.000     0.000 r  
    W5                                                0.000     0.000 r  sys_clock (IN)
                         net (fo=0)                   0.000     0.000    base_soc_i/clk_wiz/inst/clk_in1
    W5                   IBUF (Prop_ibuf_I_O)         0.414     0.414 r  base_soc_i/clk_wiz/inst/clkin1_ibufg/O
                         net (fo=1, routed)           0.480     0.894    base_soc_i/clk_wiz/inst/clk_in1_base_soc_clk_wiz_0
    MMCME2_ADV_X1Y0      MMCME2_ADV (Prop_mmcme2_adv_CLKIN1_CLKOUT0)
                                                     -3.142    -2.248 r  base_soc_i/clk_wiz/inst/mmcm_adv_inst/CLKOUT0
                         net (fo=1, routed)           0.530    -1.718    base_soc_i/clk_wiz/inst/clk_out1_base_soc_clk_wiz_0
    BUFGCTRL_X0Y2        BUFG (Prop_bufg_I_O)         0.029    -1.689 r  base_soc_i/clk_wiz/inst/clkout1_buf/O
                         net (fo=3850, routed)        0.838    -0.852    <hidden>
    SLICE_X53Y49         FDRE                                         r  <hidden>
                         clock pessimism              0.508    -0.343    
    SLICE_X53Y49         FDRE (Hold_fdre_C_D)         0.102    -0.241    <hidden>
  -------------------------------------------------------------------
                         required time                          0.241    
                         arrival time                          -0.227    
  -------------------------------------------------------------------
                         slack                                  0.014    





Pulse Width Checks
--------------------------------------------------------------------------------------
Clock Name:         clk_out1_base_soc_clk_wiz_0
Waveform(ns):       { 0.000 5.000 }
Period(ns):         10.000
Sources:            { base_soc_i/clk_wiz/inst/mmcm_adv_inst/CLKOUT0 }

Check Type        Corner  Lib Pin             Reference Pin  Required(ns)  Actual(ns)  Slack(ns)  Location         Pin
Min Period        n/a     RAMB18E1/CLKARDCLK  n/a            2.944         10.000      7.056      RAMB18_X2Y8      <hidden>
Max Period        n/a     MMCME2_ADV/CLKOUT0  n/a            213.360       10.000      203.360    MMCME2_ADV_X1Y0  base_soc_i/clk_wiz/inst/mmcm_adv_inst/CLKOUT0
Low Pulse Width   Slow    RAMD32/CLK          n/a            1.250         5.000       3.750      SLICE_X42Y53     <hidden>
High Pulse Width  Slow    RAMD32/CLK          n/a            1.250         5.000       3.750      SLICE_X42Y53     <hidden>



---------------------------------------------------------------------------------------------------
From Clock:  clkfbout_base_soc_clk_wiz_0
  To Clock:  clkfbout_base_soc_clk_wiz_0

Setup :           NA  Failing Endpoints,  Worst Slack           NA  ,  Total Violation           NA
Hold  :           NA  Failing Endpoints,  Worst Slack           NA  ,  Total Violation           NA
PW    :            0  Failing Endpoints,  Worst Slack        7.845ns,  Total Violation        0.000ns
---------------------------------------------------------------------------------------------------


Pulse Width Checks
--------------------------------------------------------------------------------------
Clock Name:         clkfbout_base_soc_clk_wiz_0
Waveform(ns):       { 0.000 5.000 }
Period(ns):         10.000
Sources:            { base_soc_i/clk_wiz/inst/mmcm_adv_inst/CLKFBOUT }

Check Type  Corner  Lib Pin             Reference Pin  Required(ns)  Actual(ns)  Slack(ns)  Location         Pin
Min Period  n/a     BUFG/I              n/a            2.155         10.000      7.845      BUFGCTRL_X0Y6    base_soc_i/clk_wiz/inst/clkf_buf/I
Max Period  n/a     MMCME2_ADV/CLKFBIN  n/a            100.000       10.000      90.000     MMCME2_ADV_X1Y0  base_soc_i/clk_wiz/inst/mmcm_adv_inst/CLKFBIN



---------------------------------------------------------------------------------------------------
From Clock:  clk_out1_base_soc_clk_wiz_0
  To Clock:  dbg_hub/inst/BSCANID.u_xsdbm_id/SWITCH_N_EXT_BSCAN.bscan_inst/SERIES7_BSCAN.bscan_inst/TCK

Setup :            0  Failing Endpoints,  Worst Slack        8.636ns,  Total Violation        0.000ns
Hold  :           NA  Failing Endpoints,  Worst Slack           NA  ,  Total Violation           NA
---------------------------------------------------------------------------------------------------


Max Delay Paths
--------------------------------------------------------------------------------------
Slack (MET) :             8.636ns  (required time - arrival time)
  Source:                 dbg_hub/inst/BSCANID.u_xsdbm_id/CORE_XSDB.UUT_MASTER/U_ICON_INTERFACE/U_CMD6_WR/U_WR_FIFO/SUBCORE_FIFO.xsdbm_v3_0_3_wrfifo_inst/inst_fifo_gen/gconvfifo.rf/grf.rf/gntv_or_sync_fifo.gcx.clkx/gnxpm_cdc.rd_pntr_gc_reg[1]/C
                            (rising edge-triggered cell FDCE clocked by clk_out1_base_soc_clk_wiz_0  {rise@0.000ns fall@5.000ns period=10.000ns})
  Destination:            dbg_hub/inst/BSCANID.u_xsdbm_id/CORE_XSDB.UUT_MASTER/U_ICON_INTERFACE/U_CMD6_WR/U_WR_FIFO/SUBCORE_FIFO.xsdbm_v3_0_3_wrfifo_inst/inst_fifo_gen/gconvfifo.rf/grf.rf/gntv_or_sync_fifo.gcx.clkx/gnxpm_cdc.gsync_stage[1].wr_stg_inst/Q_reg_reg[1]/D
                            (rising edge-triggered cell FDCE clocked by dbg_hub/inst/BSCANID.u_xsdbm_id/SWITCH_N_EXT_BSCAN.bscan_inst/SERIES7_BSCAN.bscan_inst/TCK  {rise@0.000ns fall@16.500ns period=33.000ns})
  Path Group:             dbg_hub/inst/BSCANID.u_xsdbm_id/SWITCH_N_EXT_BSCAN.bscan_inst/SERIES7_BSCAN.bscan_inst/TCK
  Path Type:              Setup (Max at Slow Process Corner)
  Requirement:            10.000ns  (MaxDelay Path 10.000ns)
  Data Path Delay:        1.271ns  (logic 0.456ns (35.885%)  route 0.815ns (64.115%))
  Logic Levels:           0  
  Timing Exception:       MaxDelay Path 10.000ns -datapath_only

    Location             Delay type                Incr(ns)  Path(ns)    Netlist Resource(s)
  -------------------------------------------------------------------    -------------------
    SLICE_X47Y8                                       0.000     0.000 r  dbg_hub/inst/BSCANID.u_xsdbm_id/CORE_XSDB.UUT_MASTER/U_ICON_INTERFACE/U_CMD6_WR/U_WR_FIFO/SUBCORE_FIFO.xsdbm_v3_0_3_wrfifo_inst/inst_fifo_gen/gconvfifo.rf/grf.rf/gntv_or_sync_fifo.gcx.clkx/gnxpm_cdc.rd_pntr_gc_reg[1]/C
    SLICE_X47Y8          FDCE (Prop_fdce_C_Q)         0.456     0.456 r  dbg_hub/inst/BSCANID.u_xsdbm_id/CORE_XSDB.UUT_MASTER/U_ICON_INTERFACE/U_CMD6_WR/U_WR_FIFO/SUBCORE_FIFO.xsdbm_v3_0_3_wrfifo_inst/inst_fifo_gen/gconvfifo.rf/grf.rf/gntv_or_sync_fifo.gcx.clkx/gnxpm_cdc.rd_pntr_gc_reg[1]/Q
                         net (fo=1, routed)           0.815     1.271    dbg_hub/inst/BSCANID.u_xsdbm_id/CORE_XSDB.UUT_MASTER/U_ICON_INTERFACE/U_CMD6_WR/U_WR_FIFO/SUBCORE_FIFO.xsdbm_v3_0_3_wrfifo_inst/inst_fifo_gen/gconvfifo.rf/grf.rf/gntv_or_sync_fifo.gcx.clkx/gnxpm_cdc.gsync_stage[1].wr_stg_inst/Q[1]
    SLICE_X48Y8          FDCE                                         r  dbg_hub/inst/BSCANID.u_xsdbm_id/CORE_XSDB.UUT_MASTER/U_ICON_INTERFACE/U_CMD6_WR/U_WR_FIFO/SUBCORE_FIFO.xsdbm_v3_0_3_wrfifo_inst/inst_fifo_gen/gconvfifo.rf/grf.rf/gntv_or_sync_fifo.gcx.clkx/gnxpm_cdc.gsync_stage[1].wr_stg_inst/Q_reg_reg[1]/D
  -------------------------------------------------------------------    -------------------

                         max delay                   10.000    10.000    
    SLICE_X48Y8          FDCE (Setup_fdce_C_D)       -0.093     9.907    dbg_hub/inst/BSCANID.u_xsdbm_id/CORE_XSDB.UUT_MASTER/U_ICON_INTERFACE/U_CMD6_WR/U_WR_FIFO/SUBCORE_FIFO.xsdbm_v3_0_3_wrfifo_inst/inst_fifo_gen/gconvfifo.rf/grf.rf/gntv_or_sync_fifo.gcx.clkx/gnxpm_cdc.gsync_stage[1].wr_stg_inst/Q_reg_reg[1]
  -------------------------------------------------------------------
                         required time                          9.907    
                         arrival time                          -1.271    
  -------------------------------------------------------------------
                         slack                                  8.636    





---------------------------------------------------------------------------------------------------
From Clock:  dbg_hub/inst/BSCANID.u_xsdbm_id/SWITCH_N_EXT_BSCAN.bscan_inst/SERIES7_BSCAN.bscan_inst/TCK
  To Clock:  clk_out1_base_soc_clk_wiz_0

Setup :            0  Failing Endpoints,  Worst Slack       31.321ns,  Total Violation        0.000ns
Hold  :           NA  Failing Endpoints,  Worst Slack           NA  ,  Total Violation           NA
---------------------------------------------------------------------------------------------------


Max Delay Paths
--------------------------------------------------------------------------------------
Slack (MET) :             31.321ns  (required time - arrival time)
  Source:                 dbg_hub/inst/BSCANID.u_xsdbm_id/CORE_XSDB.UUT_MASTER/U_ICON_INTERFACE/U_CMD6_RD/U_RD_FIFO/SUBCORE_FIFO.xsdbm_v3_0_3_rdfifo_inst/inst_fifo_gen/gconvfifo.rf/grf.rf/gntv_or_sync_fifo.gcx.clkx/gnxpm_cdc.rd_pntr_gc_reg[0]/C
                            (rising edge-triggered cell FDCE clocked by dbg_hub/inst/BSCANID.u_xsdbm_id/SWITCH_N_EXT_BSCAN.bscan_inst/SERIES7_BSCAN.bscan_inst/TCK  {rise@0.000ns fall@16.500ns period=33.000ns})
  Destination:            dbg_hub/inst/BSCANID.u_xsdbm_id/CORE_XSDB.UUT_MASTER/U_ICON_INTERFACE/U_CMD6_RD/U_RD_FIFO/SUBCORE_FIFO.xsdbm_v3_0_3_rdfifo_inst/inst_fifo_gen/gconvfifo.rf/grf.rf/gntv_or_sync_fifo.gcx.clkx/gnxpm_cdc.gsync_stage[1].wr_stg_inst/Q_reg_reg[0]/D
                            (rising edge-triggered cell FDCE clocked by clk_out1_base_soc_clk_wiz_0  {rise@0.000ns fall@5.000ns period=10.000ns})
  Path Group:             clk_out1_base_soc_clk_wiz_0
  Path Type:              Setup (Max at Slow Process Corner)
  Requirement:            33.000ns  (MaxDelay Path 33.000ns)
  Data Path Delay:        1.625ns  (logic 0.518ns (31.875%)  route 1.107ns (68.125%))
  Logic Levels:           0  
  Timing Exception:       MaxDelay Path 33.000ns -datapath_only

    Location             Delay type                Incr(ns)  Path(ns)    Netlist Resource(s)
  -------------------------------------------------------------------    -------------------
    SLICE_X54Y6                                       0.000     0.000 r  dbg_hub/inst/BSCANID.u_xsdbm_id/CORE_XSDB.UUT_MASTER/U_ICON_INTERFACE/U_CMD6_RD/U_RD_FIFO/SUBCORE_FIFO.xsdbm_v3_0_3_rdfifo_inst/inst_fifo_gen/gconvfifo.rf/grf.rf/gntv_or_sync_fifo.gcx.clkx/gnxpm_cdc.rd_pntr_gc_reg[0]/C
    SLICE_X54Y6          FDCE (Prop_fdce_C_Q)         0.518     0.518 r  dbg_hub/inst/BSCANID.u_xsdbm_id/CORE_XSDB.UUT_MASTER/U_ICON_INTERFACE/U_CMD6_RD/U_RD_FIFO/SUBCORE_FIFO.xsdbm_v3_0_3_rdfifo_inst/inst_fifo_gen/gconvfifo.rf/grf.rf/gntv_or_sync_fifo.gcx.clkx/gnxpm_cdc.rd_pntr_gc_reg[0]/Q
                         net (fo=1, routed)           1.107     1.625    dbg_hub/inst/BSCANID.u_xsdbm_id/CORE_XSDB.UUT_MASTER/U_ICON_INTERFACE/U_CMD6_RD/U_RD_FIFO/SUBCORE_FIFO.xsdbm_v3_0_3_rdfifo_inst/inst_fifo_gen/gconvfifo.rf/grf.rf/gntv_or_sync_fifo.gcx.clkx/gnxpm_cdc.gsync_stage[1].wr_stg_inst/Q[0]
    SLICE_X50Y4          FDCE                                         r  dbg_hub/inst/BSCANID.u_xsdbm_id/CORE_XSDB.UUT_MASTER/U_ICON_INTERFACE/U_CMD6_RD/U_RD_FIFO/SUBCORE_FIFO.xsdbm_v3_0_3_rdfifo_inst/inst_fifo_gen/gconvfifo.rf/grf.rf/gntv_or_sync_fifo.gcx.clkx/gnxpm_cdc.gsync_stage[1].wr_stg_inst/Q_reg_reg[0]/D
  -------------------------------------------------------------------    -------------------

                         max delay                   33.000    33.000    
    SLICE_X50Y4          FDCE (Setup_fdce_C_D)       -0.054    32.946    dbg_hub/inst/BSCANID.u_xsdbm_id/CORE_XSDB.UUT_MASTER/U_ICON_INTERFACE/U_CMD6_RD/U_RD_FIFO/SUBCORE_FIFO.xsdbm_v3_0_3_rdfifo_inst/inst_fifo_gen/gconvfifo.rf/grf.rf/gntv_or_sync_fifo.gcx.clkx/gnxpm_cdc.gsync_stage[1].wr_stg_inst/Q_reg_reg[0]
  -------------------------------------------------------------------
                         required time                         32.946    
                         arrival time                          -1.625    
  -------------------------------------------------------------------
                         slack                                 31.321    





---------------------------------------------------------------------------------------------------
Path Group:  **async_default**
From Clock:  clk_out1_base_soc_clk_wiz_0
  To Clock:  clk_out1_base_soc_clk_wiz_0

Setup :            0  Failing Endpoints,  Worst Slack        6.203ns,  Total Violation        0.000ns
Hold  :            0  Failing Endpoints,  Worst Slack        0.309ns,  Total Violation        0.000ns
---------------------------------------------------------------------------------------------------


Max Delay Paths
--------------------------------------------------------------------------------------
Slack (MET) :             6.203ns  (required time - arrival time)
  Source:                 dbg_hub/inst/BSCANID.u_xsdbm_id/CORE_XSDB.UUT_MASTER/U_ICON_INTERFACE/U_CMD1/ctl_reg_reg[0]/C
                            (rising edge-triggered cell FDRE clocked by clk_out1_base_soc_clk_wiz_0  {rise@0.000ns fall@5.000ns period=10.000ns})
  Destination:            dbg_hub/inst/BSCANID.u_xsdbm_id/CORE_XSDB.UUT_MASTER/U_XSDB_BUS_CONTROLLER/FSM_onehot_current_state_reg[7]/CLR
                            (recovery check against rising-edge clock clk_out1_base_soc_clk_wiz_0  {rise@0.000ns fall@5.000ns period=10.000ns})
  Path Group:             **async_default**
  Path Type:              Recovery (Max at Slow Process Corner)
  Requirement:            10.000ns  (clk_out1_base_soc_clk_wiz_0 rise@10.000ns - clk_out1_base_soc_clk_wiz_0 rise@0.000ns)
  Data Path Delay:        3.256ns  (logic 0.456ns (14.006%)  route 2.800ns (85.994%))
  Logic Levels:           0  
  Clock Path Skew:        -0.106ns (DCD - SCD + CPR)
    Destination Clock Delay (DCD):    -1.547ns = ( 8.453 - 10.000 ) 
    Source Clock Delay      (SCD):    -0.950ns
    Clock Pessimism Removal (CPR):    0.492ns
  Clock Uncertainty:      0.074ns  ((TSJ^2 + DJ^2)^1/2) / 2 + PE
    Total System Jitter     (TSJ):    0.071ns
    Discrete Jitter          (DJ):    0.131ns
    Phase Error              (PE):    0.000ns

    Location             Delay type                Incr(ns)  Path(ns)    Netlist Resource(s)
  -------------------------------------------------------------------    -------------------
                         (clock clk_out1_base_soc_clk_wiz_0 rise edge)
                                                      0.000     0.000 r  
    W5                                                0.000     0.000 r  sys_clock (IN)
                         net (fo=0)                   0.000     0.000    base_soc_i/clk_wiz/inst/clk_in1
    W5                   IBUF (Prop_ibuf_I_O)         1.458     1.458 r  base_soc_i/clk_wiz/inst/clkin1_ibufg/O
                         net (fo=1, routed)           1.233     2.691    base_soc_i/clk_wiz/inst/clk_in1_base_soc_clk_wiz_0
    MMCME2_ADV_X1Y0      MMCME2_ADV (Prop_mmcme2_adv_CLKIN1_CLKOUT0)
                                                     -6.961    -4.269 r  base_soc_i/clk_wiz/inst/mmcm_adv_inst/CLKOUT0
                         net (fo=1, routed)           1.661    -2.608    base_soc_i/clk_wiz/inst/clk_out1_base_soc_clk_wiz_0
    BUFGCTRL_X0Y2        BUFG (Prop_bufg_I_O)         0.096    -2.512 r  base_soc_i/clk_wiz/inst/clkout1_buf/O
                         net (fo=3850, routed)        1.562    -0.950    dbg_hub/inst/BSCANID.u_xsdbm_id/CORE_XSDB.UUT_MASTER/U_ICON_INTERFACE/U_CMD1/clk
    SLICE_X32Y11         FDRE                                         r  dbg_hub/inst/BSCANID.u_xsdbm_id/CORE_XSDB.UUT_MASTER/U_ICON_INTERFACE/U_CMD1/ctl_reg_reg[0]/C
  -------------------------------------------------------------------    -------------------
    SLICE_X32Y11         FDRE (Prop_fdre_C_Q)         0.456    -0.494 f  dbg_hub/inst/BSCANID.u_xsdbm_id/CORE_XSDB.UUT_MASTER/U_ICON_INTERFACE/U_CMD1/ctl_reg_reg[0]/Q
                         net (fo=176, routed)         2.800     2.306    dbg_hub/inst/BSCANID.u_xsdbm_id/CORE_XSDB.UUT_MASTER/U_XSDB_BUS_CONTROLLER/out[0]
    SLICE_X46Y6          FDCE                                         f  dbg_hub/inst/BSCANID.u_xsdbm_id/CORE_XSDB.UUT_MASTER/U_XSDB_BUS_CONTROLLER/FSM_onehot_current_state_reg[7]/CLR
  -------------------------------------------------------------------    -------------------

                         (clock clk_out1_base_soc_clk_wiz_0 rise edge)
                                                     10.000    10.000 r  
    W5                                                0.000    10.000 r  sys_clock (IN)
                         net (fo=0)                   0.000    10.000    base_soc_i/clk_wiz/inst/clk_in1
    W5                   IBUF (Prop_ibuf_I_O)         1.388    11.388 r  base_soc_i/clk_wiz/inst/clkin1_ibufg/O
                         net (fo=1, routed)           1.162    12.550    base_soc_i/clk_wiz/inst/clk_in1_base_soc_clk_wiz_0
    MMCME2_ADV_X1Y0      MMCME2_ADV (Prop_mmcme2_adv_CLKIN1_CLKOUT0)
                                                     -7.217     5.332 r  base_soc_i/clk_wiz/inst/mmcm_adv_inst/CLKOUT0
                         net (fo=1, routed)           1.581     6.914    base_soc_i/clk_wiz/inst/clk_out1_base_soc_clk_wiz_0
    BUFGCTRL_X0Y2        BUFG (Prop_bufg_I_O)         0.091     7.005 r  base_soc_i/clk_wiz/inst/clkout1_buf/O
                         net (fo=3850, routed)        1.448     8.453    dbg_hub/inst/BSCANID.u_xsdbm_id/CORE_XSDB.UUT_MASTER/U_XSDB_BUS_CONTROLLER/clk
    SLICE_X46Y6          FDCE                                         r  dbg_hub/inst/BSCANID.u_xsdbm_id/CORE_XSDB.UUT_MASTER/U_XSDB_BUS_CONTROLLER/FSM_onehot_current_state_reg[7]/C
                         clock pessimism              0.492     8.944    
                         clock uncertainty           -0.074     8.870    
    SLICE_X46Y6          FDCE (Recov_fdce_C_CLR)     -0.361     8.509    dbg_hub/inst/BSCANID.u_xsdbm_id/CORE_XSDB.UUT_MASTER/U_XSDB_BUS_CONTROLLER/FSM_onehot_current_state_reg[7]
  -------------------------------------------------------------------
                         required time                          8.509    
                         arrival time                          -2.306    
  -------------------------------------------------------------------
                         slack                                  6.203    





Min Delay Paths
--------------------------------------------------------------------------------------
Slack (MET) :             0.309ns  (arrival time - required time)
  Source:                 dbg_hub/inst/BSCANID.u_xsdbm_id/CORE_XSDB.UUT_MASTER/U_XSDB_BUS_CONTROLLER/clr_rd_req_reg/C
                            (rising edge-triggered cell FDCE clocked by clk_out1_base_soc_clk_wiz_0  {rise@0.000ns fall@5.000ns period=10.000ns})
  Destination:            dbg_hub/inst/BSCANID.u_xsdbm_id/CORE_XSDB.UUT_MASTER/U_XSDB_BUS_CONTROLLER/U_RD_REQ_FLAG/G_POS_EDGE.flag_reg/CLR
                            (removal check against rising-edge clock clk_out1_base_soc_clk_wiz_0  {rise@0.000ns fall@5.000ns period=10.000ns})
  Path Group:             **async_default**
  Path Type:              Removal (Min at Fast Process Corner)
  Requirement:            0.000ns  (clk_out1_base_soc_clk_wiz_0 rise@0.000ns - clk_out1_base_soc_clk_wiz_0 rise@0.000ns)
  Data Path Delay:        0.258ns  (logic 0.141ns (54.725%)  route 0.117ns (45.275%))
  Logic Levels:           0  
  Clock Path Skew:        0.016ns (DCD - SCD - CPR)
    Destination Clock Delay (DCD):    -0.858ns
    Source Clock Delay      (SCD):    -0.619ns
    Clock Pessimism Removal (CPR):    -0.254ns

    Location             Delay type                Incr(ns)  Path(ns)    Netlist Resource(s)
  -------------------------------------------------------------------    -------------------
                         (clock clk_out1_base_soc_clk_wiz_0 rise edge)
                                                      0.000     0.000 r  
    W5                                                0.000     0.000 r  sys_clock (IN)
                         net (fo=0)                   0.000     0.000    base_soc_i/clk_wiz/inst/clk_in1
    W5                   IBUF (Prop_ibuf_I_O)         0.226     0.226 r  base_soc_i/clk_wiz/inst/clkin1_ibufg/O
                         net (fo=1, routed)           0.440     0.667    base_soc_i/clk_wiz/inst/clk_in1_base_soc_clk_wiz_0
    MMCME2_ADV_X1Y0      MMCME2_ADV (Prop_mmcme2_adv_CLKIN1_CLKOUT0)
                                                     -2.360    -1.693 r  base_soc_i/clk_wiz/inst/mmcm_adv_inst/CLKOUT0
                         net (fo=1, routed)           0.486    -1.207    base_soc_i/clk_wiz/inst/clk_out1_base_soc_clk_wiz_0
    BUFGCTRL_X0Y2        BUFG (Prop_bufg_I_O)         0.026    -1.181 r  base_soc_i/clk_wiz/inst/clkout1_buf/O
                         net (fo=3850, routed)        0.562    -0.619    dbg_hub/inst/BSCANID.u_xsdbm_id/CORE_XSDB.UUT_MASTER/U_XSDB_BUS_CONTROLLER/clk
    SLICE_X41Y9          FDCE                                         r  dbg_hub/inst/BSCANID.u_xsdbm_id/CORE_XSDB.UUT_MASTER/U_XSDB_BUS_CONTROLLER/clr_rd_req_reg/C
  -------------------------------------------------------------------    -------------------
    SLICE_X41Y9          FDCE (Prop_fdce_C_Q)         0.141    -0.478 f  dbg_hub/inst/BSCANID.u_xsdbm_id/CORE_XSDB.UUT_MASTER/U_XSDB_BUS_CONTROLLER/clr_rd_req_reg/Q
                         net (fo=2, routed)           0.117    -0.362    dbg_hub/inst/BSCANID.u_xsdbm_id/CORE_XSDB.UUT_MASTER/U_XSDB_BUS_CONTROLLER/U_RD_REQ_FLAG/clr_rd_req
    SLICE_X42Y9          FDCE                                         f  dbg_hub/inst/BSCANID.u_xsdbm_id/CORE_XSDB.UUT_MASTER/U_XSDB_BUS_CONTROLLER/U_RD_REQ_FLAG/G_POS_EDGE.flag_reg/CLR
  -------------------------------------------------------------------    -------------------

                         (clock clk_out1_base_soc_clk_wiz_0 rise edge)
                                                      0.000     0.000 r  
    W5                                                0.000     0.000 r  sys_clock (IN)
                         net (fo=0)                   0.000     0.000    base_soc_i/clk_wiz/inst/clk_in1
    W5                   IBUF (Prop_ibuf_I_O)         0.414     0.414 r  base_soc_i/clk_wiz/inst/clkin1_ibufg/O
                         net (fo=1, routed)           0.480     0.894    base_soc_i/clk_wiz/inst/clk_in1_base_soc_clk_wiz_0
    MMCME2_ADV_X1Y0      MMCME2_ADV (Prop_mmcme2_adv_CLKIN1_CLKOUT0)
                                                     -3.142    -2.248 r  base_soc_i/clk_wiz/inst/mmcm_adv_inst/CLKOUT0
                         net (fo=1, routed)           0.530    -1.718    base_soc_i/clk_wiz/inst/clk_out1_base_soc_clk_wiz_0
    BUFGCTRL_X0Y2        BUFG (Prop_bufg_I_O)         0.029    -1.689 r  base_soc_i/clk_wiz/inst/clkout1_buf/O
                         net (fo=3850, routed)        0.832    -0.858    dbg_hub/inst/BSCANID.u_xsdbm_id/CORE_XSDB.UUT_MASTER/U_XSDB_BUS_CONTROLLER/U_RD_REQ_FLAG/clk
    SLICE_X42Y9          FDCE                                         r  dbg_hub/inst/BSCANID.u_xsdbm_id/CORE_XSDB.UUT_MASTER/U_XSDB_BUS_CONTROLLER/U_RD_REQ_FLAG/G_POS_EDGE.flag_reg/C
                         clock pessimism              0.254    -0.603    
    SLICE_X42Y9          FDCE (Remov_fdce_C_CLR)     -0.067    -0.670    dbg_hub/inst/BSCANID.u_xsdbm_id/CORE_XSDB.UUT_MASTER/U_XSDB_BUS_CONTROLLER/U_RD_REQ_FLAG/G_POS_EDGE.flag_reg
  -------------------------------------------------------------------
                         required time                          0.670    
                         arrival time                          -0.362    
  -------------------------------------------------------------------
                         slack                                  0.309    





---------------------------------------------------------------------------------------------------
Path Group:  **async_default**
From Clock:  dbg_hub/inst/BSCANID.u_xsdbm_id/SWITCH_N_EXT_BSCAN.bscan_inst/SERIES7_BSCAN.bscan_inst/TCK
  To Clock:  dbg_hub/inst/BSCANID.u_xsdbm_id/SWITCH_N_EXT_BSCAN.bscan_inst/SERIES7_BSCAN.bscan_inst/TCK

Setup :            0  Failing Endpoints,  Worst Slack       27.858ns,  Total Violation        0.000ns
Hold  :            0  Failing Endpoints,  Worst Slack        0.339ns,  Total Violation        0.000ns
---------------------------------------------------------------------------------------------------


Max Delay Paths
--------------------------------------------------------------------------------------
Slack (MET) :             27.858ns  (required time - arrival time)
  Source:                 dbg_hub/inst/BSCANID.u_xsdbm_id/SWITCH_N_EXT_BSCAN.bscan_switch/portno_reg[4]/C
                            (rising edge-triggered cell FDRE clocked by dbg_hub/inst/BSCANID.u_xsdbm_id/SWITCH_N_EXT_BSCAN.bscan_inst/SERIES7_BSCAN.bscan_inst/TCK  {rise@0.000ns fall@16.500ns period=33.000ns})
  Destination:            dbg_hub/inst/BSCANID.u_xsdbm_id/CORE_XSDB.U_ICON/U_CMD/iTARGET_reg[14]/CLR
                            (recovery check against rising-edge clock dbg_hub/inst/BSCANID.u_xsdbm_id/SWITCH_N_EXT_BSCAN.bscan_inst/SERIES7_BSCAN.bscan_inst/TCK  {rise@0.000ns fall@16.500ns period=33.000ns})
  Path Group:             **async_default**
  Path Type:              Recovery (Max at Slow Process Corner)
  Requirement:            33.000ns  (dbg_hub/inst/BSCANID.u_xsdbm_id/SWITCH_N_EXT_BSCAN.bscan_inst/SERIES7_BSCAN.bscan_inst/TCK rise@33.000ns - dbg_hub/inst/BSCANID.u_xsdbm_id/SWITCH_N_EXT_BSCAN.bscan_inst/SERIES7_BSCAN.bscan_inst/TCK rise@0.000ns)
  Data Path Delay:        4.587ns  (logic 1.191ns (25.967%)  route 3.396ns (74.033%))
  Logic Levels:           3  (LUT1=1 LUT4=1 LUT6=1)
  Clock Path Skew:        -0.115ns (DCD - SCD + CPR)
    Destination Clock Delay (DCD):    3.021ns = ( 36.021 - 33.000 ) 
    Source Clock Delay      (SCD):    3.390ns
    Clock Pessimism Removal (CPR):    0.254ns
  Clock Uncertainty:      0.035ns  ((TSJ^2 + TIJ^2)^1/2 + DJ) / 2 + PE
    Total System Jitter     (TSJ):    0.071ns
    Total Input Jitter      (TIJ):    0.000ns
    Discrete Jitter          (DJ):    0.000ns
    Phase Error              (PE):    0.000ns

    Location             Delay type                Incr(ns)  Path(ns)    Netlist Resource(s)
  -------------------------------------------------------------------    -------------------
                         (clock dbg_hub/inst/BSCANID.u_xsdbm_id/SWITCH_N_EXT_BSCAN.bscan_inst/SERIES7_BSCAN.bscan_inst/TCK rise edge)
                                                      0.000     0.000 r  
    BSCAN_X0Y0           BSCANE2                      0.000     0.000 r  dbg_hub/inst/BSCANID.u_xsdbm_id/SWITCH_N_EXT_BSCAN.bscan_inst/SERIES7_BSCAN.bscan_inst/TCK
                         net (fo=1, routed)           1.728     1.728    dbg_hub/inst/BSCANID.u_xsdbm_id/tck_bs
    BUFGCTRL_X0Y3        BUFG (Prop_bufg_I_O)         0.096     1.824 r  dbg_hub/inst/BSCANID.u_xsdbm_id/SWITCH_N_EXT_BSCAN.u_bufg_icon_tck/O
                         net (fo=482, routed)         1.566     3.390    dbg_hub/inst/BSCANID.u_xsdbm_id/SWITCH_N_EXT_BSCAN.bscan_switch/s_bscan_tck
    SLICE_X39Y2          FDRE                                         r  dbg_hub/inst/BSCANID.u_xsdbm_id/SWITCH_N_EXT_BSCAN.bscan_switch/portno_reg[4]/C
  -------------------------------------------------------------------    -------------------
    SLICE_X39Y2          FDRE (Prop_fdre_C_Q)         0.419     3.809 f  dbg_hub/inst/BSCANID.u_xsdbm_id/SWITCH_N_EXT_BSCAN.bscan_switch/portno_reg[4]/Q
                         net (fo=1, routed)           0.901     4.711    dbg_hub/inst/BSCANID.u_xsdbm_id/SWITCH_N_EXT_BSCAN.bscan_switch/portno[4]
    SLICE_X38Y2          LUT6 (Prop_lut6_I4_O)        0.296     5.007 f  dbg_hub/inst/BSCANID.u_xsdbm_id/SWITCH_N_EXT_BSCAN.bscan_switch/m_bscan_drck[0]_INST_0_i_1/O
                         net (fo=5, routed)           0.828     5.835    dbg_hub/inst/BSCANID.u_xsdbm_id/SWITCH_N_EXT_BSCAN.bscan_switch/m_bscan_drck[0]_INST_0_i_1_n_0
    SLICE_X34Y2          LUT4 (Prop_lut4_I3_O)        0.148     5.983 r  dbg_hub/inst/BSCANID.u_xsdbm_id/SWITCH_N_EXT_BSCAN.bscan_switch/m_bscan_sel[0]_INST_0/O
                         net (fo=2, routed)           0.800     6.783    dbg_hub/inst/BSCANID.u_xsdbm_id/CORE_XSDB.U_ICON/U_CMD/iTARGET_reg[6]_0
    SLICE_X34Y8          LUT1 (Prop_lut1_I0_O)        0.328     7.111 f  dbg_hub/inst/BSCANID.u_xsdbm_id/CORE_XSDB.U_ICON/U_CMD/iTARGET[15]_i_2/O
                         net (fo=10, routed)          0.866     7.977    dbg_hub/inst/BSCANID.u_xsdbm_id/CORE_XSDB.U_ICON/U_CMD/iSEL_n
    SLICE_X33Y9          FDCE                                         f  dbg_hub/inst/BSCANID.u_xsdbm_id/CORE_XSDB.U_ICON/U_CMD/iTARGET_reg[14]/CLR
  -------------------------------------------------------------------    -------------------

                         (clock dbg_hub/inst/BSCANID.u_xsdbm_id/SWITCH_N_EXT_BSCAN.bscan_inst/SERIES7_BSCAN.bscan_inst/TCK rise edge)
                                                     33.000    33.000 r  
    BSCAN_X0Y0           BSCANE2                      0.000    33.000 r  dbg_hub/inst/BSCANID.u_xsdbm_id/SWITCH_N_EXT_BSCAN.bscan_inst/SERIES7_BSCAN.bscan_inst/TCK
                         net (fo=1, routed)           1.487    34.487    dbg_hub/inst/BSCANID.u_xsdbm_id/tck_bs
    BUFGCTRL_X0Y3        BUFG (Prop_bufg_I_O)         0.091    34.578 r  dbg_hub/inst/BSCANID.u_xsdbm_id/SWITCH_N_EXT_BSCAN.u_bufg_icon_tck/O
                         net (fo=482, routed)         1.443    36.021    dbg_hub/inst/BSCANID.u_xsdbm_id/CORE_XSDB.U_ICON/U_CMD/m_bscan_tck[0]
    SLICE_X33Y9          FDCE                                         r  dbg_hub/inst/BSCANID.u_xsdbm_id/CORE_XSDB.U_ICON/U_CMD/iTARGET_reg[14]/C
                         clock pessimism              0.254    36.276    
                         clock uncertainty           -0.035    36.240    
    SLICE_X33Y9          FDCE (Recov_fdce_C_CLR)     -0.405    35.835    dbg_hub/inst/BSCANID.u_xsdbm_id/CORE_XSDB.U_ICON/U_CMD/iTARGET_reg[14]
  -------------------------------------------------------------------
                         required time                         35.835    
                         arrival time                          -7.977    
  -------------------------------------------------------------------
                         slack                                 27.858    





Min Delay Paths
--------------------------------------------------------------------------------------
Slack (MET) :             0.339ns  (arrival time - required time)
  Source:                 dbg_hub/inst/BSCANID.u_xsdbm_id/CORE_XSDB.UUT_MASTER/U_ICON_INTERFACE/U_CMD6_RD/U_RD_FIFO/SUBCORE_FIFO.xsdbm_v3_0_3_rdfifo_inst/inst_fifo_gen/gconvfifo.rf/grf.rf/rstblk/ngwrdrst.grst.g7serrst.rd_rst_reg_reg[1]/C
                            (rising edge-triggered cell FDPE clocked by dbg_hub/inst/BSCANID.u_xsdbm_id/SWITCH_N_EXT_BSCAN.bscan_inst/SERIES7_BSCAN.bscan_inst/TCK  {rise@0.000ns fall@16.500ns period=33.000ns})
  Destination:            dbg_hub/inst/BSCANID.u_xsdbm_id/CORE_XSDB.UUT_MASTER/U_ICON_INTERFACE/U_CMD6_RD/U_RD_FIFO/SUBCORE_FIFO.xsdbm_v3_0_3_rdfifo_inst/inst_fifo_gen/gconvfifo.rf/grf.rf/gntv_or_sync_fifo.gcx.clkx/gnxpm_cdc.gsync_stage[1].rd_stg_inst/Q_reg_reg[3]/CLR
                            (removal check against rising-edge clock dbg_hub/inst/BSCANID.u_xsdbm_id/SWITCH_N_EXT_BSCAN.bscan_inst/SERIES7_BSCAN.bscan_inst/TCK  {rise@0.000ns fall@16.500ns period=33.000ns})
  Path Group:             **async_default**
  Path Type:              Removal (Min at Fast Process Corner)
  Requirement:            0.000ns  (dbg_hub/inst/BSCANID.u_xsdbm_id/SWITCH_N_EXT_BSCAN.bscan_inst/SERIES7_BSCAN.bscan_inst/TCK rise@0.000ns - dbg_hub/inst/BSCANID.u_xsdbm_id/SWITCH_N_EXT_BSCAN.bscan_inst/SERIES7_BSCAN.bscan_inst/TCK rise@0.000ns)
  Data Path Delay:        0.307ns  (logic 0.164ns (53.399%)  route 0.143ns (46.601%))
  Logic Levels:           0  
  Clock Path Skew:        0.035ns (DCD - SCD - CPR)
    Destination Clock Delay (DCD):    1.657ns
    Source Clock Delay      (SCD):    1.279ns
    Clock Pessimism Removal (CPR):    0.343ns

    Location             Delay type                Incr(ns)  Path(ns)    Netlist Resource(s)
  -------------------------------------------------------------------    -------------------
                         (clock dbg_hub/inst/BSCANID.u_xsdbm_id/SWITCH_N_EXT_BSCAN.bscan_inst/SERIES7_BSCAN.bscan_inst/TCK rise edge)
                                                      0.000     0.000 r  
    BSCAN_X0Y0           BSCANE2                      0.000     0.000 r  dbg_hub/inst/BSCANID.u_xsdbm_id/SWITCH_N_EXT_BSCAN.bscan_inst/SERIES7_BSCAN.bscan_inst/TCK
                         net (fo=1, routed)           0.685     0.685    dbg_hub/inst/BSCANID.u_xsdbm_id/tck_bs
    BUFGCTRL_X0Y3        BUFG (Prop_bufg_I_O)         0.026     0.711 r  dbg_hub/inst/BSCANID.u_xsdbm_id/SWITCH_N_EXT_BSCAN.u_bufg_icon_tck/O
                         net (fo=482, routed)         0.568     1.279    dbg_hub/inst/BSCANID.u_xsdbm_id/CORE_XSDB.UUT_MASTER/U_ICON_INTERFACE/U_CMD6_RD/U_RD_FIFO/SUBCORE_FIFO.xsdbm_v3_0_3_rdfifo_inst/inst_fifo_gen/gconvfifo.rf/grf.rf/rstblk/rd_clk
    SLICE_X56Y6          FDPE                                         r  dbg_hub/inst/BSCANID.u_xsdbm_id/CORE_XSDB.UUT_MASTER/U_ICON_INTERFACE/U_CMD6_RD/U_RD_FIFO/SUBCORE_FIFO.xsdbm_v3_0_3_rdfifo_inst/inst_fifo_gen/gconvfifo.rf/grf.rf/rstblk/ngwrdrst.grst.g7serrst.rd_rst_reg_reg[1]/C
  -------------------------------------------------------------------    -------------------
    SLICE_X56Y6          FDPE (Prop_fdpe_C_Q)         0.164     1.443 f  dbg_hub/inst/BSCANID.u_xsdbm_id/CORE_XSDB.UUT_MASTER/U_ICON_INTERFACE/U_CMD6_RD/U_RD_FIFO/SUBCORE_FIFO.xsdbm_v3_0_3_rdfifo_inst/inst_fifo_gen/gconvfifo.rf/grf.rf/rstblk/ngwrdrst.grst.g7serrst.rd_rst_reg_reg[1]/Q
                         net (fo=16, routed)          0.143     1.586    dbg_hub/inst/BSCANID.u_xsdbm_id/CORE_XSDB.UUT_MASTER/U_ICON_INTERFACE/U_CMD6_RD/U_RD_FIFO/SUBCORE_FIFO.xsdbm_v3_0_3_rdfifo_inst/inst_fifo_gen/gconvfifo.rf/grf.rf/gntv_or_sync_fifo.gcx.clkx/gnxpm_cdc.gsync_stage[1].rd_stg_inst/Q_reg_reg[0]_0[0]
    SLICE_X54Y6          FDCE                                         f  dbg_hub/inst/BSCANID.u_xsdbm_id/CORE_XSDB.UUT_MASTER/U_ICON_INTERFACE/U_CMD6_RD/U_RD_FIFO/SUBCORE_FIFO.xsdbm_v3_0_3_rdfifo_inst/inst_fifo_gen/gconvfifo.rf/grf.rf/gntv_or_sync_fifo.gcx.clkx/gnxpm_cdc.gsync_stage[1].rd_stg_inst/Q_reg_reg[3]/CLR
  -------------------------------------------------------------------    -------------------

                         (clock dbg_hub/inst/BSCANID.u_xsdbm_id/SWITCH_N_EXT_BSCAN.bscan_inst/SERIES7_BSCAN.bscan_inst/TCK rise edge)
                                                      0.000     0.000 r  
    BSCAN_X0Y0           BSCANE2                      0.000     0.000 r  dbg_hub/inst/BSCANID.u_xsdbm_id/SWITCH_N_EXT_BSCAN.bscan_inst/SERIES7_BSCAN.bscan_inst/TCK
                         net (fo=1, routed)           0.791     0.791    dbg_hub/inst/BSCANID.u_xsdbm_id/tck_bs
    BUFGCTRL_X0Y3        BUFG (Prop_bufg_I_O)         0.029     0.820 r  dbg_hub/inst/BSCANID.u_xsdbm_id/SWITCH_N_EXT_BSCAN.u_bufg_icon_tck/O
                         net (fo=482, routed)         0.837     1.657    dbg_hub/inst/BSCANID.u_xsdbm_id/CORE_XSDB.UUT_MASTER/U_ICON_INTERFACE/U_CMD6_RD/U_RD_FIFO/SUBCORE_FIFO.xsdbm_v3_0_3_rdfifo_inst/inst_fifo_gen/gconvfifo.rf/grf.rf/gntv_or_sync_fifo.gcx.clkx/gnxpm_cdc.gsync_stage[1].rd_stg_inst/rd_clk
    SLICE_X54Y6          FDCE                                         r  dbg_hub/inst/BSCANID.u_xsdbm_id/CORE_XSDB.UUT_MASTER/U_ICON_INTERFACE/U_CMD6_RD/U_RD_FIFO/SUBCORE_FIFO.xsdbm_v3_0_3_rdfifo_inst/inst_fifo_gen/gconvfifo.rf/grf.rf/gntv_or_sync_fifo.gcx.clkx/gnxpm_cdc.gsync_stage[1].rd_stg_inst/Q_reg_reg[3]/C
                         clock pessimism             -0.343     1.314    
    SLICE_X54Y6          FDCE (Remov_fdce_C_CLR)     -0.067     1.247    dbg_hub/inst/BSCANID.u_xsdbm_id/CORE_XSDB.UUT_MASTER/U_ICON_INTERFACE/U_CMD6_RD/U_RD_FIFO/SUBCORE_FIFO.xsdbm_v3_0_3_rdfifo_inst/inst_fifo_gen/gconvfifo.rf/grf.rf/gntv_or_sync_fifo.gcx.clkx/gnxpm_cdc.gsync_stage[1].rd_stg_inst/Q_reg_reg[3]
  -------------------------------------------------------------------
                         required time                         -1.247    
                         arrival time                           1.586    
  -------------------------------------------------------------------
                         slack                                  0.339    





--------------------------------------------------------------------------------------
Path Group:  (none)
From Clock:  base_soc_i/mdm_1/U0/Use_E2.BSCAN_I/Use_E2.BSCANE2_I/TCK
  To Clock:  base_soc_i/mdm_1/U0/MDM_Core_I1/JTAG_CONTROL_I/Test_Access_Port.BUFG_UPDATE/Using_FPGA.Native/O

Max Delay           175 Endpoints
Min Delay           175 Endpoints
--------------------------------------------------------------------------------------


Max Delay Paths
--------------------------------------------------------------------------------------
Slack:                    inf
  Source:                 base_soc_i/mdm_1/U0/MDM_Core_I1/JTAG_CONTROL_I/Test_Access_Port.shift_dtm_reg/C
                            (falling edge-triggered cell FDRE clocked by base_soc_i/mdm_1/U0/Use_E2.BSCAN_I/Use_E2.BSCANE2_I/TCK  {rise@0.000ns fall@16.667ns period=33.333ns})
  Destination:            <hidden>
                            (rising edge-triggered cell FDRE clocked by base_soc_i/mdm_1/U0/MDM_Core_I1/JTAG_CONTROL_I/Test_Access_Port.BUFG_UPDATE/Using_FPGA.Native/O  {rise@0.000ns fall@33.333ns period=66.666ns})
  Path Group:             (none)
  Path Type:              Setup (Max at Slow Process Corner)
  Data Path Delay:        7.321ns  (logic 1.431ns (19.547%)  route 5.890ns (80.453%))
  Logic Levels:           6  (LUT4=2 LUT5=1 LUT6=3)
  Clock Path Skew:        2.334ns (DCD - SCD + CPR)
    Destination Clock Delay (DCD):    5.570ns
    Source Clock Delay      (SCD):    3.236ns = ( 19.903 - 16.667 ) 
    Clock Pessimism Removal (CPR):    0.000ns
  Clock Uncertainty:      0.035ns  ((TSJ^2 + TIJ^2)^1/2 + DJ) / 2 + PE
    Total System Jitter     (TSJ):    0.071ns
    Total Input Jitter      (TIJ):    0.000ns
    Discrete Jitter          (DJ):    0.000ns
    Phase Error              (PE):    0.000ns
  Timing Exception:       Logically Exclusive Clock Groups

    Location             Delay type                Incr(ns)  Path(ns)    Netlist Resource(s)
  -------------------------------------------------------------------    -------------------
                         (clock base_soc_i/mdm_1/U0/Use_E2.BSCAN_I/Use_E2.BSCANE2_I/TCK fall edge)
                                                     16.667    16.667 f  
    BSCAN_X0Y1           BSCANE2                      0.000    16.667 f  base_soc_i/mdm_1/U0/Use_E2.BSCAN_I/Use_E2.BSCANE2_I/TCK
                         net (fo=2, routed)           1.587    18.254    base_soc_i/mdm_1/U0/Use_JTAG_BSCAN.BUFG_JTAG_TCK/lopt
    BUFGCTRL_X0Y1        BUFGCTRL (Prop_bufgctrl_I0_O)
                                                      0.096    18.350 f  base_soc_i/mdm_1/U0/Use_JTAG_BSCAN.BUFG_JTAG_TCK/Using_FPGA.Native/O
                         net (fo=31, routed)          1.553    19.903    base_soc_i/mdm_1/U0/MDM_Core_I1/JTAG_CONTROL_I/Use_JTAG_BSCAN.tck_int
    SLICE_X35Y52         FDRE                                         r  base_soc_i/mdm_1/U0/MDM_Core_I1/JTAG_CONTROL_I/Test_Access_Port.shift_dtm_reg/C  (IS_INVERTED)
  -------------------------------------------------------------------    -------------------
    SLICE_X35Y52         FDRE (Prop_fdre_C_Q)         0.459    20.362 r  base_soc_i/mdm_1/U0/MDM_Core_I1/JTAG_CONTROL_I/Test_Access_Port.shift_dtm_reg/Q
                         net (fo=19, routed)          1.322    21.684    base_soc_i/mdm_1/U0/MDM_Core_I1/JTAG_CONTROL_I/Test_Access_Port.shift_dtm_reg_0
    SLICE_X39Y56         LUT4 (Prop_lut4_I2_O)        0.124    21.808 f  base_soc_i/mdm_1/U0/MDM_Core_I1/JTAG_CONTROL_I/Dbg_Reg_En_0[7]_INST_0/O
                         net (fo=7, routed)           0.993    22.801    <hidden>
    SLICE_X39Y59         LUT6 (Prop_lut6_I1_O)        0.124    22.925 f  <hidden>
                         net (fo=2, routed)           0.749    23.674    <hidden>
    SLICE_X40Y59         LUT5 (Prop_lut5_I0_O)        0.150    23.824 f  <hidden>
                         net (fo=7, routed)           1.153    24.977    <hidden>
    SLICE_X42Y62         LUT6 (Prop_lut6_I3_O)        0.326    25.303 r  <hidden>
                         net (fo=2, routed)           0.809    26.112    <hidden>
    SLICE_X41Y62         LUT6 (Prop_lut6_I3_O)        0.124    26.236 r  <hidden>
                         net (fo=1, routed)           0.864    27.100    <hidden>
    SLICE_X40Y62         LUT4 (Prop_lut4_I0_O)        0.124    27.224 r  <hidden>
                         net (fo=1, routed)           0.000    27.224    <hidden>
    SLICE_X40Y62         FDRE                                         r  <hidden>
  -------------------------------------------------------------------    -------------------

                         (clock base_soc_i/mdm_1/U0/MDM_Core_I1/JTAG_CONTROL_I/Test_Access_Port.BUFG_UPDATE/Using_FPGA.Native/O rise edge)
                                                      0.000     0.000 f  
    BSCAN_X0Y1           BSCANE2                      0.000     0.000 f  base_soc_i/mdm_1/U0/Use_E2.BSCAN_I/Use_E2.BSCANE2_I/TCK
                         net (fo=2, routed)           1.359     1.359    base_soc_i/mdm_1/U0/Use_JTAG_BSCAN.BUFG_JTAG_TCK/lopt
    BUFGCTRL_X0Y1        BUFGCTRL (Prop_bufgctrl_I0_O)
                                                      0.091     1.450 f  base_soc_i/mdm_1/U0/Use_JTAG_BSCAN.BUFG_JTAG_TCK/Using_FPGA.Native/O
                         net (fo=31, routed)          1.435     2.885    base_soc_i/mdm_1/U0/MDM_Core_I1/JTAG_CONTROL_I/Use_JTAG_BSCAN.tck_int
    SLICE_X35Y52         FDRE (Prop_fdre_C_Q)         0.370     3.255 r  base_soc_i/mdm_1/U0/MDM_Core_I1/JTAG_CONTROL_I/Test_Access_Port.update_unbuf_reg/Q
                         net (fo=1, routed)           0.791     4.046    base_soc_i/mdm_1/U0/MDM_Core_I1/JTAG_CONTROL_I/Test_Access_Port.BUFG_UPDATE/Test_Access_Port.update_unbuf
    BUFGCTRL_X0Y4        BUFG (Prop_bufg_I_O)         0.091     4.137 r  base_soc_i/mdm_1/U0/MDM_Core_I1/JTAG_CONTROL_I/Test_Access_Port.BUFG_UPDATE/Using_FPGA.Native/O
                         net (fo=99, routed)          1.433     5.570    <hidden>
    SLICE_X40Y62         FDRE                                         r  <hidden>





Min Delay Paths
--------------------------------------------------------------------------------------
Slack:                    inf
  Source:                 base_soc_i/mdm_1/U0/MDM_Core_I1/JTAG_CONTROL_I/dmi_reg[1]/C
                            (rising edge-triggered cell FDRE clocked by base_soc_i/mdm_1/U0/Use_E2.BSCAN_I/Use_E2.BSCANE2_I/TCK  {rise@0.000ns fall@16.667ns period=33.333ns})
  Destination:            base_soc_i/mdm_1/U0/MDM_Core_I1/JTAG_CONTROL_I/idle_reg_reg/D
                            (rising edge-triggered cell FDRE clocked by base_soc_i/mdm_1/U0/MDM_Core_I1/JTAG_CONTROL_I/Test_Access_Port.BUFG_UPDATE/Using_FPGA.Native/O  {rise@0.000ns fall@33.333ns period=66.666ns})
  Path Group:             (none)
  Path Type:              Hold (Min at Fast Process Corner)
  Data Path Delay:        0.269ns  (logic 0.186ns (69.200%)  route 0.083ns (30.800%))
  Logic Levels:           1  (LUT3=1)
  Clock Path Skew:        1.754ns (DCD - SCD - CPR)
    Destination Clock Delay (DCD):    2.995ns
    Source Clock Delay      (SCD):    1.240ns
    Clock Pessimism Removal (CPR):    -0.000ns
  Clock Uncertainty:      0.035ns  ((TSJ^2 + TIJ^2)^1/2 + DJ) / 2 + PE
    Total System Jitter     (TSJ):    0.071ns
    Total Input Jitter      (TIJ):    0.000ns
    Discrete Jitter          (DJ):    0.000ns
    Phase Error              (PE):    0.000ns
  Timing Exception:       Logically Exclusive Clock Groups

    Location             Delay type                Incr(ns)  Path(ns)    Netlist Resource(s)
  -------------------------------------------------------------------    -------------------
                         (clock base_soc_i/mdm_1/U0/Use_E2.BSCAN_I/Use_E2.BSCANE2_I/TCK rise edge)
                                                      0.000     0.000 r  
    BSCAN_X0Y1           BSCANE2                      0.000     0.000 r  base_soc_i/mdm_1/U0/Use_E2.BSCAN_I/Use_E2.BSCANE2_I/TCK
                         net (fo=2, routed)           0.597     0.597    base_soc_i/mdm_1/U0/Use_JTAG_BSCAN.BUFG_JTAG_TCK/lopt
    BUFGCTRL_X0Y1        BUFGCTRL (Prop_bufgctrl_I0_O)
                                                      0.026     0.623 r  base_soc_i/mdm_1/U0/Use_JTAG_BSCAN.BUFG_JTAG_TCK/Using_FPGA.Native/O
                         net (fo=31, routed)          0.030     0.653    base_soc_i/mdm_1/U0/MDM_Core_I1/JTAG_CONTROL_I/Test_Access_Port.BUFG_DRCK/Use_JTAG_BSCAN.tck_int
    BUFGCTRL_X0Y0        BUFGCTRL (Prop_bufgctrl_I0_O)
                                                      0.026     0.679 r  base_soc_i/mdm_1/U0/MDM_Core_I1/JTAG_CONTROL_I/Test_Access_Port.BUFG_DRCK/Using_FPGA.Native/O
                         net (fo=198, routed)         0.561     1.240    base_soc_i/mdm_1/U0/MDM_Core_I1/JTAG_CONTROL_I/Using_FPGA.Native
    SLICE_X37Y56         FDRE                                         r  base_soc_i/mdm_1/U0/MDM_Core_I1/JTAG_CONTROL_I/dmi_reg[1]/C
  -------------------------------------------------------------------    -------------------
    SLICE_X37Y56         FDRE (Prop_fdre_C_Q)         0.141     1.381 f  base_soc_i/mdm_1/U0/MDM_Core_I1/JTAG_CONTROL_I/dmi_reg[1]/Q
                         net (fo=3, routed)           0.083     1.464    base_soc_i/mdm_1/U0/MDM_Core_I1/JTAG_CONTROL_I/dmi_reg_n_0_[1]
    SLICE_X36Y56         LUT3 (Prop_lut3_I1_O)        0.045     1.509 r  base_soc_i/mdm_1/U0/MDM_Core_I1/JTAG_CONTROL_I/idle_reg_i_1/O
                         net (fo=1, routed)           0.000     1.509    base_soc_i/mdm_1/U0/MDM_Core_I1/JTAG_CONTROL_I/idle_reg_i_1_n_0
    SLICE_X36Y56         FDRE                                         r  base_soc_i/mdm_1/U0/MDM_Core_I1/JTAG_CONTROL_I/idle_reg_reg/D
  -------------------------------------------------------------------    -------------------

                         (clock base_soc_i/mdm_1/U0/MDM_Core_I1/JTAG_CONTROL_I/Test_Access_Port.BUFG_UPDATE/Using_FPGA.Native/O rise edge)
                                                      0.000     0.000 f  
    BSCAN_X0Y1           BSCANE2                      0.000     0.000 f  base_soc_i/mdm_1/U0/Use_E2.BSCAN_I/Use_E2.BSCANE2_I/TCK
                         net (fo=2, routed)           0.697     0.697    base_soc_i/mdm_1/U0/Use_JTAG_BSCAN.BUFG_JTAG_TCK/lopt
    BUFGCTRL_X0Y1        BUFGCTRL (Prop_bufgctrl_I0_O)
                                                      0.029     0.726 f  base_soc_i/mdm_1/U0/Use_JTAG_BSCAN.BUFG_JTAG_TCK/Using_FPGA.Native/O
                         net (fo=31, routed)          0.829     1.556    base_soc_i/mdm_1/U0/MDM_Core_I1/JTAG_CONTROL_I/Use_JTAG_BSCAN.tck_int
    SLICE_X35Y52         FDRE (Prop_fdre_C_Q)         0.182     1.738 r  base_soc_i/mdm_1/U0/MDM_Core_I1/JTAG_CONTROL_I/Test_Access_Port.update_unbuf_reg/Q
                         net (fo=1, routed)           0.398     2.136    base_soc_i/mdm_1/U0/MDM_Core_I1/JTAG_CONTROL_I/Test_Access_Port.BUFG_UPDATE/Test_Access_Port.update_unbuf
    BUFGCTRL_X0Y4        BUFG (Prop_bufg_I_O)         0.029     2.165 r  base_soc_i/mdm_1/U0/MDM_Core_I1/JTAG_CONTROL_I/Test_Access_Port.BUFG_UPDATE/Using_FPGA.Native/O
                         net (fo=99, routed)          0.829     2.995    base_soc_i/mdm_1/U0/MDM_Core_I1/JTAG_CONTROL_I/Using_FPGA.Native_0
    SLICE_X36Y56         FDRE                                         r  base_soc_i/mdm_1/U0/MDM_Core_I1/JTAG_CONTROL_I/idle_reg_reg/C





--------------------------------------------------------------------------------------
Path Group:  (none)
From Clock:  clk_out1_base_soc_clk_wiz_0
  To Clock:  base_soc_i/mdm_1/U0/MDM_Core_I1/JTAG_CONTROL_I/Test_Access_Port.BUFG_UPDATE/Using_FPGA.Native/O

Max Delay            84 Endpoints
Min Delay            84 Endpoints
--------------------------------------------------------------------------------------


Max Delay Paths
--------------------------------------------------------------------------------------
Slack:                    inf
  Source:                 <hidden>
                            (rising edge-triggered cell FDRE clocked by clk_out1_base_soc_clk_wiz_0  {rise@0.000ns fall@5.000ns period=10.000ns})
  Destination:            <hidden>
                            (rising edge-triggered cell FDRE clocked by base_soc_i/mdm_1/U0/MDM_Core_I1/JTAG_CONTROL_I/Test_Access_Port.BUFG_UPDATE/Using_FPGA.Native/O  {rise@0.000ns fall@33.333ns period=66.666ns})
  Path Group:             (none)
  Path Type:              Setup (Max at Slow Process Corner)
  Data Path Delay:        6.421ns  (logic 1.076ns (16.757%)  route 5.345ns (83.243%))
  Logic Levels:           5  (LUT4=1 LUT6=4)
  Clock Path Skew:        6.528ns (DCD - SCD + CPR)
    Destination Clock Delay (DCD):    5.573ns
    Source Clock Delay      (SCD):    -0.955ns
    Clock Pessimism Removal (CPR):    0.000ns
  Clock Uncertainty:      0.173ns  ((TSJ^2 + DJ^2)^1/2) / 2 + PE
    Total System Jitter     (TSJ):    0.071ns
    Discrete Jitter          (DJ):    0.131ns
    Phase Error              (PE):    0.099ns
  Timing Exception:       Asynchronous Clock Groups

    Location             Delay type                Incr(ns)  Path(ns)    Netlist Resource(s)
  -------------------------------------------------------------------    -------------------
                         (clock clk_out1_base_soc_clk_wiz_0 rise edge)
                                                      0.000     0.000 r  
    W5                                                0.000     0.000 r  sys_clock (IN)
                         net (fo=0)                   0.000     0.000    base_soc_i/clk_wiz/inst/clk_in1
    W5                   IBUF (Prop_ibuf_I_O)         1.458     1.458 r  base_soc_i/clk_wiz/inst/clkin1_ibufg/O
                         net (fo=1, routed)           1.233     2.691    base_soc_i/clk_wiz/inst/clk_in1_base_soc_clk_wiz_0
    MMCME2_ADV_X1Y0      MMCME2_ADV (Prop_mmcme2_adv_CLKIN1_CLKOUT0)
                                                     -6.961    -4.269 r  base_soc_i/clk_wiz/inst/mmcm_adv_inst/CLKOUT0
                         net (fo=1, routed)           1.661    -2.608    base_soc_i/clk_wiz/inst/clk_out1_base_soc_clk_wiz_0
    BUFGCTRL_X0Y2        BUFG (Prop_bufg_I_O)         0.096    -2.512 r  base_soc_i/clk_wiz/inst/clkout1_buf/O
                         net (fo=3850, routed)        1.557    -0.955    <hidden>
    SLICE_X57Y60         FDRE                                         r  <hidden>
  -------------------------------------------------------------------    -------------------
    SLICE_X57Y60         FDRE (Prop_fdre_C_Q)         0.456    -0.499 f  <hidden>
                         net (fo=3, routed)           0.968     0.469    <hidden>
    SLICE_X55Y62         LUT6 (Prop_lut6_I2_O)        0.124     0.593 f  <hidden>
                         net (fo=4, routed)           0.325     0.918    <hidden>
    SLICE_X54Y61         LUT6 (Prop_lut6_I1_O)        0.124     1.042 f  <hidden>
                         net (fo=18, routed)          1.965     3.006    <hidden>
    SLICE_X41Y59         LUT6 (Prop_lut6_I0_O)        0.124     3.130 f  <hidden>
                         net (fo=5, routed)           0.603     3.733    <hidden>
    SLICE_X41Y60         LUT4 (Prop_lut4_I3_O)        0.124     3.857 f  <hidden>
                         net (fo=1, routed)           0.426     4.283    <hidden>
    SLICE_X39Y61         LUT6 (Prop_lut6_I5_O)        0.124     4.407 r  <hidden>
                         net (fo=32, routed)          1.059     5.466    <hidden>
    SLICE_X40Y57         FDRE                                         r  <hidden>
  -------------------------------------------------------------------    -------------------

                         (clock base_soc_i/mdm_1/U0/MDM_Core_I1/JTAG_CONTROL_I/Test_Access_Port.BUFG_UPDATE/Using_FPGA.Native/O rise edge)
                                                      0.000     0.000 f  
    BSCAN_X0Y1           BSCANE2                      0.000     0.000 f  base_soc_i/mdm_1/U0/Use_E2.BSCAN_I/Use_E2.BSCANE2_I/TCK
                         net (fo=2, routed)           1.359     1.359    base_soc_i/mdm_1/U0/Use_JTAG_BSCAN.BUFG_JTAG_TCK/lopt
    BUFGCTRL_X0Y1        BUFGCTRL (Prop_bufgctrl_I0_O)
                                                      0.091     1.450 f  base_soc_i/mdm_1/U0/Use_JTAG_BSCAN.BUFG_JTAG_TCK/Using_FPGA.Native/O
                         net (fo=31, routed)          1.435     2.885    base_soc_i/mdm_1/U0/MDM_Core_I1/JTAG_CONTROL_I/Use_JTAG_BSCAN.tck_int
    SLICE_X35Y52         FDRE (Prop_fdre_C_Q)         0.370     3.255 r  base_soc_i/mdm_1/U0/MDM_Core_I1/JTAG_CONTROL_I/Test_Access_Port.update_unbuf_reg/Q
                         net (fo=1, routed)           0.791     4.046    base_soc_i/mdm_1/U0/MDM_Core_I1/JTAG_CONTROL_I/Test_Access_Port.BUFG_UPDATE/Test_Access_Port.update_unbuf
    BUFGCTRL_X0Y4        BUFG (Prop_bufg_I_O)         0.091     4.137 r  base_soc_i/mdm_1/U0/MDM_Core_I1/JTAG_CONTROL_I/Test_Access_Port.BUFG_UPDATE/Using_FPGA.Native/O
                         net (fo=99, routed)          1.436     5.573    <hidden>
    SLICE_X40Y57         FDRE                                         r  <hidden>





Min Delay Paths
--------------------------------------------------------------------------------------
Slack:                    inf
  Source:                 <hidden>
                            (rising edge-triggered cell FDRE clocked by clk_out1_base_soc_clk_wiz_0  {rise@0.000ns fall@5.000ns period=10.000ns})
  Destination:            <hidden>
                            (removal check against rising-edge clock base_soc_i/mdm_1/U0/MDM_Core_I1/JTAG_CONTROL_I/Test_Access_Port.BUFG_UPDATE/Using_FPGA.Native/O  {rise@0.000ns fall@33.333ns period=66.666ns})
  Path Group:             (none)
  Path Type:              Removal (Min at Slow Process Corner)
  Data Path Delay:        0.711ns  (logic 0.418ns (58.751%)  route 0.293ns (41.249%))
  Logic Levels:           0  
  Clock Path Skew:        7.807ns (DCD - SCD - CPR)
    Destination Clock Delay (DCD):    6.246ns
    Source Clock Delay      (SCD):    -1.562ns
    Clock Pessimism Removal (CPR):    -0.000ns
  Clock Uncertainty:      0.173ns  ((TSJ^2 + DJ^2)^1/2) / 2 + PE
    Total System Jitter     (TSJ):    0.071ns
    Discrete Jitter          (DJ):    0.131ns
    Phase Error              (PE):    0.099ns
  Timing Exception:       Asynchronous Clock Groups

    Location             Delay type                Incr(ns)  Path(ns)    Netlist Resource(s)
  -------------------------------------------------------------------    -------------------
                         (clock clk_out1_base_soc_clk_wiz_0 rise edge)
                                                      0.000     0.000 r  
    W5                                                0.000     0.000 r  sys_clock (IN)
                         net (fo=0)                   0.000     0.000    base_soc_i/clk_wiz/inst/clk_in1
    W5                   IBUF (Prop_ibuf_I_O)         1.388     1.388 r  base_soc_i/clk_wiz/inst/clkin1_ibufg/O
                         net (fo=1, routed)           1.162     2.550    base_soc_i/clk_wiz/inst/clk_in1_base_soc_clk_wiz_0
    MMCME2_ADV_X1Y0      MMCME2_ADV (Prop_mmcme2_adv_CLKIN1_CLKOUT0)
                                                     -7.217    -4.668 r  base_soc_i/clk_wiz/inst/mmcm_adv_inst/CLKOUT0
                         net (fo=1, routed)           1.581    -3.086    base_soc_i/clk_wiz/inst/clk_out1_base_soc_clk_wiz_0
    BUFGCTRL_X0Y2        BUFG (Prop_bufg_I_O)         0.091    -2.995 r  base_soc_i/clk_wiz/inst/clkout1_buf/O
                         net (fo=3850, routed)        1.434    -1.562    <hidden>
    SLICE_X38Y58         FDRE                                         r  <hidden>
  -------------------------------------------------------------------    -------------------
    SLICE_X38Y58         FDRE (Prop_fdre_C_Q)         0.418    -1.144 f  <hidden>
                         net (fo=5, routed)           0.293    -0.850    <hidden>
    SLICE_X39Y59         FDCE                                         f  <hidden>
  -------------------------------------------------------------------    -------------------

                         (clock base_soc_i/mdm_1/U0/MDM_Core_I1/JTAG_CONTROL_I/Test_Access_Port.BUFG_UPDATE/Using_FPGA.Native/O rise edge)
                                                      0.000     0.000 f  
    BSCAN_X0Y1           BSCANE2                      0.000     0.000 f  base_soc_i/mdm_1/U0/Use_E2.BSCAN_I/Use_E2.BSCANE2_I/TCK
                         net (fo=2, routed)           1.587     1.587    base_soc_i/mdm_1/U0/Use_JTAG_BSCAN.BUFG_JTAG_TCK/lopt
    BUFGCTRL_X0Y1        BUFGCTRL (Prop_bufgctrl_I0_O)
                                                      0.096     1.683 f  base_soc_i/mdm_1/U0/Use_JTAG_BSCAN.BUFG_JTAG_TCK/Using_FPGA.Native/O
                         net (fo=31, routed)          1.553     3.236    base_soc_i/mdm_1/U0/MDM_Core_I1/JTAG_CONTROL_I/Use_JTAG_BSCAN.tck_int
    SLICE_X35Y52         FDRE (Prop_fdre_C_Q)         0.459     3.695 r  base_soc_i/mdm_1/U0/MDM_Core_I1/JTAG_CONTROL_I/Test_Access_Port.update_unbuf_reg/Q
                         net (fo=1, routed)           0.903     4.599    base_soc_i/mdm_1/U0/MDM_Core_I1/JTAG_CONTROL_I/Test_Access_Port.BUFG_UPDATE/Test_Access_Port.update_unbuf
    BUFGCTRL_X0Y4        BUFG (Prop_bufg_I_O)         0.096     4.695 r  base_soc_i/mdm_1/U0/MDM_Core_I1/JTAG_CONTROL_I/Test_Access_Port.BUFG_UPDATE/Using_FPGA.Native/O
                         net (fo=99, routed)          1.551     6.246    <hidden>
    SLICE_X39Y59         FDCE                                         r  <hidden>





--------------------------------------------------------------------------------------
Path Group:  (none)
From Clock:  
  To Clock:  base_soc_i/mdm_1/U0/Use_E2.BSCAN_I/Use_E2.BSCANE2_I/TCK

Max Delay            60 Endpoints
Min Delay            60 Endpoints
--------------------------------------------------------------------------------------


Max Delay Paths
--------------------------------------------------------------------------------------
Slack:                    inf
  Source:                 base_soc_i/mdm_1/U0/Use_E2.BSCAN_I/Use_E2.BSCANE2_I/TDI
                            (internal pin)
  Destination:            base_soc_i/mdm_1/U0/Use_JTAG_BSCAN.mode_reg_reg/D
                            (rising edge-triggered cell FDRE clocked by base_soc_i/mdm_1/U0/Use_E2.BSCAN_I/Use_E2.BSCANE2_I/TCK  {rise@0.000ns fall@16.667ns period=33.333ns})
  Path Group:             (none)
  Path Type:              Setup (Max at Slow Process Corner)
  Data Path Delay:        5.935ns  (logic 0.573ns (9.654%)  route 5.362ns (90.346%))
  Logic Levels:           3  (LUT1=1 LUT3=1 LUT5=1)
  Clock Uncertainty:      0.025ns  ((TSJ^2 + TIJ^2)^1/2 + DJ) / 2 + PE
    Total System Jitter     (TSJ):    0.050ns
    Total Input Jitter      (TIJ):    0.000ns
    Discrete Jitter          (DJ):    0.000ns
    Phase Error              (PE):    0.000ns
  Timing Exception:       False Path

    Location             Delay type                Incr(ns)  Path(ns)    Netlist Resource(s)
  -------------------------------------------------------------------    -------------------
    BSCAN_X0Y1           BSCANE2                      0.000     0.000 r  base_soc_i/mdm_1/U0/Use_E2.BSCAN_I/Use_E2.BSCANE2_I/TDI
                         net (fo=1, routed)           1.862     1.862    base_soc_i/mdm_1/U0/Use_E2.LUT1_I/I0
    SLICE_X28Y52         LUT1 (Prop_lut1_I0_O)        0.124     1.986 r  base_soc_i/mdm_1/U0/Use_E2.LUT1_I/Using_FPGA.Native/O
                         net (fo=11, routed)          2.557     4.542    base_soc_i/mdm_1/U0/Use_E2.LUT1_I/Using_FPGA.lut1_o
    SLICE_X29Y57         LUT5 (Prop_lut5_I1_O)        0.117     4.659 r  base_soc_i/mdm_1/U0/Use_E2.LUT1_I/Use_JTAG_BSCAN.mode_reg_i_2/O
                         net (fo=1, routed)           0.944     5.603    base_soc_i/mdm_1/U0/Use_E2.LUT1_I/Use_JTAG_BSCAN.mode_reg5_out
    SLICE_X29Y58         LUT3 (Prop_lut3_I1_O)        0.332     5.935 r  base_soc_i/mdm_1/U0/Use_E2.LUT1_I/Use_JTAG_BSCAN.mode_reg_i_1/O
                         net (fo=1, routed)           0.000     5.935    base_soc_i/mdm_1/U0/Use_E2.LUT1_I_n_0
    SLICE_X29Y58         FDRE                                         r  base_soc_i/mdm_1/U0/Use_JTAG_BSCAN.mode_reg_reg/D
  -------------------------------------------------------------------    -------------------

                         (clock base_soc_i/mdm_1/U0/Use_E2.BSCAN_I/Use_E2.BSCANE2_I/TCK rise edge)
                                                      0.000     0.000 r  
    BSCAN_X0Y1           BSCANE2                      0.000     0.000 r  base_soc_i/mdm_1/U0/Use_E2.BSCAN_I/Use_E2.BSCANE2_I/TCK
                         net (fo=2, routed)           1.369     1.369    base_soc_i/mdm_1/U0/Use_E2.BSCAN_I/tck
    BUFGCTRL_X0Y5        BUFG (Prop_bufg_I_O)         0.091     1.460 r  base_soc_i/mdm_1/U0/Use_E2.BSCAN_I/tck_BUFG_inst/O
                         net (fo=52, routed)          1.436     2.896    base_soc_i/mdm_1/U0/tck
    SLICE_X29Y58         FDRE                                         r  base_soc_i/mdm_1/U0/Use_JTAG_BSCAN.mode_reg_reg/C





Min Delay Paths
--------------------------------------------------------------------------------------
Slack:                    inf
  Source:                 base_soc_i/mdm_1/U0/Use_E2.BSCAN_I/Use_E2.BSCANE2_I/SEL
                            (internal pin)
  Destination:            base_soc_i/mdm_1/U0/Internal_BSCANID.bscanid_sel_reg/D
                            (rising edge-triggered cell FDCE clocked by base_soc_i/mdm_1/U0/Use_E2.BSCAN_I/Use_E2.BSCANE2_I/TCK  {rise@0.000ns fall@16.667ns period=33.333ns})
  Path Group:             (none)
  Path Type:              Hold (Min at Fast Process Corner)
  Data Path Delay:        0.760ns  (logic 0.045ns (5.922%)  route 0.715ns (94.078%))
  Logic Levels:           1  (LUT4=1)
  Clock Uncertainty:      0.025ns  ((TSJ^2 + TIJ^2)^1/2 + DJ) / 2 + PE
    Total System Jitter     (TSJ):    0.050ns
    Total Input Jitter      (TIJ):    0.000ns
    Discrete Jitter          (DJ):    0.000ns
    Phase Error              (PE):    0.000ns
  Timing Exception:       False Path

    Location             Delay type                Incr(ns)  Path(ns)    Netlist Resource(s)
  -------------------------------------------------------------------    -------------------
    BSCAN_X0Y1           BSCANE2                      0.000     0.000 r  base_soc_i/mdm_1/U0/Use_E2.BSCAN_I/Use_E2.BSCANE2_I/SEL
                         net (fo=2, routed)           0.715     0.715    base_soc_i/mdm_1/U0/Use_E2.BSCAN_I/SEL
    SLICE_X29Y57         LUT4 (Prop_lut4_I2_O)        0.045     0.760 r  base_soc_i/mdm_1/U0/Use_E2.BSCAN_I/Internal_BSCANID.bscanid_sel_i_1/O
                         net (fo=1, routed)           0.000     0.760    base_soc_i/mdm_1/U0/Use_E2.BSCAN_I_n_14
    SLICE_X29Y57         FDCE                                         r  base_soc_i/mdm_1/U0/Internal_BSCANID.bscanid_sel_reg/D
  -------------------------------------------------------------------    -------------------

                         (clock base_soc_i/mdm_1/U0/Use_E2.BSCAN_I/Use_E2.BSCANE2_I/TCK rise edge)
                                                      0.000     0.000 r  
    BSCAN_X0Y1           BSCANE2                      0.000     0.000 r  base_soc_i/mdm_1/U0/Use_E2.BSCAN_I/Use_E2.BSCANE2_I/TCK
                         net (fo=2, routed)           0.700     0.700    base_soc_i/mdm_1/U0/Use_E2.BSCAN_I/tck
    BUFGCTRL_X0Y5        BUFG (Prop_bufg_I_O)         0.029     0.729 r  base_soc_i/mdm_1/U0/Use_E2.BSCAN_I/tck_BUFG_inst/O
                         net (fo=52, routed)          0.830     1.559    base_soc_i/mdm_1/U0/tck
    SLICE_X29Y57         FDCE                                         r  base_soc_i/mdm_1/U0/Internal_BSCANID.bscanid_sel_reg/C





--------------------------------------------------------------------------------------
Path Group:  (none)
From Clock:  base_soc_i/mdm_1/U0/MDM_Core_I1/JTAG_CONTROL_I/Test_Access_Port.BUFG_UPDATE/Using_FPGA.Native/O
  To Clock:  base_soc_i/mdm_1/U0/Use_E2.BSCAN_I/Use_E2.BSCANE2_I/TCK

Max Delay            17 Endpoints
Min Delay            17 Endpoints
--------------------------------------------------------------------------------------


Max Delay Paths
--------------------------------------------------------------------------------------
Slack:                    inf
  Source:                 <hidden>
                            (rising edge-triggered cell FDRE clocked by base_soc_i/mdm_1/U0/MDM_Core_I1/JTAG_CONTROL_I/Test_Access_Port.BUFG_UPDATE/Using_FPGA.Native/O  {rise@0.000ns fall@33.333ns period=66.666ns})
  Destination:            base_soc_i/mdm_1/U0/MDM_Core_I1/JTAG_CONTROL_I/dmistat_reg[1]/D
                            (rising edge-triggered cell FDRE clocked by base_soc_i/mdm_1/U0/Use_E2.BSCAN_I/Use_E2.BSCANE2_I/TCK  {rise@0.000ns fall@16.667ns period=33.333ns})
  Path Group:             (none)
  Path Type:              Setup (Max at Slow Process Corner)
  Data Path Delay:        7.865ns  (logic 1.977ns (25.138%)  route 5.888ns (74.862%))
  Logic Levels:           10  (LUT4=1 LUT6=7 MUXF7=1 MUXF8=1)
  Clock Path Skew:        -3.139ns (DCD - SCD + CPR)
    Destination Clock Delay (DCD):    3.109ns
    Source Clock Delay      (SCD):    6.249ns
    Clock Pessimism Removal (CPR):    0.000ns
  Clock Uncertainty:      0.035ns  ((TSJ^2 + TIJ^2)^1/2 + DJ) / 2 + PE
    Total System Jitter     (TSJ):    0.071ns
    Total Input Jitter      (TIJ):    0.000ns
    Discrete Jitter          (DJ):    0.000ns
    Phase Error              (PE):    0.000ns
  Timing Exception:       Logically Exclusive Clock Groups

    Location             Delay type                Incr(ns)  Path(ns)    Netlist Resource(s)
  -------------------------------------------------------------------    -------------------
                         (clock base_soc_i/mdm_1/U0/MDM_Core_I1/JTAG_CONTROL_I/Test_Access_Port.BUFG_UPDATE/Using_FPGA.Native/O rise edge)
                                                      0.000     0.000 r  
    BSCAN_X0Y1           BSCANE2                      0.000     0.000 f  base_soc_i/mdm_1/U0/Use_E2.BSCAN_I/Use_E2.BSCANE2_I/TCK
                         net (fo=2, routed)           1.587     1.587    base_soc_i/mdm_1/U0/Use_JTAG_BSCAN.BUFG_JTAG_TCK/lopt
    BUFGCTRL_X0Y1        BUFGCTRL (Prop_bufgctrl_I0_O)
                                                      0.096     1.683 f  base_soc_i/mdm_1/U0/Use_JTAG_BSCAN.BUFG_JTAG_TCK/Using_FPGA.Native/O
                         net (fo=31, routed)          1.553     3.236    base_soc_i/mdm_1/U0/MDM_Core_I1/JTAG_CONTROL_I/Use_JTAG_BSCAN.tck_int
    SLICE_X35Y52         FDRE (Prop_fdre_C_Q)         0.459     3.695 r  base_soc_i/mdm_1/U0/MDM_Core_I1/JTAG_CONTROL_I/Test_Access_Port.update_unbuf_reg/Q
                         net (fo=1, routed)           0.903     4.599    base_soc_i/mdm_1/U0/MDM_Core_I1/JTAG_CONTROL_I/Test_Access_Port.BUFG_UPDATE/Test_Access_Port.update_unbuf
    BUFGCTRL_X0Y4        BUFG (Prop_bufg_I_O)         0.096     4.695 r  base_soc_i/mdm_1/U0/MDM_Core_I1/JTAG_CONTROL_I/Test_Access_Port.BUFG_UPDATE/Using_FPGA.Native/O
                         net (fo=99, routed)          1.554     6.249    <hidden>
    SLICE_X44Y58         FDRE                                         r  <hidden>
  -------------------------------------------------------------------    -------------------
    SLICE_X44Y58         FDRE (Prop_fdre_C_Q)         0.456     6.705 r  <hidden>
                         net (fo=2, routed)           1.276     7.981    <hidden>
    SLICE_X44Y57         LUT6 (Prop_lut6_I5_O)        0.124     8.105 r  <hidden>
                         net (fo=1, routed)           0.000     8.105    <hidden>
    SLICE_X44Y57         MUXF7 (Prop_muxf7_I1_O)      0.217     8.322 r  <hidden>
                         net (fo=1, routed)           0.000     8.322    <hidden>
    SLICE_X44Y57         MUXF8 (Prop_muxf8_I1_O)      0.094     8.416 r  <hidden>
                         net (fo=1, routed)           0.959     9.375    <hidden>
    SLICE_X41Y57         LUT6 (Prop_lut6_I5_O)        0.316     9.691 r  <hidden>
                         net (fo=1, routed)           0.810    10.500    <hidden>
    SLICE_X40Y58         LUT6 (Prop_lut6_I0_O)        0.124    10.624 r  <hidden>
                         net (fo=1, routed)           0.687    11.312    <hidden>
    SLICE_X41Y58         LUT6 (Prop_lut6_I3_O)        0.124    11.436 r  <hidden>
                         net (fo=3, routed)           0.705    12.141    base_soc_i/mdm_1/U0/MDM_Core_I1/JTAG_CONTROL_I/Dbg_TDO_0
    SLICE_X36Y55         LUT6 (Prop_lut6_I1_O)        0.124    12.265 f  base_soc_i/mdm_1/U0/MDM_Core_I1/JTAG_CONTROL_I/TDO_i_8/O
                         net (fo=1, routed)           0.280    12.544    base_soc_i/mdm_1/U0/MDM_Core_I1/JTAG_CONTROL_I/TDO_i_8_n_0
    SLICE_X36Y55         LUT6 (Prop_lut6_I1_O)        0.124    12.668 r  base_soc_i/mdm_1/U0/MDM_Core_I1/JTAG_CONTROL_I/TDO_i_4/O
                         net (fo=1, routed)           0.454    13.123    base_soc_i/mdm_1/U0/MDM_Core_I1/JTAG_CONTROL_I/TDO_i_4_n_0
    SLICE_X32Y55         LUT6 (Prop_lut6_I2_O)        0.124    13.247 r  base_soc_i/mdm_1/U0/MDM_Core_I1/JTAG_CONTROL_I/TDO_i_1/O
                         net (fo=2, routed)           0.717    13.963    base_soc_i/mdm_1/U0/MDM_Core_I1/JTAG_CONTROL_I/TDO_dtm
    SLICE_X33Y55         LUT4 (Prop_lut4_I0_O)        0.150    14.113 r  base_soc_i/mdm_1/U0/MDM_Core_I1/JTAG_CONTROL_I/dmistat[1]_i_1/O
                         net (fo=1, routed)           0.000    14.113    base_soc_i/mdm_1/U0/MDM_Core_I1/JTAG_CONTROL_I/dmistat[1]_i_1_n_0
    SLICE_X33Y55         FDRE                                         r  base_soc_i/mdm_1/U0/MDM_Core_I1/JTAG_CONTROL_I/dmistat_reg[1]/D
  -------------------------------------------------------------------    -------------------

                         (clock base_soc_i/mdm_1/U0/Use_E2.BSCAN_I/Use_E2.BSCANE2_I/TCK rise edge)
                                                      0.000     0.000 r  
    BSCAN_X0Y1           BSCANE2                      0.000     0.000 r  base_soc_i/mdm_1/U0/Use_E2.BSCAN_I/Use_E2.BSCANE2_I/TCK
                         net (fo=2, routed)           1.359     1.359    base_soc_i/mdm_1/U0/Use_JTAG_BSCAN.BUFG_JTAG_TCK/lopt
    BUFGCTRL_X0Y1        BUFGCTRL (Prop_bufgctrl_I0_O)
                                                      0.091     1.450 r  base_soc_i/mdm_1/U0/Use_JTAG_BSCAN.BUFG_JTAG_TCK/Using_FPGA.Native/O
                         net (fo=31, routed)          0.133     1.583    base_soc_i/mdm_1/U0/MDM_Core_I1/JTAG_CONTROL_I/Test_Access_Port.BUFG_DRCK/Use_JTAG_BSCAN.tck_int
    BUFGCTRL_X0Y0        BUFGCTRL (Prop_bufgctrl_I0_O)
                                                      0.091     1.674 r  base_soc_i/mdm_1/U0/MDM_Core_I1/JTAG_CONTROL_I/Test_Access_Port.BUFG_DRCK/Using_FPGA.Native/O
                         net (fo=198, routed)         1.435     3.109    base_soc_i/mdm_1/U0/MDM_Core_I1/JTAG_CONTROL_I/Using_FPGA.Native
    SLICE_X33Y55         FDRE                                         r  base_soc_i/mdm_1/U0/MDM_Core_I1/JTAG_CONTROL_I/dmistat_reg[1]/C





Min Delay Paths
--------------------------------------------------------------------------------------
Slack:                    inf
  Source:                 base_soc_i/mdm_1/U0/MDM_Core_I1/JTAG_CONTROL_I/dmihardreset_reg/C
                            (rising edge-triggered cell FDRE clocked by base_soc_i/mdm_1/U0/MDM_Core_I1/JTAG_CONTROL_I/Test_Access_Port.BUFG_UPDATE/Using_FPGA.Native/O  {rise@0.000ns fall@33.333ns period=66.666ns})
  Destination:            base_soc_i/mdm_1/U0/MDM_Core_I1/JTAG_CONTROL_I/dmistat_current_reg[0]/D
                            (rising edge-triggered cell FDRE clocked by base_soc_i/mdm_1/U0/Use_E2.BSCAN_I/Use_E2.BSCANE2_I/TCK  {rise@0.000ns fall@16.667ns period=33.333ns})
  Path Group:             (none)
  Path Type:              Hold (Min at Fast Process Corner)
  Data Path Delay:        0.271ns  (logic 0.186ns (68.550%)  route 0.085ns (31.450%))
  Logic Levels:           1  (LUT6=1)
  Clock Path Skew:        -0.648ns (DCD - SCD - CPR)
    Destination Clock Delay (DCD):    1.618ns
    Source Clock Delay      (SCD):    2.266ns
    Clock Pessimism Removal (CPR):    -0.000ns
  Clock Uncertainty:      0.035ns  ((TSJ^2 + TIJ^2)^1/2 + DJ) / 2 + PE
    Total System Jitter     (TSJ):    0.071ns
    Total Input Jitter      (TIJ):    0.000ns
    Discrete Jitter          (DJ):    0.000ns
    Phase Error              (PE):    0.000ns
  Timing Exception:       Logically Exclusive Clock Groups

    Location             Delay type                Incr(ns)  Path(ns)    Netlist Resource(s)
  -------------------------------------------------------------------    -------------------
                         (clock base_soc_i/mdm_1/U0/MDM_Core_I1/JTAG_CONTROL_I/Test_Access_Port.BUFG_UPDATE/Using_FPGA.Native/O rise edge)
                                                      0.000     0.000 r  
    BSCAN_X0Y1           BSCANE2                      0.000     0.000 f  base_soc_i/mdm_1/U0/Use_E2.BSCAN_I/Use_E2.BSCANE2_I/TCK
                         net (fo=2, routed)           0.597     0.597    base_soc_i/mdm_1/U0/Use_JTAG_BSCAN.BUFG_JTAG_TCK/lopt
    BUFGCTRL_X0Y1        BUFGCTRL (Prop_bufgctrl_I0_O)
                                                      0.026     0.623 f  base_soc_i/mdm_1/U0/Use_JTAG_BSCAN.BUFG_JTAG_TCK/Using_FPGA.Native/O
                         net (fo=31, routed)          0.561     1.184    base_soc_i/mdm_1/U0/MDM_Core_I1/JTAG_CONTROL_I/Use_JTAG_BSCAN.tck_int
    SLICE_X35Y52         FDRE (Prop_fdre_C_Q)         0.146     1.330 r  base_soc_i/mdm_1/U0/MDM_Core_I1/JTAG_CONTROL_I/Test_Access_Port.update_unbuf_reg/Q
                         net (fo=1, routed)           0.349     1.679    base_soc_i/mdm_1/U0/MDM_Core_I1/JTAG_CONTROL_I/Test_Access_Port.BUFG_UPDATE/Test_Access_Port.update_unbuf
    BUFGCTRL_X0Y4        BUFG (Prop_bufg_I_O)         0.026     1.705 r  base_soc_i/mdm_1/U0/MDM_Core_I1/JTAG_CONTROL_I/Test_Access_Port.BUFG_UPDATE/Using_FPGA.Native/O
                         net (fo=99, routed)          0.561     2.266    base_soc_i/mdm_1/U0/MDM_Core_I1/JTAG_CONTROL_I/Using_FPGA.Native_0
    SLICE_X32Y55         FDRE                                         r  base_soc_i/mdm_1/U0/MDM_Core_I1/JTAG_CONTROL_I/dmihardreset_reg/C
  -------------------------------------------------------------------    -------------------
    SLICE_X32Y55         FDRE (Prop_fdre_C_Q)         0.141     2.407 f  base_soc_i/mdm_1/U0/MDM_Core_I1/JTAG_CONTROL_I/dmihardreset_reg/Q
                         net (fo=4, routed)           0.085     2.492    base_soc_i/mdm_1/U0/MDM_Core_I1/JTAG_CONTROL_I/dmihardreset_reg_n_0
    SLICE_X33Y55         LUT6 (Prop_lut6_I4_O)        0.045     2.537 r  base_soc_i/mdm_1/U0/MDM_Core_I1/JTAG_CONTROL_I/dmistat_current[0]_i_1/O
                         net (fo=1, routed)           0.000     2.537    base_soc_i/mdm_1/U0/MDM_Core_I1/JTAG_CONTROL_I/dmistat_current[0]_i_1_n_0
    SLICE_X33Y55         FDRE                                         r  base_soc_i/mdm_1/U0/MDM_Core_I1/JTAG_CONTROL_I/dmistat_current_reg[0]/D
  -------------------------------------------------------------------    -------------------

                         (clock base_soc_i/mdm_1/U0/Use_E2.BSCAN_I/Use_E2.BSCANE2_I/TCK rise edge)
                                                      0.000     0.000 r  
    BSCAN_X0Y1           BSCANE2                      0.000     0.000 r  base_soc_i/mdm_1/U0/Use_E2.BSCAN_I/Use_E2.BSCANE2_I/TCK
                         net (fo=2, routed)           0.697     0.697    base_soc_i/mdm_1/U0/Use_JTAG_BSCAN.BUFG_JTAG_TCK/lopt
    BUFGCTRL_X0Y1        BUFGCTRL (Prop_bufgctrl_I0_O)
                                                      0.029     0.726 r  base_soc_i/mdm_1/U0/Use_JTAG_BSCAN.BUFG_JTAG_TCK/Using_FPGA.Native/O
                         net (fo=31, routed)          0.033     0.759    base_soc_i/mdm_1/U0/MDM_Core_I1/JTAG_CONTROL_I/Test_Access_Port.BUFG_DRCK/Use_JTAG_BSCAN.tck_int
    BUFGCTRL_X0Y0        BUFGCTRL (Prop_bufgctrl_I0_O)
                                                      0.029     0.788 r  base_soc_i/mdm_1/U0/MDM_Core_I1/JTAG_CONTROL_I/Test_Access_Port.BUFG_DRCK/Using_FPGA.Native/O
                         net (fo=198, routed)         0.829     1.618    base_soc_i/mdm_1/U0/MDM_Core_I1/JTAG_CONTROL_I/Using_FPGA.Native
    SLICE_X33Y55         FDRE                                         r  base_soc_i/mdm_1/U0/MDM_Core_I1/JTAG_CONTROL_I/dmistat_current_reg[0]/C





--------------------------------------------------------------------------------------
Path Group:  (none)
From Clock:  base_soc_i/mdm_1/U0/Use_E2.BSCAN_I/Use_E2.BSCANE2_I/UPDATE
  To Clock:  base_soc_i/mdm_1/U0/Use_E2.BSCAN_I/Use_E2.BSCANE2_I/TCK

Max Delay            22 Endpoints
Min Delay            22 Endpoints
--------------------------------------------------------------------------------------


Max Delay Paths
--------------------------------------------------------------------------------------
Slack:                    inf
  Source:                 base_soc_i/mdm_1/U0/Use_E2.BSCAN_I/Use_E2.BSCANE2_I/UPDATE
                            (clock source 'base_soc_i/mdm_1/U0/Use_E2.BSCAN_I/Use_E2.BSCANE2_I/UPDATE'  {rise@0.000ns fall@16.667ns period=33.333ns})
  Destination:            base_soc_i/mdm_1/U0/Use_JTAG_BSCAN.tms_ok_reg/D
                            (rising edge-triggered cell FDRE clocked by base_soc_i/mdm_1/U0/Use_E2.BSCAN_I/Use_E2.BSCANE2_I/TCK  {rise@0.000ns fall@16.667ns period=33.333ns})
  Path Group:             (none)
  Path Type:              Setup (Max at Slow Process Corner)
  Data Path Delay:        3.087ns  (logic 0.248ns (8.033%)  route 2.839ns (91.967%))
  Logic Levels:           2  (LUT5=1 LUT6=1)
  Clock Path Skew:        2.896ns (DCD - SCD + CPR)
    Destination Clock Delay (DCD):    2.896ns
    Source Clock Delay      (SCD):    0.000ns = ( 16.667 - 16.667 ) 
    Clock Pessimism Removal (CPR):    0.000ns
  Clock Uncertainty:      0.035ns  ((TSJ^2 + TIJ^2)^1/2 + DJ) / 2 + PE
    Total System Jitter     (TSJ):    0.071ns
    Total Input Jitter      (TIJ):    0.000ns
    Discrete Jitter          (DJ):    0.000ns
    Phase Error              (PE):    0.000ns
  Timing Exception:       Logically Exclusive Clock Groups

    Location             Delay type                Incr(ns)  Path(ns)    Netlist Resource(s)
  -------------------------------------------------------------------    -------------------
                         (clock base_soc_i/mdm_1/U0/Use_E2.BSCAN_I/Use_E2.BSCANE2_I/UPDATE fall edge)
                                                     16.667    16.667 f  
    BSCAN_X0Y1           BSCANE2                      0.000    16.667 f  base_soc_i/mdm_1/U0/Use_E2.BSCAN_I/Use_E2.BSCANE2_I/UPDATE
                         net (fo=5, routed)           1.860    18.526    base_soc_i/mdm_1/U0/Use_E2.BSCAN_I/Use_E2.BSCANE2_I_n_9
    SLICE_X28Y57         LUT5 (Prop_lut5_I1_O)        0.124    18.650 f  base_soc_i/mdm_1/U0/Use_E2.BSCAN_I/Use_JTAG_BSCAN.bit_cnt[7]_i_1/O
                         net (fo=11, routed)          0.979    19.630    base_soc_i/mdm_1/U0/Use_E2.BSCAN_I/Use_JTAG_BSCAN.tms_ok
    SLICE_X29Y58         LUT6 (Prop_lut6_I5_O)        0.124    19.754 r  base_soc_i/mdm_1/U0/Use_E2.BSCAN_I/Use_JTAG_BSCAN.tms_ok_i_1/O
                         net (fo=1, routed)           0.000    19.754    base_soc_i/mdm_1/U0/Use_E2.BSCAN_I_n_4
    SLICE_X29Y58         FDRE                                         r  base_soc_i/mdm_1/U0/Use_JTAG_BSCAN.tms_ok_reg/D
  -------------------------------------------------------------------    -------------------

                         (clock base_soc_i/mdm_1/U0/Use_E2.BSCAN_I/Use_E2.BSCANE2_I/TCK rise edge)
                                                      0.000     0.000 r  
    BSCAN_X0Y1           BSCANE2                      0.000     0.000 r  base_soc_i/mdm_1/U0/Use_E2.BSCAN_I/Use_E2.BSCANE2_I/TCK
                         net (fo=2, routed)           1.369     1.369    base_soc_i/mdm_1/U0/Use_E2.BSCAN_I/tck
    BUFGCTRL_X0Y5        BUFG (Prop_bufg_I_O)         0.091     1.460 r  base_soc_i/mdm_1/U0/Use_E2.BSCAN_I/tck_BUFG_inst/O
                         net (fo=52, routed)          1.436     2.896    base_soc_i/mdm_1/U0/tck
    SLICE_X29Y58         FDRE                                         r  base_soc_i/mdm_1/U0/Use_JTAG_BSCAN.tms_ok_reg/C





Min Delay Paths
--------------------------------------------------------------------------------------
Slack:                    inf
  Source:                 base_soc_i/mdm_1/U0/Use_E2.BSCAN_I/Use_E2.BSCANE2_I/UPDATE
                            (clock source 'base_soc_i/mdm_1/U0/Use_E2.BSCAN_I/Use_E2.BSCANE2_I/UPDATE'  {rise@0.000ns fall@16.667ns period=33.333ns})
  Destination:            base_soc_i/mdm_1/U0/Internal_BSCANID.bscanid_sel_reg/D
                            (rising edge-triggered cell FDCE clocked by base_soc_i/mdm_1/U0/Use_E2.BSCAN_I/Use_E2.BSCANE2_I/TCK  {rise@0.000ns fall@16.667ns period=33.333ns})
  Path Group:             (none)
  Path Type:              Hold (Min at Fast Process Corner)
  Data Path Delay:        0.800ns  (logic 0.045ns (5.625%)  route 0.755ns (94.375%))
  Logic Levels:           1  (LUT4=1)
  Clock Path Skew:        1.559ns (DCD - SCD - CPR)
    Destination Clock Delay (DCD):    1.559ns
    Source Clock Delay      (SCD):    0.000ns
    Clock Pessimism Removal (CPR):    -0.000ns
  Clock Uncertainty:      0.035ns  ((TSJ^2 + TIJ^2)^1/2 + DJ) / 2 + PE
    Total System Jitter     (TSJ):    0.071ns
    Total Input Jitter      (TIJ):    0.000ns
    Discrete Jitter          (DJ):    0.000ns
    Phase Error              (PE):    0.000ns
  Timing Exception:       Logically Exclusive Clock Groups

    Location             Delay type                Incr(ns)  Path(ns)    Netlist Resource(s)
  -------------------------------------------------------------------    -------------------
                         (clock base_soc_i/mdm_1/U0/Use_E2.BSCAN_I/Use_E2.BSCANE2_I/UPDATE rise edge)
                                                      0.000     0.000 r  
    BSCAN_X0Y1           BSCANE2                      0.000     0.000 r  base_soc_i/mdm_1/U0/Use_E2.BSCAN_I/Use_E2.BSCANE2_I/UPDATE
                         net (fo=5, routed)           0.755     0.755    base_soc_i/mdm_1/U0/Use_E2.BSCAN_I/Use_E2.BSCANE2_I_n_9
    SLICE_X29Y57         LUT4 (Prop_lut4_I0_O)        0.045     0.800 f  base_soc_i/mdm_1/U0/Use_E2.BSCAN_I/Internal_BSCANID.bscanid_sel_i_1/O
                         net (fo=1, routed)           0.000     0.800    base_soc_i/mdm_1/U0/Use_E2.BSCAN_I_n_14
    SLICE_X29Y57         FDCE                                         f  base_soc_i/mdm_1/U0/Internal_BSCANID.bscanid_sel_reg/D
  -------------------------------------------------------------------    -------------------

                         (clock base_soc_i/mdm_1/U0/Use_E2.BSCAN_I/Use_E2.BSCANE2_I/TCK rise edge)
                                                      0.000     0.000 r  
    BSCAN_X0Y1           BSCANE2                      0.000     0.000 r  base_soc_i/mdm_1/U0/Use_E2.BSCAN_I/Use_E2.BSCANE2_I/TCK
                         net (fo=2, routed)           0.700     0.700    base_soc_i/mdm_1/U0/Use_E2.BSCAN_I/tck
    BUFGCTRL_X0Y5        BUFG (Prop_bufg_I_O)         0.029     0.729 r  base_soc_i/mdm_1/U0/Use_E2.BSCAN_I/tck_BUFG_inst/O
                         net (fo=52, routed)          0.830     1.559    base_soc_i/mdm_1/U0/tck
    SLICE_X29Y57         FDCE                                         r  base_soc_i/mdm_1/U0/Internal_BSCANID.bscanid_sel_reg/C





--------------------------------------------------------------------------------------
Path Group:  (none)
From Clock:  clk_out1_base_soc_clk_wiz_0
  To Clock:  base_soc_i/mdm_1/U0/Use_E2.BSCAN_I/Use_E2.BSCANE2_I/TCK

Max Delay            35 Endpoints
Min Delay            35 Endpoints
--------------------------------------------------------------------------------------


Max Delay Paths
--------------------------------------------------------------------------------------
Slack:                    inf
  Source:                 <hidden>
                            (rising edge-triggered cell FDRE clocked by clk_out1_base_soc_clk_wiz_0  {rise@0.000ns fall@5.000ns period=10.000ns})
  Destination:            <hidden>
                            (rising edge-triggered cell FDRE clocked by base_soc_i/mdm_1/U0/Use_E2.BSCAN_I/Use_E2.BSCANE2_I/TCK  {rise@0.000ns fall@16.667ns period=33.333ns})
  Path Group:             (none)
  Path Type:              Setup (Max at Slow Process Corner)
  Data Path Delay:        1.628ns  (logic 0.419ns (25.736%)  route 1.209ns (74.264%))
  Logic Levels:           0  
  Clock Path Skew:        4.066ns (DCD - SCD + CPR)
    Destination Clock Delay (DCD):    3.110ns
    Source Clock Delay      (SCD):    -0.956ns
    Clock Pessimism Removal (CPR):    0.000ns
  Clock Uncertainty:      0.173ns  ((TSJ^2 + DJ^2)^1/2) / 2 + PE
    Total System Jitter     (TSJ):    0.071ns
    Discrete Jitter          (DJ):    0.131ns
    Phase Error              (PE):    0.099ns
  Timing Exception:       Asynchronous Clock Groups

    Location             Delay type                Incr(ns)  Path(ns)    Netlist Resource(s)
  -------------------------------------------------------------------    -------------------
                         (clock clk_out1_base_soc_clk_wiz_0 rise edge)
                                                      0.000     0.000 r  
    W5                                                0.000     0.000 r  sys_clock (IN)
                         net (fo=0)                   0.000     0.000    base_soc_i/clk_wiz/inst/clk_in1
    W5                   IBUF (Prop_ibuf_I_O)         1.458     1.458 r  base_soc_i/clk_wiz/inst/clkin1_ibufg/O
                         net (fo=1, routed)           1.233     2.691    base_soc_i/clk_wiz/inst/clk_in1_base_soc_clk_wiz_0
    MMCME2_ADV_X1Y0      MMCME2_ADV (Prop_mmcme2_adv_CLKIN1_CLKOUT0)
                                                     -6.961    -4.269 r  base_soc_i/clk_wiz/inst/mmcm_adv_inst/CLKOUT0
                         net (fo=1, routed)           1.661    -2.608    base_soc_i/clk_wiz/inst/clk_out1_base_soc_clk_wiz_0
    BUFGCTRL_X0Y2        BUFG (Prop_bufg_I_O)         0.096    -2.512 r  base_soc_i/clk_wiz/inst/clkout1_buf/O
                         net (fo=3850, routed)        1.556    -0.956    <hidden>
    SLICE_X51Y61         FDRE                                         r  <hidden>
  -------------------------------------------------------------------    -------------------
    SLICE_X51Y61         FDRE (Prop_fdre_C_Q)         0.419    -0.537 r  <hidden>
                         net (fo=9, routed)           1.209     0.672    <hidden>
    SLICE_X41Y58         FDRE                                         r  <hidden>
  -------------------------------------------------------------------    -------------------

                         (clock base_soc_i/mdm_1/U0/Use_E2.BSCAN_I/Use_E2.BSCANE2_I/TCK rise edge)
                                                      0.000     0.000 r  
    BSCAN_X0Y1           BSCANE2                      0.000     0.000 r  base_soc_i/mdm_1/U0/Use_E2.BSCAN_I/Use_E2.BSCANE2_I/TCK
                         net (fo=2, routed)           1.359     1.359    base_soc_i/mdm_1/U0/Use_JTAG_BSCAN.BUFG_JTAG_TCK/lopt
    BUFGCTRL_X0Y1        BUFGCTRL (Prop_bufgctrl_I0_O)
                                                      0.091     1.450 r  base_soc_i/mdm_1/U0/Use_JTAG_BSCAN.BUFG_JTAG_TCK/Using_FPGA.Native/O
                         net (fo=31, routed)          0.133     1.583    base_soc_i/mdm_1/U0/MDM_Core_I1/JTAG_CONTROL_I/Test_Access_Port.BUFG_DRCK/Use_JTAG_BSCAN.tck_int
    BUFGCTRL_X0Y0        BUFGCTRL (Prop_bufgctrl_I0_O)
                                                      0.091     1.674 r  base_soc_i/mdm_1/U0/MDM_Core_I1/JTAG_CONTROL_I/Test_Access_Port.BUFG_DRCK/Using_FPGA.Native/O
                         net (fo=198, routed)         1.436     3.110    <hidden>
    SLICE_X41Y58         FDRE                                         r  <hidden>





Min Delay Paths
--------------------------------------------------------------------------------------
Slack:                    inf
  Source:                 <hidden>
                            (rising edge-triggered cell FDRE clocked by clk_out1_base_soc_clk_wiz_0  {rise@0.000ns fall@5.000ns period=10.000ns})
  Destination:            <hidden>
                            (rising edge-triggered cell FDRE clocked by base_soc_i/mdm_1/U0/Use_E2.BSCAN_I/Use_E2.BSCANE2_I/TCK  {rise@0.000ns fall@16.667ns period=33.333ns})
  Path Group:             (none)
  Path Type:              Hold (Min at Slow Process Corner)
  Data Path Delay:        0.689ns  (logic 0.418ns (60.667%)  route 0.271ns (39.333%))
  Logic Levels:           0  
  Clock Path Skew:        5.032ns (DCD - SCD - CPR)
    Destination Clock Delay (DCD):    3.474ns
    Source Clock Delay      (SCD):    -1.558ns
    Clock Pessimism Removal (CPR):    -0.000ns
  Clock Uncertainty:      0.173ns  ((TSJ^2 + DJ^2)^1/2) / 2 + PE
    Total System Jitter     (TSJ):    0.071ns
    Discrete Jitter          (DJ):    0.131ns
    Phase Error              (PE):    0.099ns
  Timing Exception:       Asynchronous Clock Groups

    Location             Delay type                Incr(ns)  Path(ns)    Netlist Resource(s)
  -------------------------------------------------------------------    -------------------
                         (clock clk_out1_base_soc_clk_wiz_0 rise edge)
                                                      0.000     0.000 r  
    W5                                                0.000     0.000 r  sys_clock (IN)
                         net (fo=0)                   0.000     0.000    base_soc_i/clk_wiz/inst/clk_in1
    W5                   IBUF (Prop_ibuf_I_O)         1.388     1.388 r  base_soc_i/clk_wiz/inst/clkin1_ibufg/O
                         net (fo=1, routed)           1.162     2.550    base_soc_i/clk_wiz/inst/clk_in1_base_soc_clk_wiz_0
    MMCME2_ADV_X1Y0      MMCME2_ADV (Prop_mmcme2_adv_CLKIN1_CLKOUT0)
                                                     -7.217    -4.668 r  base_soc_i/clk_wiz/inst/mmcm_adv_inst/CLKOUT0
                         net (fo=1, routed)           1.581    -3.086    base_soc_i/clk_wiz/inst/clk_out1_base_soc_clk_wiz_0
    BUFGCTRL_X0Y2        BUFG (Prop_bufg_I_O)         0.091    -2.995 r  base_soc_i/clk_wiz/inst/clkout1_buf/O
                         net (fo=3850, routed)        1.438    -1.558    <hidden>
    SLICE_X42Y52         FDRE                                         r  <hidden>
  -------------------------------------------------------------------    -------------------
    SLICE_X42Y52         FDRE (Prop_fdre_C_Q)         0.418    -1.140 r  <hidden>
                         net (fo=1, routed)           0.271    -0.869    <hidden>
    SLICE_X41Y52         FDRE                                         r  <hidden>
  -------------------------------------------------------------------    -------------------

                         (clock base_soc_i/mdm_1/U0/Use_E2.BSCAN_I/Use_E2.BSCANE2_I/TCK rise edge)
                                                      0.000     0.000 r  
    BSCAN_X0Y1           BSCANE2                      0.000     0.000 r  base_soc_i/mdm_1/U0/Use_E2.BSCAN_I/Use_E2.BSCANE2_I/TCK
                         net (fo=2, routed)           1.587     1.587    base_soc_i/mdm_1/U0/Use_JTAG_BSCAN.BUFG_JTAG_TCK/lopt
    BUFGCTRL_X0Y1        BUFGCTRL (Prop_bufgctrl_I0_O)
                                                      0.096     1.683 r  base_soc_i/mdm_1/U0/Use_JTAG_BSCAN.BUFG_JTAG_TCK/Using_FPGA.Native/O
                         net (fo=31, routed)          0.140     1.823    base_soc_i/mdm_1/U0/MDM_Core_I1/JTAG_CONTROL_I/Test_Access_Port.BUFG_DRCK/Use_JTAG_BSCAN.tck_int
    BUFGCTRL_X0Y0        BUFGCTRL (Prop_bufgctrl_I0_O)
                                                      0.096     1.919 r  base_soc_i/mdm_1/U0/MDM_Core_I1/JTAG_CONTROL_I/Test_Access_Port.BUFG_DRCK/Using_FPGA.Native/O
                         net (fo=198, routed)         1.555     3.474    <hidden>
    SLICE_X41Y52         FDRE                                         r  <hidden>





--------------------------------------------------------------------------------------
Path Group:  (none)
From Clock:  
  To Clock:  clk_out1_base_soc_clk_wiz_0

Max Delay             2 Endpoints
Min Delay             2 Endpoints
--------------------------------------------------------------------------------------


Max Delay Paths
--------------------------------------------------------------------------------------
Slack:                    inf
  Source:                 reset
                            (input port)
  Destination:            base_soc_i/rst_clk_wiz_100M/U0/EXT_LPF/ACTIVE_HIGH_EXT.ACT_HI_EXT/GENERATE_LEVEL_P_S_CDC.SINGLE_BIT.CROSS_PLEVEL_IN2SCNDRY_IN_cdc_to/D
                            (rising edge-triggered cell FDRE clocked by clk_out1_base_soc_clk_wiz_0  {rise@0.000ns fall@5.000ns period=10.000ns})
  Path Group:             (none)
  Path Type:              Setup (Max at Slow Process Corner)
  Data Path Delay:        5.747ns  (logic 1.565ns (27.237%)  route 4.182ns (72.763%))
  Logic Levels:           2  (IBUF=1 LUT2=1)
  Clock Path Skew:        -1.563ns (DCD - SCD + CPR)
    Destination Clock Delay (DCD):    -1.563ns
    Source Clock Delay      (SCD):    0.000ns
    Clock Pessimism Removal (CPR):    0.000ns
  Clock Uncertainty:      0.169ns  ((TSJ^2 + DJ^2)^1/2) / 2 + PE
    Total System Jitter     (TSJ):    0.050ns
    Discrete Jitter          (DJ):    0.131ns
    Phase Error              (PE):    0.099ns
  Timing Exception:       False Path

    Location             Delay type                Incr(ns)  Path(ns)    Netlist Resource(s)
  -------------------------------------------------------------------    -------------------
    U18                                               0.000     0.000 r  reset (IN)
                         net (fo=0)                   0.000     0.000    reset
    U18                  IBUF (Prop_ibuf_I_O)         1.441     1.441 r  reset_IBUF_inst/O
                         net (fo=2, routed)           3.596     5.038    base_soc_i/rst_clk_wiz_100M/U0/EXT_LPF/ACTIVE_HIGH_EXT.ACT_HI_EXT/ext_reset_in
    SLICE_X36Y57         LUT2 (Prop_lut2_I0_O)        0.124     5.162 r  base_soc_i/rst_clk_wiz_100M/U0/EXT_LPF/ACTIVE_HIGH_EXT.ACT_HI_EXT/GENERATE_LEVEL_P_S_CDC.SINGLE_BIT.CROSS_PLEVEL_IN2SCNDRY_IN_cdc_to_i_1/O
                         net (fo=1, routed)           0.585     5.747    base_soc_i/rst_clk_wiz_100M/U0/EXT_LPF/ACTIVE_HIGH_EXT.ACT_HI_EXT/exr_d1
    SLICE_X36Y59         FDRE                                         r  base_soc_i/rst_clk_wiz_100M/U0/EXT_LPF/ACTIVE_HIGH_EXT.ACT_HI_EXT/GENERATE_LEVEL_P_S_CDC.SINGLE_BIT.CROSS_PLEVEL_IN2SCNDRY_IN_cdc_to/D
  -------------------------------------------------------------------    -------------------

                         (clock clk_out1_base_soc_clk_wiz_0 rise edge)
                                                      0.000     0.000 r  
    W5                                                0.000     0.000 r  sys_clock (IN)
                         net (fo=0)                   0.000     0.000    base_soc_i/clk_wiz/inst/clk_in1
    W5                   IBUF (Prop_ibuf_I_O)         1.388     1.388 r  base_soc_i/clk_wiz/inst/clkin1_ibufg/O
                         net (fo=1, routed)           1.162     2.550    base_soc_i/clk_wiz/inst/clk_in1_base_soc_clk_wiz_0
    MMCME2_ADV_X1Y0      MMCME2_ADV (Prop_mmcme2_adv_CLKIN1_CLKOUT0)
                                                     -7.217    -4.668 r  base_soc_i/clk_wiz/inst/mmcm_adv_inst/CLKOUT0
                         net (fo=1, routed)           1.581    -3.086    base_soc_i/clk_wiz/inst/clk_out1_base_soc_clk_wiz_0
    BUFGCTRL_X0Y2        BUFG (Prop_bufg_I_O)         0.091    -2.995 r  base_soc_i/clk_wiz/inst/clkout1_buf/O
                         net (fo=3850, routed)        1.433    -1.563    base_soc_i/rst_clk_wiz_100M/U0/EXT_LPF/ACTIVE_HIGH_EXT.ACT_HI_EXT/slowest_sync_clk
    SLICE_X36Y59         FDRE                                         r  base_soc_i/rst_clk_wiz_100M/U0/EXT_LPF/ACTIVE_HIGH_EXT.ACT_HI_EXT/GENERATE_LEVEL_P_S_CDC.SINGLE_BIT.CROSS_PLEVEL_IN2SCNDRY_IN_cdc_to/C





Min Delay Paths
--------------------------------------------------------------------------------------
Slack:                    inf
  Source:                 usb_uart_rxd
                            (input port)
  Destination:            base_soc_i/axi_uartlite_0/U0/UARTLITE_CORE_I/UARTLITE_RX_I/INPUT_DOUBLE_REGS3/GENERATE_LEVEL_P_S_CDC.SINGLE_BIT.CROSS_PLEVEL_IN2SCNDRY_IN_cdc_to/D
                            (rising edge-triggered cell FDRE clocked by clk_out1_base_soc_clk_wiz_0  {rise@0.000ns fall@5.000ns period=10.000ns})
  Path Group:             (none)
  Path Type:              Hold (Min at Fast Process Corner)
  Data Path Delay:        1.797ns  (logic 0.224ns (12.479%)  route 1.573ns (87.521%))
  Logic Levels:           1  (IBUF=1)
  Clock Path Skew:        -0.854ns (DCD - SCD - CPR)
    Destination Clock Delay (DCD):    -0.854ns
    Source Clock Delay      (SCD):    0.000ns
    Clock Pessimism Removal (CPR):    -0.000ns
  Timing Exception:       False Path

    Location             Delay type                Incr(ns)  Path(ns)    Netlist Resource(s)
  -------------------------------------------------------------------    -------------------
    B18                                               0.000     0.000 r  usb_uart_rxd (IN)
                         net (fo=0)                   0.000     0.000    usb_uart_rxd
    B18                  IBUF (Prop_ibuf_I_O)         0.224     0.224 r  usb_uart_rxd_IBUF_inst/O
                         net (fo=1, routed)           1.573     1.797    base_soc_i/axi_uartlite_0/U0/UARTLITE_CORE_I/UARTLITE_RX_I/INPUT_DOUBLE_REGS3/rx
    SLICE_X14Y43         FDRE                                         r  base_soc_i/axi_uartlite_0/U0/UARTLITE_CORE_I/UARTLITE_RX_I/INPUT_DOUBLE_REGS3/GENERATE_LEVEL_P_S_CDC.SINGLE_BIT.CROSS_PLEVEL_IN2SCNDRY_IN_cdc_to/D
  -------------------------------------------------------------------    -------------------

                         (clock clk_out1_base_soc_clk_wiz_0 rise edge)
                                                      0.000     0.000 r  
    W5                                                0.000     0.000 r  sys_clock (IN)
                         net (fo=0)                   0.000     0.000    base_soc_i/clk_wiz/inst/clk_in1
    W5                   IBUF (Prop_ibuf_I_O)         0.414     0.414 r  base_soc_i/clk_wiz/inst/clkin1_ibufg/O
                         net (fo=1, routed)           0.480     0.894    base_soc_i/clk_wiz/inst/clk_in1_base_soc_clk_wiz_0
    MMCME2_ADV_X1Y0      MMCME2_ADV (Prop_mmcme2_adv_CLKIN1_CLKOUT0)
                                                     -3.142    -2.248 r  base_soc_i/clk_wiz/inst/mmcm_adv_inst/CLKOUT0
                         net (fo=1, routed)           0.530    -1.718    base_soc_i/clk_wiz/inst/clk_out1_base_soc_clk_wiz_0
    BUFGCTRL_X0Y2        BUFG (Prop_bufg_I_O)         0.029    -1.689 r  base_soc_i/clk_wiz/inst/clkout1_buf/O
                         net (fo=3850, routed)        0.836    -0.854    base_soc_i/axi_uartlite_0/U0/UARTLITE_CORE_I/UARTLITE_RX_I/INPUT_DOUBLE_REGS3/s_axi_aclk
    SLICE_X14Y43         FDRE                                         r  base_soc_i/axi_uartlite_0/U0/UARTLITE_CORE_I/UARTLITE_RX_I/INPUT_DOUBLE_REGS3/GENERATE_LEVEL_P_S_CDC.SINGLE_BIT.CROSS_PLEVEL_IN2SCNDRY_IN_cdc_to/C





--------------------------------------------------------------------------------------
Path Group:  (none)
From Clock:  base_soc_i/mdm_1/U0/MDM_Core_I1/JTAG_CONTROL_I/Test_Access_Port.BUFG_UPDATE/Using_FPGA.Native/O
  To Clock:  clk_out1_base_soc_clk_wiz_0

Max Delay           940 Endpoints
Min Delay           940 Endpoints
--------------------------------------------------------------------------------------


Max Delay Paths
--------------------------------------------------------------------------------------
Slack:                    inf
  Source:                 base_soc_i/mdm_1/U0/MDM_Core_I1/JTAG_CONTROL_I/dmcontrol_ndmreset_reg/C
                            (rising edge-triggered cell FDRE clocked by base_soc_i/mdm_1/U0/MDM_Core_I1/JTAG_CONTROL_I/Test_Access_Port.BUFG_UPDATE/Using_FPGA.Native/O  {rise@0.000ns fall@33.333ns period=66.666ns})
  Destination:            base_soc_i/rst_clk_wiz_100M/U0/EXT_LPF/ACTIVE_HIGH_EXT.ACT_HI_EXT/GENERATE_LEVEL_P_S_CDC.SINGLE_BIT.CROSS_PLEVEL_IN2SCNDRY_IN_cdc_to/D
                            (rising edge-triggered cell FDRE clocked by clk_out1_base_soc_clk_wiz_0  {rise@0.000ns fall@5.000ns period=10.000ns})
  Path Group:             (none)
  Path Type:              Setup (Max at Slow Process Corner)
  Data Path Delay:        1.636ns  (logic 0.715ns (43.712%)  route 0.921ns (56.288%))
  Logic Levels:           1  (LUT2=1)
  Clock Path Skew:        -7.810ns (DCD - SCD + CPR)
    Destination Clock Delay (DCD):    -1.563ns
    Source Clock Delay      (SCD):    6.248ns
    Clock Pessimism Removal (CPR):    0.000ns
  Clock Uncertainty:      0.173ns  ((TSJ^2 + DJ^2)^1/2) / 2 + PE
    Total System Jitter     (TSJ):    0.071ns
    Discrete Jitter          (DJ):    0.131ns
    Phase Error              (PE):    0.099ns
  Timing Exception:       Asynchronous Clock Groups

    Location             Delay type                Incr(ns)  Path(ns)    Netlist Resource(s)
  -------------------------------------------------------------------    -------------------
                         (clock base_soc_i/mdm_1/U0/MDM_Core_I1/JTAG_CONTROL_I/Test_Access_Port.BUFG_UPDATE/Using_FPGA.Native/O rise edge)
                                                      0.000     0.000 r  
    BSCAN_X0Y1           BSCANE2                      0.000     0.000 f  base_soc_i/mdm_1/U0/Use_E2.BSCAN_I/Use_E2.BSCANE2_I/TCK
                         net (fo=2, routed)           1.587     1.587    base_soc_i/mdm_1/U0/Use_JTAG_BSCAN.BUFG_JTAG_TCK/lopt
    BUFGCTRL_X0Y1        BUFGCTRL (Prop_bufgctrl_I0_O)
                                                      0.096     1.683 f  base_soc_i/mdm_1/U0/Use_JTAG_BSCAN.BUFG_JTAG_TCK/Using_FPGA.Native/O
                         net (fo=31, routed)          1.553     3.236    base_soc_i/mdm_1/U0/MDM_Core_I1/JTAG_CONTROL_I/Use_JTAG_BSCAN.tck_int
    SLICE_X35Y52         FDRE (Prop_fdre_C_Q)         0.459     3.695 r  base_soc_i/mdm_1/U0/MDM_Core_I1/JTAG_CONTROL_I/Test_Access_Port.update_unbuf_reg/Q
                         net (fo=1, routed)           0.903     4.599    base_soc_i/mdm_1/U0/MDM_Core_I1/JTAG_CONTROL_I/Test_Access_Port.BUFG_UPDATE/Test_Access_Port.update_unbuf
    BUFGCTRL_X0Y4        BUFG (Prop_bufg_I_O)         0.096     4.695 r  base_soc_i/mdm_1/U0/MDM_Core_I1/JTAG_CONTROL_I/Test_Access_Port.BUFG_UPDATE/Using_FPGA.Native/O
                         net (fo=99, routed)          1.553     6.248    base_soc_i/mdm_1/U0/MDM_Core_I1/JTAG_CONTROL_I/Using_FPGA.Native_0
    SLICE_X36Y56         FDRE                                         r  base_soc_i/mdm_1/U0/MDM_Core_I1/JTAG_CONTROL_I/dmcontrol_ndmreset_reg/C
  -------------------------------------------------------------------    -------------------
    SLICE_X36Y56         FDRE (Prop_fdre_C_Q)         0.419     6.667 r  base_soc_i/mdm_1/U0/MDM_Core_I1/JTAG_CONTROL_I/dmcontrol_ndmreset_reg/Q
                         net (fo=3, routed)           0.335     7.002    base_soc_i/rst_clk_wiz_100M/U0/EXT_LPF/ACTIVE_HIGH_EXT.ACT_HI_EXT/mb_debug_sys_rst
    SLICE_X36Y57         LUT2 (Prop_lut2_I1_O)        0.296     7.298 r  base_soc_i/rst_clk_wiz_100M/U0/EXT_LPF/ACTIVE_HIGH_EXT.ACT_HI_EXT/GENERATE_LEVEL_P_S_CDC.SINGLE_BIT.CROSS_PLEVEL_IN2SCNDRY_IN_cdc_to_i_1/O
                         net (fo=1, routed)           0.585     7.883    base_soc_i/rst_clk_wiz_100M/U0/EXT_LPF/ACTIVE_HIGH_EXT.ACT_HI_EXT/exr_d1
    SLICE_X36Y59         FDRE                                         r  base_soc_i/rst_clk_wiz_100M/U0/EXT_LPF/ACTIVE_HIGH_EXT.ACT_HI_EXT/GENERATE_LEVEL_P_S_CDC.SINGLE_BIT.CROSS_PLEVEL_IN2SCNDRY_IN_cdc_to/D
  -------------------------------------------------------------------    -------------------

                         (clock clk_out1_base_soc_clk_wiz_0 rise edge)
                                                      0.000     0.000 r  
    W5                                                0.000     0.000 r  sys_clock (IN)
                         net (fo=0)                   0.000     0.000    base_soc_i/clk_wiz/inst/clk_in1
    W5                   IBUF (Prop_ibuf_I_O)         1.388     1.388 r  base_soc_i/clk_wiz/inst/clkin1_ibufg/O
                         net (fo=1, routed)           1.162     2.550    base_soc_i/clk_wiz/inst/clk_in1_base_soc_clk_wiz_0
    MMCME2_ADV_X1Y0      MMCME2_ADV (Prop_mmcme2_adv_CLKIN1_CLKOUT0)
                                                     -7.217    -4.668 r  base_soc_i/clk_wiz/inst/mmcm_adv_inst/CLKOUT0
                         net (fo=1, routed)           1.581    -3.086    base_soc_i/clk_wiz/inst/clk_out1_base_soc_clk_wiz_0
    BUFGCTRL_X0Y2        BUFG (Prop_bufg_I_O)         0.091    -2.995 r  base_soc_i/clk_wiz/inst/clkout1_buf/O
                         net (fo=3850, routed)        1.433    -1.563    base_soc_i/rst_clk_wiz_100M/U0/EXT_LPF/ACTIVE_HIGH_EXT.ACT_HI_EXT/slowest_sync_clk
    SLICE_X36Y59         FDRE                                         r  base_soc_i/rst_clk_wiz_100M/U0/EXT_LPF/ACTIVE_HIGH_EXT.ACT_HI_EXT/GENERATE_LEVEL_P_S_CDC.SINGLE_BIT.CROSS_PLEVEL_IN2SCNDRY_IN_cdc_to/C





Min Delay Paths
--------------------------------------------------------------------------------------
Slack:                    inf
  Source:                 base_soc_i/mdm_1/U0/MDM_Core_I1/JTAG_CONTROL_I/dmcontrol_ndmreset_reg/C
                            (rising edge-triggered cell FDRE clocked by base_soc_i/mdm_1/U0/MDM_Core_I1/JTAG_CONTROL_I/Test_Access_Port.BUFG_UPDATE/Using_FPGA.Native/O  {rise@0.000ns fall@33.333ns period=66.666ns})
  Destination:            base_soc_i/rst_clk_wiz_100M/U0/EXT_LPF/ACTIVE_HIGH_EXT.ACT_HI_EXT/GENERATE_LEVEL_P_S_CDC.SINGLE_BIT.CROSS_PLEVEL_IN2SCNDRY_IN_cdc_to/D
                            (rising edge-triggered cell FDRE clocked by clk_out1_base_soc_clk_wiz_0  {rise@0.000ns fall@5.000ns period=10.000ns})
  Path Group:             (none)
  Path Type:              Hold (Min at Fast Process Corner)
  Data Path Delay:        0.577ns  (logic 0.226ns (39.189%)  route 0.351ns (60.811%))
  Logic Levels:           1  (LUT2=1)
  Clock Path Skew:        -3.127ns (DCD - SCD - CPR)
    Destination Clock Delay (DCD):    -0.861ns
    Source Clock Delay      (SCD):    2.266ns
    Clock Pessimism Removal (CPR):    -0.000ns
  Clock Uncertainty:      0.173ns  ((TSJ^2 + DJ^2)^1/2) / 2 + PE
    Total System Jitter     (TSJ):    0.071ns
    Discrete Jitter          (DJ):    0.131ns
    Phase Error              (PE):    0.099ns
  Timing Exception:       Asynchronous Clock Groups

    Location             Delay type                Incr(ns)  Path(ns)    Netlist Resource(s)
  -------------------------------------------------------------------    -------------------
                         (clock base_soc_i/mdm_1/U0/MDM_Core_I1/JTAG_CONTROL_I/Test_Access_Port.BUFG_UPDATE/Using_FPGA.Native/O rise edge)
                                                      0.000     0.000 r  
    BSCAN_X0Y1           BSCANE2                      0.000     0.000 f  base_soc_i/mdm_1/U0/Use_E2.BSCAN_I/Use_E2.BSCANE2_I/TCK
                         net (fo=2, routed)           0.597     0.597    base_soc_i/mdm_1/U0/Use_JTAG_BSCAN.BUFG_JTAG_TCK/lopt
    BUFGCTRL_X0Y1        BUFGCTRL (Prop_bufgctrl_I0_O)
                                                      0.026     0.623 f  base_soc_i/mdm_1/U0/Use_JTAG_BSCAN.BUFG_JTAG_TCK/Using_FPGA.Native/O
                         net (fo=31, routed)          0.561     1.184    base_soc_i/mdm_1/U0/MDM_Core_I1/JTAG_CONTROL_I/Use_JTAG_BSCAN.tck_int
    SLICE_X35Y52         FDRE (Prop_fdre_C_Q)         0.146     1.330 r  base_soc_i/mdm_1/U0/MDM_Core_I1/JTAG_CONTROL_I/Test_Access_Port.update_unbuf_reg/Q
                         net (fo=1, routed)           0.349     1.679    base_soc_i/mdm_1/U0/MDM_Core_I1/JTAG_CONTROL_I/Test_Access_Port.BUFG_UPDATE/Test_Access_Port.update_unbuf
    BUFGCTRL_X0Y4        BUFG (Prop_bufg_I_O)         0.026     1.705 r  base_soc_i/mdm_1/U0/MDM_Core_I1/JTAG_CONTROL_I/Test_Access_Port.BUFG_UPDATE/Using_FPGA.Native/O
                         net (fo=99, routed)          0.561     2.266    base_soc_i/mdm_1/U0/MDM_Core_I1/JTAG_CONTROL_I/Using_FPGA.Native_0
    SLICE_X36Y56         FDRE                                         r  base_soc_i/mdm_1/U0/MDM_Core_I1/JTAG_CONTROL_I/dmcontrol_ndmreset_reg/C
  -------------------------------------------------------------------    -------------------
    SLICE_X36Y56         FDRE (Prop_fdre_C_Q)         0.128     2.394 r  base_soc_i/mdm_1/U0/MDM_Core_I1/JTAG_CONTROL_I/dmcontrol_ndmreset_reg/Q
                         net (fo=3, routed)           0.146     2.540    base_soc_i/rst_clk_wiz_100M/U0/EXT_LPF/ACTIVE_HIGH_EXT.ACT_HI_EXT/mb_debug_sys_rst
    SLICE_X36Y57         LUT2 (Prop_lut2_I1_O)        0.098     2.638 r  base_soc_i/rst_clk_wiz_100M/U0/EXT_LPF/ACTIVE_HIGH_EXT.ACT_HI_EXT/GENERATE_LEVEL_P_S_CDC.SINGLE_BIT.CROSS_PLEVEL_IN2SCNDRY_IN_cdc_to_i_1/O
                         net (fo=1, routed)           0.204     2.843    base_soc_i/rst_clk_wiz_100M/U0/EXT_LPF/ACTIVE_HIGH_EXT.ACT_HI_EXT/exr_d1
    SLICE_X36Y59         FDRE                                         r  base_soc_i/rst_clk_wiz_100M/U0/EXT_LPF/ACTIVE_HIGH_EXT.ACT_HI_EXT/GENERATE_LEVEL_P_S_CDC.SINGLE_BIT.CROSS_PLEVEL_IN2SCNDRY_IN_cdc_to/D
  -------------------------------------------------------------------    -------------------

                         (clock clk_out1_base_soc_clk_wiz_0 rise edge)
                                                      0.000     0.000 r  
    W5                                                0.000     0.000 r  sys_clock (IN)
                         net (fo=0)                   0.000     0.000    base_soc_i/clk_wiz/inst/clk_in1
    W5                   IBUF (Prop_ibuf_I_O)         0.414     0.414 r  base_soc_i/clk_wiz/inst/clkin1_ibufg/O
                         net (fo=1, routed)           0.480     0.894    base_soc_i/clk_wiz/inst/clk_in1_base_soc_clk_wiz_0
    MMCME2_ADV_X1Y0      MMCME2_ADV (Prop_mmcme2_adv_CLKIN1_CLKOUT0)
                                                     -3.142    -2.248 r  base_soc_i/clk_wiz/inst/mmcm_adv_inst/CLKOUT0
                         net (fo=1, routed)           0.530    -1.718    base_soc_i/clk_wiz/inst/clk_out1_base_soc_clk_wiz_0
    BUFGCTRL_X0Y2        BUFG (Prop_bufg_I_O)         0.029    -1.689 r  base_soc_i/clk_wiz/inst/clkout1_buf/O
                         net (fo=3850, routed)        0.828    -0.861    base_soc_i/rst_clk_wiz_100M/U0/EXT_LPF/ACTIVE_HIGH_EXT.ACT_HI_EXT/slowest_sync_clk
    SLICE_X36Y59         FDRE                                         r  base_soc_i/rst_clk_wiz_100M/U0/EXT_LPF/ACTIVE_HIGH_EXT.ACT_HI_EXT/GENERATE_LEVEL_P_S_CDC.SINGLE_BIT.CROSS_PLEVEL_IN2SCNDRY_IN_cdc_to/C





--------------------------------------------------------------------------------------
Path Group:  (none)
From Clock:  base_soc_i/mdm_1/U0/Use_E2.BSCAN_I/Use_E2.BSCANE2_I/TCK
  To Clock:  clk_out1_base_soc_clk_wiz_0

Max Delay             1 Endpoint
Min Delay             1 Endpoint
--------------------------------------------------------------------------------------


Max Delay Paths
--------------------------------------------------------------------------------------
Slack:                    inf
  Source:                 <hidden>
                            (rising edge-triggered cell FDRE clocked by base_soc_i/mdm_1/U0/Use_E2.BSCAN_I/Use_E2.BSCANE2_I/TCK  {rise@0.000ns fall@16.667ns period=33.333ns})
  Destination:            <hidden>
                            (recovery check against rising-edge clock clk_out1_base_soc_clk_wiz_0  {rise@0.000ns fall@5.000ns period=10.000ns})
  Path Group:             (none)
  Path Type:              Recovery (Max at Slow Process Corner)
  Data Path Delay:        1.127ns  (logic 0.456ns (40.477%)  route 0.671ns (59.523%))
  Logic Levels:           0  
  Clock Path Skew:        -5.034ns (DCD - SCD + CPR)
    Destination Clock Delay (DCD):    -1.564ns
    Source Clock Delay      (SCD):    3.470ns
    Clock Pessimism Removal (CPR):    0.000ns
  Clock Uncertainty:      0.173ns  ((TSJ^2 + DJ^2)^1/2) / 2 + PE
    Total System Jitter     (TSJ):    0.071ns
    Discrete Jitter          (DJ):    0.131ns
    Phase Error              (PE):    0.099ns
  Timing Exception:       Asynchronous Clock Groups

    Location             Delay type                Incr(ns)  Path(ns)    Netlist Resource(s)
  -------------------------------------------------------------------    -------------------
                         (clock base_soc_i/mdm_1/U0/Use_E2.BSCAN_I/Use_E2.BSCANE2_I/TCK rise edge)
                                                      0.000     0.000 r  
    BSCAN_X0Y1           BSCANE2                      0.000     0.000 r  base_soc_i/mdm_1/U0/Use_E2.BSCAN_I/Use_E2.BSCANE2_I/TCK
                         net (fo=2, routed)           1.587     1.587    base_soc_i/mdm_1/U0/Use_JTAG_BSCAN.BUFG_JTAG_TCK/lopt
    BUFGCTRL_X0Y1        BUFGCTRL (Prop_bufgctrl_I0_O)
                                                      0.096     1.683 r  base_soc_i/mdm_1/U0/Use_JTAG_BSCAN.BUFG_JTAG_TCK/Using_FPGA.Native/O
                         net (fo=31, routed)          0.140     1.823    base_soc_i/mdm_1/U0/MDM_Core_I1/JTAG_CONTROL_I/Test_Access_Port.BUFG_DRCK/Use_JTAG_BSCAN.tck_int
    BUFGCTRL_X0Y0        BUFGCTRL (Prop_bufgctrl_I0_O)
                                                      0.096     1.919 r  base_soc_i/mdm_1/U0/MDM_Core_I1/JTAG_CONTROL_I/Test_Access_Port.BUFG_DRCK/Using_FPGA.Native/O
                         net (fo=198, routed)         1.551     3.470    <hidden>
    SLICE_X43Y61         FDRE                                         r  <hidden>
  -------------------------------------------------------------------    -------------------
    SLICE_X43Y61         FDRE (Prop_fdre_C_Q)         0.456     3.926 f  <hidden>
                         net (fo=1, routed)           0.671     4.597    <hidden>
    SLICE_X43Y63         FDCE                                         f  <hidden>
  -------------------------------------------------------------------    -------------------

                         (clock clk_out1_base_soc_clk_wiz_0 rise edge)
                                                      0.000     0.000 r  
    W5                                                0.000     0.000 r  sys_clock (IN)
                         net (fo=0)                   0.000     0.000    base_soc_i/clk_wiz/inst/clk_in1
    W5                   IBUF (Prop_ibuf_I_O)         1.388     1.388 r  base_soc_i/clk_wiz/inst/clkin1_ibufg/O
                         net (fo=1, routed)           1.162     2.550    base_soc_i/clk_wiz/inst/clk_in1_base_soc_clk_wiz_0
    MMCME2_ADV_X1Y0      MMCME2_ADV (Prop_mmcme2_adv_CLKIN1_CLKOUT0)
                                                     -7.217    -4.668 r  base_soc_i/clk_wiz/inst/mmcm_adv_inst/CLKOUT0
                         net (fo=1, routed)           1.581    -3.086    base_soc_i/clk_wiz/inst/clk_out1_base_soc_clk_wiz_0
    BUFGCTRL_X0Y2        BUFG (Prop_bufg_I_O)         0.091    -2.995 r  base_soc_i/clk_wiz/inst/clkout1_buf/O
                         net (fo=3850, routed)        1.432    -1.564    <hidden>
    SLICE_X43Y63         FDCE                                         r  <hidden>





Min Delay Paths
--------------------------------------------------------------------------------------
Slack:                    inf
  Source:                 <hidden>
                            (rising edge-triggered cell FDRE clocked by base_soc_i/mdm_1/U0/Use_E2.BSCAN_I/Use_E2.BSCANE2_I/TCK  {rise@0.000ns fall@16.667ns period=33.333ns})
  Destination:            <hidden>
                            (removal check against rising-edge clock clk_out1_base_soc_clk_wiz_0  {rise@0.000ns fall@5.000ns period=10.000ns})
  Path Group:             (none)
  Path Type:              Removal (Min at Fast Process Corner)
  Data Path Delay:        0.375ns  (logic 0.141ns (37.645%)  route 0.234ns (62.355%))
  Logic Levels:           0  
  Clock Path Skew:        -2.102ns (DCD - SCD - CPR)
    Destination Clock Delay (DCD):    -0.864ns
    Source Clock Delay      (SCD):    1.238ns
    Clock Pessimism Removal (CPR):    -0.000ns
  Clock Uncertainty:      0.173ns  ((TSJ^2 + DJ^2)^1/2) / 2 + PE
    Total System Jitter     (TSJ):    0.071ns
    Discrete Jitter          (DJ):    0.131ns
    Phase Error              (PE):    0.099ns
  Timing Exception:       Asynchronous Clock Groups

    Location             Delay type                Incr(ns)  Path(ns)    Netlist Resource(s)
  -------------------------------------------------------------------    -------------------
                         (clock base_soc_i/mdm_1/U0/Use_E2.BSCAN_I/Use_E2.BSCANE2_I/TCK rise edge)
                                                      0.000     0.000 r  
    BSCAN_X0Y1           BSCANE2                      0.000     0.000 r  base_soc_i/mdm_1/U0/Use_E2.BSCAN_I/Use_E2.BSCANE2_I/TCK
                         net (fo=2, routed)           0.597     0.597    base_soc_i/mdm_1/U0/Use_JTAG_BSCAN.BUFG_JTAG_TCK/lopt
    BUFGCTRL_X0Y1        BUFGCTRL (Prop_bufgctrl_I0_O)
                                                      0.026     0.623 r  base_soc_i/mdm_1/U0/Use_JTAG_BSCAN.BUFG_JTAG_TCK/Using_FPGA.Native/O
                         net (fo=31, routed)          0.030     0.653    base_soc_i/mdm_1/U0/MDM_Core_I1/JTAG_CONTROL_I/Test_Access_Port.BUFG_DRCK/Use_JTAG_BSCAN.tck_int
    BUFGCTRL_X0Y0        BUFGCTRL (Prop_bufgctrl_I0_O)
                                                      0.026     0.679 r  base_soc_i/mdm_1/U0/MDM_Core_I1/JTAG_CONTROL_I/Test_Access_Port.BUFG_DRCK/Using_FPGA.Native/O
                         net (fo=198, routed)         0.559     1.238    <hidden>
    SLICE_X43Y61         FDRE                                         r  <hidden>
  -------------------------------------------------------------------    -------------------
    SLICE_X43Y61         FDRE (Prop_fdre_C_Q)         0.141     1.379 f  <hidden>
                         net (fo=1, routed)           0.234     1.613    <hidden>
    SLICE_X43Y63         FDCE                                         f  <hidden>
  -------------------------------------------------------------------    -------------------

                         (clock clk_out1_base_soc_clk_wiz_0 rise edge)
                                                      0.000     0.000 r  
    W5                                                0.000     0.000 r  sys_clock (IN)
                         net (fo=0)                   0.000     0.000    base_soc_i/clk_wiz/inst/clk_in1
    W5                   IBUF (Prop_ibuf_I_O)         0.414     0.414 r  base_soc_i/clk_wiz/inst/clkin1_ibufg/O
                         net (fo=1, routed)           0.480     0.894    base_soc_i/clk_wiz/inst/clk_in1_base_soc_clk_wiz_0
    MMCME2_ADV_X1Y0      MMCME2_ADV (Prop_mmcme2_adv_CLKIN1_CLKOUT0)
                                                     -3.142    -2.248 r  base_soc_i/clk_wiz/inst/mmcm_adv_inst/CLKOUT0
                         net (fo=1, routed)           0.530    -1.718    base_soc_i/clk_wiz/inst/clk_out1_base_soc_clk_wiz_0
    BUFGCTRL_X0Y2        BUFG (Prop_bufg_I_O)         0.029    -1.689 r  base_soc_i/clk_wiz/inst/clkout1_buf/O
                         net (fo=3850, routed)        0.826    -0.864    <hidden>
    SLICE_X43Y63         FDCE                                         r  <hidden>





--------------------------------------------------------------------------------------
Path Group:  (none)
From Clock:  clk_out1_base_soc_clk_wiz_0
  To Clock:  clk_out1_base_soc_clk_wiz_0

Max Delay            94 Endpoints
Min Delay            94 Endpoints
--------------------------------------------------------------------------------------


Max Delay Paths
--------------------------------------------------------------------------------------
Slack:                    inf
  Source:                 <hidden>
                            (rising edge-triggered cell SRL16E clocked by clk_out1_base_soc_clk_wiz_0  {rise@0.000ns fall@5.000ns period=10.000ns})
  Destination:            <hidden>
                            (rising edge-triggered cell FDRE clocked by clk_out1_base_soc_clk_wiz_0  {rise@0.000ns fall@5.000ns period=10.000ns})
  Path Group:             (none)
  Path Type:              Setup (Max at Slow Process Corner)
  Data Path Delay:        5.038ns  (logic 2.528ns (50.180%)  route 2.510ns (49.820%))
  Logic Levels:           2  (CARRY4=1 LUT2=1)
  Clock Path Skew:        -0.603ns (DCD - SCD + CPR)
    Destination Clock Delay (DCD):    -1.557ns
    Source Clock Delay      (SCD):    -0.955ns
    Clock Pessimism Removal (CPR):    0.000ns
  Clock Uncertainty:      0.074ns  ((TSJ^2 + DJ^2)^1/2) / 2 + PE
    Total System Jitter     (TSJ):    0.071ns
    Discrete Jitter          (DJ):    0.131ns
    Phase Error              (PE):    0.000ns
  Timing Exception:       False Path

    Location             Delay type                Incr(ns)  Path(ns)    Netlist Resource(s)
  -------------------------------------------------------------------    -------------------
                         (clock clk_out1_base_soc_clk_wiz_0 rise edge)
                                                      0.000     0.000 r  
    W5                                                0.000     0.000 r  sys_clock (IN)
                         net (fo=0)                   0.000     0.000    base_soc_i/clk_wiz/inst/clk_in1
    W5                   IBUF (Prop_ibuf_I_O)         1.458     1.458 r  base_soc_i/clk_wiz/inst/clkin1_ibufg/O
                         net (fo=1, routed)           1.233     2.691    base_soc_i/clk_wiz/inst/clk_in1_base_soc_clk_wiz_0
    MMCME2_ADV_X1Y0      MMCME2_ADV (Prop_mmcme2_adv_CLKIN1_CLKOUT0)
                                                     -6.961    -4.269 r  base_soc_i/clk_wiz/inst/mmcm_adv_inst/CLKOUT0
                         net (fo=1, routed)           1.661    -2.608    base_soc_i/clk_wiz/inst/clk_out1_base_soc_clk_wiz_0
    BUFGCTRL_X0Y2        BUFG (Prop_bufg_I_O)         0.096    -2.512 r  base_soc_i/clk_wiz/inst/clkout1_buf/O
                         net (fo=3850, routed)        1.557    -0.955    <hidden>
    SLICE_X52Y21         SRL16E                                       r  <hidden>
  -------------------------------------------------------------------    -------------------
    SLICE_X52Y21         SRL16E (Prop_srl16e_CLK_Q)
                                                      1.632     0.677 r  <hidden>
                         net (fo=1, routed)           0.617     1.295    <hidden>
    SLICE_X52Y20         CARRY4 (Prop_carry4_DI[1]_CO[3])
                                                      0.744     2.039 r  <hidden>
                         net (fo=1, routed)           1.505     3.543    <hidden>
    SLICE_X45Y18         LUT2 (Prop_lut2_I1_O)        0.152     3.695 r  <hidden>
                         net (fo=1, routed)           0.388     4.083    <hidden>
    SLICE_X44Y18         FDRE                                         r  <hidden>
  -------------------------------------------------------------------    -------------------

                         (clock clk_out1_base_soc_clk_wiz_0 rise edge)
                                                      0.000     0.000 r  
    W5                                                0.000     0.000 r  sys_clock (IN)
                         net (fo=0)                   0.000     0.000    base_soc_i/clk_wiz/inst/clk_in1
    W5                   IBUF (Prop_ibuf_I_O)         1.388     1.388 r  base_soc_i/clk_wiz/inst/clkin1_ibufg/O
                         net (fo=1, routed)           1.162     2.550    base_soc_i/clk_wiz/inst/clk_in1_base_soc_clk_wiz_0
    MMCME2_ADV_X1Y0      MMCME2_ADV (Prop_mmcme2_adv_CLKIN1_CLKOUT0)
                                                     -7.217    -4.668 r  base_soc_i/clk_wiz/inst/mmcm_adv_inst/CLKOUT0
                         net (fo=1, routed)           1.581    -3.086    base_soc_i/clk_wiz/inst/clk_out1_base_soc_clk_wiz_0
    BUFGCTRL_X0Y2        BUFG (Prop_bufg_I_O)         0.091    -2.995 r  base_soc_i/clk_wiz/inst/clkout1_buf/O
                         net (fo=3850, routed)        1.438    -1.557    <hidden>
    SLICE_X44Y18         FDRE                                         r  <hidden>





Min Delay Paths
--------------------------------------------------------------------------------------
Slack:                    inf
  Source:                 <hidden>
                            (rising edge-triggered cell FDRE clocked by clk_out1_base_soc_clk_wiz_0  {rise@0.000ns fall@5.000ns period=10.000ns})
  Destination:            <hidden>
                            (rising edge-triggered cell FDRE clocked by clk_out1_base_soc_clk_wiz_0  {rise@0.000ns fall@5.000ns period=10.000ns})
  Path Group:             (none)
  Path Type:              Hold (Min at Slow Process Corner)
  Data Path Delay:        0.511ns  (logic 0.367ns (71.799%)  route 0.144ns (28.201%))
  Logic Levels:           0  
  Clock Path Skew:        0.602ns (DCD - SCD - CPR)
    Destination Clock Delay (DCD):    -0.950ns
    Source Clock Delay      (SCD):    -1.551ns
    Clock Pessimism Removal (CPR):    -0.000ns
  Clock Uncertainty:      0.074ns  ((TSJ^2 + DJ^2)^1/2) / 2 + PE
    Total System Jitter     (TSJ):    0.071ns
    Discrete Jitter          (DJ):    0.131ns
    Phase Error              (PE):    0.000ns
  Timing Exception:       False Path

    Location             Delay type                Incr(ns)  Path(ns)    Netlist Resource(s)
  -------------------------------------------------------------------    -------------------
                         (clock clk_out1_base_soc_clk_wiz_0 rise edge)
                                                      0.000     0.000 r  
    W5                                                0.000     0.000 r  sys_clock (IN)
                         net (fo=0)                   0.000     0.000    base_soc_i/clk_wiz/inst/clk_in1
    W5                   IBUF (Prop_ibuf_I_O)         1.388     1.388 r  base_soc_i/clk_wiz/inst/clkin1_ibufg/O
                         net (fo=1, routed)           1.162     2.550    base_soc_i/clk_wiz/inst/clk_in1_base_soc_clk_wiz_0
    MMCME2_ADV_X1Y0      MMCME2_ADV (Prop_mmcme2_adv_CLKIN1_CLKOUT0)
                                                     -7.217    -4.668 r  base_soc_i/clk_wiz/inst/mmcm_adv_inst/CLKOUT0
                         net (fo=1, routed)           1.581    -3.086    base_soc_i/clk_wiz/inst/clk_out1_base_soc_clk_wiz_0
    BUFGCTRL_X0Y2        BUFG (Prop_bufg_I_O)         0.091    -2.995 r  base_soc_i/clk_wiz/inst/clkout1_buf/O
                         net (fo=3850, routed)        1.444    -1.551    <hidden>
    SLICE_X48Y16         FDRE                                         r  <hidden>
  -------------------------------------------------------------------    -------------------
    SLICE_X48Y16         FDRE (Prop_fdre_C_Q)         0.367    -1.184 r  <hidden>
                         net (fo=2, routed)           0.144    -1.040    <hidden>
    SLICE_X49Y16         FDRE                                         r  <hidden>
  -------------------------------------------------------------------    -------------------

                         (clock clk_out1_base_soc_clk_wiz_0 rise edge)
                                                      0.000     0.000 r  
    W5                                                0.000     0.000 r  sys_clock (IN)
                         net (fo=0)                   0.000     0.000    base_soc_i/clk_wiz/inst/clk_in1
    W5                   IBUF (Prop_ibuf_I_O)         1.458     1.458 r  base_soc_i/clk_wiz/inst/clkin1_ibufg/O
                         net (fo=1, routed)           1.233     2.691    base_soc_i/clk_wiz/inst/clk_in1_base_soc_clk_wiz_0
    MMCME2_ADV_X1Y0      MMCME2_ADV (Prop_mmcme2_adv_CLKIN1_CLKOUT0)
                                                     -6.961    -4.269 r  base_soc_i/clk_wiz/inst/mmcm_adv_inst/CLKOUT0
                         net (fo=1, routed)           1.661    -2.608    base_soc_i/clk_wiz/inst/clk_out1_base_soc_clk_wiz_0
    BUFGCTRL_X0Y2        BUFG (Prop_bufg_I_O)         0.096    -2.512 r  base_soc_i/clk_wiz/inst/clkout1_buf/O
                         net (fo=3850, routed)        1.562    -0.950    <hidden>
    SLICE_X49Y16         FDRE                                         r  <hidden>





--------------------------------------------------------------------------------------
Path Group:  (none)
From Clock:  dbg_hub/inst/BSCANID.u_xsdbm_id/SWITCH_N_EXT_BSCAN.bscan_inst/SERIES7_BSCAN.bscan_inst/TCK
  To Clock:  clk_out1_base_soc_clk_wiz_0

Max Delay            78 Endpoints
Min Delay            86 Endpoints
--------------------------------------------------------------------------------------


Max Delay Paths
--------------------------------------------------------------------------------------
Slack:                    inf
  Source:                 dbg_hub/inst/BSCANID.u_xsdbm_id/CORE_XSDB.UUT_MASTER/U_ICON_INTERFACE/U_CMD6_WR/U_WR_FIFO/SUBCORE_FIFO.xsdbm_v3_0_3_wrfifo_inst/inst_fifo_gen/gconvfifo.rf/grf.rf/gntv_or_sync_fifo.mem/gdm.dm_gen.dm/RAM_reg_0_15_0_5/RAMC/CLK
                            (rising edge-triggered cell RAMD32 clocked by dbg_hub/inst/BSCANID.u_xsdbm_id/SWITCH_N_EXT_BSCAN.bscan_inst/SERIES7_BSCAN.bscan_inst/TCK  {rise@0.000ns fall@16.500ns period=33.000ns})
  Destination:            dbg_hub/inst/BSCANID.u_xsdbm_id/CORE_XSDB.UUT_MASTER/U_ICON_INTERFACE/U_CMD6_WR/U_WR_FIFO/SUBCORE_FIFO.xsdbm_v3_0_3_wrfifo_inst/inst_fifo_gen/gconvfifo.rf/grf.rf/gntv_or_sync_fifo.mem/gdm.dm_gen.dm/gpr1.dout_i_reg[4]/D
                            (rising edge-triggered cell FDRE clocked by clk_out1_base_soc_clk_wiz_0  {rise@0.000ns fall@5.000ns period=10.000ns})
  Path Group:             (none)
  Path Type:              Setup (Max at Slow Process Corner)
  Data Path Delay:        2.294ns  (logic 1.336ns (58.245%)  route 0.958ns (41.755%))
  Logic Levels:           0  
  Clock Path Skew:        -4.941ns (DCD - SCD + CPR)
    Destination Clock Delay (DCD):    -1.552ns
    Source Clock Delay      (SCD):    3.388ns
    Clock Pessimism Removal (CPR):    0.000ns
  Clock Uncertainty:      0.173ns  ((TSJ^2 + DJ^2)^1/2) / 2 + PE
    Total System Jitter     (TSJ):    0.071ns
    Discrete Jitter          (DJ):    0.131ns
    Phase Error              (PE):    0.099ns
  Timing Exception:       False Path

    Location             Delay type                Incr(ns)  Path(ns)    Netlist Resource(s)
  -------------------------------------------------------------------    -------------------
                         (clock dbg_hub/inst/BSCANID.u_xsdbm_id/SWITCH_N_EXT_BSCAN.bscan_inst/SERIES7_BSCAN.bscan_inst/TCK rise edge)
                                                      0.000     0.000 r  
    BSCAN_X0Y0           BSCANE2                      0.000     0.000 r  dbg_hub/inst/BSCANID.u_xsdbm_id/SWITCH_N_EXT_BSCAN.bscan_inst/SERIES7_BSCAN.bscan_inst/TCK
                         net (fo=1, routed)           1.728     1.728    dbg_hub/inst/BSCANID.u_xsdbm_id/tck_bs
    BUFGCTRL_X0Y3        BUFG (Prop_bufg_I_O)         0.096     1.824 r  dbg_hub/inst/BSCANID.u_xsdbm_id/SWITCH_N_EXT_BSCAN.u_bufg_icon_tck/O
                         net (fo=482, routed)         1.564     3.388    dbg_hub/inst/BSCANID.u_xsdbm_id/CORE_XSDB.UUT_MASTER/U_ICON_INTERFACE/U_CMD6_WR/U_WR_FIFO/SUBCORE_FIFO.xsdbm_v3_0_3_wrfifo_inst/inst_fifo_gen/gconvfifo.rf/grf.rf/gntv_or_sync_fifo.mem/gdm.dm_gen.dm/RAM_reg_0_15_0_5/WCLK
    SLICE_X46Y11         RAMD32                                       r  dbg_hub/inst/BSCANID.u_xsdbm_id/CORE_XSDB.UUT_MASTER/U_ICON_INTERFACE/U_CMD6_WR/U_WR_FIFO/SUBCORE_FIFO.xsdbm_v3_0_3_wrfifo_inst/inst_fifo_gen/gconvfifo.rf/grf.rf/gntv_or_sync_fifo.mem/gdm.dm_gen.dm/RAM_reg_0_15_0_5/RAMC/CLK
  -------------------------------------------------------------------    -------------------
    SLICE_X46Y11         RAMD32 (Prop_ramd32_CLK_O)
                                                      1.336     4.724 r  dbg_hub/inst/BSCANID.u_xsdbm_id/CORE_XSDB.UUT_MASTER/U_ICON_INTERFACE/U_CMD6_WR/U_WR_FIFO/SUBCORE_FIFO.xsdbm_v3_0_3_wrfifo_inst/inst_fifo_gen/gconvfifo.rf/grf.rf/gntv_or_sync_fifo.mem/gdm.dm_gen.dm/RAM_reg_0_15_0_5/RAMC/O
                         net (fo=1, routed)           0.958     5.682    dbg_hub/inst/BSCANID.u_xsdbm_id/CORE_XSDB.UUT_MASTER/U_ICON_INTERFACE/U_CMD6_WR/U_WR_FIFO/SUBCORE_FIFO.xsdbm_v3_0_3_wrfifo_inst/inst_fifo_gen/gconvfifo.rf/grf.rf/gntv_or_sync_fifo.mem/gdm.dm_gen.dm/dout_i0[4]
    SLICE_X46Y14         FDRE                                         r  dbg_hub/inst/BSCANID.u_xsdbm_id/CORE_XSDB.UUT_MASTER/U_ICON_INTERFACE/U_CMD6_WR/U_WR_FIFO/SUBCORE_FIFO.xsdbm_v3_0_3_wrfifo_inst/inst_fifo_gen/gconvfifo.rf/grf.rf/gntv_or_sync_fifo.mem/gdm.dm_gen.dm/gpr1.dout_i_reg[4]/D
  -------------------------------------------------------------------    -------------------

                         (clock clk_out1_base_soc_clk_wiz_0 rise edge)
                                                      0.000     0.000 r  
    W5                                                0.000     0.000 r  sys_clock (IN)
                         net (fo=0)                   0.000     0.000    base_soc_i/clk_wiz/inst/clk_in1
    W5                   IBUF (Prop_ibuf_I_O)         1.388     1.388 r  base_soc_i/clk_wiz/inst/clkin1_ibufg/O
                         net (fo=1, routed)           1.162     2.550    base_soc_i/clk_wiz/inst/clk_in1_base_soc_clk_wiz_0
    MMCME2_ADV_X1Y0      MMCME2_ADV (Prop_mmcme2_adv_CLKIN1_CLKOUT0)
                                                     -7.217    -4.668 r  base_soc_i/clk_wiz/inst/mmcm_adv_inst/CLKOUT0
                         net (fo=1, routed)           1.581    -3.086    base_soc_i/clk_wiz/inst/clk_out1_base_soc_clk_wiz_0
    BUFGCTRL_X0Y2        BUFG (Prop_bufg_I_O)         0.091    -2.995 r  base_soc_i/clk_wiz/inst/clkout1_buf/O
                         net (fo=3850, routed)        1.443    -1.552    dbg_hub/inst/BSCANID.u_xsdbm_id/CORE_XSDB.UUT_MASTER/U_ICON_INTERFACE/U_CMD6_WR/U_WR_FIFO/SUBCORE_FIFO.xsdbm_v3_0_3_wrfifo_inst/inst_fifo_gen/gconvfifo.rf/grf.rf/gntv_or_sync_fifo.mem/gdm.dm_gen.dm/rd_clk
    SLICE_X46Y14         FDRE                                         r  dbg_hub/inst/BSCANID.u_xsdbm_id/CORE_XSDB.UUT_MASTER/U_ICON_INTERFACE/U_CMD6_WR/U_WR_FIFO/SUBCORE_FIFO.xsdbm_v3_0_3_wrfifo_inst/inst_fifo_gen/gconvfifo.rf/grf.rf/gntv_or_sync_fifo.mem/gdm.dm_gen.dm/gpr1.dout_i_reg[4]/C





Min Delay Paths
--------------------------------------------------------------------------------------
Slack:                    inf
  Source:                 dbg_hub/inst/BSCANID.u_xsdbm_id/CORE_XSDB.UUT_MASTER/U_ICON_INTERFACE/U_CMD5/shift_reg_in_reg[4]/C
                            (rising edge-triggered cell FDRE clocked by dbg_hub/inst/BSCANID.u_xsdbm_id/SWITCH_N_EXT_BSCAN.bscan_inst/SERIES7_BSCAN.bscan_inst/TCK  {rise@0.000ns fall@16.500ns period=33.000ns})
  Destination:            dbg_hub/inst/BSCANID.u_xsdbm_id/CORE_XSDB.UUT_MASTER/U_ICON_INTERFACE/U_CMD5/ctl_reg_reg[4]/D
                            (rising edge-triggered cell FDRE clocked by clk_out1_base_soc_clk_wiz_0  {rise@0.000ns fall@5.000ns period=10.000ns})
  Path Group:             (none)
  Path Type:              Hold (Min at Fast Process Corner)
  Data Path Delay:        0.244ns  (logic 0.128ns (52.512%)  route 0.116ns (47.488%))
  Logic Levels:           0  
  Clock Path Skew:        -2.133ns (DCD - SCD - CPR)
    Destination Clock Delay (DCD):    -0.862ns
    Source Clock Delay      (SCD):    1.271ns
    Clock Pessimism Removal (CPR):    -0.000ns
  Clock Uncertainty:      0.173ns  ((TSJ^2 + DJ^2)^1/2) / 2 + PE
    Total System Jitter     (TSJ):    0.071ns
    Discrete Jitter          (DJ):    0.131ns
    Phase Error              (PE):    0.099ns
  Timing Exception:       False Path

    Location             Delay type                Incr(ns)  Path(ns)    Netlist Resource(s)
  -------------------------------------------------------------------    -------------------
                         (clock dbg_hub/inst/BSCANID.u_xsdbm_id/SWITCH_N_EXT_BSCAN.bscan_inst/SERIES7_BSCAN.bscan_inst/TCK rise edge)
                                                      0.000     0.000 r  
    BSCAN_X0Y0           BSCANE2                      0.000     0.000 r  dbg_hub/inst/BSCANID.u_xsdbm_id/SWITCH_N_EXT_BSCAN.bscan_inst/SERIES7_BSCAN.bscan_inst/TCK
                         net (fo=1, routed)           0.685     0.685    dbg_hub/inst/BSCANID.u_xsdbm_id/tck_bs
    BUFGCTRL_X0Y3        BUFG (Prop_bufg_I_O)         0.026     0.711 r  dbg_hub/inst/BSCANID.u_xsdbm_id/SWITCH_N_EXT_BSCAN.u_bufg_icon_tck/O
                         net (fo=482, routed)         0.560     1.271    dbg_hub/inst/BSCANID.u_xsdbm_id/CORE_XSDB.UUT_MASTER/U_ICON_INTERFACE/U_CMD5/m_bscan_tck[0]
    SLICE_X39Y12         FDRE                                         r  dbg_hub/inst/BSCANID.u_xsdbm_id/CORE_XSDB.UUT_MASTER/U_ICON_INTERFACE/U_CMD5/shift_reg_in_reg[4]/C
  -------------------------------------------------------------------    -------------------
    SLICE_X39Y12         FDRE (Prop_fdre_C_Q)         0.128     1.399 r  dbg_hub/inst/BSCANID.u_xsdbm_id/CORE_XSDB.UUT_MASTER/U_ICON_INTERFACE/U_CMD5/shift_reg_in_reg[4]/Q
                         net (fo=2, routed)           0.116     1.514    dbg_hub/inst/BSCANID.u_xsdbm_id/CORE_XSDB.UUT_MASTER/U_ICON_INTERFACE/U_CMD5/shift_reg_in[4]
    SLICE_X38Y12         FDRE                                         r  dbg_hub/inst/BSCANID.u_xsdbm_id/CORE_XSDB.UUT_MASTER/U_ICON_INTERFACE/U_CMD5/ctl_reg_reg[4]/D
  -------------------------------------------------------------------    -------------------

                         (clock clk_out1_base_soc_clk_wiz_0 rise edge)
                                                      0.000     0.000 r  
    W5                                                0.000     0.000 r  sys_clock (IN)
                         net (fo=0)                   0.000     0.000    base_soc_i/clk_wiz/inst/clk_in1
    W5                   IBUF (Prop_ibuf_I_O)         0.414     0.414 r  base_soc_i/clk_wiz/inst/clkin1_ibufg/O
                         net (fo=1, routed)           0.480     0.894    base_soc_i/clk_wiz/inst/clk_in1_base_soc_clk_wiz_0
    MMCME2_ADV_X1Y0      MMCME2_ADV (Prop_mmcme2_adv_CLKIN1_CLKOUT0)
                                                     -3.142    -2.248 r  base_soc_i/clk_wiz/inst/mmcm_adv_inst/CLKOUT0
                         net (fo=1, routed)           0.530    -1.718    base_soc_i/clk_wiz/inst/clk_out1_base_soc_clk_wiz_0
    BUFGCTRL_X0Y2        BUFG (Prop_bufg_I_O)         0.029    -1.689 r  base_soc_i/clk_wiz/inst/clkout1_buf/O
                         net (fo=3850, routed)        0.828    -0.862    dbg_hub/inst/BSCANID.u_xsdbm_id/CORE_XSDB.UUT_MASTER/U_ICON_INTERFACE/U_CMD5/clk
    SLICE_X38Y12         FDRE                                         r  dbg_hub/inst/BSCANID.u_xsdbm_id/CORE_XSDB.UUT_MASTER/U_ICON_INTERFACE/U_CMD5/ctl_reg_reg[4]/C





--------------------------------------------------------------------------------------
Path Group:  (none)
From Clock:  clk_out1_base_soc_clk_wiz_0
  To Clock:  dbg_hub/inst/BSCANID.u_xsdbm_id/SWITCH_N_EXT_BSCAN.bscan_inst/SERIES7_BSCAN.bscan_inst/TCK

Max Delay            94 Endpoints
Min Delay           102 Endpoints
--------------------------------------------------------------------------------------


Max Delay Paths
--------------------------------------------------------------------------------------
Slack:                    inf
  Source:                 dbg_hub/inst/BSCANID.u_xsdbm_id/CORE_XSDB.UUT_MASTER/U_ICON_INTERFACE/U_CMD1/ctl_reg_reg[0]/C
                            (rising edge-triggered cell FDRE clocked by clk_out1_base_soc_clk_wiz_0  {rise@0.000ns fall@5.000ns period=10.000ns})
  Destination:            dbg_hub/inst/BSCANID.u_xsdbm_id/CORE_XSDB.UUT_MASTER/U_ICON_INTERFACE/U_CMD7_CTL/shift_reg_in_reg[0]/R
                            (rising edge-triggered cell FDRE clocked by dbg_hub/inst/BSCANID.u_xsdbm_id/SWITCH_N_EXT_BSCAN.bscan_inst/SERIES7_BSCAN.bscan_inst/TCK  {rise@0.000ns fall@16.500ns period=33.000ns})
  Path Group:             (none)
  Path Type:              Setup (Max at Slow Process Corner)
  Data Path Delay:        3.173ns  (logic 0.456ns (14.371%)  route 2.717ns (85.629%))
  Logic Levels:           0  
  Clock Path Skew:        3.972ns (DCD - SCD + CPR)
    Destination Clock Delay (DCD):    3.022ns
    Source Clock Delay      (SCD):    -0.950ns
    Clock Pessimism Removal (CPR):    0.000ns
  Clock Uncertainty:      0.173ns  ((TSJ^2 + DJ^2)^1/2) / 2 + PE
    Total System Jitter     (TSJ):    0.071ns
    Discrete Jitter          (DJ):    0.131ns
    Phase Error              (PE):    0.099ns
  Timing Exception:       False Path

    Location             Delay type                Incr(ns)  Path(ns)    Netlist Resource(s)
  -------------------------------------------------------------------    -------------------
                         (clock clk_out1_base_soc_clk_wiz_0 rise edge)
                                                      0.000     0.000 r  
    W5                                                0.000     0.000 r  sys_clock (IN)
                         net (fo=0)                   0.000     0.000    base_soc_i/clk_wiz/inst/clk_in1
    W5                   IBUF (Prop_ibuf_I_O)         1.458     1.458 r  base_soc_i/clk_wiz/inst/clkin1_ibufg/O
                         net (fo=1, routed)           1.233     2.691    base_soc_i/clk_wiz/inst/clk_in1_base_soc_clk_wiz_0
    MMCME2_ADV_X1Y0      MMCME2_ADV (Prop_mmcme2_adv_CLKIN1_CLKOUT0)
                                                     -6.961    -4.269 r  base_soc_i/clk_wiz/inst/mmcm_adv_inst/CLKOUT0
                         net (fo=1, routed)           1.661    -2.608    base_soc_i/clk_wiz/inst/clk_out1_base_soc_clk_wiz_0
    BUFGCTRL_X0Y2        BUFG (Prop_bufg_I_O)         0.096    -2.512 r  base_soc_i/clk_wiz/inst/clkout1_buf/O
                         net (fo=3850, routed)        1.562    -0.950    dbg_hub/inst/BSCANID.u_xsdbm_id/CORE_XSDB.UUT_MASTER/U_ICON_INTERFACE/U_CMD1/clk
    SLICE_X32Y11         FDRE                                         r  dbg_hub/inst/BSCANID.u_xsdbm_id/CORE_XSDB.UUT_MASTER/U_ICON_INTERFACE/U_CMD1/ctl_reg_reg[0]/C
  -------------------------------------------------------------------    -------------------
    SLICE_X32Y11         FDRE (Prop_fdre_C_Q)         0.456    -0.494 r  dbg_hub/inst/BSCANID.u_xsdbm_id/CORE_XSDB.UUT_MASTER/U_ICON_INTERFACE/U_CMD1/ctl_reg_reg[0]/Q
                         net (fo=176, routed)         2.717     2.224    dbg_hub/inst/BSCANID.u_xsdbm_id/CORE_XSDB.UUT_MASTER/U_ICON_INTERFACE/U_CMD7_CTL/out
    SLICE_X30Y7          FDRE                                         r  dbg_hub/inst/BSCANID.u_xsdbm_id/CORE_XSDB.UUT_MASTER/U_ICON_INTERFACE/U_CMD7_CTL/shift_reg_in_reg[0]/R
  -------------------------------------------------------------------    -------------------

                         (clock dbg_hub/inst/BSCANID.u_xsdbm_id/SWITCH_N_EXT_BSCAN.bscan_inst/SERIES7_BSCAN.bscan_inst/TCK rise edge)
                                                      0.000     0.000 r  
    BSCAN_X0Y0           BSCANE2                      0.000     0.000 r  dbg_hub/inst/BSCANID.u_xsdbm_id/SWITCH_N_EXT_BSCAN.bscan_inst/SERIES7_BSCAN.bscan_inst/TCK
                         net (fo=1, routed)           1.487     1.487    dbg_hub/inst/BSCANID.u_xsdbm_id/tck_bs
    BUFGCTRL_X0Y3        BUFG (Prop_bufg_I_O)         0.091     1.578 r  dbg_hub/inst/BSCANID.u_xsdbm_id/SWITCH_N_EXT_BSCAN.u_bufg_icon_tck/O
                         net (fo=482, routed)         1.444     3.022    dbg_hub/inst/BSCANID.u_xsdbm_id/CORE_XSDB.UUT_MASTER/U_ICON_INTERFACE/U_CMD7_CTL/m_bscan_tck[0]
    SLICE_X30Y7          FDRE                                         r  dbg_hub/inst/BSCANID.u_xsdbm_id/CORE_XSDB.UUT_MASTER/U_ICON_INTERFACE/U_CMD7_CTL/shift_reg_in_reg[0]/C





Min Delay Paths
--------------------------------------------------------------------------------------
Slack:                    inf
  Source:                 dbg_hub/inst/BSCANID.u_xsdbm_id/CORE_XSDB.UUT_MASTER/U_ICON_INTERFACE/U_CMD7_STAT/stat_reg_reg[1]/C
                            (rising edge-triggered cell FDRE clocked by clk_out1_base_soc_clk_wiz_0  {rise@0.000ns fall@5.000ns period=10.000ns})
  Destination:            dbg_hub/inst/BSCANID.u_xsdbm_id/CORE_XSDB.UUT_MASTER/U_ICON_INTERFACE/U_CMD7_STAT/stat_reg_1_reg[1]/D
                            (rising edge-triggered cell FDRE clocked by dbg_hub/inst/BSCANID.u_xsdbm_id/SWITCH_N_EXT_BSCAN.bscan_inst/SERIES7_BSCAN.bscan_inst/TCK  {rise@0.000ns fall@16.500ns period=33.000ns})
  Path Group:             (none)
  Path Type:              Hold (Min at Slow Process Corner)
  Data Path Delay:        0.622ns  (logic 0.337ns (54.139%)  route 0.285ns (45.861%))
  Logic Levels:           0  
  Clock Path Skew:        4.939ns (DCD - SCD - CPR)
    Destination Clock Delay (DCD):    3.387ns
    Source Clock Delay      (SCD):    -1.551ns
    Clock Pessimism Removal (CPR):    -0.000ns
  Clock Uncertainty:      0.173ns  ((TSJ^2 + DJ^2)^1/2) / 2 + PE
    Total System Jitter     (TSJ):    0.071ns
    Discrete Jitter          (DJ):    0.131ns
    Phase Error              (PE):    0.099ns
  Timing Exception:       False Path

    Location             Delay type                Incr(ns)  Path(ns)    Netlist Resource(s)
  -------------------------------------------------------------------    -------------------
                         (clock clk_out1_base_soc_clk_wiz_0 rise edge)
                                                      0.000     0.000 r  
    W5                                                0.000     0.000 r  sys_clock (IN)
                         net (fo=0)                   0.000     0.000    base_soc_i/clk_wiz/inst/clk_in1
    W5                   IBUF (Prop_ibuf_I_O)         1.388     1.388 r  base_soc_i/clk_wiz/inst/clkin1_ibufg/O
                         net (fo=1, routed)           1.162     2.550    base_soc_i/clk_wiz/inst/clk_in1_base_soc_clk_wiz_0
    MMCME2_ADV_X1Y0      MMCME2_ADV (Prop_mmcme2_adv_CLKIN1_CLKOUT0)
                                                     -7.217    -4.668 r  base_soc_i/clk_wiz/inst/mmcm_adv_inst/CLKOUT0
                         net (fo=1, routed)           1.581    -3.086    base_soc_i/clk_wiz/inst/clk_out1_base_soc_clk_wiz_0
    BUFGCTRL_X0Y2        BUFG (Prop_bufg_I_O)         0.091    -2.995 r  base_soc_i/clk_wiz/inst/clkout1_buf/O
                         net (fo=3850, routed)        1.444    -1.551    dbg_hub/inst/BSCANID.u_xsdbm_id/CORE_XSDB.UUT_MASTER/U_ICON_INTERFACE/U_CMD7_STAT/clk
    SLICE_X32Y8          FDRE                                         r  dbg_hub/inst/BSCANID.u_xsdbm_id/CORE_XSDB.UUT_MASTER/U_ICON_INTERFACE/U_CMD7_STAT/stat_reg_reg[1]/C
  -------------------------------------------------------------------    -------------------
    SLICE_X32Y8          FDRE (Prop_fdre_C_Q)         0.337    -1.214 r  dbg_hub/inst/BSCANID.u_xsdbm_id/CORE_XSDB.UUT_MASTER/U_ICON_INTERFACE/U_CMD7_STAT/stat_reg_reg[1]/Q
                         net (fo=1, routed)           0.285    -0.929    dbg_hub/inst/BSCANID.u_xsdbm_id/CORE_XSDB.UUT_MASTER/U_ICON_INTERFACE/U_CMD7_STAT/stat_reg[1]
    SLICE_X32Y9          FDRE                                         r  dbg_hub/inst/BSCANID.u_xsdbm_id/CORE_XSDB.UUT_MASTER/U_ICON_INTERFACE/U_CMD7_STAT/stat_reg_1_reg[1]/D
  -------------------------------------------------------------------    -------------------

                         (clock dbg_hub/inst/BSCANID.u_xsdbm_id/SWITCH_N_EXT_BSCAN.bscan_inst/SERIES7_BSCAN.bscan_inst/TCK rise edge)
                                                      0.000     0.000 r  
    BSCAN_X0Y0           BSCANE2                      0.000     0.000 r  dbg_hub/inst/BSCANID.u_xsdbm_id/SWITCH_N_EXT_BSCAN.bscan_inst/SERIES7_BSCAN.bscan_inst/TCK
                         net (fo=1, routed)           1.728     1.728    dbg_hub/inst/BSCANID.u_xsdbm_id/tck_bs
    BUFGCTRL_X0Y3        BUFG (Prop_bufg_I_O)         0.096     1.824 r  dbg_hub/inst/BSCANID.u_xsdbm_id/SWITCH_N_EXT_BSCAN.u_bufg_icon_tck/O
                         net (fo=482, routed)         1.563     3.387    dbg_hub/inst/BSCANID.u_xsdbm_id/CORE_XSDB.UUT_MASTER/U_ICON_INTERFACE/U_CMD7_STAT/m_bscan_tck[0]
    SLICE_X32Y9          FDRE                                         r  dbg_hub/inst/BSCANID.u_xsdbm_id/CORE_XSDB.UUT_MASTER/U_ICON_INTERFACE/U_CMD7_STAT/stat_reg_1_reg[1]/C





--------------------------------------------------------------------------------------
Path Group:  (none)
From Clock:  clk_out1_base_soc_clk_wiz_0
  To Clock:  

Max Delay             1 Endpoint
Min Delay             1 Endpoint
--------------------------------------------------------------------------------------


Max Delay Paths
--------------------------------------------------------------------------------------
Slack:                    inf
  Source:                 base_soc_i/axi_uartlite_0/U0/UARTLITE_CORE_I/UARTLITE_TX_I/TX_reg/C
                            (rising edge-triggered cell FDSE clocked by clk_out1_base_soc_clk_wiz_0  {rise@0.000ns fall@5.000ns period=10.000ns})
  Destination:            usb_uart_txd
                            (output port)
  Path Group:             (none)
  Path Type:              Max at Slow Process Corner
  Data Path Delay:        8.740ns  (logic 3.974ns (45.466%)  route 4.766ns (54.534%))
  Logic Levels:           1  (OBUF=1)
  Clock Uncertainty:      0.169ns  ((TSJ^2 + DJ^2)^1/2) / 2 + PE
    Total System Jitter     (TSJ):    0.050ns
    Discrete Jitter          (DJ):    0.131ns
    Phase Error              (PE):    0.099ns

    Location             Delay type                Incr(ns)  Path(ns)    Netlist Resource(s)
  -------------------------------------------------------------------    -------------------
                         (clock clk_out1_base_soc_clk_wiz_0 rise edge)
                                                      0.000     0.000 r  
    W5                                                0.000     0.000 r  sys_clock (IN)
                         net (fo=0)                   0.000     0.000    base_soc_i/clk_wiz/inst/clk_in1
    W5                   IBUF (Prop_ibuf_I_O)         1.458     1.458 r  base_soc_i/clk_wiz/inst/clkin1_ibufg/O
                         net (fo=1, routed)           1.233     2.691    base_soc_i/clk_wiz/inst/clk_in1_base_soc_clk_wiz_0
    MMCME2_ADV_X1Y0      MMCME2_ADV (Prop_mmcme2_adv_CLKIN1_CLKOUT0)
                                                     -6.961    -4.269 r  base_soc_i/clk_wiz/inst/mmcm_adv_inst/CLKOUT0
                         net (fo=1, routed)           1.661    -2.608    base_soc_i/clk_wiz/inst/clk_out1_base_soc_clk_wiz_0
    BUFGCTRL_X0Y2        BUFG (Prop_bufg_I_O)         0.096    -2.512 r  base_soc_i/clk_wiz/inst/clkout1_buf/O
                         net (fo=3850, routed)        1.564    -0.948    base_soc_i/axi_uartlite_0/U0/UARTLITE_CORE_I/UARTLITE_TX_I/s_axi_aclk
    SLICE_X31Y41         FDSE                                         r  base_soc_i/axi_uartlite_0/U0/UARTLITE_CORE_I/UARTLITE_TX_I/TX_reg/C
  -------------------------------------------------------------------    -------------------
    SLICE_X31Y41         FDSE (Prop_fdse_C_Q)         0.456    -0.492 r  base_soc_i/axi_uartlite_0/U0/UARTLITE_CORE_I/UARTLITE_TX_I/TX_reg/Q
                         net (fo=1, routed)           4.766     4.275    usb_uart_txd_OBUF
    A18                  OBUF (Prop_obuf_I_O)         3.518     7.793 r  usb_uart_txd_OBUF_inst/O
                         net (fo=0)                   0.000     7.793    usb_uart_txd
    A18                                                               r  usb_uart_txd (OUT)
  -------------------------------------------------------------------    -------------------





Min Delay Paths
--------------------------------------------------------------------------------------
Slack:                    inf
  Source:                 base_soc_i/axi_uartlite_0/U0/UARTLITE_CORE_I/UARTLITE_TX_I/TX_reg/C
                            (rising edge-triggered cell FDSE clocked by clk_out1_base_soc_clk_wiz_0  {rise@0.000ns fall@5.000ns period=10.000ns})
  Destination:            usb_uart_txd
                            (output port)
  Path Group:             (none)
  Path Type:              Min at Fast Process Corner
  Data Path Delay:        3.138ns  (logic 1.360ns (43.332%)  route 1.778ns (56.668%))
  Logic Levels:           1  (OBUF=1)
  Clock Uncertainty:      0.169ns  ((TSJ^2 + DJ^2)^1/2) / 2 + PE
    Total System Jitter     (TSJ):    0.050ns
    Discrete Jitter          (DJ):    0.131ns
    Phase Error              (PE):    0.099ns

    Location             Delay type                Incr(ns)  Path(ns)    Netlist Resource(s)
  -------------------------------------------------------------------    -------------------
                         (clock clk_out1_base_soc_clk_wiz_0 rise edge)
                                                      0.000     0.000 r  
    W5                                                0.000     0.000 r  sys_clock (IN)
                         net (fo=0)                   0.000     0.000    base_soc_i/clk_wiz/inst/clk_in1
    W5                   IBUF (Prop_ibuf_I_O)         0.226     0.226 r  base_soc_i/clk_wiz/inst/clkin1_ibufg/O
                         net (fo=1, routed)           0.440     0.667    base_soc_i/clk_wiz/inst/clk_in1_base_soc_clk_wiz_0
    MMCME2_ADV_X1Y0      MMCME2_ADV (Prop_mmcme2_adv_CLKIN1_CLKOUT0)
                                                     -2.360    -1.693 r  base_soc_i/clk_wiz/inst/mmcm_adv_inst/CLKOUT0
                         net (fo=1, routed)           0.486    -1.207    base_soc_i/clk_wiz/inst/clk_out1_base_soc_clk_wiz_0
    BUFGCTRL_X0Y2        BUFG (Prop_bufg_I_O)         0.026    -1.181 r  base_soc_i/clk_wiz/inst/clkout1_buf/O
                         net (fo=3850, routed)        0.562    -0.619    base_soc_i/axi_uartlite_0/U0/UARTLITE_CORE_I/UARTLITE_TX_I/s_axi_aclk
    SLICE_X31Y41         FDSE                                         r  base_soc_i/axi_uartlite_0/U0/UARTLITE_CORE_I/UARTLITE_TX_I/TX_reg/C
  -------------------------------------------------------------------    -------------------
    SLICE_X31Y41         FDSE (Prop_fdse_C_Q)         0.141    -0.478 r  base_soc_i/axi_uartlite_0/U0/UARTLITE_CORE_I/UARTLITE_TX_I/TX_reg/Q
                         net (fo=1, routed)           1.778     1.300    usb_uart_txd_OBUF
    A18                  OBUF (Prop_obuf_I_O)         1.219     2.519 r  usb_uart_txd_OBUF_inst/O
                         net (fo=0)                   0.000     2.519    usb_uart_txd
    A18                                                               r  usb_uart_txd (OUT)
  -------------------------------------------------------------------    -------------------





--------------------------------------------------------------------------------------
Path Group:  (none)
From Clock:  clkfbout_base_soc_clk_wiz_0
  To Clock:  

Max Delay             1 Endpoint
Min Delay             1 Endpoint
--------------------------------------------------------------------------------------


Max Delay Paths
--------------------------------------------------------------------------------------
Slack:                    inf
  Source:                 base_soc_i/clk_wiz/inst/mmcm_adv_inst/CLKFBOUT
                            (clock source 'clkfbout_base_soc_clk_wiz_0'  {rise@0.000ns fall@5.000ns period=10.000ns})
  Destination:            base_soc_i/clk_wiz/inst/mmcm_adv_inst/CLKFBIN
  Path Group:             (none)
  Path Type:              Max at Fast Process Corner
  Data Path Delay:        1.375ns  (logic 0.029ns (2.109%)  route 1.346ns (97.891%))
  Logic Levels:           1  (BUFG=1)
  Clock Uncertainty:      0.148ns  ((TSJ^2 + DJ^2)^1/2) / 2 + PE
    Total System Jitter     (TSJ):    0.050ns
    Discrete Jitter          (DJ):    0.086ns
    Phase Error              (PE):    0.099ns

    Location             Delay type                Incr(ns)  Path(ns)    Netlist Resource(s)
  -------------------------------------------------------------------    -------------------
                         (clock clkfbout_base_soc_clk_wiz_0 fall edge)
                                                      5.000     5.000 f  
    W5                                                0.000     5.000 f  sys_clock (IN)
                         net (fo=0)                   0.000     5.000    base_soc_i/clk_wiz/inst/clk_in1
    W5                   IBUF (Prop_ibuf_I_O)         0.414     5.414 f  base_soc_i/clk_wiz/inst/clkin1_ibufg/O
                         net (fo=1, routed)           0.480     5.894    base_soc_i/clk_wiz/inst/clk_in1_base_soc_clk_wiz_0
  -------------------------------------------------------------------    -------------------
    MMCME2_ADV_X1Y0      MMCME2_ADV (Prop_mmcme2_adv_CLKIN1_CLKFBOUT)
                                                     -3.142     2.752 f  base_soc_i/clk_wiz/inst/mmcm_adv_inst/CLKFBOUT
                         net (fo=1, routed)           0.530     3.282    base_soc_i/clk_wiz/inst/clkfbout_base_soc_clk_wiz_0
    BUFGCTRL_X0Y6        BUFG (Prop_bufg_I_O)         0.029     3.311 f  base_soc_i/clk_wiz/inst/clkf_buf/O
                         net (fo=1, routed)           0.817     4.127    base_soc_i/clk_wiz/inst/clkfbout_buf_base_soc_clk_wiz_0
    MMCME2_ADV_X1Y0      MMCME2_ADV                                   f  base_soc_i/clk_wiz/inst/mmcm_adv_inst/CLKFBIN
  -------------------------------------------------------------------    -------------------





Min Delay Paths
--------------------------------------------------------------------------------------
Slack:                    inf
  Source:                 base_soc_i/clk_wiz/inst/mmcm_adv_inst/CLKFBOUT
                            (clock source 'clkfbout_base_soc_clk_wiz_0'  {rise@0.000ns fall@5.000ns period=10.000ns})
  Destination:            base_soc_i/clk_wiz/inst/mmcm_adv_inst/CLKFBIN
  Path Group:             (none)
  Path Type:              Min at Slow Process Corner
  Data Path Delay:        3.129ns  (logic 0.091ns (2.908%)  route 3.038ns (97.092%))
  Logic Levels:           1  (BUFG=1)
  Clock Uncertainty:      0.148ns  ((TSJ^2 + DJ^2)^1/2) / 2 + PE
    Total System Jitter     (TSJ):    0.050ns
    Discrete Jitter          (DJ):    0.086ns
    Phase Error              (PE):    0.099ns

    Location             Delay type                Incr(ns)  Path(ns)    Netlist Resource(s)
  -------------------------------------------------------------------    -------------------
                         (clock clkfbout_base_soc_clk_wiz_0 rise edge)
                                                      0.000     0.000 r  
    W5                                                0.000     0.000 r  sys_clock (IN)
                         net (fo=0)                   0.000     0.000    base_soc_i/clk_wiz/inst/clk_in1
    W5                   IBUF (Prop_ibuf_I_O)         1.388     1.388 r  base_soc_i/clk_wiz/inst/clkin1_ibufg/O
                         net (fo=1, routed)           1.162     2.550    base_soc_i/clk_wiz/inst/clk_in1_base_soc_clk_wiz_0
  -------------------------------------------------------------------    -------------------
    MMCME2_ADV_X1Y0      MMCME2_ADV (Prop_mmcme2_adv_CLKIN1_CLKFBOUT)
                                                     -7.217    -4.668 r  base_soc_i/clk_wiz/inst/mmcm_adv_inst/CLKFBOUT
                         net (fo=1, routed)           1.581    -3.086    base_soc_i/clk_wiz/inst/clkfbout_base_soc_clk_wiz_0
    BUFGCTRL_X0Y6        BUFG (Prop_bufg_I_O)         0.091    -2.995 r  base_soc_i/clk_wiz/inst/clkf_buf/O
                         net (fo=1, routed)           1.457    -1.538    base_soc_i/clk_wiz/inst/clkfbout_buf_base_soc_clk_wiz_0
    MMCME2_ADV_X1Y0      MMCME2_ADV                                   r  base_soc_i/clk_wiz/inst/mmcm_adv_inst/CLKFBIN
  -------------------------------------------------------------------    -------------------





--------------------------------------------------------------------------------------
Path Group:  (none)
From Clock:  
  To Clock:  base_soc_i/mdm_1/U0/Use_E2.BSCAN_I/Use_E2.BSCANE2_I/TCK

Max Delay            25 Endpoints
Min Delay            25 Endpoints
--------------------------------------------------------------------------------------


Max Delay Paths
--------------------------------------------------------------------------------------
Slack:                    inf
  Source:                 base_soc_i/mdm_1/U0/Use_E2.BSCAN_I/Use_E2.BSCANE2_I/RESET
                            (internal pin)
  Destination:            base_soc_i/mdm_1/U0/Use_JTAG_BSCAN.bscanid_reg[0]/S
                            (rising edge-triggered cell FDSE clocked by base_soc_i/mdm_1/U0/Use_E2.BSCAN_I/Use_E2.BSCANE2_I/TCK  {rise@0.000ns fall@16.667ns period=33.333ns})
  Path Group:             (none)
  Path Type:              Setup (Max at Slow Process Corner)
  Data Path Delay:        3.084ns  (logic 0.124ns (4.021%)  route 2.960ns (95.979%))
  Logic Levels:           1  (LUT5=1)
  Clock Uncertainty:      0.025ns  ((TSJ^2 + TIJ^2)^1/2 + DJ) / 2 + PE
    Total System Jitter     (TSJ):    0.050ns
    Total Input Jitter      (TIJ):    0.000ns
    Discrete Jitter          (DJ):    0.000ns
    Phase Error              (PE):    0.000ns

    Location             Delay type                Incr(ns)  Path(ns)    Netlist Resource(s)
  -------------------------------------------------------------------    -------------------
    BSCAN_X0Y1           BSCANE2                      0.000     0.000 r  base_soc_i/mdm_1/U0/Use_E2.BSCAN_I/Use_E2.BSCANE2_I/RESET
                         net (fo=5, routed)           2.130     2.130    base_soc_i/mdm_1/U0/Use_E2.BSCAN_I/Use_E2.BSCANE2_I_0
    SLICE_X28Y57         LUT5 (Prop_lut5_I4_O)        0.124     2.254 r  base_soc_i/mdm_1/U0/Use_E2.BSCAN_I/Use_JTAG_BSCAN.bscanid[26]_i_1/O
                         net (fo=21, routed)          0.830     3.084    base_soc_i/mdm_1/U0/Use_E2.BSCAN_I_n_11
    SLICE_X28Y58         FDSE                                         r  base_soc_i/mdm_1/U0/Use_JTAG_BSCAN.bscanid_reg[0]/S
  -------------------------------------------------------------------    -------------------

                         (clock base_soc_i/mdm_1/U0/Use_E2.BSCAN_I/Use_E2.BSCANE2_I/TCK rise edge)
                                                      0.000     0.000 r  
    BSCAN_X0Y1           BSCANE2                      0.000     0.000 r  base_soc_i/mdm_1/U0/Use_E2.BSCAN_I/Use_E2.BSCANE2_I/TCK
                         net (fo=2, routed)           1.369     1.369    base_soc_i/mdm_1/U0/Use_E2.BSCAN_I/tck
    BUFGCTRL_X0Y5        BUFG (Prop_bufg_I_O)         0.091     1.460 r  base_soc_i/mdm_1/U0/Use_E2.BSCAN_I/tck_BUFG_inst/O
                         net (fo=52, routed)          1.436     2.896    base_soc_i/mdm_1/U0/tck
    SLICE_X28Y58         FDSE                                         r  base_soc_i/mdm_1/U0/Use_JTAG_BSCAN.bscanid_reg[0]/C





Min Delay Paths
--------------------------------------------------------------------------------------
Slack:                    inf
  Source:                 base_soc_i/mdm_1/U0/Use_E2.BSCAN_I/Use_E2.BSCANE2_I/RESET
                            (internal pin)
  Destination:            base_soc_i/mdm_1/U0/Internal_BSCANID.bscanid_done_reg/CLR
                            (removal check against rising-edge clock base_soc_i/mdm_1/U0/Use_E2.BSCAN_I/Use_E2.BSCANE2_I/TCK  {rise@0.000ns fall@16.667ns period=33.333ns})
  Path Group:             (none)
  Path Type:              Removal (Min at Fast Process Corner)
  Data Path Delay:        0.776ns  (logic 0.000ns (0.000%)  route 0.776ns (100.000%))
  Logic Levels:           0  
  Clock Uncertainty:      0.025ns  ((TSJ^2 + TIJ^2)^1/2 + DJ) / 2 + PE
    Total System Jitter     (TSJ):    0.050ns
    Total Input Jitter      (TIJ):    0.000ns
    Discrete Jitter          (DJ):    0.000ns
    Phase Error              (PE):    0.000ns

    Location             Delay type                Incr(ns)  Path(ns)    Netlist Resource(s)
  -------------------------------------------------------------------    -------------------
    BSCAN_X0Y1           BSCANE2                      0.000     0.000 f  base_soc_i/mdm_1/U0/Use_E2.BSCAN_I/Use_E2.BSCANE2_I/RESET
                         net (fo=5, routed)           0.776     0.776    base_soc_i/mdm_1/U0/Use_E2.BSCAN_I_n_0
    SLICE_X29Y57         FDCE                                         f  base_soc_i/mdm_1/U0/Internal_BSCANID.bscanid_done_reg/CLR
  -------------------------------------------------------------------    -------------------

                         (clock base_soc_i/mdm_1/U0/Use_E2.BSCAN_I/Use_E2.BSCANE2_I/TCK rise edge)
                                                      0.000     0.000 r  
    BSCAN_X0Y1           BSCANE2                      0.000     0.000 r  base_soc_i/mdm_1/U0/Use_E2.BSCAN_I/Use_E2.BSCANE2_I/TCK
                         net (fo=2, routed)           0.700     0.700    base_soc_i/mdm_1/U0/Use_E2.BSCAN_I/tck
    BUFGCTRL_X0Y5        BUFG (Prop_bufg_I_O)         0.029     0.729 r  base_soc_i/mdm_1/U0/Use_E2.BSCAN_I/tck_BUFG_inst/O
                         net (fo=52, routed)          0.830     1.559    base_soc_i/mdm_1/U0/tck
    SLICE_X29Y57         FDCE                                         r  base_soc_i/mdm_1/U0/Internal_BSCANID.bscanid_done_reg/C





--------------------------------------------------------------------------------------
Path Group:  (none)
From Clock:  
  To Clock:  clk_out1_base_soc_clk_wiz_0

Max Delay             1 Endpoint
Min Delay             1 Endpoint
--------------------------------------------------------------------------------------


Max Delay Paths
--------------------------------------------------------------------------------------
Slack:                    inf
  Source:                 base_soc_i/clk_wiz/inst/mmcm_adv_inst/LOCKED
                            (internal pin)
  Destination:            base_soc_i/rst_clk_wiz_100M/U0/EXT_LPF/lpf_int_reg/D
                            (rising edge-triggered cell FDRE clocked by clk_out1_base_soc_clk_wiz_0  {rise@0.000ns fall@5.000ns period=10.000ns})
  Path Group:             (none)
  Path Type:              Setup (Max at Slow Process Corner)
  Data Path Delay:        3.746ns  (logic 0.124ns (3.311%)  route 3.622ns (96.689%))
  Logic Levels:           1  (LUT4=1)
  Clock Uncertainty:      0.169ns  ((TSJ^2 + DJ^2)^1/2) / 2 + PE
    Total System Jitter     (TSJ):    0.050ns
    Discrete Jitter          (DJ):    0.131ns
    Phase Error              (PE):    0.099ns

    Location             Delay type                Incr(ns)  Path(ns)    Netlist Resource(s)
  -------------------------------------------------------------------    -------------------
    MMCME2_ADV_X1Y0      MMCME2_ADV                   0.000     0.000 f  base_soc_i/clk_wiz/inst/mmcm_adv_inst/LOCKED
                         net (fo=1, routed)           3.622     3.622    base_soc_i/rst_clk_wiz_100M/U0/EXT_LPF/dcm_locked
    SLICE_X35Y59         LUT4 (Prop_lut4_I0_O)        0.124     3.746 r  base_soc_i/rst_clk_wiz_100M/U0/EXT_LPF/lpf_int0/O
                         net (fo=1, routed)           0.000     3.746    base_soc_i/rst_clk_wiz_100M/U0/EXT_LPF/lpf_int0__0
    SLICE_X35Y59         FDRE                                         r  base_soc_i/rst_clk_wiz_100M/U0/EXT_LPF/lpf_int_reg/D
  -------------------------------------------------------------------    -------------------

                         (clock clk_out1_base_soc_clk_wiz_0 rise edge)
                                                      0.000     0.000 r  
    W5                                                0.000     0.000 r  sys_clock (IN)
                         net (fo=0)                   0.000     0.000    base_soc_i/clk_wiz/inst/clk_in1
    W5                   IBUF (Prop_ibuf_I_O)         1.388     1.388 r  base_soc_i/clk_wiz/inst/clkin1_ibufg/O
                         net (fo=1, routed)           1.162     2.550    base_soc_i/clk_wiz/inst/clk_in1_base_soc_clk_wiz_0
    MMCME2_ADV_X1Y0      MMCME2_ADV (Prop_mmcme2_adv_CLKIN1_CLKOUT0)
                                                     -7.217    -4.668 r  base_soc_i/clk_wiz/inst/mmcm_adv_inst/CLKOUT0
                         net (fo=1, routed)           1.581    -3.086    base_soc_i/clk_wiz/inst/clk_out1_base_soc_clk_wiz_0
    BUFGCTRL_X0Y2        BUFG (Prop_bufg_I_O)         0.091    -2.995 r  base_soc_i/clk_wiz/inst/clkout1_buf/O
                         net (fo=3850, routed)        1.432    -1.564    base_soc_i/rst_clk_wiz_100M/U0/EXT_LPF/slowest_sync_clk
    SLICE_X35Y59         FDRE                                         r  base_soc_i/rst_clk_wiz_100M/U0/EXT_LPF/lpf_int_reg/C





Min Delay Paths
--------------------------------------------------------------------------------------
Slack:                    inf
  Source:                 base_soc_i/clk_wiz/inst/mmcm_adv_inst/LOCKED
                            (internal pin)
  Destination:            base_soc_i/rst_clk_wiz_100M/U0/EXT_LPF/lpf_int_reg/D
                            (rising edge-triggered cell FDRE clocked by clk_out1_base_soc_clk_wiz_0  {rise@0.000ns fall@5.000ns period=10.000ns})
  Path Group:             (none)
  Path Type:              Hold (Min at Fast Process Corner)
  Data Path Delay:        1.626ns  (logic 0.045ns (2.768%)  route 1.581ns (97.232%))
  Logic Levels:           1  (LUT4=1)
  Clock Uncertainty:      0.169ns  ((TSJ^2 + DJ^2)^1/2) / 2 + PE
    Total System Jitter     (TSJ):    0.050ns
    Discrete Jitter          (DJ):    0.131ns
    Phase Error              (PE):    0.099ns

    Location             Delay type                Incr(ns)  Path(ns)    Netlist Resource(s)
  -------------------------------------------------------------------    -------------------
    MMCME2_ADV_X1Y0      MMCME2_ADV                   0.000     0.000 f  base_soc_i/clk_wiz/inst/mmcm_adv_inst/LOCKED
                         net (fo=1, routed)           1.581     1.581    base_soc_i/rst_clk_wiz_100M/U0/EXT_LPF/dcm_locked
    SLICE_X35Y59         LUT4 (Prop_lut4_I0_O)        0.045     1.626 r  base_soc_i/rst_clk_wiz_100M/U0/EXT_LPF/lpf_int0/O
                         net (fo=1, routed)           0.000     1.626    base_soc_i/rst_clk_wiz_100M/U0/EXT_LPF/lpf_int0__0
    SLICE_X35Y59         FDRE                                         r  base_soc_i/rst_clk_wiz_100M/U0/EXT_LPF/lpf_int_reg/D
  -------------------------------------------------------------------    -------------------

                         (clock clk_out1_base_soc_clk_wiz_0 rise edge)
                                                      0.000     0.000 r  
    W5                                                0.000     0.000 r  sys_clock (IN)
                         net (fo=0)                   0.000     0.000    base_soc_i/clk_wiz/inst/clk_in1
    W5                   IBUF (Prop_ibuf_I_O)         0.414     0.414 r  base_soc_i/clk_wiz/inst/clkin1_ibufg/O
                         net (fo=1, routed)           0.480     0.894    base_soc_i/clk_wiz/inst/clk_in1_base_soc_clk_wiz_0
    MMCME2_ADV_X1Y0      MMCME2_ADV (Prop_mmcme2_adv_CLKIN1_CLKOUT0)
                                                     -3.142    -2.248 r  base_soc_i/clk_wiz/inst/mmcm_adv_inst/CLKOUT0
                         net (fo=1, routed)           0.530    -1.718    base_soc_i/clk_wiz/inst/clk_out1_base_soc_clk_wiz_0
    BUFGCTRL_X0Y2        BUFG (Prop_bufg_I_O)         0.029    -1.689 r  base_soc_i/clk_wiz/inst/clkout1_buf/O
                         net (fo=3850, routed)        0.827    -0.862    base_soc_i/rst_clk_wiz_100M/U0/EXT_LPF/slowest_sync_clk
    SLICE_X35Y59         FDRE                                         r  base_soc_i/rst_clk_wiz_100M/U0/EXT_LPF/lpf_int_reg/C





--------------------------------------------------------------------------------------
Path Group:  (none)
From Clock:  
  To Clock:  dbg_hub/inst/BSCANID.u_xsdbm_id/SWITCH_N_EXT_BSCAN.bscan_inst/SERIES7_BSCAN.bscan_inst/TCK

Max Delay           257 Endpoints
Min Delay           257 Endpoints
--------------------------------------------------------------------------------------


Max Delay Paths
--------------------------------------------------------------------------------------
Slack:                    inf
  Source:                 dbg_hub/inst/BSCANID.u_xsdbm_id/SWITCH_N_EXT_BSCAN.bscan_inst/SERIES7_BSCAN.bscan_inst/RESET
                            (internal pin)
  Destination:            dbg_hub/inst/BSCANID.u_xsdbm_id/SWITCH_N_EXT_BSCAN.bscan_switch/shiftreg_reg[22]/R
                            (rising edge-triggered cell FDRE clocked by dbg_hub/inst/BSCANID.u_xsdbm_id/SWITCH_N_EXT_BSCAN.bscan_inst/SERIES7_BSCAN.bscan_inst/TCK  {rise@0.000ns fall@16.500ns period=33.000ns})
  Path Group:             (none)
  Path Type:              Setup (Max at Slow Process Corner)
  Data Path Delay:        4.780ns  (logic 0.152ns (3.180%)  route 4.628ns (96.820%))
  Logic Levels:           1  (LUT5=1)
  Clock Uncertainty:      0.025ns  ((TSJ^2 + TIJ^2)^1/2 + DJ) / 2 + PE
    Total System Jitter     (TSJ):    0.050ns
    Total Input Jitter      (TIJ):    0.000ns
    Discrete Jitter          (DJ):    0.000ns
    Phase Error              (PE):    0.000ns

    Location             Delay type                Incr(ns)  Path(ns)    Netlist Resource(s)
  -------------------------------------------------------------------    -------------------
    BSCAN_X0Y0           BSCANE2                      0.000     0.000 r  dbg_hub/inst/BSCANID.u_xsdbm_id/SWITCH_N_EXT_BSCAN.bscan_inst/SERIES7_BSCAN.bscan_inst/RESET
                         net (fo=79, routed)          2.760     2.760    dbg_hub/inst/BSCANID.u_xsdbm_id/SWITCH_N_EXT_BSCAN.bscan_switch/s_bscan_reset
    SLICE_X41Y2          LUT5 (Prop_lut5_I0_O)        0.152     2.912 r  dbg_hub/inst/BSCANID.u_xsdbm_id/SWITCH_N_EXT_BSCAN.bscan_switch/shiftreg[31]_i_1/O
                         net (fo=32, routed)          1.869     4.780    dbg_hub/inst/BSCANID.u_xsdbm_id/SWITCH_N_EXT_BSCAN.bscan_switch/shiftreg[31]_i_1_n_0
    SLICE_X41Y1          FDRE                                         r  dbg_hub/inst/BSCANID.u_xsdbm_id/SWITCH_N_EXT_BSCAN.bscan_switch/shiftreg_reg[22]/R
  -------------------------------------------------------------------    -------------------

                         (clock dbg_hub/inst/BSCANID.u_xsdbm_id/SWITCH_N_EXT_BSCAN.bscan_inst/SERIES7_BSCAN.bscan_inst/TCK rise edge)
                                                      0.000     0.000 r  
    BSCAN_X0Y0           BSCANE2                      0.000     0.000 r  dbg_hub/inst/BSCANID.u_xsdbm_id/SWITCH_N_EXT_BSCAN.bscan_inst/SERIES7_BSCAN.bscan_inst/TCK
                         net (fo=1, routed)           1.487     1.487    dbg_hub/inst/BSCANID.u_xsdbm_id/tck_bs
    BUFGCTRL_X0Y3        BUFG (Prop_bufg_I_O)         0.091     1.578 r  dbg_hub/inst/BSCANID.u_xsdbm_id/SWITCH_N_EXT_BSCAN.u_bufg_icon_tck/O
                         net (fo=482, routed)         1.448     3.026    dbg_hub/inst/BSCANID.u_xsdbm_id/SWITCH_N_EXT_BSCAN.bscan_switch/s_bscan_tck
    SLICE_X41Y1          FDRE                                         r  dbg_hub/inst/BSCANID.u_xsdbm_id/SWITCH_N_EXT_BSCAN.bscan_switch/shiftreg_reg[22]/C





Min Delay Paths
--------------------------------------------------------------------------------------
Slack:                    inf
  Source:                 dbg_hub/inst/BSCANID.u_xsdbm_id/SWITCH_N_EXT_BSCAN.bscan_inst/SERIES7_BSCAN.bscan_inst/RESET
                            (internal pin)
  Destination:            dbg_hub/inst/BSCANID.u_xsdbm_id/SWITCH_N_EXT_BSCAN.bscanid_reg[11]/R
                            (rising edge-triggered cell FDRE clocked by dbg_hub/inst/BSCANID.u_xsdbm_id/SWITCH_N_EXT_BSCAN.bscan_inst/SERIES7_BSCAN.bscan_inst/TCK  {rise@0.000ns fall@16.500ns period=33.000ns})
  Path Group:             (none)
  Path Type:              Hold (Min at Fast Process Corner)
  Data Path Delay:        0.422ns  (logic 0.000ns (0.000%)  route 0.422ns (100.000%))
  Logic Levels:           0  
  Clock Uncertainty:      0.025ns  ((TSJ^2 + TIJ^2)^1/2 + DJ) / 2 + PE
    Total System Jitter     (TSJ):    0.050ns
    Total Input Jitter      (TIJ):    0.000ns
    Discrete Jitter          (DJ):    0.000ns
    Phase Error              (PE):    0.000ns

    Location             Delay type                Incr(ns)  Path(ns)    Netlist Resource(s)
  -------------------------------------------------------------------    -------------------
    BSCAN_X0Y0           BSCANE2                      0.000     0.000 r  dbg_hub/inst/BSCANID.u_xsdbm_id/SWITCH_N_EXT_BSCAN.bscan_inst/SERIES7_BSCAN.bscan_inst/RESET
                         net (fo=79, routed)          0.422     0.422    dbg_hub/inst/BSCANID.u_xsdbm_id/RESET
    SLICE_X29Y9          FDRE                                         r  dbg_hub/inst/BSCANID.u_xsdbm_id/SWITCH_N_EXT_BSCAN.bscanid_reg[11]/R
  -------------------------------------------------------------------    -------------------

                         (clock dbg_hub/inst/BSCANID.u_xsdbm_id/SWITCH_N_EXT_BSCAN.bscan_inst/SERIES7_BSCAN.bscan_inst/TCK rise edge)
                                                      0.000     0.000 r  
    BSCAN_X0Y0           BSCANE2                      0.000     0.000 r  dbg_hub/inst/BSCANID.u_xsdbm_id/SWITCH_N_EXT_BSCAN.bscan_inst/SERIES7_BSCAN.bscan_inst/TCK
                         net (fo=1, routed)           0.791     0.791    dbg_hub/inst/BSCANID.u_xsdbm_id/tck_bs
    BUFGCTRL_X0Y3        BUFG (Prop_bufg_I_O)         0.029     0.820 r  dbg_hub/inst/BSCANID.u_xsdbm_id/SWITCH_N_EXT_BSCAN.u_bufg_icon_tck/O
                         net (fo=482, routed)         0.832     1.652    dbg_hub/inst/BSCANID.u_xsdbm_id/itck_i
    SLICE_X29Y9          FDRE                                         r  dbg_hub/inst/BSCANID.u_xsdbm_id/SWITCH_N_EXT_BSCAN.bscanid_reg[11]/C





