
****** Vivado v2024.2 (64-bit)
  **** SW Build 5239630 on Fri Nov 08 22:34:34 MST 2024
  **** IP Build 5239520 on Sun Nov 10 16:12:51 MST 2024
  **** SharedData Build 5239561 on Fri Nov 08 14:39:27 MST 2024
  **** Start of session at: Wed Jul 29 19:50:49 2026
    ** Copyright 1986-2022 Xilinx, Inc. All Rights Reserved.
    ** Copyright 2022-2024 Advanced Micro Devices, Inc. All Rights Reserved.

CRITICAL WARNING: [Common 17-741] No write access right to the local Tcl store at '/home/user4/.Xilinx/Vivado/2024.2/XilinxTclStore'. XilinxTclStore is reverted to the installation area. If you want to use local Tcl Store, please change the access right and relaunch Vivado.
source {/home/user4/workspace_ondevice_3/Logic Analysis/comparison/ila_reference/build_step9_common_baseline.tcl} -notrace
ARTIFACT PASS: common source base_soc.tcl size=14055 path=/home/user4/workspace_ondevice_3/Logic Analysis/comparison/common/base_soc.tcl
ARTIFACT PASS: common source add_test_pattern_generator.tcl size=4588 path=/home/user4/workspace_ondevice_3/Logic Analysis/comparison/common/add_test_pattern_generator.tcl
ARTIFACT PASS: common source build_base_with_generator.tcl size=251 path=/home/user4/workspace_ondevice_3/Logic Analysis/comparison/common/build_base_with_generator.tcl
ARTIFACT PASS: common RTL test_pattern_generator.sv size=6527 path=/home/user4/workspace_ondevice_3/Logic Analysis/comparison/common/rtl/test_pattern_generator.sv
ARTIFACT PASS: common RTL test_pattern_generator_gpio_adapter.v size=1281 path=/home/user4/workspace_ondevice_3/Logic Analysis/comparison/common/rtl/test_pattern_generator_gpio_adapter.v
ARTIFACT PASS: baseline constraint size=470 path=/home/user4/workspace_ondevice_3/Logic Analysis/comparison/ila_reference/constraints/step9_baseline_common.xdc
ARTIFACT PASS: SHA-256 input size=14055 path=/home/user4/workspace_ondevice_3/Logic Analysis/comparison/ila_reference/build/step9_common_baseline/staged_common/base_soc.tcl
ARTIFACT PASS: SHA-256 input size=14055 path=/home/user4/workspace_ondevice_3/Logic Analysis/comparison/common/base_soc.tcl
ASSERT PASS: staged hash base_soc.tcl = 31f6d77d2150d0d6a744fae02b2a85661340fb71a17906ca5267ab8a74ae078c
ARTIFACT PASS: SHA-256 input size=4588 path=/home/user4/workspace_ondevice_3/Logic Analysis/comparison/ila_reference/build/step9_common_baseline/staged_common/add_test_pattern_generator.tcl
ARTIFACT PASS: SHA-256 input size=4588 path=/home/user4/workspace_ondevice_3/Logic Analysis/comparison/common/add_test_pattern_generator.tcl
ASSERT PASS: staged hash add_test_pattern_generator.tcl = 971cf1b87e4b39b522626746e5d3464e840a4f413d183e8db6e353587f2121d8
ARTIFACT PASS: SHA-256 input size=251 path=/home/user4/workspace_ondevice_3/Logic Analysis/comparison/ila_reference/build/step9_common_baseline/staged_common/build_base_with_generator.tcl
ARTIFACT PASS: SHA-256 input size=251 path=/home/user4/workspace_ondevice_3/Logic Analysis/comparison/common/build_base_with_generator.tcl
ASSERT PASS: staged hash build_base_with_generator.tcl = 0e3104db76d7120b04406f7e8140d3172591955df50394d1e5d23a5756015d2b
ARTIFACT PASS: SHA-256 input size=6527 path=/home/user4/workspace_ondevice_3/Logic Analysis/comparison/ila_reference/build/step9_common_baseline/staged_common/rtl/test_pattern_generator.sv
ARTIFACT PASS: SHA-256 input size=6527 path=/home/user4/workspace_ondevice_3/Logic Analysis/comparison/common/rtl/test_pattern_generator.sv
ASSERT PASS: staged RTL hash test_pattern_generator.sv = 9f0a1b7f9a54ddc8f9eb3e093382af9eb6a6cdf8c9ab48ab4ce65d83e7eb5440
ARTIFACT PASS: SHA-256 input size=1281 path=/home/user4/workspace_ondevice_3/Logic Analysis/comparison/ila_reference/build/step9_common_baseline/staged_common/rtl/test_pattern_generator_gpio_adapter.v
ARTIFACT PASS: SHA-256 input size=1281 path=/home/user4/workspace_ondevice_3/Logic Analysis/comparison/common/rtl/test_pattern_generator_gpio_adapter.v
ASSERT PASS: staged RTL hash test_pattern_generator_gpio_adapter.v = 73fd657010c8109d5a1c7e5168d4ae4a4d576fc80e2ddd02978b087523249580
WARNING: [Common 17-1496] Vivado tclapp support version doesn't have install/uninstall hooks. Please update support using ::tclapp::update_support command.
WARNING: [Common 17-1496] Vivado tclapp support version doesn't have install/uninstall hooks. Please update support using ::tclapp::update_support command.
WARNING: [Common 17-1496] Vivado tclapp support version doesn't have install/uninstall hooks. Please update support using ::tclapp::update_support command.
WARNING: [Common 17-1496] Vivado tclapp support version doesn't have install/uninstall hooks. Please update support using ::tclapp::update_support command.
WARNING: [Common 17-1496] Vivado tclapp support version doesn't have install/uninstall hooks. Please update support using ::tclapp::update_support command.
WARNING: [Common 17-1496] Vivado tclapp support version doesn't have install/uninstall hooks. Please update support using ::tclapp::update_support command.
Wrote  : </home/user4/workspace_ondevice_3/Logic Analysis/comparison/ila_reference/build/step9_common_baseline/staged_common/build/base_soc/edgescope_comparison_base.srcs/sources_1/bd/base_soc/base_soc.bd> 
INFO: [Device 21-403] Loading part xc7a35tcpg236-1
INFO: [BD 5-1043] It is recommended to use inline hdl version xilinx.com:inline_hdl:ilconcat:1.0 for the IP type xilinx.com:ip:xlconcat:2.1 for improved performance and reduced disk space. IPs with VLNV xilinx.com:ip:xlconcat:2.1 may be deprecated in future releases. More information on inline hdl IP is available in UG994 
Slave segment '/axi_gpio_test_ctrl/S_AXI/Reg' is being assigned into address space '/microblaze_riscv_0/Data' at <0x4000_0000 [ 64K ]>.
Slave segment '/axi_uartlite_0/S_AXI/Reg' is being assigned into address space '/microblaze_riscv_0/Data' at <0x4060_0000 [ 64K ]>.
Slave segment '/axi_timer_0/S_AXI/Reg' is being assigned into address space '/microblaze_riscv_0/Data' at <0x41C0_0000 [ 64K ]>.
WARNING: [filemgmt 56-443] The ECC Algorithm string is empty. Setting the Memory Map to default ECC value to ECC_NONE.
INFO: [xilinx.com:ip:clk_wiz:6.0-1] /clk_wiz clk_wiz propagate
INFO: [xilinx.com:ip:microblaze_riscv:1.0-9] /microblaze_riscv_0: Setting C_BASE_VECTORS to 0x00000000.
INFO: [xilinx.com:ip:microblaze_riscv:1.0-23] /microblaze_riscv_0: Setting C_PC_WIDTH to 17.
INFO: [xilinx.com:ip:axi_intc:4.1-1] /microblaze_riscv_0_axi_intc: The AXI INTC core has been configured to operate with synchronous clocks.
VALIDATE DESIGN: PASS
ASSERT PASS: Vivado version = 2024.2
ASSERT PASS: FPGA part = xc7a35tcpg236-1
ASSERT PASS: Board part = digilentinc.com:basys3:part0:1.2
ASSERT PASS: sys_clock frequency = 100000000
ASSERT PASS: reset polarity = ACTIVE_HIGH
ASSERT PASS: IP count xilinx.com:ip:microblaze_riscv:1.0 = 1
ASSERT PASS: IP count xilinx.com:ip:axi_interconnect:2.1 = 1
ASSERT PASS: IP count xilinx.com:ip:axi_intc:4.1 = 1
ASSERT PASS: IP count xilinx.com:ip:axi_uartlite:2.0 = 1
ASSERT PASS: IP count xilinx.com:ip:axi_timer:2.0 = 1
ASSERT PASS: IP count xilinx.com:ip:axi_gpio:2.0 = 1
ASSERT PASS: IP count xilinx.com:ip:blk_mem_gen:8.4 = 1
ASSERT PASS: IP count xilinx.com:ip:ila:6.2 = 0
ASSERT PASS: IP count xilinx.com:ip:axi_bram_ctrl:4.1 = 0
ASSERT PASS: MicroBlaze D AXI = 1
ASSERT PASS: MicroBlaze D LMB = 1
ASSERT PASS: MicroBlaze I LMB = 1
ASSERT PASS: MicroBlaze interrupt mode = 2
ASSERT PASS: MicroBlaze debug = 1
ASSERT PASS: MicroBlaze I-cache disabled = 0
ASSERT PASS: MicroBlaze D-cache disabled = 0
ASSERT PASS: Local memory type = True_Dual_Port_RAM
ASSERT PASS: Local memory width = 32
ASSERT PASS: Local memory depth = 32768
ASSERT PASS: UART baud rate = 9600
ASSERT PASS: UART data bits = 8
ASSERT PASS: UART parity disabled = 0
ASSERT PASS: Timer width = 32
ASSERT PASS: Timer 2 enabled = 1
ASSERT PASS: GPIO dual channel = 1
ASSERT PASS: GPIO channel 1 width = 26
ASSERT PASS: GPIO channel 1 output = 1
ASSERT PASS: GPIO channel 2 width = 2
ASSERT PASS: GPIO channel 2 input = 1
ASSERT PASS: GPIO interrupt disabled = 0
ASSERT PASS: AXI Interconnect master interfaces = 4
ASSERT PASS: Interrupt concat inputs = 2
ASSERT PASS: AXI INTC inputs = 2
ASSERT PASS: microblaze_riscv_0/Data/SEG_dlmb_bram_if_cntlr_Mem offset = 0x00000000
ASSERT PASS: microblaze_riscv_0/Data/SEG_dlmb_bram_if_cntlr_Mem range = 0x00020000
ASSERT PASS: microblaze_riscv_0/Data/SEG_axi_gpio_test_ctrl_Reg offset = 0x40000000
ASSERT PASS: microblaze_riscv_0/Data/SEG_axi_gpio_test_ctrl_Reg range = 0x00010000
ASSERT PASS: microblaze_riscv_0/Data/SEG_axi_uartlite_0_Reg offset = 0x40600000
ASSERT PASS: microblaze_riscv_0/Data/SEG_axi_uartlite_0_Reg range = 0x00010000
ASSERT PASS: microblaze_riscv_0/Data/SEG_microblaze_riscv_0_axi_intc_Reg offset = 0x41200000
ASSERT PASS: microblaze_riscv_0/Data/SEG_microblaze_riscv_0_axi_intc_Reg range = 0x00010000
ASSERT PASS: microblaze_riscv_0/Data/SEG_axi_timer_0_Reg offset = 0x41C00000
ASSERT PASS: microblaze_riscv_0/Data/SEG_axi_timer_0_Reg range = 0x00010000
ASSERT PASS: microblaze_riscv_0/Instruction/SEG_ilmb_bram_if_cntlr_Mem offset = 0x00000000
ASSERT PASS: microblaze_riscv_0/Instruction/SEG_ilmb_bram_if_cntlr_Mem range = 0x00020000
ASSERT PASS: Data address segment count = 5
ASSERT PASS: Instruction address segment count = 1
ASSERT PASS: net microblaze_riscv_0/Clk = /microblaze_riscv_0_Clk
ASSERT PASS: net microblaze_riscv_0_local_memory/LMB_Clk = /microblaze_riscv_0_Clk
ASSERT PASS: net microblaze_riscv_0_axi_periph/ACLK = /microblaze_riscv_0_Clk
ASSERT PASS: net microblaze_riscv_0_axi_intc/s_axi_aclk = /microblaze_riscv_0_Clk
ASSERT PASS: net axi_uartlite_0/s_axi_aclk = /microblaze_riscv_0_Clk
ASSERT PASS: net axi_timer_0/s_axi_aclk = /microblaze_riscv_0_Clk
ASSERT PASS: net axi_gpio_test_ctrl/s_axi_aclk = /microblaze_riscv_0_Clk
ASSERT PASS: net microblaze_riscv_0_axi_periph/ARESETN = /rst_clk_wiz_100M_peripheral_aresetn
ASSERT PASS: net microblaze_riscv_0_axi_intc/s_axi_aresetn = /rst_clk_wiz_100M_peripheral_aresetn
ASSERT PASS: net axi_uartlite_0/s_axi_aresetn = /rst_clk_wiz_100M_peripheral_aresetn
ASSERT PASS: net axi_timer_0/s_axi_aresetn = /rst_clk_wiz_100M_peripheral_aresetn
ASSERT PASS: net axi_gpio_test_ctrl/s_axi_aresetn = /rst_clk_wiz_100M_peripheral_aresetn
ASSERT PASS: External interface ports = usb_uart
ASSERT PASS: External scalar ports = reset sys_clock usb_uart_rxd usb_uart_txd
Wrote  : </home/user4/workspace_ondevice_3/Logic Analysis/comparison/ila_reference/build/step9_common_baseline/staged_common/build/base_soc/edgescope_comparison_base.srcs/sources_1/bd/base_soc/base_soc.bd> 
INFO: [BD 5-148] Tcl file written out </home/user4/workspace_ondevice_3/Logic Analysis/comparison/ila_reference/build/step9_common_baseline/staged_common/generated/base_soc_generated.tcl>.

BASE_SOC_STEP_1: PASS
Project: /home/user4/workspace_ondevice_3/Logic Analysis/comparison/ila_reference/build/step9_common_baseline/staged_common/build/base_soc/edgescope_comparison_base.xpr
Generated Tcl: /home/user4/workspace_ondevice_3/Logic Analysis/comparison/ila_reference/build/step9_common_baseline/staged_common/generated/base_soc_generated.tcl
Verified address map: /home/user4/workspace_ondevice_3/Logic Analysis/comparison/ila_reference/build/step9_common_baseline/staged_common/generated/base_soc_address_map.rpt
Pending Step 2: connect axi_gpio_test_ctrl to test_pattern_generator
Pending Step 3: add Vivado ILA only in the ILA reference branch
Scanning sources...
Finished scanning sources
INFO: [IP_Flow 19-234] Refreshing IP repositories
INFO: [IP_Flow 19-1704] No user IP repositories specified
INFO: [IP_Flow 19-2313] Loaded Vivado IP repository '/media/user4/data/tools/Vivado/2024.2/data/ip'.
INFO: [Project 1-5579] Found utility IPs instantiated in one or more block designs which have equivalent inline hdl with improved performance and reduced diskspace. It is recommended to migrate these utility IPs to inline hdl using the command upgrade_project -migrate_to_inline_hdl. The utility IPs may be deprecated in future releases. More information on inline hdl is available in UG994.
Reading block design file </home/user4/workspace_ondevice_3/Logic Analysis/comparison/ila_reference/build/step9_common_baseline/staged_common/build/base_soc/edgescope_comparison_base.srcs/sources_1/bd/base_soc/base_soc.bd>...
Adding component instance block -- xilinx.com:ip:clk_wiz:6.0 - clk_wiz
Adding component instance block -- xilinx.com:ip:microblaze_riscv:1.0 - microblaze_riscv_0
Adding component instance block -- xilinx.com:ip:lmb_v10:3.0 - dlmb_v10
Adding component instance block -- xilinx.com:ip:lmb_v10:3.0 - ilmb_v10
Adding component instance block -- xilinx.com:ip:lmb_bram_if_cntlr:4.0 - dlmb_bram_if_cntlr
Adding component instance block -- xilinx.com:ip:lmb_bram_if_cntlr:4.0 - ilmb_bram_if_cntlr
Adding component instance block -- xilinx.com:ip:blk_mem_gen:8.4 - lmb_bram
Adding component instance block -- xilinx.com:ip:axi_interconnect:2.1 - microblaze_riscv_0_axi_periph
Adding component instance block -- xilinx.com:ip:axi_crossbar:2.1 - xbar
Adding component instance block -- xilinx.com:ip:axi_intc:4.1 - microblaze_riscv_0_axi_intc
Adding component instance block -- xilinx.com:ip:xlconcat:2.1 - microblaze_riscv_0_xlconcat
Adding component instance block -- xilinx.com:ip:mdm_riscv:1.0 - mdm_1
Adding component instance block -- xilinx.com:ip:proc_sys_reset:5.0 - rst_clk_wiz_100M
Adding component instance block -- xilinx.com:ip:axi_uartlite:2.0 - axi_uartlite_0
Adding component instance block -- xilinx.com:ip:axi_timer:2.0 - axi_timer_0
Adding component instance block -- xilinx.com:ip:axi_gpio:2.0 - axi_gpio_test_ctrl
Successfully read diagram <base_soc> from block design file </home/user4/workspace_ondevice_3/Logic Analysis/comparison/ila_reference/build/step9_common_baseline/staged_common/build/base_soc/edgescope_comparison_base.srcs/sources_1/bd/base_soc/base_soc.bd>
INFO: [IP_Flow 19-5107] Inferred bus interface 'CLK_I' of definition 'xilinx.com:signal:clock:1.0' (from X_INTERFACE_INFO parameter from HDL file).
INFO: [IP_Flow 19-5107] Inferred bus interface 'CLK_I' of definition 'xilinx.com:signal:clock:1.0' (from 'X_INTERFACE_INFO' attribute).
INFO: [IP_Flow 19-5107] Inferred bus interface 'RESET_N_I' of definition 'xilinx.com:signal:reset:1.0' (from X_INTERFACE_INFO parameter from HDL file).
INFO: [IP_Flow 19-5107] Inferred bus interface 'RESET_N_I' of definition 'xilinx.com:signal:reset:1.0' (from 'X_INTERFACE_INFO' attribute).
INFO: [IP_Flow 19-5107] Inferred bus interface 'CONTROL_GPIO' of definition 'xilinx.com:interface:gpio:1.0' (from X_INTERFACE_INFO parameter from HDL file).
INFO: [IP_Flow 19-5107] Inferred bus interface 'CONTROL_GPIO' of definition 'xilinx.com:interface:gpio:1.0' (from 'X_INTERFACE_INFO' attribute).
INFO: [IP_Flow 19-5107] Inferred bus interface 'STATUS_GPIO' of definition 'xilinx.com:interface:gpio:1.0' (from X_INTERFACE_INFO parameter from HDL file).
INFO: [IP_Flow 19-5107] Inferred bus interface 'STATUS_GPIO' of definition 'xilinx.com:interface:gpio:1.0' (from 'X_INTERFACE_INFO' attribute).
INFO: [IP_Flow 19-4728] Bus Interface 'CLK_I': Added interface parameter 'ASSOCIATED_RESET' with value 'reset_n_i'.
INFO: [IP_Flow 19-4728] Bus Interface 'CLK_I': Added interface parameter 'FREQ_HZ' with value '100000000'.
INFO: [IP_Flow 19-4728] Bus Interface 'RESET_N_I': Added interface parameter 'POLARITY' with value 'ACTIVE_LOW'.
INFO: [IP_Flow 19-7067] Note that bus interface 'CLK_I' has a fixed FREQ_HZ of '100000000'. This value will be respected whenever this IP is instantiated in IP Integrator.
WARNING: [IP_Flow 19-5661] Bus Interface 'CLK_I' does not have any bus interfaces associated with it.
WARNING: [IP_Flow 19-3480] Bus Interface 'CONTROL_GPIO': Portmap direction mismatched between component port 'control_i' and definition port 'TRI_O'.
WARNING: [filemgmt 56-443] The ECC Algorithm string is empty. Setting the Memory Map to default ECC value to ECC_NONE.
INFO: [xilinx.com:ip:clk_wiz:6.0-1] /clk_wiz clk_wiz propagate
INFO: [xilinx.com:ip:microblaze_riscv:1.0-9] /microblaze_riscv_0: Setting C_BASE_VECTORS to 0x00000000.
INFO: [xilinx.com:ip:microblaze_riscv:1.0-23] /microblaze_riscv_0: Setting C_PC_WIDTH to 17.
INFO: [xilinx.com:ip:axi_intc:4.1-1] /microblaze_riscv_0_axi_intc: The AXI INTC core has been configured to operate with synchronous clocks.
VALIDATE DESIGN WITH GENERATOR: PASS
Wrote  : </home/user4/workspace_ondevice_3/Logic Analysis/comparison/ila_reference/build/step9_common_baseline/staged_common/build/base_soc/edgescope_comparison_base.srcs/sources_1/bd/base_soc/base_soc.bd> 
WARNING: [BD 41-2925] The design that will be created by this Tcl script contains the following module references: test_pattern_generator_gpio_adapter.
Please add the sources of those modules before sourcing this Tcl script or use write_project_tcl.
INFO: [BD 5-148] Tcl file written out </home/user4/workspace_ondevice_3/Logic Analysis/comparison/ila_reference/build/step9_common_baseline/staged_common/generated/base_soc_with_generator_generated.tcl>.

TEST_PATTERN_GENERATOR_STEP_2: PASS
Generator output probe_test_o remains branch-specific.
Step 3 will connect probe_test_o to the Vivado ILA reference.
ARTIFACT PASS: isolated Step-2 project size=12140 path=/home/user4/workspace_ondevice_3/Logic Analysis/comparison/ila_reference/build/step9_common_baseline/staged_common/build/base_soc/edgescope_comparison_base.xpr
Scanning sources...
Finished scanning sources
INFO: [IP_Flow 19-234] Refreshing IP repositories
INFO: [IP_Flow 19-1704] No user IP repositories specified
INFO: [IP_Flow 19-2313] Loaded Vivado IP repository '/media/user4/data/tools/Vivado/2024.2/data/ip'.
INFO: [Project 1-5579] Found utility IPs instantiated in one or more block designs which have equivalent inline hdl with improved performance and reduced diskspace. It is recommended to migrate these utility IPs to inline hdl using the command upgrade_project -migrate_to_inline_hdl. The utility IPs may be deprecated in future releases. More information on inline hdl is available in UG994.
ASSERT PASS: FPGA part = xc7a35tcpg236-1
ASSERT PASS: Board part = digilentinc.com:basys3:part0:1.2
Reading block design file </home/user4/workspace_ondevice_3/Logic Analysis/comparison/ila_reference/build/step9_common_baseline/staged_common/build/base_soc/edgescope_comparison_base.srcs/sources_1/bd/base_soc/base_soc.bd>...
Adding component instance block -- xilinx.com:ip:clk_wiz:6.0 - clk_wiz
Adding component instance block -- xilinx.com:ip:microblaze_riscv:1.0 - microblaze_riscv_0
Adding component instance block -- xilinx.com:ip:lmb_v10:3.0 - dlmb_v10
Adding component instance block -- xilinx.com:ip:lmb_v10:3.0 - ilmb_v10
Adding component instance block -- xilinx.com:ip:lmb_bram_if_cntlr:4.0 - dlmb_bram_if_cntlr
Adding component instance block -- xilinx.com:ip:lmb_bram_if_cntlr:4.0 - ilmb_bram_if_cntlr
Adding component instance block -- xilinx.com:ip:blk_mem_gen:8.4 - lmb_bram
Adding component instance block -- xilinx.com:ip:axi_interconnect:2.1 - microblaze_riscv_0_axi_periph
Adding component instance block -- xilinx.com:ip:axi_crossbar:2.1 - xbar
Adding component instance block -- xilinx.com:ip:axi_intc:4.1 - microblaze_riscv_0_axi_intc
Adding component instance block -- xilinx.com:ip:xlconcat:2.1 - microblaze_riscv_0_xlconcat
Adding component instance block -- xilinx.com:ip:mdm_riscv:1.0 - mdm_1
Adding component instance block -- xilinx.com:ip:proc_sys_reset:5.0 - rst_clk_wiz_100M
Adding component instance block -- xilinx.com:ip:axi_uartlite:2.0 - axi_uartlite_0
Adding component instance block -- xilinx.com:ip:axi_timer:2.0 - axi_timer_0
Adding component instance block -- xilinx.com:ip:axi_gpio:2.0 - axi_gpio_test_ctrl
Adding component instance block -- xilinx.com:module_ref:test_pattern_generator_gpio_adapter:1.0 - test_pattern_generator_gpio_adapter_0
Successfully read diagram <base_soc> from block design file </home/user4/workspace_ondevice_3/Logic Analysis/comparison/ila_reference/build/step9_common_baseline/staged_common/build/base_soc/edgescope_comparison_base.srcs/sources_1/bd/base_soc/base_soc.bd>
INFO: [BD 5-320] Validate design is not run, since the design is already validated.
INFO: [BD 41-1662] The design 'base_soc.bd' is already validated. Therefore parameter propagation will not be re-run.
WARNING: [filemgmt 56-443] The ECC Algorithm string is empty. Setting the Memory Map to default ECC value to ECC_NONE.
WARNING: [filemgmt 56-443] The ECC Algorithm string is empty. Setting the Memory Map to default ECC value to ECC_NONE.
Verilog Output written to : /home/user4/workspace_ondevice_3/Logic Analysis/comparison/ila_reference/build/step9_common_baseline/staged_common/build/base_soc/edgescope_comparison_base.gen/sources_1/bd/base_soc/synth/base_soc.v
Verilog Output written to : /home/user4/workspace_ondevice_3/Logic Analysis/comparison/ila_reference/build/step9_common_baseline/staged_common/build/base_soc/edgescope_comparison_base.gen/sources_1/bd/base_soc/sim/base_soc.v
Verilog Output written to : /home/user4/workspace_ondevice_3/Logic Analysis/comparison/ila_reference/build/step9_common_baseline/staged_common/build/base_soc/edgescope_comparison_base.gen/sources_1/bd/base_soc/hdl/base_soc_wrapper.v
INFO: [BD 41-1029] Generation completed for the IP Integrator block clk_wiz .
INFO: [BD 41-1029] Generation completed for the IP Integrator block microblaze_riscv_0 .
INFO: [BD 41-1029] Generation completed for the IP Integrator block microblaze_riscv_0_local_memory/dlmb_v10 .
INFO: [BD 41-1029] Generation completed for the IP Integrator block microblaze_riscv_0_local_memory/ilmb_v10 .
INFO: [BD 41-1029] Generation completed for the IP Integrator block microblaze_riscv_0_local_memory/dlmb_bram_if_cntlr .
INFO: [BD 41-1029] Generation completed for the IP Integrator block microblaze_riscv_0_local_memory/ilmb_bram_if_cntlr .
INFO: [BD 41-1029] Generation completed for the IP Integrator block microblaze_riscv_0_local_memory/lmb_bram .
INFO: [BD 41-1029] Generation completed for the IP Integrator block microblaze_riscv_0_axi_periph/xbar .
INFO: [BD 41-1029] Generation completed for the IP Integrator block microblaze_riscv_0_axi_intc .
INFO: [BD 41-1029] Generation completed for the IP Integrator block microblaze_riscv_0_xlconcat .
INFO: [BD 41-1029] Generation completed for the IP Integrator block mdm_1 .
INFO: [BD 41-1029] Generation completed for the IP Integrator block rst_clk_wiz_100M .
WARNING: [IP_Flow 19-4994] Overwriting existing constraint file '/home/user4/workspace_ondevice_3/Logic Analysis/comparison/ila_reference/build/step9_common_baseline/staged_common/build/base_soc/edgescope_comparison_base.gen/sources_1/bd/base_soc/ip/base_soc_axi_uartlite_0_0/base_soc_axi_uartlite_0_0_ooc.xdc'
INFO: [BD 41-1029] Generation completed for the IP Integrator block axi_uartlite_0 .
WARNING: [IP_Flow 19-4994] Overwriting existing constraint file '/home/user4/workspace_ondevice_3/Logic Analysis/comparison/ila_reference/build/step9_common_baseline/staged_common/build/base_soc/edgescope_comparison_base.gen/sources_1/bd/base_soc/ip/base_soc_axi_timer_0_0/base_soc_axi_timer_0_0_ooc.xdc'
INFO: [BD 41-1029] Generation completed for the IP Integrator block axi_timer_0 .
INFO: [BD 41-1029] Generation completed for the IP Integrator block axi_gpio_test_ctrl .
INFO: [BD 41-1029] Generation completed for the IP Integrator block test_pattern_generator_gpio_adapter_0 .
Exporting to file /home/user4/workspace_ondevice_3/Logic Analysis/comparison/ila_reference/build/step9_common_baseline/staged_common/build/base_soc/edgescope_comparison_base.gen/sources_1/bd/base_soc/hw_handoff/base_soc.hwh
Generated Hardware Definition File /home/user4/workspace_ondevice_3/Logic Analysis/comparison/ila_reference/build/step9_common_baseline/staged_common/build/base_soc/edgescope_comparison_base.gen/sources_1/bd/base_soc/synth/base_soc.hwdef
ASSERT PASS: Synthesis strategy = Vivado Synthesis Defaults
ASSERT PASS: Implementation strategy = Vivado Implementation Defaults
INFO: [IP_Flow 19-6930] IPCACHE: runCacheChecks() number of threads = 8
INFO: [IP_Flow 19-6921] IPCACHE: Adding cache check func to thread queue for IP base_soc_axi_gpio_test_ctrl_0
INFO: [IP_Flow 19-6921] IPCACHE: Adding cache check func to thread queue for IP base_soc_axi_timer_0_0
INFO: [IP_Flow 19-6921] IPCACHE: Adding cache check func to thread queue for IP base_soc_axi_uartlite_0_0
INFO: [IP_Flow 19-6921] IPCACHE: Adding cache check func to thread queue for IP base_soc_clk_wiz_0
INFO: [IP_Flow 19-6921] IPCACHE: Adding cache check func to thread queue for IP base_soc_dlmb_bram_if_cntlr_0
INFO: [IP_Flow 19-6921] IPCACHE: Adding cache check func to thread queue for IP base_soc_dlmb_v10_0
INFO: [IP_Flow 19-6921] IPCACHE: Adding cache check func to thread queue for IP base_soc_ilmb_bram_if_cntlr_0
INFO: [IP_Flow 19-6921] IPCACHE: Adding cache check func to thread queue for IP base_soc_ilmb_v10_0
INFO: [IP_Flow 19-6921] IPCACHE: Adding cache check func to thread queue for IP base_soc_lmb_bram_0
INFO: [IP_Flow 19-6921] IPCACHE: Adding cache check func to thread queue for IP base_soc_mdm_1_0
INFO: [IP_Flow 19-6921] IPCACHE: Adding cache check func to thread queue for IP base_soc_microblaze_riscv_0_0
INFO: [IP_Flow 19-6921] IPCACHE: Adding cache check func to thread queue for IP base_soc_microblaze_riscv_0_axi_intc_0
INFO: [IP_Flow 19-6921] IPCACHE: Adding cache check func to thread queue for IP base_soc_microblaze_riscv_0_axi_periph_imp_xbar_0
INFO: [IP_Flow 19-6921] IPCACHE: Adding cache check func to thread queue for IP base_soc_rst_clk_wiz_100M_0
INFO: [IP_Flow 19-8020] IPCACHE: runCacheChecks() calling threadPool finishWork()
INFO: [IP_Flow 19-6924] IPCACHE: Running cache check for IP inst: base_soc_axi_gpio_test_ctrl_0
INFO: [IP_Flow 19-6924] IPCACHE: Running cache check for IP inst: base_soc_microblaze_riscv_0_axi_intc_0
INFO: [IP_Flow 19-6924] IPCACHE: Running cache check for IP inst: base_soc_rst_clk_wiz_100M_0
INFO: [IP_Flow 19-6924] IPCACHE: Running cache check for IP inst: base_soc_axi_timer_0_0
INFO: [IP_Flow 19-6924] IPCACHE: Running cache check for IP inst: base_soc_axi_uartlite_0_0
INFO: [IP_Flow 19-6924] IPCACHE: Running cache check for IP inst: base_soc_microblaze_riscv_0_axi_periph_imp_xbar_0
INFO: [IP_Flow 19-6924] IPCACHE: Running cache check for IP inst: base_soc_microblaze_riscv_0_0
INFO: [IP_Flow 19-6924] IPCACHE: Running cache check for IP inst: base_soc_clk_wiz_0
INFO: [IP_Flow 19-6924] IPCACHE: Running cache check for IP inst: base_soc_dlmb_bram_if_cntlr_0
INFO: [IP_Flow 19-6924] IPCACHE: Running cache check for IP inst: base_soc_dlmb_v10_0
INFO: [IP_Flow 19-6924] IPCACHE: Running cache check for IP inst: base_soc_ilmb_bram_if_cntlr_0
INFO: [IP_Flow 19-6924] IPCACHE: Running cache check for IP inst: base_soc_ilmb_v10_0
INFO: [IP_Flow 19-6924] IPCACHE: Running cache check for IP inst: base_soc_lmb_bram_0
INFO: [IP_Flow 19-6924] IPCACHE: Running cache check for IP inst: base_soc_mdm_1_0
WARNING: [Vivado 12-7122] Auto Incremental Compile:: No reference checkpoint was found in run synth_1. Auto-incremental flow will not be run, the standard flow will be run instead.
[Wed Jul 29 19:51:08 2026] Launched base_soc_dlmb_v10_0_synth_1, base_soc_clk_wiz_0_synth_1, base_soc_lmb_bram_0_synth_1, base_soc_test_pattern_generator_gpio_adapter_0_0_synth_1, base_soc_dlmb_bram_if_cntlr_0_synth_1, base_soc_mdm_1_0_synth_1, base_soc_axi_uartlite_0_0_synth_1, base_soc_axi_timer_0_0_synth_1, base_soc_microblaze_riscv_0_axi_intc_0_synth_1, base_soc_microblaze_riscv_0_axi_periph_imp_xbar_0_synth_1, base_soc_axi_gpio_test_ctrl_0_synth_1, base_soc_ilmb_v10_0_synth_1, base_soc_ilmb_bram_if_cntlr_0_synth_1, base_soc_rst_clk_wiz_100M_0_synth_1, base_soc_microblaze_riscv_0_0_synth_1...
Run output will be captured here:
base_soc_dlmb_v10_0_synth_1: /home/user4/workspace_ondevice_3/Logic Analysis/comparison/ila_reference/build/step9_common_baseline/staged_common/build/base_soc/edgescope_comparison_base.runs/base_soc_dlmb_v10_0_synth_1/runme.log
base_soc_clk_wiz_0_synth_1: /home/user4/workspace_ondevice_3/Logic Analysis/comparison/ila_reference/build/step9_common_baseline/staged_common/build/base_soc/edgescope_comparison_base.runs/base_soc_clk_wiz_0_synth_1/runme.log
base_soc_lmb_bram_0_synth_1: /home/user4/workspace_ondevice_3/Logic Analysis/comparison/ila_reference/build/step9_common_baseline/staged_common/build/base_soc/edgescope_comparison_base.runs/base_soc_lmb_bram_0_synth_1/runme.log
base_soc_test_pattern_generator_gpio_adapter_0_0_synth_1: /home/user4/workspace_ondevice_3/Logic Analysis/comparison/ila_reference/build/step9_common_baseline/staged_common/build/base_soc/edgescope_comparison_base.runs/base_soc_test_pattern_generator_gpio_adapter_0_0_synth_1/runme.log
base_soc_dlmb_bram_if_cntlr_0_synth_1: /home/user4/workspace_ondevice_3/Logic Analysis/comparison/ila_reference/build/step9_common_baseline/staged_common/build/base_soc/edgescope_comparison_base.runs/base_soc_dlmb_bram_if_cntlr_0_synth_1/runme.log
base_soc_mdm_1_0_synth_1: /home/user4/workspace_ondevice_3/Logic Analysis/comparison/ila_reference/build/step9_common_baseline/staged_common/build/base_soc/edgescope_comparison_base.runs/base_soc_mdm_1_0_synth_1/runme.log
base_soc_axi_uartlite_0_0_synth_1: /home/user4/workspace_ondevice_3/Logic Analysis/comparison/ila_reference/build/step9_common_baseline/staged_common/build/base_soc/edgescope_comparison_base.runs/base_soc_axi_uartlite_0_0_synth_1/runme.log
base_soc_axi_timer_0_0_synth_1: /home/user4/workspace_ondevice_3/Logic Analysis/comparison/ila_reference/build/step9_common_baseline/staged_common/build/base_soc/edgescope_comparison_base.runs/base_soc_axi_timer_0_0_synth_1/runme.log
base_soc_microblaze_riscv_0_axi_intc_0_synth_1: /home/user4/workspace_ondevice_3/Logic Analysis/comparison/ila_reference/build/step9_common_baseline/staged_common/build/base_soc/edgescope_comparison_base.runs/base_soc_microblaze_riscv_0_axi_intc_0_synth_1/runme.log
base_soc_microblaze_riscv_0_axi_periph_imp_xbar_0_synth_1: /home/user4/workspace_ondevice_3/Logic Analysis/comparison/ila_reference/build/step9_common_baseline/staged_common/build/base_soc/edgescope_comparison_base.runs/base_soc_microblaze_riscv_0_axi_periph_imp_xbar_0_synth_1/runme.log
base_soc_axi_gpio_test_ctrl_0_synth_1: /home/user4/workspace_ondevice_3/Logic Analysis/comparison/ila_reference/build/step9_common_baseline/staged_common/build/base_soc/edgescope_comparison_base.runs/base_soc_axi_gpio_test_ctrl_0_synth_1/runme.log
base_soc_ilmb_v10_0_synth_1: /home/user4/workspace_ondevice_3/Logic Analysis/comparison/ila_reference/build/step9_common_baseline/staged_common/build/base_soc/edgescope_comparison_base.runs/base_soc_ilmb_v10_0_synth_1/runme.log
base_soc_ilmb_bram_if_cntlr_0_synth_1: /home/user4/workspace_ondevice_3/Logic Analysis/comparison/ila_reference/build/step9_common_baseline/staged_common/build/base_soc/edgescope_comparison_base.runs/base_soc_ilmb_bram_if_cntlr_0_synth_1/runme.log
base_soc_rst_clk_wiz_100M_0_synth_1: /home/user4/workspace_ondevice_3/Logic Analysis/comparison/ila_reference/build/step9_common_baseline/staged_common/build/base_soc/edgescope_comparison_base.runs/base_soc_rst_clk_wiz_100M_0_synth_1/runme.log
base_soc_microblaze_riscv_0_0_synth_1: /home/user4/workspace_ondevice_3/Logic Analysis/comparison/ila_reference/build/step9_common_baseline/staged_common/build/base_soc/edgescope_comparison_base.runs/base_soc_microblaze_riscv_0_0_synth_1/runme.log
[Wed Jul 29 19:51:08 2026] Launched synth_1...
Run output will be captured here: /home/user4/workspace_ondevice_3/Logic Analysis/comparison/ila_reference/build/step9_common_baseline/staged_common/build/base_soc/edgescope_comparison_base.runs/synth_1/runme.log
[Wed Jul 29 19:51:08 2026] Waiting for synth_1 to finish...
/media/user4/data/tools/Vivado/2024.2/bin/setupEnv.sh: line 236: [: /home/user4/workspace_ondevice_3/Logic: binary operator expected

*** Running vivado
    with args -log base_soc_wrapper.vds -m64 -product Vivado -mode batch -messageDb vivado.pb -notrace -source base_soc_wrapper.tcl

/media/user4/data/tools/Vivado/2024.2/bin/setupEnv.sh: line 236: [: /home/user4/workspace_ondevice_3/Logic: binary operator expected

****** Vivado v2024.2 (64-bit)
  **** SW Build 5239630 on Fri Nov 08 22:34:34 MST 2024
  **** IP Build 5239520 on Sun Nov 10 16:12:51 MST 2024
  **** SharedData Build 5239561 on Fri Nov 08 14:39:27 MST 2024
  **** Start of session at: Wed Jul 29 19:56:37 2026
    ** Copyright 1986-2022 Xilinx, Inc. All Rights Reserved.
    ** Copyright 2022-2024 Advanced Micro Devices, Inc. All Rights Reserved.

CRITICAL WARNING: [Common 17-741] No write access right to the local Tcl store at '/home/user4/.Xilinx/Vivado/2024.2/XilinxTclStore'. XilinxTclStore is reverted to the installation area. If you want to use local Tcl Store, please change the access right and relaunch Vivado.
source base_soc_wrapper.tcl -notrace
INFO: [IP_Flow 19-234] Refreshing IP repositories
INFO: [IP_Flow 19-1704] No user IP repositories specified
INFO: [IP_Flow 19-2313] Loaded Vivado IP repository '/media/user4/data/tools/Vivado/2024.2/data/ip'.
INFO: [Project 1-5578] Found utility IPs instantiated in block design /home/user4/workspace_ondevice_3/Logic Analysis/comparison/ila_reference/build/step9_common_baseline/staged_common/build/base_soc/edgescope_comparison_base.srcs/sources_1/bd/base_soc/base_soc.bd which have equivalent inline hdl with improved performance and reduced diskspace.
It is recommended to migrate these utility IPs to inline hdl  using the command upgrade_project -migrate_to_inline_hdl.  The utility IPs may be deprecated in future releases.
More information on inline hdl is available in UG994. 
Command: synth_design -top base_soc_wrapper -part xc7a35tcpg236-1
Starting synth_design
Attempting to get a license for feature 'Synthesis' and/or device 'xc7a35t'
INFO: [Common 17-349] Got license for feature 'Synthesis' and/or device 'xc7a35t'
INFO: [Device 21-403] Loading part xc7a35tcpg236-1
INFO: [Synth 8-7079] Multithreading enabled for synth_design using a maximum of 2 processes.
INFO: [Synth 8-7078] Launching helper process for spawning children vivado processes
INFO: [Synth 8-7075] Helper process launched with PID 5560
/media/user4/data/tools/Vivado/2024.2/bin/setupEnv.sh: line 236: [: /home/user4/workspace_ondevice_3/Logic: binary operator expected
---------------------------------------------------------------------------------
Starting RTL Elaboration : Time (s): cpu = 00:00:03 ; elapsed = 00:00:03 . Memory (MB): peak = 1887.824 ; gain = 238.676 ; free physical = 987 ; free virtual = 26808
---------------------------------------------------------------------------------
INFO: [Synth 8-6157] synthesizing module 'base_soc_wrapper' [/home/user4/workspace_ondevice_3/Logic Analysis/comparison/ila_reference/build/step9_common_baseline/staged_common/build/base_soc/edgescope_comparison_base.srcs/sources_1/imports/hdl/base_soc_wrapper.v:13]
INFO: [Synth 8-6157] synthesizing module 'base_soc' [/home/user4/workspace_ondevice_3/Logic Analysis/comparison/ila_reference/build/step9_common_baseline/staged_common/build/base_soc/edgescope_comparison_base.gen/sources_1/bd/base_soc/synth/base_soc.v:13]
INFO: [Synth 8-6157] synthesizing module 'base_soc_axi_gpio_test_ctrl_0' [/home/user4/workspace_ondevice_3/Logic Analysis/comparison/ila_reference/build/step9_common_baseline/staged_common/build/base_soc/edgescope_comparison_base.runs/synth_1/.Xil/Vivado-5504-user4-B80KV-AP35BKE/realtime/base_soc_axi_gpio_test_ctrl_0_stub.v:6]
INFO: [Synth 8-6155] done synthesizing module 'base_soc_axi_gpio_test_ctrl_0' (0#1) [/home/user4/workspace_ondevice_3/Logic Analysis/comparison/ila_reference/build/step9_common_baseline/staged_common/build/base_soc/edgescope_comparison_base.runs/synth_1/.Xil/Vivado-5504-user4-B80KV-AP35BKE/realtime/base_soc_axi_gpio_test_ctrl_0_stub.v:6]
INFO: [Synth 8-6157] synthesizing module 'base_soc_axi_timer_0_0' [/home/user4/workspace_ondevice_3/Logic Analysis/comparison/ila_reference/build/step9_common_baseline/staged_common/build/base_soc/edgescope_comparison_base.runs/synth_1/.Xil/Vivado-5504-user4-B80KV-AP35BKE/realtime/base_soc_axi_timer_0_0_stub.v:6]
INFO: [Synth 8-6155] done synthesizing module 'base_soc_axi_timer_0_0' (0#1) [/home/user4/workspace_ondevice_3/Logic Analysis/comparison/ila_reference/build/step9_common_baseline/staged_common/build/base_soc/edgescope_comparison_base.runs/synth_1/.Xil/Vivado-5504-user4-B80KV-AP35BKE/realtime/base_soc_axi_timer_0_0_stub.v:6]
WARNING: [Synth 8-7071] port 'generateout0' of module 'base_soc_axi_timer_0_0' is unconnected for instance 'axi_timer_0' [/home/user4/workspace_ondevice_3/Logic Analysis/comparison/ila_reference/build/step9_common_baseline/staged_common/build/base_soc/edgescope_comparison_base.gen/sources_1/bd/base_soc/synth/base_soc.v:180]
WARNING: [Synth 8-7071] port 'generateout1' of module 'base_soc_axi_timer_0_0' is unconnected for instance 'axi_timer_0' [/home/user4/workspace_ondevice_3/Logic Analysis/comparison/ila_reference/build/step9_common_baseline/staged_common/build/base_soc/edgescope_comparison_base.gen/sources_1/bd/base_soc/synth/base_soc.v:180]
WARNING: [Synth 8-7071] port 'pwm0' of module 'base_soc_axi_timer_0_0' is unconnected for instance 'axi_timer_0' [/home/user4/workspace_ondevice_3/Logic Analysis/comparison/ila_reference/build/step9_common_baseline/staged_common/build/base_soc/edgescope_comparison_base.gen/sources_1/bd/base_soc/synth/base_soc.v:180]
WARNING: [Synth 8-7023] instance 'axi_timer_0' of module 'base_soc_axi_timer_0_0' has 26 connections declared, but only 23 given [/home/user4/workspace_ondevice_3/Logic Analysis/comparison/ila_reference/build/step9_common_baseline/staged_common/build/base_soc/edgescope_comparison_base.gen/sources_1/bd/base_soc/synth/base_soc.v:180]
INFO: [Synth 8-6157] synthesizing module 'base_soc_axi_uartlite_0_0' [/home/user4/workspace_ondevice_3/Logic Analysis/comparison/ila_reference/build/step9_common_baseline/staged_common/build/base_soc/edgescope_comparison_base.runs/synth_1/.Xil/Vivado-5504-user4-B80KV-AP35BKE/realtime/base_soc_axi_uartlite_0_0_stub.v:6]
INFO: [Synth 8-6155] done synthesizing module 'base_soc_axi_uartlite_0_0' (0#1) [/home/user4/workspace_ondevice_3/Logic Analysis/comparison/ila_reference/build/step9_common_baseline/staged_common/build/base_soc/edgescope_comparison_base.runs/synth_1/.Xil/Vivado-5504-user4-B80KV-AP35BKE/realtime/base_soc_axi_uartlite_0_0_stub.v:6]
INFO: [Synth 8-6157] synthesizing module 'base_soc_clk_wiz_0' [/home/user4/workspace_ondevice_3/Logic Analysis/comparison/ila_reference/build/step9_common_baseline/staged_common/build/base_soc/edgescope_comparison_base.runs/synth_1/.Xil/Vivado-5504-user4-B80KV-AP35BKE/realtime/base_soc_clk_wiz_0_stub.v:6]
INFO: [Synth 8-6155] done synthesizing module 'base_soc_clk_wiz_0' (0#1) [/home/user4/workspace_ondevice_3/Logic Analysis/comparison/ila_reference/build/step9_common_baseline/staged_common/build/base_soc/edgescope_comparison_base.runs/synth_1/.Xil/Vivado-5504-user4-B80KV-AP35BKE/realtime/base_soc_clk_wiz_0_stub.v:6]
INFO: [Synth 8-6157] synthesizing module 'base_soc_mdm_1_0' [/home/user4/workspace_ondevice_3/Logic Analysis/comparison/ila_reference/build/step9_common_baseline/staged_common/build/base_soc/edgescope_comparison_base.runs/synth_1/.Xil/Vivado-5504-user4-B80KV-AP35BKE/realtime/base_soc_mdm_1_0_stub.v:6]
INFO: [Synth 8-6155] done synthesizing module 'base_soc_mdm_1_0' (0#1) [/home/user4/workspace_ondevice_3/Logic Analysis/comparison/ila_reference/build/step9_common_baseline/staged_common/build/base_soc/edgescope_comparison_base.runs/synth_1/.Xil/Vivado-5504-user4-B80KV-AP35BKE/realtime/base_soc_mdm_1_0_stub.v:6]
INFO: [Synth 8-6157] synthesizing module 'base_soc_microblaze_riscv_0_0' [/home/user4/workspace_ondevice_3/Logic Analysis/comparison/ila_reference/build/step9_common_baseline/staged_common/build/base_soc/edgescope_comparison_base.runs/synth_1/.Xil/Vivado-5504-user4-B80KV-AP35BKE/realtime/base_soc_microblaze_riscv_0_0_stub.v:6]
INFO: [Synth 8-6155] done synthesizing module 'base_soc_microblaze_riscv_0_0' (0#1) [/home/user4/workspace_ondevice_3/Logic Analysis/comparison/ila_reference/build/step9_common_baseline/staged_common/build/base_soc/edgescope_comparison_base.runs/synth_1/.Xil/Vivado-5504-user4-B80KV-AP35BKE/realtime/base_soc_microblaze_riscv_0_0_stub.v:6]
INFO: [Synth 8-6157] synthesizing module 'base_soc_microblaze_riscv_0_axi_intc_0' [/home/user4/workspace_ondevice_3/Logic Analysis/comparison/ila_reference/build/step9_common_baseline/staged_common/build/base_soc/edgescope_comparison_base.runs/synth_1/.Xil/Vivado-5504-user4-B80KV-AP35BKE/realtime/base_soc_microblaze_riscv_0_axi_intc_0_stub.v:6]
INFO: [Synth 8-6155] done synthesizing module 'base_soc_microblaze_riscv_0_axi_intc_0' (0#1) [/home/user4/workspace_ondevice_3/Logic Analysis/comparison/ila_reference/build/step9_common_baseline/staged_common/build/base_soc/edgescope_comparison_base.runs/synth_1/.Xil/Vivado-5504-user4-B80KV-AP35BKE/realtime/base_soc_microblaze_riscv_0_axi_intc_0_stub.v:6]
INFO: [Synth 8-6157] synthesizing module 'base_soc_microblaze_riscv_0_axi_periph_0' [/home/user4/workspace_ondevice_3/Logic Analysis/comparison/ila_reference/build/step9_common_baseline/staged_common/build/base_soc/edgescope_comparison_base.gen/sources_1/bd/base_soc/synth/base_soc.v:466]
INFO: [Synth 8-6157] synthesizing module 'm00_couplers_imp_1VR6OK6' [/home/user4/workspace_ondevice_3/Logic Analysis/comparison/ila_reference/build/step9_common_baseline/staged_common/build/base_soc/edgescope_comparison_base.gen/sources_1/bd/base_soc/synth/base_soc.v:1083]
INFO: [Synth 8-6155] done synthesizing module 'm00_couplers_imp_1VR6OK6' (0#1) [/home/user4/workspace_ondevice_3/Logic Analysis/comparison/ila_reference/build/step9_common_baseline/staged_common/build/base_soc/edgescope_comparison_base.gen/sources_1/bd/base_soc/synth/base_soc.v:1083]
INFO: [Synth 8-6157] synthesizing module 'm01_couplers_imp_7LK9IV' [/home/user4/workspace_ondevice_3/Logic Analysis/comparison/ila_reference/build/step9_common_baseline/staged_common/build/base_soc/edgescope_comparison_base.gen/sources_1/bd/base_soc/synth/base_soc.v:1198]
INFO: [Synth 8-6155] done synthesizing module 'm01_couplers_imp_7LK9IV' (0#1) [/home/user4/workspace_ondevice_3/Logic Analysis/comparison/ila_reference/build/step9_common_baseline/staged_common/build/base_soc/edgescope_comparison_base.gen/sources_1/bd/base_soc/synth/base_soc.v:1198]
INFO: [Synth 8-6157] synthesizing module 'm02_couplers_imp_1V48VV9' [/home/user4/workspace_ondevice_3/Logic Analysis/comparison/ila_reference/build/step9_common_baseline/staged_common/build/base_soc/edgescope_comparison_base.gen/sources_1/bd/base_soc/synth/base_soc.v:1313]
INFO: [Synth 8-6155] done synthesizing module 'm02_couplers_imp_1V48VV9' (0#1) [/home/user4/workspace_ondevice_3/Logic Analysis/comparison/ila_reference/build/step9_common_baseline/staged_common/build/base_soc/edgescope_comparison_base.gen/sources_1/bd/base_soc/synth/base_soc.v:1313]
INFO: [Synth 8-6157] synthesizing module 'm03_couplers_imp_8ITINO' [/home/user4/workspace_ondevice_3/Logic Analysis/comparison/ila_reference/build/step9_common_baseline/staged_common/build/base_soc/edgescope_comparison_base.gen/sources_1/bd/base_soc/synth/base_soc.v:1428]
INFO: [Synth 8-6155] done synthesizing module 'm03_couplers_imp_8ITINO' (0#1) [/home/user4/workspace_ondevice_3/Logic Analysis/comparison/ila_reference/build/step9_common_baseline/staged_common/build/base_soc/edgescope_comparison_base.gen/sources_1/bd/base_soc/synth/base_soc.v:1428]
INFO: [Synth 8-6157] synthesizing module 's00_couplers_imp_3MG6TW' [/home/user4/workspace_ondevice_3/Logic Analysis/comparison/ila_reference/build/step9_common_baseline/staged_common/build/base_soc/edgescope_comparison_base.gen/sources_1/bd/base_soc/synth/base_soc.v:1756]
INFO: [Synth 8-6155] done synthesizing module 's00_couplers_imp_3MG6TW' (0#1) [/home/user4/workspace_ondevice_3/Logic Analysis/comparison/ila_reference/build/step9_common_baseline/staged_common/build/base_soc/edgescope_comparison_base.gen/sources_1/bd/base_soc/synth/base_soc.v:1756]
INFO: [Synth 8-6157] synthesizing module 'base_soc_microblaze_riscv_0_axi_periph_imp_xbar_0' [/home/user4/workspace_ondevice_3/Logic Analysis/comparison/ila_reference/build/step9_common_baseline/staged_common/build/base_soc/edgescope_comparison_base.runs/synth_1/.Xil/Vivado-5504-user4-B80KV-AP35BKE/realtime/base_soc_microblaze_riscv_0_axi_periph_imp_xbar_0_stub.v:6]
INFO: [Synth 8-6155] done synthesizing module 'base_soc_microblaze_riscv_0_axi_periph_imp_xbar_0' (0#1) [/home/user4/workspace_ondevice_3/Logic Analysis/comparison/ila_reference/build/step9_common_baseline/staged_common/build/base_soc/edgescope_comparison_base.runs/synth_1/.Xil/Vivado-5504-user4-B80KV-AP35BKE/realtime/base_soc_microblaze_riscv_0_axi_periph_imp_xbar_0_stub.v:6]
WARNING: [Synth 8-7071] port 'm_axi_awprot' of module 'base_soc_microblaze_riscv_0_axi_periph_imp_xbar_0' is unconnected for instance 'xbar' [/home/user4/workspace_ondevice_3/Logic Analysis/comparison/ila_reference/build/step9_common_baseline/staged_common/build/base_soc/edgescope_comparison_base.gen/sources_1/bd/base_soc/synth/base_soc.v:1042]
WARNING: [Synth 8-7071] port 'm_axi_arprot' of module 'base_soc_microblaze_riscv_0_axi_periph_imp_xbar_0' is unconnected for instance 'xbar' [/home/user4/workspace_ondevice_3/Logic Analysis/comparison/ila_reference/build/step9_common_baseline/staged_common/build/base_soc/edgescope_comparison_base.gen/sources_1/bd/base_soc/synth/base_soc.v:1042]
WARNING: [Synth 8-7023] instance 'xbar' of module 'base_soc_microblaze_riscv_0_axi_periph_imp_xbar_0' has 40 connections declared, but only 38 given [/home/user4/workspace_ondevice_3/Logic Analysis/comparison/ila_reference/build/step9_common_baseline/staged_common/build/base_soc/edgescope_comparison_base.gen/sources_1/bd/base_soc/synth/base_soc.v:1042]
INFO: [Synth 8-6155] done synthesizing module 'base_soc_microblaze_riscv_0_axi_periph_0' (0#1) [/home/user4/workspace_ondevice_3/Logic Analysis/comparison/ila_reference/build/step9_common_baseline/staged_common/build/base_soc/edgescope_comparison_base.gen/sources_1/bd/base_soc/synth/base_soc.v:466]
INFO: [Synth 8-6157] synthesizing module 'microblaze_riscv_0_local_memory_imp_R4JR1S' [/home/user4/workspace_ondevice_3/Logic Analysis/comparison/ila_reference/build/step9_common_baseline/staged_common/build/base_soc/edgescope_comparison_base.gen/sources_1/bd/base_soc/synth/base_soc.v:1543]
INFO: [Synth 8-6157] synthesizing module 'base_soc_dlmb_bram_if_cntlr_0' [/home/user4/workspace_ondevice_3/Logic Analysis/comparison/ila_reference/build/step9_common_baseline/staged_common/build/base_soc/edgescope_comparison_base.runs/synth_1/.Xil/Vivado-5504-user4-B80KV-AP35BKE/realtime/base_soc_dlmb_bram_if_cntlr_0_stub.v:6]
INFO: [Synth 8-6155] done synthesizing module 'base_soc_dlmb_bram_if_cntlr_0' (0#1) [/home/user4/workspace_ondevice_3/Logic Analysis/comparison/ila_reference/build/step9_common_baseline/staged_common/build/base_soc/edgescope_comparison_base.runs/synth_1/.Xil/Vivado-5504-user4-B80KV-AP35BKE/realtime/base_soc_dlmb_bram_if_cntlr_0_stub.v:6]
INFO: [Synth 8-6157] synthesizing module 'base_soc_dlmb_v10_0' [/home/user4/workspace_ondevice_3/Logic Analysis/comparison/ila_reference/build/step9_common_baseline/staged_common/build/base_soc/edgescope_comparison_base.runs/synth_1/.Xil/Vivado-5504-user4-B80KV-AP35BKE/realtime/base_soc_dlmb_v10_0_stub.v:6]
INFO: [Synth 8-6155] done synthesizing module 'base_soc_dlmb_v10_0' (0#1) [/home/user4/workspace_ondevice_3/Logic Analysis/comparison/ila_reference/build/step9_common_baseline/staged_common/build/base_soc/edgescope_comparison_base.runs/synth_1/.Xil/Vivado-5504-user4-B80KV-AP35BKE/realtime/base_soc_dlmb_v10_0_stub.v:6]
WARNING: [Synth 8-7071] port 'LMB_Rst' of module 'base_soc_dlmb_v10_0' is unconnected for instance 'dlmb_v10' [/home/user4/workspace_ondevice_3/Logic Analysis/comparison/ila_reference/build/step9_common_baseline/staged_common/build/base_soc/edgescope_comparison_base.gen/sources_1/bd/base_soc/synth/base_soc.v:1668]
WARNING: [Synth 8-7023] instance 'dlmb_v10' of module 'base_soc_dlmb_v10_0' has 25 connections declared, but only 24 given [/home/user4/workspace_ondevice_3/Logic Analysis/comparison/ila_reference/build/step9_common_baseline/staged_common/build/base_soc/edgescope_comparison_base.gen/sources_1/bd/base_soc/synth/base_soc.v:1668]
INFO: [Synth 8-6157] synthesizing module 'base_soc_ilmb_bram_if_cntlr_0' [/home/user4/workspace_ondevice_3/Logic Analysis/comparison/ila_reference/build/step9_common_baseline/staged_common/build/base_soc/edgescope_comparison_base.runs/synth_1/.Xil/Vivado-5504-user4-B80KV-AP35BKE/realtime/base_soc_ilmb_bram_if_cntlr_0_stub.v:6]
INFO: [Synth 8-6155] done synthesizing module 'base_soc_ilmb_bram_if_cntlr_0' (0#1) [/home/user4/workspace_ondevice_3/Logic Analysis/comparison/ila_reference/build/step9_common_baseline/staged_common/build/base_soc/edgescope_comparison_base.runs/synth_1/.Xil/Vivado-5504-user4-B80KV-AP35BKE/realtime/base_soc_ilmb_bram_if_cntlr_0_stub.v:6]
INFO: [Synth 8-6157] synthesizing module 'base_soc_ilmb_v10_0' [/home/user4/workspace_ondevice_3/Logic Analysis/comparison/ila_reference/build/step9_common_baseline/staged_common/build/base_soc/edgescope_comparison_base.runs/synth_1/.Xil/Vivado-5504-user4-B80KV-AP35BKE/realtime/base_soc_ilmb_v10_0_stub.v:6]
INFO: [Synth 8-6155] done synthesizing module 'base_soc_ilmb_v10_0' (0#1) [/home/user4/workspace_ondevice_3/Logic Analysis/comparison/ila_reference/build/step9_common_baseline/staged_common/build/base_soc/edgescope_comparison_base.runs/synth_1/.Xil/Vivado-5504-user4-B80KV-AP35BKE/realtime/base_soc_ilmb_v10_0_stub.v:6]
WARNING: [Synth 8-7071] port 'LMB_Rst' of module 'base_soc_ilmb_v10_0' is unconnected for instance 'ilmb_v10' [/home/user4/workspace_ondevice_3/Logic Analysis/comparison/ila_reference/build/step9_common_baseline/staged_common/build/base_soc/edgescope_comparison_base.gen/sources_1/bd/base_soc/synth/base_soc.v:1714]
WARNING: [Synth 8-7023] instance 'ilmb_v10' of module 'base_soc_ilmb_v10_0' has 25 connections declared, but only 24 given [/home/user4/workspace_ondevice_3/Logic Analysis/comparison/ila_reference/build/step9_common_baseline/staged_common/build/base_soc/edgescope_comparison_base.gen/sources_1/bd/base_soc/synth/base_soc.v:1714]
INFO: [Synth 8-6157] synthesizing module 'base_soc_lmb_bram_0' [/home/user4/workspace_ondevice_3/Logic Analysis/comparison/ila_reference/build/step9_common_baseline/staged_common/build/base_soc/edgescope_comparison_base.runs/synth_1/.Xil/Vivado-5504-user4-B80KV-AP35BKE/realtime/base_soc_lmb_bram_0_stub.v:6]
INFO: [Synth 8-6155] done synthesizing module 'base_soc_lmb_bram_0' (0#1) [/home/user4/workspace_ondevice_3/Logic Analysis/comparison/ila_reference/build/step9_common_baseline/staged_common/build/base_soc/edgescope_comparison_base.runs/synth_1/.Xil/Vivado-5504-user4-B80KV-AP35BKE/realtime/base_soc_lmb_bram_0_stub.v:6]
WARNING: [Synth 8-7071] port 'rsta_busy' of module 'base_soc_lmb_bram_0' is unconnected for instance 'lmb_bram' [/home/user4/workspace_ondevice_3/Logic Analysis/comparison/ila_reference/build/step9_common_baseline/staged_common/build/base_soc/edgescope_comparison_base.gen/sources_1/bd/base_soc/synth/base_soc.v:1739]
WARNING: [Synth 8-7071] port 'rstb_busy' of module 'base_soc_lmb_bram_0' is unconnected for instance 'lmb_bram' [/home/user4/workspace_ondevice_3/Logic Analysis/comparison/ila_reference/build/step9_common_baseline/staged_common/build/base_soc/edgescope_comparison_base.gen/sources_1/bd/base_soc/synth/base_soc.v:1739]
WARNING: [Synth 8-7023] instance 'lmb_bram' of module 'base_soc_lmb_bram_0' has 16 connections declared, but only 14 given [/home/user4/workspace_ondevice_3/Logic Analysis/comparison/ila_reference/build/step9_common_baseline/staged_common/build/base_soc/edgescope_comparison_base.gen/sources_1/bd/base_soc/synth/base_soc.v:1739]
INFO: [Synth 8-6155] done synthesizing module 'microblaze_riscv_0_local_memory_imp_R4JR1S' (0#1) [/home/user4/workspace_ondevice_3/Logic Analysis/comparison/ila_reference/build/step9_common_baseline/staged_common/build/base_soc/edgescope_comparison_base.gen/sources_1/bd/base_soc/synth/base_soc.v:1543]
INFO: [Synth 8-6157] synthesizing module 'base_soc_microblaze_riscv_0_xlconcat_0' [/home/user4/workspace_ondevice_3/Logic Analysis/comparison/ila_reference/build/step9_common_baseline/staged_common/build/base_soc/edgescope_comparison_base.gen/sources_1/bd/base_soc/ip/base_soc_microblaze_riscv_0_xlconcat_0/synth/base_soc_microblaze_riscv_0_xlconcat_0.v:53]
INFO: [Synth 8-6157] synthesizing module 'xlconcat_v2_1_6_xlconcat' [/home/user4/workspace_ondevice_3/Logic Analysis/comparison/ila_reference/build/step9_common_baseline/staged_common/build/base_soc/edgescope_comparison_base.gen/sources_1/bd/base_soc/ipshared/6120/hdl/xlconcat_v2_1_vl_rfs.v:59]
INFO: [Synth 8-6155] done synthesizing module 'xlconcat_v2_1_6_xlconcat' (0#1) [/home/user4/workspace_ondevice_3/Logic Analysis/comparison/ila_reference/build/step9_common_baseline/staged_common/build/base_soc/edgescope_comparison_base.gen/sources_1/bd/base_soc/ipshared/6120/hdl/xlconcat_v2_1_vl_rfs.v:59]
INFO: [Synth 8-6155] done synthesizing module 'base_soc_microblaze_riscv_0_xlconcat_0' (0#1) [/home/user4/workspace_ondevice_3/Logic Analysis/comparison/ila_reference/build/step9_common_baseline/staged_common/build/base_soc/edgescope_comparison_base.gen/sources_1/bd/base_soc/ip/base_soc_microblaze_riscv_0_xlconcat_0/synth/base_soc_microblaze_riscv_0_xlconcat_0.v:53]
INFO: [Synth 8-6157] synthesizing module 'base_soc_rst_clk_wiz_100M_0' [/home/user4/workspace_ondevice_3/Logic Analysis/comparison/ila_reference/build/step9_common_baseline/staged_common/build/base_soc/edgescope_comparison_base.runs/synth_1/.Xil/Vivado-5504-user4-B80KV-AP35BKE/realtime/base_soc_rst_clk_wiz_100M_0_stub.v:6]
INFO: [Synth 8-6155] done synthesizing module 'base_soc_rst_clk_wiz_100M_0' (0#1) [/home/user4/workspace_ondevice_3/Logic Analysis/comparison/ila_reference/build/step9_common_baseline/staged_common/build/base_soc/edgescope_comparison_base.runs/synth_1/.Xil/Vivado-5504-user4-B80KV-AP35BKE/realtime/base_soc_rst_clk_wiz_100M_0_stub.v:6]
WARNING: [Synth 8-7071] port 'peripheral_reset' of module 'base_soc_rst_clk_wiz_100M_0' is unconnected for instance 'rst_clk_wiz_100M' [/home/user4/workspace_ondevice_3/Logic Analysis/comparison/ila_reference/build/step9_common_baseline/staged_common/build/base_soc/edgescope_comparison_base.gen/sources_1/bd/base_soc/synth/base_soc.v:450]
WARNING: [Synth 8-7071] port 'interconnect_aresetn' of module 'base_soc_rst_clk_wiz_100M_0' is unconnected for instance 'rst_clk_wiz_100M' [/home/user4/workspace_ondevice_3/Logic Analysis/comparison/ila_reference/build/step9_common_baseline/staged_common/build/base_soc/edgescope_comparison_base.gen/sources_1/bd/base_soc/synth/base_soc.v:450]
WARNING: [Synth 8-7023] instance 'rst_clk_wiz_100M' of module 'base_soc_rst_clk_wiz_100M_0' has 10 connections declared, but only 8 given [/home/user4/workspace_ondevice_3/Logic Analysis/comparison/ila_reference/build/step9_common_baseline/staged_common/build/base_soc/edgescope_comparison_base.gen/sources_1/bd/base_soc/synth/base_soc.v:450]
INFO: [Synth 8-6157] synthesizing module 'base_soc_test_pattern_generator_gpio_adapter_0_0' [/home/user4/workspace_ondevice_3/Logic Analysis/comparison/ila_reference/build/step9_common_baseline/staged_common/build/base_soc/edgescope_comparison_base.runs/synth_1/.Xil/Vivado-5504-user4-B80KV-AP35BKE/realtime/base_soc_test_pattern_generator_gpio_adapter_0_0_stub.v:6]
INFO: [Synth 8-6155] done synthesizing module 'base_soc_test_pattern_generator_gpio_adapter_0_0' (0#1) [/home/user4/workspace_ondevice_3/Logic Analysis/comparison/ila_reference/build/step9_common_baseline/staged_common/build/base_soc/edgescope_comparison_base.runs/synth_1/.Xil/Vivado-5504-user4-B80KV-AP35BKE/realtime/base_soc_test_pattern_generator_gpio_adapter_0_0_stub.v:6]
WARNING: [Synth 8-7071] port 'probe_test_o' of module 'base_soc_test_pattern_generator_gpio_adapter_0_0' is unconnected for instance 'test_pattern_generator_gpio_adapter_0' [/home/user4/workspace_ondevice_3/Logic Analysis/comparison/ila_reference/build/step9_common_baseline/staged_common/build/base_soc/edgescope_comparison_base.gen/sources_1/bd/base_soc/synth/base_soc.v:459]
WARNING: [Synth 8-7023] instance 'test_pattern_generator_gpio_adapter_0' of module 'base_soc_test_pattern_generator_gpio_adapter_0_0' has 5 connections declared, but only 4 given [/home/user4/workspace_ondevice_3/Logic Analysis/comparison/ila_reference/build/step9_common_baseline/staged_common/build/base_soc/edgescope_comparison_base.gen/sources_1/bd/base_soc/synth/base_soc.v:459]
INFO: [Synth 8-6155] done synthesizing module 'base_soc' (0#1) [/home/user4/workspace_ondevice_3/Logic Analysis/comparison/ila_reference/build/step9_common_baseline/staged_common/build/base_soc/edgescope_comparison_base.gen/sources_1/bd/base_soc/synth/base_soc.v:13]
INFO: [Synth 8-6155] done synthesizing module 'base_soc_wrapper' (0#1) [/home/user4/workspace_ondevice_3/Logic Analysis/comparison/ila_reference/build/step9_common_baseline/staged_common/build/base_soc/edgescope_comparison_base.srcs/sources_1/imports/hdl/base_soc_wrapper.v:13]
WARNING: [Synth 8-7129] Port In2[0] in module xlconcat_v2_1_6_xlconcat is either unconnected or has no load
WARNING: [Synth 8-7129] Port In3[0] in module xlconcat_v2_1_6_xlconcat is either unconnected or has no load
WARNING: [Synth 8-7129] Port In4[0] in module xlconcat_v2_1_6_xlconcat is either unconnected or has no load
WARNING: [Synth 8-7129] Port In5[0] in module xlconcat_v2_1_6_xlconcat is either unconnected or has no load
WARNING: [Synth 8-7129] Port In6[0] in module xlconcat_v2_1_6_xlconcat is either unconnected or has no load
WARNING: [Synth 8-7129] Port In7[0] in module xlconcat_v2_1_6_xlconcat is either unconnected or has no load
WARNING: [Synth 8-7129] Port In8[0] in module xlconcat_v2_1_6_xlconcat is either unconnected or has no load
WARNING: [Synth 8-7129] Port In9[0] in module xlconcat_v2_1_6_xlconcat is either unconnected or has no load
WARNING: [Synth 8-7129] Port In10[0] in module xlconcat_v2_1_6_xlconcat is either unconnected or has no load
WARNING: [Synth 8-7129] Port In11[0] in module xlconcat_v2_1_6_xlconcat is either unconnected or has no load
WARNING: [Synth 8-7129] Port In12[0] in module xlconcat_v2_1_6_xlconcat is either unconnected or has no load
WARNING: [Synth 8-7129] Port In13[0] in module xlconcat_v2_1_6_xlconcat is either unconnected or has no load
WARNING: [Synth 8-7129] Port In14[0] in module xlconcat_v2_1_6_xlconcat is either unconnected or has no load
WARNING: [Synth 8-7129] Port In15[0] in module xlconcat_v2_1_6_xlconcat is either unconnected or has no load
WARNING: [Synth 8-7129] Port In16[0] in module xlconcat_v2_1_6_xlconcat is either unconnected or has no load
WARNING: [Synth 8-7129] Port In17[0] in module xlconcat_v2_1_6_xlconcat is either unconnected or has no load
WARNING: [Synth 8-7129] Port In18[0] in module xlconcat_v2_1_6_xlconcat is either unconnected or has no load
WARNING: [Synth 8-7129] Port In19[0] in module xlconcat_v2_1_6_xlconcat is either unconnected or has no load
WARNING: [Synth 8-7129] Port In20[0] in module xlconcat_v2_1_6_xlconcat is either unconnected or has no load
WARNING: [Synth 8-7129] Port In21[0] in module xlconcat_v2_1_6_xlconcat is either unconnected or has no load
WARNING: [Synth 8-7129] Port In22[0] in module xlconcat_v2_1_6_xlconcat is either unconnected or has no load
WARNING: [Synth 8-7129] Port In23[0] in module xlconcat_v2_1_6_xlconcat is either unconnected or has no load
WARNING: [Synth 8-7129] Port In24[0] in module xlconcat_v2_1_6_xlconcat is either unconnected or has no load
WARNING: [Synth 8-7129] Port In25[0] in module xlconcat_v2_1_6_xlconcat is either unconnected or has no load
WARNING: [Synth 8-7129] Port In26[0] in module xlconcat_v2_1_6_xlconcat is either unconnected or has no load
WARNING: [Synth 8-7129] Port In27[0] in module xlconcat_v2_1_6_xlconcat is either unconnected or has no load
WARNING: [Synth 8-7129] Port In28[0] in module xlconcat_v2_1_6_xlconcat is either unconnected or has no load
WARNING: [Synth 8-7129] Port In29[0] in module xlconcat_v2_1_6_xlconcat is either unconnected or has no load
WARNING: [Synth 8-7129] Port In30[0] in module xlconcat_v2_1_6_xlconcat is either unconnected or has no load
WARNING: [Synth 8-7129] Port In31[0] in module xlconcat_v2_1_6_xlconcat is either unconnected or has no load
WARNING: [Synth 8-7129] Port In32[0] in module xlconcat_v2_1_6_xlconcat is either unconnected or has no load
WARNING: [Synth 8-7129] Port In33[0] in module xlconcat_v2_1_6_xlconcat is either unconnected or has no load
WARNING: [Synth 8-7129] Port In34[0] in module xlconcat_v2_1_6_xlconcat is either unconnected or has no load
WARNING: [Synth 8-7129] Port In35[0] in module xlconcat_v2_1_6_xlconcat is either unconnected or has no load
WARNING: [Synth 8-7129] Port In36[0] in module xlconcat_v2_1_6_xlconcat is either unconnected or has no load
WARNING: [Synth 8-7129] Port In37[0] in module xlconcat_v2_1_6_xlconcat is either unconnected or has no load
WARNING: [Synth 8-7129] Port In38[0] in module xlconcat_v2_1_6_xlconcat is either unconnected or has no load
WARNING: [Synth 8-7129] Port In39[0] in module xlconcat_v2_1_6_xlconcat is either unconnected or has no load
WARNING: [Synth 8-7129] Port In40[0] in module xlconcat_v2_1_6_xlconcat is either unconnected or has no load
WARNING: [Synth 8-7129] Port In41[0] in module xlconcat_v2_1_6_xlconcat is either unconnected or has no load
WARNING: [Synth 8-7129] Port In42[0] in module xlconcat_v2_1_6_xlconcat is either unconnected or has no load
WARNING: [Synth 8-7129] Port In43[0] in module xlconcat_v2_1_6_xlconcat is either unconnected or has no load
WARNING: [Synth 8-7129] Port In44[0] in module xlconcat_v2_1_6_xlconcat is either unconnected or has no load
WARNING: [Synth 8-7129] Port In45[0] in module xlconcat_v2_1_6_xlconcat is either unconnected or has no load
WARNING: [Synth 8-7129] Port In46[0] in module xlconcat_v2_1_6_xlconcat is either unconnected or has no load
WARNING: [Synth 8-7129] Port In47[0] in module xlconcat_v2_1_6_xlconcat is either unconnected or has no load
WARNING: [Synth 8-7129] Port In48[0] in module xlconcat_v2_1_6_xlconcat is either unconnected or has no load
WARNING: [Synth 8-7129] Port In49[0] in module xlconcat_v2_1_6_xlconcat is either unconnected or has no load
WARNING: [Synth 8-7129] Port In50[0] in module xlconcat_v2_1_6_xlconcat is either unconnected or has no load
WARNING: [Synth 8-7129] Port In51[0] in module xlconcat_v2_1_6_xlconcat is either unconnected or has no load
WARNING: [Synth 8-7129] Port In52[0] in module xlconcat_v2_1_6_xlconcat is either unconnected or has no load
WARNING: [Synth 8-7129] Port In53[0] in module xlconcat_v2_1_6_xlconcat is either unconnected or has no load
WARNING: [Synth 8-7129] Port In54[0] in module xlconcat_v2_1_6_xlconcat is either unconnected or has no load
WARNING: [Synth 8-7129] Port In55[0] in module xlconcat_v2_1_6_xlconcat is either unconnected or has no load
WARNING: [Synth 8-7129] Port In56[0] in module xlconcat_v2_1_6_xlconcat is either unconnected or has no load
WARNING: [Synth 8-7129] Port In57[0] in module xlconcat_v2_1_6_xlconcat is either unconnected or has no load
WARNING: [Synth 8-7129] Port In58[0] in module xlconcat_v2_1_6_xlconcat is either unconnected or has no load
WARNING: [Synth 8-7129] Port In59[0] in module xlconcat_v2_1_6_xlconcat is either unconnected or has no load
WARNING: [Synth 8-7129] Port In60[0] in module xlconcat_v2_1_6_xlconcat is either unconnected or has no load
WARNING: [Synth 8-7129] Port In61[0] in module xlconcat_v2_1_6_xlconcat is either unconnected or has no load
WARNING: [Synth 8-7129] Port In62[0] in module xlconcat_v2_1_6_xlconcat is either unconnected or has no load
WARNING: [Synth 8-7129] Port In63[0] in module xlconcat_v2_1_6_xlconcat is either unconnected or has no load
WARNING: [Synth 8-7129] Port In64[0] in module xlconcat_v2_1_6_xlconcat is either unconnected or has no load
WARNING: [Synth 8-7129] Port In65[0] in module xlconcat_v2_1_6_xlconcat is either unconnected or has no load
WARNING: [Synth 8-7129] Port In66[0] in module xlconcat_v2_1_6_xlconcat is either unconnected or has no load
WARNING: [Synth 8-7129] Port In67[0] in module xlconcat_v2_1_6_xlconcat is either unconnected or has no load
WARNING: [Synth 8-7129] Port In68[0] in module xlconcat_v2_1_6_xlconcat is either unconnected or has no load
WARNING: [Synth 8-7129] Port In69[0] in module xlconcat_v2_1_6_xlconcat is either unconnected or has no load
WARNING: [Synth 8-7129] Port In70[0] in module xlconcat_v2_1_6_xlconcat is either unconnected or has no load
WARNING: [Synth 8-7129] Port In71[0] in module xlconcat_v2_1_6_xlconcat is either unconnected or has no load
WARNING: [Synth 8-7129] Port In72[0] in module xlconcat_v2_1_6_xlconcat is either unconnected or has no load
WARNING: [Synth 8-7129] Port In73[0] in module xlconcat_v2_1_6_xlconcat is either unconnected or has no load
WARNING: [Synth 8-7129] Port In74[0] in module xlconcat_v2_1_6_xlconcat is either unconnected or has no load
WARNING: [Synth 8-7129] Port In75[0] in module xlconcat_v2_1_6_xlconcat is either unconnected or has no load
WARNING: [Synth 8-7129] Port In76[0] in module xlconcat_v2_1_6_xlconcat is either unconnected or has no load
WARNING: [Synth 8-7129] Port In77[0] in module xlconcat_v2_1_6_xlconcat is either unconnected or has no load
WARNING: [Synth 8-7129] Port In78[0] in module xlconcat_v2_1_6_xlconcat is either unconnected or has no load
WARNING: [Synth 8-7129] Port In79[0] in module xlconcat_v2_1_6_xlconcat is either unconnected or has no load
WARNING: [Synth 8-7129] Port In80[0] in module xlconcat_v2_1_6_xlconcat is either unconnected or has no load
WARNING: [Synth 8-7129] Port In81[0] in module xlconcat_v2_1_6_xlconcat is either unconnected or has no load
WARNING: [Synth 8-7129] Port In82[0] in module xlconcat_v2_1_6_xlconcat is either unconnected or has no load
WARNING: [Synth 8-7129] Port In83[0] in module xlconcat_v2_1_6_xlconcat is either unconnected or has no load
WARNING: [Synth 8-7129] Port In84[0] in module xlconcat_v2_1_6_xlconcat is either unconnected or has no load
WARNING: [Synth 8-7129] Port In85[0] in module xlconcat_v2_1_6_xlconcat is either unconnected or has no load
WARNING: [Synth 8-7129] Port In86[0] in module xlconcat_v2_1_6_xlconcat is either unconnected or has no load
WARNING: [Synth 8-7129] Port In87[0] in module xlconcat_v2_1_6_xlconcat is either unconnected or has no load
WARNING: [Synth 8-7129] Port In88[0] in module xlconcat_v2_1_6_xlconcat is either unconnected or has no load
WARNING: [Synth 8-7129] Port In89[0] in module xlconcat_v2_1_6_xlconcat is either unconnected or has no load
WARNING: [Synth 8-7129] Port In90[0] in module xlconcat_v2_1_6_xlconcat is either unconnected or has no load
WARNING: [Synth 8-7129] Port In91[0] in module xlconcat_v2_1_6_xlconcat is either unconnected or has no load
WARNING: [Synth 8-7129] Port In92[0] in module xlconcat_v2_1_6_xlconcat is either unconnected or has no load
WARNING: [Synth 8-7129] Port In93[0] in module xlconcat_v2_1_6_xlconcat is either unconnected or has no load
WARNING: [Synth 8-7129] Port In94[0] in module xlconcat_v2_1_6_xlconcat is either unconnected or has no load
WARNING: [Synth 8-7129] Port In95[0] in module xlconcat_v2_1_6_xlconcat is either unconnected or has no load
WARNING: [Synth 8-7129] Port In96[0] in module xlconcat_v2_1_6_xlconcat is either unconnected or has no load
WARNING: [Synth 8-7129] Port In97[0] in module xlconcat_v2_1_6_xlconcat is either unconnected or has no load
WARNING: [Synth 8-7129] Port In98[0] in module xlconcat_v2_1_6_xlconcat is either unconnected or has no load
WARNING: [Synth 8-7129] Port In99[0] in module xlconcat_v2_1_6_xlconcat is either unconnected or has no load
WARNING: [Synth 8-7129] Port In100[0] in module xlconcat_v2_1_6_xlconcat is either unconnected or has no load
WARNING: [Synth 8-7129] Port In101[0] in module xlconcat_v2_1_6_xlconcat is either unconnected or has no load
INFO: [Common 17-14] Message 'Synth 8-7129' appears 100 times and further instances of the messages will be disabled. Use the Tcl command set_msg_config to change the current settings.
---------------------------------------------------------------------------------
Finished RTL Elaboration : Time (s): cpu = 00:00:03 ; elapsed = 00:00:04 . Memory (MB): peak = 1967.793 ; gain = 318.645 ; free physical = 855 ; free virtual = 26685
---------------------------------------------------------------------------------
---------------------------------------------------------------------------------
Start Handling Custom Attributes
---------------------------------------------------------------------------------
---------------------------------------------------------------------------------
Finished Handling Custom Attributes : Time (s): cpu = 00:00:03 ; elapsed = 00:00:04 . Memory (MB): peak = 1979.668 ; gain = 330.520 ; free physical = 855 ; free virtual = 26685
---------------------------------------------------------------------------------
---------------------------------------------------------------------------------
Finished RTL Optimization Phase 1 : Time (s): cpu = 00:00:03 ; elapsed = 00:00:04 . Memory (MB): peak = 1979.668 ; gain = 330.520 ; free physical = 855 ; free virtual = 26685
---------------------------------------------------------------------------------
Netlist sorting complete. Time (s): cpu = 00:00:00.01 ; elapsed = 00:00:00.01 . Memory (MB): peak = 1979.668 ; gain = 0.000 ; free physical = 854 ; free virtual = 26685
INFO: [Project 1-570] Preparing netlist for logic optimization

Processing XDC Constraints
Initializing timing engine
Parsing XDC File [/home/user4/workspace_ondevice_3/Logic Analysis/comparison/ila_reference/build/step9_common_baseline/staged_common/build/base_soc/edgescope_comparison_base.gen/sources_1/bd/base_soc/ip/base_soc_clk_wiz_0/base_soc_clk_wiz_0/base_soc_clk_wiz_0_in_context.xdc] for cell 'base_soc_i/clk_wiz'
Finished Parsing XDC File [/home/user4/workspace_ondevice_3/Logic Analysis/comparison/ila_reference/build/step9_common_baseline/staged_common/build/base_soc/edgescope_comparison_base.gen/sources_1/bd/base_soc/ip/base_soc_clk_wiz_0/base_soc_clk_wiz_0/base_soc_clk_wiz_0_in_context.xdc] for cell 'base_soc_i/clk_wiz'
Parsing XDC File [/home/user4/workspace_ondevice_3/Logic Analysis/comparison/ila_reference/build/step9_common_baseline/staged_common/build/base_soc/edgescope_comparison_base.gen/sources_1/bd/base_soc/ip/base_soc_microblaze_riscv_0_0/base_soc_microblaze_riscv_0_0/base_soc_microblaze_riscv_0_0_in_context.xdc] for cell 'base_soc_i/microblaze_riscv_0'
Finished Parsing XDC File [/home/user4/workspace_ondevice_3/Logic Analysis/comparison/ila_reference/build/step9_common_baseline/staged_common/build/base_soc/edgescope_comparison_base.gen/sources_1/bd/base_soc/ip/base_soc_microblaze_riscv_0_0/base_soc_microblaze_riscv_0_0/base_soc_microblaze_riscv_0_0_in_context.xdc] for cell 'base_soc_i/microblaze_riscv_0'
Parsing XDC File [/home/user4/workspace_ondevice_3/Logic Analysis/comparison/ila_reference/build/step9_common_baseline/staged_common/build/base_soc/edgescope_comparison_base.gen/sources_1/bd/base_soc/ip/base_soc_dlmb_v10_0/base_soc_dlmb_v10_0/base_soc_dlmb_v10_0_in_context.xdc] for cell 'base_soc_i/microblaze_riscv_0_local_memory/dlmb_v10'
Finished Parsing XDC File [/home/user4/workspace_ondevice_3/Logic Analysis/comparison/ila_reference/build/step9_common_baseline/staged_common/build/base_soc/edgescope_comparison_base.gen/sources_1/bd/base_soc/ip/base_soc_dlmb_v10_0/base_soc_dlmb_v10_0/base_soc_dlmb_v10_0_in_context.xdc] for cell 'base_soc_i/microblaze_riscv_0_local_memory/dlmb_v10'
Parsing XDC File [/home/user4/workspace_ondevice_3/Logic Analysis/comparison/ila_reference/build/step9_common_baseline/staged_common/build/base_soc/edgescope_comparison_base.gen/sources_1/bd/base_soc/ip/base_soc_ilmb_v10_0/base_soc_ilmb_v10_0/base_soc_dlmb_v10_0_in_context.xdc] for cell 'base_soc_i/microblaze_riscv_0_local_memory/ilmb_v10'
Finished Parsing XDC File [/home/user4/workspace_ondevice_3/Logic Analysis/comparison/ila_reference/build/step9_common_baseline/staged_common/build/base_soc/edgescope_comparison_base.gen/sources_1/bd/base_soc/ip/base_soc_ilmb_v10_0/base_soc_ilmb_v10_0/base_soc_dlmb_v10_0_in_context.xdc] for cell 'base_soc_i/microblaze_riscv_0_local_memory/ilmb_v10'
Parsing XDC File [/home/user4/workspace_ondevice_3/Logic Analysis/comparison/ila_reference/build/step9_common_baseline/staged_common/build/base_soc/edgescope_comparison_base.gen/sources_1/bd/base_soc/ip/base_soc_dlmb_bram_if_cntlr_0/base_soc_dlmb_bram_if_cntlr_0/base_soc_dlmb_bram_if_cntlr_0_in_context.xdc] for cell 'base_soc_i/microblaze_riscv_0_local_memory/dlmb_bram_if_cntlr'
Finished Parsing XDC File [/home/user4/workspace_ondevice_3/Logic Analysis/comparison/ila_reference/build/step9_common_baseline/staged_common/build/base_soc/edgescope_comparison_base.gen/sources_1/bd/base_soc/ip/base_soc_dlmb_bram_if_cntlr_0/base_soc_dlmb_bram_if_cntlr_0/base_soc_dlmb_bram_if_cntlr_0_in_context.xdc] for cell 'base_soc_i/microblaze_riscv_0_local_memory/dlmb_bram_if_cntlr'
Parsing XDC File [/home/user4/workspace_ondevice_3/Logic Analysis/comparison/ila_reference/build/step9_common_baseline/staged_common/build/base_soc/edgescope_comparison_base.gen/sources_1/bd/base_soc/ip/base_soc_ilmb_bram_if_cntlr_0/base_soc_ilmb_bram_if_cntlr_0/base_soc_ilmb_bram_if_cntlr_0_in_context.xdc] for cell 'base_soc_i/microblaze_riscv_0_local_memory/ilmb_bram_if_cntlr'
Finished Parsing XDC File [/home/user4/workspace_ondevice_3/Logic Analysis/comparison/ila_reference/build/step9_common_baseline/staged_common/build/base_soc/edgescope_comparison_base.gen/sources_1/bd/base_soc/ip/base_soc_ilmb_bram_if_cntlr_0/base_soc_ilmb_bram_if_cntlr_0/base_soc_ilmb_bram_if_cntlr_0_in_context.xdc] for cell 'base_soc_i/microblaze_riscv_0_local_memory/ilmb_bram_if_cntlr'
Parsing XDC File [/home/user4/workspace_ondevice_3/Logic Analysis/comparison/ila_reference/build/step9_common_baseline/staged_common/build/base_soc/edgescope_comparison_base.gen/sources_1/bd/base_soc/ip/base_soc_lmb_bram_0/base_soc_lmb_bram_0/base_soc_lmb_bram_0_in_context.xdc] for cell 'base_soc_i/microblaze_riscv_0_local_memory/lmb_bram'
Finished Parsing XDC File [/home/user4/workspace_ondevice_3/Logic Analysis/comparison/ila_reference/build/step9_common_baseline/staged_common/build/base_soc/edgescope_comparison_base.gen/sources_1/bd/base_soc/ip/base_soc_lmb_bram_0/base_soc_lmb_bram_0/base_soc_lmb_bram_0_in_context.xdc] for cell 'base_soc_i/microblaze_riscv_0_local_memory/lmb_bram'
Parsing XDC File [/home/user4/workspace_ondevice_3/Logic Analysis/comparison/ila_reference/build/step9_common_baseline/staged_common/build/base_soc/edgescope_comparison_base.gen/sources_1/bd/base_soc/ip/base_soc_microblaze_riscv_0_axi_periph_imp_xbar_0/base_soc_microblaze_riscv_0_axi_periph_imp_xbar_0/base_soc_microblaze_riscv_0_axi_periph_imp_xbar_0_in_context.xdc] for cell 'base_soc_i/microblaze_riscv_0_axi_periph/xbar'
Finished Parsing XDC File [/home/user4/workspace_ondevice_3/Logic Analysis/comparison/ila_reference/build/step9_common_baseline/staged_common/build/base_soc/edgescope_comparison_base.gen/sources_1/bd/base_soc/ip/base_soc_microblaze_riscv_0_axi_periph_imp_xbar_0/base_soc_microblaze_riscv_0_axi_periph_imp_xbar_0/base_soc_microblaze_riscv_0_axi_periph_imp_xbar_0_in_context.xdc] for cell 'base_soc_i/microblaze_riscv_0_axi_periph/xbar'
Parsing XDC File [/home/user4/workspace_ondevice_3/Logic Analysis/comparison/ila_reference/build/step9_common_baseline/staged_common/build/base_soc/edgescope_comparison_base.gen/sources_1/bd/base_soc/ip/base_soc_microblaze_riscv_0_axi_intc_0/base_soc_microblaze_riscv_0_axi_intc_0/base_soc_microblaze_riscv_0_axi_intc_0_in_context.xdc] for cell 'base_soc_i/microblaze_riscv_0_axi_intc'
Finished Parsing XDC File [/home/user4/workspace_ondevice_3/Logic Analysis/comparison/ila_reference/build/step9_common_baseline/staged_common/build/base_soc/edgescope_comparison_base.gen/sources_1/bd/base_soc/ip/base_soc_microblaze_riscv_0_axi_intc_0/base_soc_microblaze_riscv_0_axi_intc_0/base_soc_microblaze_riscv_0_axi_intc_0_in_context.xdc] for cell 'base_soc_i/microblaze_riscv_0_axi_intc'
Parsing XDC File [/home/user4/workspace_ondevice_3/Logic Analysis/comparison/ila_reference/build/step9_common_baseline/staged_common/build/base_soc/edgescope_comparison_base.gen/sources_1/bd/base_soc/ip/base_soc_mdm_1_0/base_soc_mdm_1_0/base_soc_mdm_1_0_in_context.xdc] for cell 'base_soc_i/mdm_1'
Finished Parsing XDC File [/home/user4/workspace_ondevice_3/Logic Analysis/comparison/ila_reference/build/step9_common_baseline/staged_common/build/base_soc/edgescope_comparison_base.gen/sources_1/bd/base_soc/ip/base_soc_mdm_1_0/base_soc_mdm_1_0/base_soc_mdm_1_0_in_context.xdc] for cell 'base_soc_i/mdm_1'
Parsing XDC File [/home/user4/workspace_ondevice_3/Logic Analysis/comparison/ila_reference/build/step9_common_baseline/staged_common/build/base_soc/edgescope_comparison_base.gen/sources_1/bd/base_soc/ip/base_soc_rst_clk_wiz_100M_0/base_soc_rst_clk_wiz_100M_0/base_soc_rst_clk_wiz_100M_0_in_context.xdc] for cell 'base_soc_i/rst_clk_wiz_100M'
Finished Parsing XDC File [/home/user4/workspace_ondevice_3/Logic Analysis/comparison/ila_reference/build/step9_common_baseline/staged_common/build/base_soc/edgescope_comparison_base.gen/sources_1/bd/base_soc/ip/base_soc_rst_clk_wiz_100M_0/base_soc_rst_clk_wiz_100M_0/base_soc_rst_clk_wiz_100M_0_in_context.xdc] for cell 'base_soc_i/rst_clk_wiz_100M'
Parsing XDC File [/home/user4/workspace_ondevice_3/Logic Analysis/comparison/ila_reference/build/step9_common_baseline/staged_common/build/base_soc/edgescope_comparison_base.gen/sources_1/bd/base_soc/ip/base_soc_axi_uartlite_0_0/base_soc_axi_uartlite_0_0/base_soc_axi_uartlite_0_0_in_context.xdc] for cell 'base_soc_i/axi_uartlite_0'
Finished Parsing XDC File [/home/user4/workspace_ondevice_3/Logic Analysis/comparison/ila_reference/build/step9_common_baseline/staged_common/build/base_soc/edgescope_comparison_base.gen/sources_1/bd/base_soc/ip/base_soc_axi_uartlite_0_0/base_soc_axi_uartlite_0_0/base_soc_axi_uartlite_0_0_in_context.xdc] for cell 'base_soc_i/axi_uartlite_0'
Parsing XDC File [/home/user4/workspace_ondevice_3/Logic Analysis/comparison/ila_reference/build/step9_common_baseline/staged_common/build/base_soc/edgescope_comparison_base.gen/sources_1/bd/base_soc/ip/base_soc_axi_timer_0_0/base_soc_axi_timer_0_0/base_soc_axi_timer_0_0_in_context.xdc] for cell 'base_soc_i/axi_timer_0'
Finished Parsing XDC File [/home/user4/workspace_ondevice_3/Logic Analysis/comparison/ila_reference/build/step9_common_baseline/staged_common/build/base_soc/edgescope_comparison_base.gen/sources_1/bd/base_soc/ip/base_soc_axi_timer_0_0/base_soc_axi_timer_0_0/base_soc_axi_timer_0_0_in_context.xdc] for cell 'base_soc_i/axi_timer_0'
Parsing XDC File [/home/user4/workspace_ondevice_3/Logic Analysis/comparison/ila_reference/build/step9_common_baseline/staged_common/build/base_soc/edgescope_comparison_base.gen/sources_1/bd/base_soc/ip/base_soc_axi_gpio_test_ctrl_0/base_soc_axi_gpio_test_ctrl_0/base_soc_axi_gpio_test_ctrl_0_in_context.xdc] for cell 'base_soc_i/axi_gpio_test_ctrl'
Finished Parsing XDC File [/home/user4/workspace_ondevice_3/Logic Analysis/comparison/ila_reference/build/step9_common_baseline/staged_common/build/base_soc/edgescope_comparison_base.gen/sources_1/bd/base_soc/ip/base_soc_axi_gpio_test_ctrl_0/base_soc_axi_gpio_test_ctrl_0/base_soc_axi_gpio_test_ctrl_0_in_context.xdc] for cell 'base_soc_i/axi_gpio_test_ctrl'
Parsing XDC File [/home/user4/workspace_ondevice_3/Logic Analysis/comparison/ila_reference/build/step9_common_baseline/staged_common/build/base_soc/edgescope_comparison_base.gen/sources_1/bd/base_soc/ip/base_soc_test_pattern_generator_gpio_adapter_0_0/base_soc_test_pattern_generator_gpio_adapter_0_0/base_soc_test_pattern_generator_gpio_adapter_0_0_in_context.xdc] for cell 'base_soc_i/test_pattern_generator_gpio_adapter_0'
Finished Parsing XDC File [/home/user4/workspace_ondevice_3/Logic Analysis/comparison/ila_reference/build/step9_common_baseline/staged_common/build/base_soc/edgescope_comparison_base.gen/sources_1/bd/base_soc/ip/base_soc_test_pattern_generator_gpio_adapter_0_0/base_soc_test_pattern_generator_gpio_adapter_0_0/base_soc_test_pattern_generator_gpio_adapter_0_0_in_context.xdc] for cell 'base_soc_i/test_pattern_generator_gpio_adapter_0'
Parsing XDC File [/home/user4/workspace_ondevice_3/Logic Analysis/comparison/ila_reference/constraints/step9_baseline_common.xdc]
Finished Parsing XDC File [/home/user4/workspace_ondevice_3/Logic Analysis/comparison/ila_reference/constraints/step9_baseline_common.xdc]
Parsing XDC File [/home/user4/workspace_ondevice_3/Logic Analysis/comparison/ila_reference/build/step9_common_baseline/staged_common/build/base_soc/edgescope_comparison_base.runs/synth_1/dont_touch.xdc]
Finished Parsing XDC File [/home/user4/workspace_ondevice_3/Logic Analysis/comparison/ila_reference/build/step9_common_baseline/staged_common/build/base_soc/edgescope_comparison_base.runs/synth_1/dont_touch.xdc]
Completed Processing XDC Constraints

Netlist sorting complete. Time (s): cpu = 00:00:00 ; elapsed = 00:00:00 . Memory (MB): peak = 2028.594 ; gain = 0.000 ; free physical = 854 ; free virtual = 26682
INFO: [Project 1-111] Unisim Transformation Summary:
No Unisim elements were transformed.

Constraint Validation Runtime : Time (s): cpu = 00:00:00 ; elapsed = 00:00:00 . Memory (MB): peak = 2028.594 ; gain = 0.000 ; free physical = 854 ; free virtual = 26682
WARNING: [Timing 38-316] Clock period '20.000' specified during out-of-context synthesis of instance 'base_soc_i/microblaze_riscv_0_local_memory/lmb_bram' at clock pin 'clka' is different from the actual clock period '10.000', this can lead to different synthesis results.
---------------------------------------------------------------------------------
Finished Constraint Validation : Time (s): cpu = 00:00:08 ; elapsed = 00:00:08 . Memory (MB): peak = 2028.594 ; gain = 379.445 ; free physical = 852 ; free virtual = 26681
---------------------------------------------------------------------------------
---------------------------------------------------------------------------------
Start Loading Part and Timing Information
---------------------------------------------------------------------------------
Loading part: xc7a35tcpg236-1
---------------------------------------------------------------------------------
Finished Loading Part and Timing Information : Time (s): cpu = 00:00:08 ; elapsed = 00:00:08 . Memory (MB): peak = 2036.598 ; gain = 387.449 ; free physical = 852 ; free virtual = 26681
---------------------------------------------------------------------------------
---------------------------------------------------------------------------------
Start Applying 'set_property' XDC Constraints
---------------------------------------------------------------------------------
Applied set_property IO_BUFFER_TYPE = NONE for sys_clock. (constraint file  {/home/user4/workspace_ondevice_3/Logic Analysis/comparison/ila_reference/build/step9_common_baseline/staged_common/build/base_soc/edgescope_comparison_base.gen/sources_1/bd/base_soc/ip/base_soc_clk_wiz_0/base_soc_clk_wiz_0/base_soc_clk_wiz_0_in_context.xdc}, line 3).
Applied set_property CLOCK_BUFFER_TYPE = NONE for sys_clock. (constraint file  {/home/user4/workspace_ondevice_3/Logic Analysis/comparison/ila_reference/build/step9_common_baseline/staged_common/build/base_soc/edgescope_comparison_base.gen/sources_1/bd/base_soc/ip/base_soc_clk_wiz_0/base_soc_clk_wiz_0/base_soc_clk_wiz_0_in_context.xdc}, line 4).
Applied set_property DONT_TOUCH = true for base_soc_i/test_pattern_generator_gpio_adapter_0. (constraint file  {/home/user4/workspace_ondevice_3/Logic Analysis/comparison/ila_reference/constraints/step9_baseline_common.xdc}, line 10).
Applied set_property KEEP_HIERARCHY = SOFT for base_soc_i. (constraint file  auto generated constraint).
Applied set_property KEEP_HIERARCHY = SOFT for base_soc_i/clk_wiz. (constraint file  auto generated constraint).
Applied set_property KEEP_HIERARCHY = SOFT for base_soc_i/microblaze_riscv_0. (constraint file  auto generated constraint).
Applied set_property KEEP_HIERARCHY = SOFT for base_soc_i/microblaze_riscv_0_local_memory/dlmb_v10. (constraint file  auto generated constraint).
Applied set_property KEEP_HIERARCHY = SOFT for base_soc_i/microblaze_riscv_0_local_memory/ilmb_v10. (constraint file  auto generated constraint).
Applied set_property KEEP_HIERARCHY = SOFT for base_soc_i/microblaze_riscv_0_local_memory/dlmb_bram_if_cntlr. (constraint file  auto generated constraint).
Applied set_property KEEP_HIERARCHY = SOFT for base_soc_i/microblaze_riscv_0_local_memory/ilmb_bram_if_cntlr. (constraint file  auto generated constraint).
Applied set_property KEEP_HIERARCHY = SOFT for base_soc_i/microblaze_riscv_0_local_memory/lmb_bram. (constraint file  auto generated constraint).
Applied set_property KEEP_HIERARCHY = SOFT for base_soc_i/microblaze_riscv_0_axi_periph/xbar. (constraint file  auto generated constraint).
Applied set_property KEEP_HIERARCHY = SOFT for base_soc_i/microblaze_riscv_0_axi_periph. (constraint file  auto generated constraint).
Applied set_property KEEP_HIERARCHY = SOFT for base_soc_i/microblaze_riscv_0_axi_intc. (constraint file  auto generated constraint).
Applied set_property KEEP_HIERARCHY = SOFT for base_soc_i/microblaze_riscv_0_xlconcat. (constraint file  auto generated constraint).
Applied set_property KEEP_HIERARCHY = SOFT for base_soc_i/mdm_1. (constraint file  auto generated constraint).
Applied set_property KEEP_HIERARCHY = SOFT for base_soc_i/rst_clk_wiz_100M. (constraint file  auto generated constraint).
Applied set_property KEEP_HIERARCHY = SOFT for base_soc_i/axi_uartlite_0. (constraint file  auto generated constraint).
Applied set_property KEEP_HIERARCHY = SOFT for base_soc_i/axi_timer_0. (constraint file  auto generated constraint).
Applied set_property KEEP_HIERARCHY = SOFT for base_soc_i/axi_gpio_test_ctrl. (constraint file  auto generated constraint).
Applied set_property KEEP_HIERARCHY = SOFT for base_soc_i/test_pattern_generator_gpio_adapter_0. (constraint file  auto generated constraint).
---------------------------------------------------------------------------------
Finished applying 'set_property' XDC Constraints : Time (s): cpu = 00:00:08 ; elapsed = 00:00:08 . Memory (MB): peak = 2036.598 ; gain = 387.449 ; free physical = 852 ; free virtual = 26681
---------------------------------------------------------------------------------
---------------------------------------------------------------------------------
Finished RTL Optimization Phase 2 : Time (s): cpu = 00:00:08 ; elapsed = 00:00:08 . Memory (MB): peak = 2036.598 ; gain = 387.449 ; free physical = 851 ; free virtual = 26682
---------------------------------------------------------------------------------
---------------------------------------------------------------------------------
Start RTL Component Statistics 
---------------------------------------------------------------------------------
Detailed RTL Component Info : 
---------------------------------------------------------------------------------
Finished RTL Component Statistics 
---------------------------------------------------------------------------------
---------------------------------------------------------------------------------
Start Part Resource Summary
---------------------------------------------------------------------------------
Part Resources:
DSPs: 90 (col length:60)
BRAMs: 100 (col length: RAMB18 60 RAMB36 30)
---------------------------------------------------------------------------------
Finished Part Resource Summary
---------------------------------------------------------------------------------
---------------------------------------------------------------------------------
Start Cross Boundary and Area Optimization
---------------------------------------------------------------------------------
WARNING: [Synth 8-7080] Parallel synthesis criteria is not met
---------------------------------------------------------------------------------
Finished Cross Boundary and Area Optimization : Time (s): cpu = 00:00:09 ; elapsed = 00:00:09 . Memory (MB): peak = 2036.598 ; gain = 387.449 ; free physical = 859 ; free virtual = 26693
---------------------------------------------------------------------------------
---------------------------------------------------------------------------------
Start Applying XDC Timing Constraints
---------------------------------------------------------------------------------
---------------------------------------------------------------------------------
Finished Applying XDC Timing Constraints : Time (s): cpu = 00:00:12 ; elapsed = 00:00:12 . Memory (MB): peak = 2110.598 ; gain = 461.449 ; free physical = 829 ; free virtual = 26656
---------------------------------------------------------------------------------
---------------------------------------------------------------------------------
Start Timing Optimization
---------------------------------------------------------------------------------
---------------------------------------------------------------------------------
Finished Timing Optimization : Time (s): cpu = 00:00:12 ; elapsed = 00:00:12 . Memory (MB): peak = 2110.598 ; gain = 461.449 ; free physical = 829 ; free virtual = 26656
---------------------------------------------------------------------------------
---------------------------------------------------------------------------------
Start Technology Mapping
---------------------------------------------------------------------------------
---------------------------------------------------------------------------------
Finished Technology Mapping : Time (s): cpu = 00:00:12 ; elapsed = 00:00:12 . Memory (MB): peak = 2121.613 ; gain = 472.465 ; free physical = 819 ; free virtual = 26646
---------------------------------------------------------------------------------
---------------------------------------------------------------------------------
Start IO Insertion
---------------------------------------------------------------------------------
---------------------------------------------------------------------------------
Start Flattening Before IO Insertion
---------------------------------------------------------------------------------
---------------------------------------------------------------------------------
Finished Flattening Before IO Insertion
---------------------------------------------------------------------------------
---------------------------------------------------------------------------------
Start Final Netlist Cleanup
---------------------------------------------------------------------------------
---------------------------------------------------------------------------------
Finished Final Netlist Cleanup
---------------------------------------------------------------------------------
---------------------------------------------------------------------------------
Finished IO Insertion : Time (s): cpu = 00:00:14 ; elapsed = 00:00:14 . Memory (MB): peak = 2282.426 ; gain = 633.277 ; free physical = 650 ; free virtual = 26489
---------------------------------------------------------------------------------
---------------------------------------------------------------------------------
Start Renaming Generated Instances
---------------------------------------------------------------------------------
---------------------------------------------------------------------------------
Finished Renaming Generated Instances : Time (s): cpu = 00:00:14 ; elapsed = 00:00:14 . Memory (MB): peak = 2282.426 ; gain = 633.277 ; free physical = 650 ; free virtual = 26489
---------------------------------------------------------------------------------
---------------------------------------------------------------------------------
Start Rebuilding User Hierarchy
---------------------------------------------------------------------------------
---------------------------------------------------------------------------------
Finished Rebuilding User Hierarchy : Time (s): cpu = 00:00:14 ; elapsed = 00:00:14 . Memory (MB): peak = 2282.426 ; gain = 633.277 ; free physical = 650 ; free virtual = 26489
---------------------------------------------------------------------------------
---------------------------------------------------------------------------------
Start Renaming Generated Ports
---------------------------------------------------------------------------------
---------------------------------------------------------------------------------
Finished Renaming Generated Ports : Time (s): cpu = 00:00:14 ; elapsed = 00:00:14 . Memory (MB): peak = 2282.426 ; gain = 633.277 ; free physical = 650 ; free virtual = 26489
---------------------------------------------------------------------------------
---------------------------------------------------------------------------------
Start Handling Custom Attributes
---------------------------------------------------------------------------------
---------------------------------------------------------------------------------
Finished Handling Custom Attributes : Time (s): cpu = 00:00:14 ; elapsed = 00:00:14 . Memory (MB): peak = 2282.426 ; gain = 633.277 ; free physical = 650 ; free virtual = 26489
---------------------------------------------------------------------------------
---------------------------------------------------------------------------------
Start Renaming Generated Nets
---------------------------------------------------------------------------------
---------------------------------------------------------------------------------
Finished Renaming Generated Nets : Time (s): cpu = 00:00:14 ; elapsed = 00:00:14 . Memory (MB): peak = 2282.426 ; gain = 633.277 ; free physical = 650 ; free virtual = 26489
---------------------------------------------------------------------------------
---------------------------------------------------------------------------------
Start Writing Synthesis Report
---------------------------------------------------------------------------------

Report BlackBoxes: 
+------+--------------------------------------------------+----------+
|      |BlackBox name                                     |Instances |
+------+--------------------------------------------------+----------+
|1     |base_soc_axi_gpio_test_ctrl_0                     |         1|
|2     |base_soc_axi_timer_0_0                            |         1|
|3     |base_soc_axi_uartlite_0_0                         |         1|
|4     |base_soc_clk_wiz_0                                |         1|
|5     |base_soc_mdm_1_0                                  |         1|
|6     |base_soc_microblaze_riscv_0_0                     |         1|
|7     |base_soc_microblaze_riscv_0_axi_intc_0            |         1|
|8     |base_soc_microblaze_riscv_0_axi_periph_imp_xbar_0 |         1|
|9     |base_soc_rst_clk_wiz_100M_0                       |         1|
|10    |base_soc_test_pattern_generator_gpio_adapter_0_0  |         1|
|11    |base_soc_dlmb_bram_if_cntlr_0                     |         1|
|12    |base_soc_dlmb_v10_0                               |         1|
|13    |base_soc_ilmb_bram_if_cntlr_0                     |         1|
|14    |base_soc_ilmb_v10_0                               |         1|
|15    |base_soc_lmb_bram_0                               |         1|
+------+--------------------------------------------------+----------+

Report Cell Usage: 
+------+------------------------------------------------+------+
|      |Cell                                            |Count |
+------+------------------------------------------------+------+
|1     |base_soc_axi_gpio_test_ctrl                     |     1|
|2     |base_soc_axi_timer_0                            |     1|
|3     |base_soc_axi_uartlite_0                         |     1|
|4     |base_soc_clk_wiz                                |     1|
|5     |base_soc_dlmb_bram_if_cntlr                     |     1|
|6     |base_soc_dlmb_v10                               |     1|
|7     |base_soc_ilmb_bram_if_cntlr                     |     1|
|8     |base_soc_ilmb_v10                               |     1|
|9     |base_soc_lmb_bram                               |     1|
|10    |base_soc_mdm_1                                  |     1|
|11    |base_soc_microblaze_riscv_0                     |     1|
|12    |base_soc_microblaze_riscv_0_axi_intc            |     1|
|13    |base_soc_microblaze_riscv_0_axi_periph_imp_xbar |     1|
|14    |base_soc_rst_clk_wiz_100M                       |     1|
|15    |base_soc_test_pattern_generator_gpio_adapter_0  |     1|
|16    |IBUF                                            |     2|
|17    |OBUF                                            |     1|
+------+------------------------------------------------+------+
---------------------------------------------------------------------------------
Finished Writing Synthesis Report : Time (s): cpu = 00:00:14 ; elapsed = 00:00:14 . Memory (MB): peak = 2282.426 ; gain = 633.277 ; free physical = 650 ; free virtual = 26489
---------------------------------------------------------------------------------
Synthesis finished with 0 errors, 0 critical warnings and 11 warnings.
Synthesis Optimization Runtime : Time (s): cpu = 00:00:13 ; elapsed = 00:00:13 . Memory (MB): peak = 2282.426 ; gain = 584.352 ; free physical = 651 ; free virtual = 26489
Synthesis Optimization Complete : Time (s): cpu = 00:00:14 ; elapsed = 00:00:14 . Memory (MB): peak = 2282.434 ; gain = 633.277 ; free physical = 651 ; free virtual = 26489
INFO: [Project 1-571] Translating synthesized netlist
Netlist sorting complete. Time (s): cpu = 00:00:00 ; elapsed = 00:00:00 . Memory (MB): peak = 2282.434 ; gain = 0.000 ; free physical = 725 ; free virtual = 26563
INFO: [Project 1-570] Preparing netlist for logic optimization
INFO: [Opt 31-138] Pushed 0 inverter(s) to 0 load pin(s).
Netlist sorting complete. Time (s): cpu = 00:00:00 ; elapsed = 00:00:00 . Memory (MB): peak = 2282.434 ; gain = 0.000 ; free physical = 862 ; free virtual = 26662
INFO: [Project 1-111] Unisim Transformation Summary:
No Unisim elements were transformed.

Synth Design complete | Checksum: 5e0bcb58
INFO: [Common 17-83] Releasing license: Synthesis
69 Infos, 121 Warnings, 0 Critical Warnings and 0 Errors encountered.
synth_design completed successfully
synth_design: Time (s): cpu = 00:00:20 ; elapsed = 00:00:19 . Memory (MB): peak = 2282.434 ; gain = 849.391 ; free physical = 853 ; free virtual = 26652
INFO: [Common 17-2834] synth_design peak Physical Memory [PSS] (MB): overall = 1494.185; main = 1494.185; forked = 269.608
INFO: [Common 17-2834] synth_design peak Virtual Memory [VSS] (MB): overall = 2953.633; main = 2282.430; forked = 917.031
Write ShapeDB Complete: Time (s): cpu = 00:00:00 ; elapsed = 00:00:00 . Memory (MB): peak = 2306.438 ; gain = 0.000 ; free physical = 853 ; free virtual = 26652
INFO: [Common 17-1381] The checkpoint '/home/user4/workspace_ondevice_3/Logic Analysis/comparison/ila_reference/build/step9_common_baseline/staged_common/build/base_soc/edgescope_comparison_base.runs/synth_1/base_soc_wrapper.dcp' has been generated.
INFO: [Vivado 12-24828] Executing command : report_utilization -file base_soc_wrapper_utilization_synth.rpt -pb base_soc_wrapper_utilization_synth.pb
INFO: [Common 17-206] Exiting Vivado at Wed Jul 29 19:56:59 2026...
[Wed Jul 29 19:56:59 2026] synth_1 finished
wait_on_runs: Time (s): cpu = 00:06:12 ; elapsed = 00:05:51 . Memory (MB): peak = 1975.039 ; gain = 0.000 ; free physical = 2106 ; free virtual = 27895
RUN PASS: synth_1 progress=100% status='synth_design Complete!'
Design is defaulting to impl run constrset: constrs_1
Design is defaulting to synth run part: xc7a35tcpg236-1
INFO: [Project 1-454] Reading design checkpoint '/home/user4/workspace_ondevice_3/Logic Analysis/comparison/ila_reference/build/step9_common_baseline/staged_common/build/base_soc/edgescope_comparison_base.gen/sources_1/bd/base_soc/ip/base_soc_axi_gpio_test_ctrl_0/base_soc_axi_gpio_test_ctrl_0.dcp' for cell 'base_soc_i/axi_gpio_test_ctrl'
INFO: [Project 1-454] Reading design checkpoint '/home/user4/workspace_ondevice_3/Logic Analysis/comparison/ila_reference/build/step9_common_baseline/staged_common/build/base_soc/edgescope_comparison_base.gen/sources_1/bd/base_soc/ip/base_soc_axi_timer_0_0/base_soc_axi_timer_0_0.dcp' for cell 'base_soc_i/axi_timer_0'
INFO: [Project 1-454] Reading design checkpoint '/home/user4/workspace_ondevice_3/Logic Analysis/comparison/ila_reference/build/step9_common_baseline/staged_common/build/base_soc/edgescope_comparison_base.gen/sources_1/bd/base_soc/ip/base_soc_axi_uartlite_0_0/base_soc_axi_uartlite_0_0.dcp' for cell 'base_soc_i/axi_uartlite_0'
INFO: [Project 1-454] Reading design checkpoint '/home/user4/workspace_ondevice_3/Logic Analysis/comparison/ila_reference/build/step9_common_baseline/staged_common/build/base_soc/edgescope_comparison_base.gen/sources_1/bd/base_soc/ip/base_soc_clk_wiz_0/base_soc_clk_wiz_0.dcp' for cell 'base_soc_i/clk_wiz'
INFO: [Project 1-454] Reading design checkpoint '/home/user4/workspace_ondevice_3/Logic Analysis/comparison/ila_reference/build/step9_common_baseline/staged_common/build/base_soc/edgescope_comparison_base.gen/sources_1/bd/base_soc/ip/base_soc_mdm_1_0/base_soc_mdm_1_0.dcp' for cell 'base_soc_i/mdm_1'
INFO: [Project 1-454] Reading design checkpoint '/home/user4/workspace_ondevice_3/Logic Analysis/comparison/ila_reference/build/step9_common_baseline/staged_common/build/base_soc/edgescope_comparison_base.gen/sources_1/bd/base_soc/ip/base_soc_microblaze_riscv_0_0/base_soc_microblaze_riscv_0_0.dcp' for cell 'base_soc_i/microblaze_riscv_0'
INFO: [Project 1-454] Reading design checkpoint '/home/user4/workspace_ondevice_3/Logic Analysis/comparison/ila_reference/build/step9_common_baseline/staged_common/build/base_soc/edgescope_comparison_base.gen/sources_1/bd/base_soc/ip/base_soc_microblaze_riscv_0_axi_intc_0/base_soc_microblaze_riscv_0_axi_intc_0.dcp' for cell 'base_soc_i/microblaze_riscv_0_axi_intc'
INFO: [Project 1-454] Reading design checkpoint '/home/user4/workspace_ondevice_3/Logic Analysis/comparison/ila_reference/build/step9_common_baseline/staged_common/build/base_soc/edgescope_comparison_base.gen/sources_1/bd/base_soc/ip/base_soc_rst_clk_wiz_100M_0/base_soc_rst_clk_wiz_100M_0.dcp' for cell 'base_soc_i/rst_clk_wiz_100M'
INFO: [Project 1-454] Reading design checkpoint '/home/user4/workspace_ondevice_3/Logic Analysis/comparison/ila_reference/build/step9_common_baseline/staged_common/build/base_soc/edgescope_comparison_base.gen/sources_1/bd/base_soc/ip/base_soc_test_pattern_generator_gpio_adapter_0_0/base_soc_test_pattern_generator_gpio_adapter_0_0.dcp' for cell 'base_soc_i/test_pattern_generator_gpio_adapter_0'
INFO: [Project 1-454] Reading design checkpoint '/home/user4/workspace_ondevice_3/Logic Analysis/comparison/ila_reference/build/step9_common_baseline/staged_common/build/base_soc/edgescope_comparison_base.gen/sources_1/bd/base_soc/ip/base_soc_microblaze_riscv_0_axi_periph_imp_xbar_0/base_soc_microblaze_riscv_0_axi_periph_imp_xbar_0.dcp' for cell 'base_soc_i/microblaze_riscv_0_axi_periph/xbar'
INFO: [Project 1-454] Reading design checkpoint '/home/user4/workspace_ondevice_3/Logic Analysis/comparison/ila_reference/build/step9_common_baseline/staged_common/build/base_soc/edgescope_comparison_base.gen/sources_1/bd/base_soc/ip/base_soc_dlmb_bram_if_cntlr_0/base_soc_dlmb_bram_if_cntlr_0.dcp' for cell 'base_soc_i/microblaze_riscv_0_local_memory/dlmb_bram_if_cntlr'
INFO: [Project 1-454] Reading design checkpoint '/home/user4/workspace_ondevice_3/Logic Analysis/comparison/ila_reference/build/step9_common_baseline/staged_common/build/base_soc/edgescope_comparison_base.gen/sources_1/bd/base_soc/ip/base_soc_dlmb_v10_0/base_soc_dlmb_v10_0.dcp' for cell 'base_soc_i/microblaze_riscv_0_local_memory/dlmb_v10'
INFO: [Project 1-454] Reading design checkpoint '/home/user4/workspace_ondevice_3/Logic Analysis/comparison/ila_reference/build/step9_common_baseline/staged_common/build/base_soc/edgescope_comparison_base.gen/sources_1/bd/base_soc/ip/base_soc_ilmb_bram_if_cntlr_0/base_soc_ilmb_bram_if_cntlr_0.dcp' for cell 'base_soc_i/microblaze_riscv_0_local_memory/ilmb_bram_if_cntlr'
INFO: [Project 1-454] Reading design checkpoint '/home/user4/workspace_ondevice_3/Logic Analysis/comparison/ila_reference/build/step9_common_baseline/staged_common/build/base_soc/edgescope_comparison_base.gen/sources_1/bd/base_soc/ip/base_soc_ilmb_v10_0/base_soc_ilmb_v10_0.dcp' for cell 'base_soc_i/microblaze_riscv_0_local_memory/ilmb_v10'
INFO: [Project 1-454] Reading design checkpoint '/home/user4/workspace_ondevice_3/Logic Analysis/comparison/ila_reference/build/step9_common_baseline/staged_common/build/base_soc/edgescope_comparison_base.gen/sources_1/bd/base_soc/ip/base_soc_lmb_bram_0/base_soc_lmb_bram_0.dcp' for cell 'base_soc_i/microblaze_riscv_0_local_memory/lmb_bram'
Netlist sorting complete. Time (s): cpu = 00:00:00.07 ; elapsed = 00:00:00.07 . Memory (MB): peak = 1975.039 ; gain = 0.000 ; free physical = 2103 ; free virtual = 27893
INFO: [Netlist 29-17] Analyzing 288 Unisim elements for replacement
INFO: [Netlist 29-28] Unisim Transformation completed in 0 CPU seconds
INFO: [Project 1-479] Netlist was created with Vivado 2024.2
INFO: [Project 1-570] Preparing netlist for logic optimization
Parsing XDC File [/home/user4/workspace_ondevice_3/Logic Analysis/comparison/ila_reference/constraints/step9_baseline_common.xdc]
Finished Parsing XDC File [/home/user4/workspace_ondevice_3/Logic Analysis/comparison/ila_reference/constraints/step9_baseline_common.xdc]
Parsing XDC File [/home/user4/workspace_ondevice_3/Logic Analysis/comparison/ila_reference/build/step9_common_baseline/staged_common/build/base_soc/edgescope_comparison_base.gen/sources_1/bd/base_soc/ip/base_soc_clk_wiz_0/base_soc_clk_wiz_0_board.xdc] for cell 'base_soc_i/clk_wiz/inst'
Finished Parsing XDC File [/home/user4/workspace_ondevice_3/Logic Analysis/comparison/ila_reference/build/step9_common_baseline/staged_common/build/base_soc/edgescope_comparison_base.gen/sources_1/bd/base_soc/ip/base_soc_clk_wiz_0/base_soc_clk_wiz_0_board.xdc] for cell 'base_soc_i/clk_wiz/inst'
Parsing XDC File [/home/user4/workspace_ondevice_3/Logic Analysis/comparison/ila_reference/build/step9_common_baseline/staged_common/build/base_soc/edgescope_comparison_base.gen/sources_1/bd/base_soc/ip/base_soc_clk_wiz_0/base_soc_clk_wiz_0.xdc] for cell 'base_soc_i/clk_wiz/inst'
INFO: [Timing 38-35] Done setting XDC timing constraints. [/home/user4/workspace_ondevice_3/Logic Analysis/comparison/ila_reference/build/step9_common_baseline/staged_common/build/base_soc/edgescope_comparison_base.gen/sources_1/bd/base_soc/ip/base_soc_clk_wiz_0/base_soc_clk_wiz_0.xdc:54]
INFO: [Timing 38-2] Deriving generated clocks [/home/user4/workspace_ondevice_3/Logic Analysis/comparison/ila_reference/build/step9_common_baseline/staged_common/build/base_soc/edgescope_comparison_base.gen/sources_1/bd/base_soc/ip/base_soc_clk_wiz_0/base_soc_clk_wiz_0.xdc:54]
Finished Parsing XDC File [/home/user4/workspace_ondevice_3/Logic Analysis/comparison/ila_reference/build/step9_common_baseline/staged_common/build/base_soc/edgescope_comparison_base.gen/sources_1/bd/base_soc/ip/base_soc_clk_wiz_0/base_soc_clk_wiz_0.xdc] for cell 'base_soc_i/clk_wiz/inst'
Parsing XDC File [/home/user4/workspace_ondevice_3/Logic Analysis/comparison/ila_reference/build/step9_common_baseline/staged_common/build/base_soc/edgescope_comparison_base.gen/sources_1/bd/base_soc/ip/base_soc_microblaze_riscv_0_0/base_soc_microblaze_riscv_0_0.xdc] for cell 'base_soc_i/microblaze_riscv_0/U0'
Finished Parsing XDC File [/home/user4/workspace_ondevice_3/Logic Analysis/comparison/ila_reference/build/step9_common_baseline/staged_common/build/base_soc/edgescope_comparison_base.gen/sources_1/bd/base_soc/ip/base_soc_microblaze_riscv_0_0/base_soc_microblaze_riscv_0_0.xdc] for cell 'base_soc_i/microblaze_riscv_0/U0'
Parsing XDC File [/home/user4/workspace_ondevice_3/Logic Analysis/comparison/ila_reference/build/step9_common_baseline/staged_common/build/base_soc/edgescope_comparison_base.gen/sources_1/bd/base_soc/ip/base_soc_microblaze_riscv_0_axi_intc_0/base_soc_microblaze_riscv_0_axi_intc_0.xdc] for cell 'base_soc_i/microblaze_riscv_0_axi_intc/U0'
Finished Parsing XDC File [/home/user4/workspace_ondevice_3/Logic Analysis/comparison/ila_reference/build/step9_common_baseline/staged_common/build/base_soc/edgescope_comparison_base.gen/sources_1/bd/base_soc/ip/base_soc_microblaze_riscv_0_axi_intc_0/base_soc_microblaze_riscv_0_axi_intc_0.xdc] for cell 'base_soc_i/microblaze_riscv_0_axi_intc/U0'
Parsing XDC File [/home/user4/workspace_ondevice_3/Logic Analysis/comparison/ila_reference/build/step9_common_baseline/staged_common/build/base_soc/edgescope_comparison_base.gen/sources_1/bd/base_soc/ip/base_soc_rst_clk_wiz_100M_0/base_soc_rst_clk_wiz_100M_0_board.xdc] for cell 'base_soc_i/rst_clk_wiz_100M/U0'
Finished Parsing XDC File [/home/user4/workspace_ondevice_3/Logic Analysis/comparison/ila_reference/build/step9_common_baseline/staged_common/build/base_soc/edgescope_comparison_base.gen/sources_1/bd/base_soc/ip/base_soc_rst_clk_wiz_100M_0/base_soc_rst_clk_wiz_100M_0_board.xdc] for cell 'base_soc_i/rst_clk_wiz_100M/U0'
Parsing XDC File [/home/user4/workspace_ondevice_3/Logic Analysis/comparison/ila_reference/build/step9_common_baseline/staged_common/build/base_soc/edgescope_comparison_base.gen/sources_1/bd/base_soc/ip/base_soc_rst_clk_wiz_100M_0/base_soc_rst_clk_wiz_100M_0.xdc] for cell 'base_soc_i/rst_clk_wiz_100M/U0'
Finished Parsing XDC File [/home/user4/workspace_ondevice_3/Logic Analysis/comparison/ila_reference/build/step9_common_baseline/staged_common/build/base_soc/edgescope_comparison_base.gen/sources_1/bd/base_soc/ip/base_soc_rst_clk_wiz_100M_0/base_soc_rst_clk_wiz_100M_0.xdc] for cell 'base_soc_i/rst_clk_wiz_100M/U0'
Parsing XDC File [/home/user4/workspace_ondevice_3/Logic Analysis/comparison/ila_reference/build/step9_common_baseline/staged_common/build/base_soc/edgescope_comparison_base.gen/sources_1/bd/base_soc/ip/base_soc_axi_uartlite_0_0/base_soc_axi_uartlite_0_0_board.xdc] for cell 'base_soc_i/axi_uartlite_0/U0'
Finished Parsing XDC File [/home/user4/workspace_ondevice_3/Logic Analysis/comparison/ila_reference/build/step9_common_baseline/staged_common/build/base_soc/edgescope_comparison_base.gen/sources_1/bd/base_soc/ip/base_soc_axi_uartlite_0_0/base_soc_axi_uartlite_0_0_board.xdc] for cell 'base_soc_i/axi_uartlite_0/U0'
Parsing XDC File [/home/user4/workspace_ondevice_3/Logic Analysis/comparison/ila_reference/build/step9_common_baseline/staged_common/build/base_soc/edgescope_comparison_base.gen/sources_1/bd/base_soc/ip/base_soc_axi_uartlite_0_0/base_soc_axi_uartlite_0_0.xdc] for cell 'base_soc_i/axi_uartlite_0/U0'
Finished Parsing XDC File [/home/user4/workspace_ondevice_3/Logic Analysis/comparison/ila_reference/build/step9_common_baseline/staged_common/build/base_soc/edgescope_comparison_base.gen/sources_1/bd/base_soc/ip/base_soc_axi_uartlite_0_0/base_soc_axi_uartlite_0_0.xdc] for cell 'base_soc_i/axi_uartlite_0/U0'
Parsing XDC File [/home/user4/workspace_ondevice_3/Logic Analysis/comparison/ila_reference/build/step9_common_baseline/staged_common/build/base_soc/edgescope_comparison_base.gen/sources_1/bd/base_soc/ip/base_soc_axi_timer_0_0/base_soc_axi_timer_0_0.xdc] for cell 'base_soc_i/axi_timer_0/U0'
Finished Parsing XDC File [/home/user4/workspace_ondevice_3/Logic Analysis/comparison/ila_reference/build/step9_common_baseline/staged_common/build/base_soc/edgescope_comparison_base.gen/sources_1/bd/base_soc/ip/base_soc_axi_timer_0_0/base_soc_axi_timer_0_0.xdc] for cell 'base_soc_i/axi_timer_0/U0'
Parsing XDC File [/home/user4/workspace_ondevice_3/Logic Analysis/comparison/ila_reference/build/step9_common_baseline/staged_common/build/base_soc/edgescope_comparison_base.gen/sources_1/bd/base_soc/ip/base_soc_axi_gpio_test_ctrl_0/base_soc_axi_gpio_test_ctrl_0_board.xdc] for cell 'base_soc_i/axi_gpio_test_ctrl/U0'
Finished Parsing XDC File [/home/user4/workspace_ondevice_3/Logic Analysis/comparison/ila_reference/build/step9_common_baseline/staged_common/build/base_soc/edgescope_comparison_base.gen/sources_1/bd/base_soc/ip/base_soc_axi_gpio_test_ctrl_0/base_soc_axi_gpio_test_ctrl_0_board.xdc] for cell 'base_soc_i/axi_gpio_test_ctrl/U0'
Parsing XDC File [/home/user4/workspace_ondevice_3/Logic Analysis/comparison/ila_reference/build/step9_common_baseline/staged_common/build/base_soc/edgescope_comparison_base.gen/sources_1/bd/base_soc/ip/base_soc_axi_gpio_test_ctrl_0/base_soc_axi_gpio_test_ctrl_0.xdc] for cell 'base_soc_i/axi_gpio_test_ctrl/U0'
Finished Parsing XDC File [/home/user4/workspace_ondevice_3/Logic Analysis/comparison/ila_reference/build/step9_common_baseline/staged_common/build/base_soc/edgescope_comparison_base.gen/sources_1/bd/base_soc/ip/base_soc_axi_gpio_test_ctrl_0/base_soc_axi_gpio_test_ctrl_0.xdc] for cell 'base_soc_i/axi_gpio_test_ctrl/U0'
Parsing XDC File [/home/user4/workspace_ondevice_3/Logic Analysis/comparison/ila_reference/build/step9_common_baseline/staged_common/build/base_soc/edgescope_comparison_base.gen/sources_1/bd/base_soc/ip/base_soc_microblaze_riscv_0_axi_intc_0/base_soc_microblaze_riscv_0_axi_intc_0_clocks.xdc] for cell 'base_soc_i/microblaze_riscv_0_axi_intc/U0'
Finished Parsing XDC File [/home/user4/workspace_ondevice_3/Logic Analysis/comparison/ila_reference/build/step9_common_baseline/staged_common/build/base_soc/edgescope_comparison_base.gen/sources_1/bd/base_soc/ip/base_soc_microblaze_riscv_0_axi_intc_0/base_soc_microblaze_riscv_0_axi_intc_0_clocks.xdc] for cell 'base_soc_i/microblaze_riscv_0_axi_intc/U0'
Parsing XDC File [/home/user4/workspace_ondevice_3/Logic Analysis/comparison/ila_reference/build/step9_common_baseline/staged_common/build/base_soc/edgescope_comparison_base.gen/sources_1/bd/base_soc/ip/base_soc_mdm_1_0/base_soc_mdm_1_0.xdc] for cell 'base_soc_i/mdm_1/U0'
Finished Parsing XDC File [/home/user4/workspace_ondevice_3/Logic Analysis/comparison/ila_reference/build/step9_common_baseline/staged_common/build/base_soc/edgescope_comparison_base.gen/sources_1/bd/base_soc/ip/base_soc_mdm_1_0/base_soc_mdm_1_0.xdc] for cell 'base_soc_i/mdm_1/U0'
INFO: [Opt 31-138] Pushed 0 inverter(s) to 0 load pin(s).
Generating merged BMM file for the design top 'base_soc_wrapper'...
INFO: [Memdata 28-144] Successfully populated the BRAM INIT strings from the following elf files: /home/user4/workspace_ondevice_3/Logic Analysis/comparison/ila_reference/build/step9_common_baseline/staged_common/build/base_soc/edgescope_comparison_base.gen/sources_1/bd/base_soc/ip/base_soc_microblaze_riscv_0_0/data/riscv_bootloop.elf 
Netlist sorting complete. Time (s): cpu = 00:00:00 ; elapsed = 00:00:00 . Memory (MB): peak = 2381.902 ; gain = 0.000 ; free physical = 1593 ; free virtual = 27386
INFO: [Project 1-111] Unisim Transformation Summary:
  A total of 96 instances were transformed.
  LUT6_2 => LUT6_2 (LUT5, LUT6): 48 instances
  RAM16X1D => RAM32X1D (RAMD32(x2)): 32 instances
  RAM32M => RAM32M (RAMD32(x6), RAMS32(x2)): 16 instances

open_run: Time (s): cpu = 00:00:06 ; elapsed = 00:00:06 . Memory (MB): peak = 2381.902 ; gain = 406.863 ; free physical = 1593 ; free virtual = 27386
ASSERT PASS: Generator DONT_TOUCH readback
[Wed Jul 29 19:57:08 2026] Launched impl_1...
Run output will be captured here: /home/user4/workspace_ondevice_3/Logic Analysis/comparison/ila_reference/build/step9_common_baseline/staged_common/build/base_soc/edgescope_comparison_base.runs/impl_1/runme.log
[Wed Jul 29 19:57:08 2026] Waiting for impl_1 to finish...
/media/user4/data/tools/Vivado/2024.2/bin/setupEnv.sh: line 236: [: /home/user4/workspace_ondevice_3/Logic: binary operator expected

*** Running vivado
    with args -log base_soc_wrapper.vdi -applog -m64 -product Vivado -messageDb vivado.pb -mode batch -source base_soc_wrapper.tcl -notrace

/media/user4/data/tools/Vivado/2024.2/bin/setupEnv.sh: line 236: [: /home/user4/workspace_ondevice_3/Logic: binary operator expected

****** Vivado v2024.2 (64-bit)
  **** SW Build 5239630 on Fri Nov 08 22:34:34 MST 2024
  **** IP Build 5239520 on Sun Nov 10 16:12:51 MST 2024
  **** SharedData Build 5239561 on Fri Nov 08 14:39:27 MST 2024
  **** Start of session at: Wed Jul 29 19:57:10 2026
    ** Copyright 1986-2022 Xilinx, Inc. All Rights Reserved.
    ** Copyright 2022-2024 Advanced Micro Devices, Inc. All Rights Reserved.

CRITICAL WARNING: [Common 17-741] No write access right to the local Tcl store at '/home/user4/.Xilinx/Vivado/2024.2/XilinxTclStore'. XilinxTclStore is reverted to the installation area. If you want to use local Tcl Store, please change the access right and relaunch Vivado.
source base_soc_wrapper.tcl -notrace
INFO: [IP_Flow 19-234] Refreshing IP repositories
INFO: [IP_Flow 19-1704] No user IP repositories specified
INFO: [IP_Flow 19-2313] Loaded Vivado IP repository '/media/user4/data/tools/Vivado/2024.2/data/ip'.
Command: link_design -top base_soc_wrapper -part xc7a35tcpg236-1
Design is defaulting to srcset: sources_1
Design is defaulting to constrset: constrs_1
INFO: [Device 21-403] Loading part xc7a35tcpg236-1
INFO: [Project 1-454] Reading design checkpoint '/home/user4/workspace_ondevice_3/Logic Analysis/comparison/ila_reference/build/step9_common_baseline/staged_common/build/base_soc/edgescope_comparison_base.gen/sources_1/bd/base_soc/ip/base_soc_axi_gpio_test_ctrl_0/base_soc_axi_gpio_test_ctrl_0.dcp' for cell 'base_soc_i/axi_gpio_test_ctrl'
INFO: [Project 1-454] Reading design checkpoint '/home/user4/workspace_ondevice_3/Logic Analysis/comparison/ila_reference/build/step9_common_baseline/staged_common/build/base_soc/edgescope_comparison_base.gen/sources_1/bd/base_soc/ip/base_soc_axi_timer_0_0/base_soc_axi_timer_0_0.dcp' for cell 'base_soc_i/axi_timer_0'
INFO: [Project 1-454] Reading design checkpoint '/home/user4/workspace_ondevice_3/Logic Analysis/comparison/ila_reference/build/step9_common_baseline/staged_common/build/base_soc/edgescope_comparison_base.gen/sources_1/bd/base_soc/ip/base_soc_axi_uartlite_0_0/base_soc_axi_uartlite_0_0.dcp' for cell 'base_soc_i/axi_uartlite_0'
INFO: [Project 1-454] Reading design checkpoint '/home/user4/workspace_ondevice_3/Logic Analysis/comparison/ila_reference/build/step9_common_baseline/staged_common/build/base_soc/edgescope_comparison_base.gen/sources_1/bd/base_soc/ip/base_soc_clk_wiz_0/base_soc_clk_wiz_0.dcp' for cell 'base_soc_i/clk_wiz'
INFO: [Project 1-454] Reading design checkpoint '/home/user4/workspace_ondevice_3/Logic Analysis/comparison/ila_reference/build/step9_common_baseline/staged_common/build/base_soc/edgescope_comparison_base.gen/sources_1/bd/base_soc/ip/base_soc_mdm_1_0/base_soc_mdm_1_0.dcp' for cell 'base_soc_i/mdm_1'
INFO: [Project 1-454] Reading design checkpoint '/home/user4/workspace_ondevice_3/Logic Analysis/comparison/ila_reference/build/step9_common_baseline/staged_common/build/base_soc/edgescope_comparison_base.gen/sources_1/bd/base_soc/ip/base_soc_microblaze_riscv_0_0/base_soc_microblaze_riscv_0_0.dcp' for cell 'base_soc_i/microblaze_riscv_0'
INFO: [Project 1-454] Reading design checkpoint '/home/user4/workspace_ondevice_3/Logic Analysis/comparison/ila_reference/build/step9_common_baseline/staged_common/build/base_soc/edgescope_comparison_base.gen/sources_1/bd/base_soc/ip/base_soc_microblaze_riscv_0_axi_intc_0/base_soc_microblaze_riscv_0_axi_intc_0.dcp' for cell 'base_soc_i/microblaze_riscv_0_axi_intc'
INFO: [Project 1-454] Reading design checkpoint '/home/user4/workspace_ondevice_3/Logic Analysis/comparison/ila_reference/build/step9_common_baseline/staged_common/build/base_soc/edgescope_comparison_base.gen/sources_1/bd/base_soc/ip/base_soc_rst_clk_wiz_100M_0/base_soc_rst_clk_wiz_100M_0.dcp' for cell 'base_soc_i/rst_clk_wiz_100M'
INFO: [Project 1-454] Reading design checkpoint '/home/user4/workspace_ondevice_3/Logic Analysis/comparison/ila_reference/build/step9_common_baseline/staged_common/build/base_soc/edgescope_comparison_base.gen/sources_1/bd/base_soc/ip/base_soc_test_pattern_generator_gpio_adapter_0_0/base_soc_test_pattern_generator_gpio_adapter_0_0.dcp' for cell 'base_soc_i/test_pattern_generator_gpio_adapter_0'
INFO: [Project 1-454] Reading design checkpoint '/home/user4/workspace_ondevice_3/Logic Analysis/comparison/ila_reference/build/step9_common_baseline/staged_common/build/base_soc/edgescope_comparison_base.gen/sources_1/bd/base_soc/ip/base_soc_microblaze_riscv_0_axi_periph_imp_xbar_0/base_soc_microblaze_riscv_0_axi_periph_imp_xbar_0.dcp' for cell 'base_soc_i/microblaze_riscv_0_axi_periph/xbar'
INFO: [Project 1-454] Reading design checkpoint '/home/user4/workspace_ondevice_3/Logic Analysis/comparison/ila_reference/build/step9_common_baseline/staged_common/build/base_soc/edgescope_comparison_base.gen/sources_1/bd/base_soc/ip/base_soc_dlmb_bram_if_cntlr_0/base_soc_dlmb_bram_if_cntlr_0.dcp' for cell 'base_soc_i/microblaze_riscv_0_local_memory/dlmb_bram_if_cntlr'
INFO: [Project 1-454] Reading design checkpoint '/home/user4/workspace_ondevice_3/Logic Analysis/comparison/ila_reference/build/step9_common_baseline/staged_common/build/base_soc/edgescope_comparison_base.gen/sources_1/bd/base_soc/ip/base_soc_dlmb_v10_0/base_soc_dlmb_v10_0.dcp' for cell 'base_soc_i/microblaze_riscv_0_local_memory/dlmb_v10'
INFO: [Project 1-454] Reading design checkpoint '/home/user4/workspace_ondevice_3/Logic Analysis/comparison/ila_reference/build/step9_common_baseline/staged_common/build/base_soc/edgescope_comparison_base.gen/sources_1/bd/base_soc/ip/base_soc_ilmb_bram_if_cntlr_0/base_soc_ilmb_bram_if_cntlr_0.dcp' for cell 'base_soc_i/microblaze_riscv_0_local_memory/ilmb_bram_if_cntlr'
INFO: [Project 1-454] Reading design checkpoint '/home/user4/workspace_ondevice_3/Logic Analysis/comparison/ila_reference/build/step9_common_baseline/staged_common/build/base_soc/edgescope_comparison_base.gen/sources_1/bd/base_soc/ip/base_soc_ilmb_v10_0/base_soc_ilmb_v10_0.dcp' for cell 'base_soc_i/microblaze_riscv_0_local_memory/ilmb_v10'
INFO: [Project 1-454] Reading design checkpoint '/home/user4/workspace_ondevice_3/Logic Analysis/comparison/ila_reference/build/step9_common_baseline/staged_common/build/base_soc/edgescope_comparison_base.gen/sources_1/bd/base_soc/ip/base_soc_lmb_bram_0/base_soc_lmb_bram_0.dcp' for cell 'base_soc_i/microblaze_riscv_0_local_memory/lmb_bram'
Netlist sorting complete. Time (s): cpu = 00:00:00.07 ; elapsed = 00:00:00.07 . Memory (MB): peak = 1475.605 ; gain = 0.000 ; free physical = 1039 ; free virtual = 26838
INFO: [Netlist 29-17] Analyzing 288 Unisim elements for replacement
INFO: [Netlist 29-28] Unisim Transformation completed in 0 CPU seconds
INFO: [Project 1-479] Netlist was created with Vivado 2024.2
INFO: [Project 1-570] Preparing netlist for logic optimization
Parsing XDC File [/home/user4/workspace_ondevice_3/Logic Analysis/comparison/ila_reference/constraints/step9_baseline_common.xdc]
Finished Parsing XDC File [/home/user4/workspace_ondevice_3/Logic Analysis/comparison/ila_reference/constraints/step9_baseline_common.xdc]
Parsing XDC File [/home/user4/workspace_ondevice_3/Logic Analysis/comparison/ila_reference/build/step9_common_baseline/staged_common/build/base_soc/edgescope_comparison_base.gen/sources_1/bd/base_soc/ip/base_soc_clk_wiz_0/base_soc_clk_wiz_0_board.xdc] for cell 'base_soc_i/clk_wiz/inst'
Finished Parsing XDC File [/home/user4/workspace_ondevice_3/Logic Analysis/comparison/ila_reference/build/step9_common_baseline/staged_common/build/base_soc/edgescope_comparison_base.gen/sources_1/bd/base_soc/ip/base_soc_clk_wiz_0/base_soc_clk_wiz_0_board.xdc] for cell 'base_soc_i/clk_wiz/inst'
Parsing XDC File [/home/user4/workspace_ondevice_3/Logic Analysis/comparison/ila_reference/build/step9_common_baseline/staged_common/build/base_soc/edgescope_comparison_base.gen/sources_1/bd/base_soc/ip/base_soc_clk_wiz_0/base_soc_clk_wiz_0.xdc] for cell 'base_soc_i/clk_wiz/inst'
INFO: [Timing 38-35] Done setting XDC timing constraints. [/home/user4/workspace_ondevice_3/Logic Analysis/comparison/ila_reference/build/step9_common_baseline/staged_common/build/base_soc/edgescope_comparison_base.gen/sources_1/bd/base_soc/ip/base_soc_clk_wiz_0/base_soc_clk_wiz_0.xdc:54]
INFO: [Timing 38-2] Deriving generated clocks [/home/user4/workspace_ondevice_3/Logic Analysis/comparison/ila_reference/build/step9_common_baseline/staged_common/build/base_soc/edgescope_comparison_base.gen/sources_1/bd/base_soc/ip/base_soc_clk_wiz_0/base_soc_clk_wiz_0.xdc:54]
Finished Parsing XDC File [/home/user4/workspace_ondevice_3/Logic Analysis/comparison/ila_reference/build/step9_common_baseline/staged_common/build/base_soc/edgescope_comparison_base.gen/sources_1/bd/base_soc/ip/base_soc_clk_wiz_0/base_soc_clk_wiz_0.xdc] for cell 'base_soc_i/clk_wiz/inst'
Parsing XDC File [/home/user4/workspace_ondevice_3/Logic Analysis/comparison/ila_reference/build/step9_common_baseline/staged_common/build/base_soc/edgescope_comparison_base.gen/sources_1/bd/base_soc/ip/base_soc_microblaze_riscv_0_0/base_soc_microblaze_riscv_0_0.xdc] for cell 'base_soc_i/microblaze_riscv_0/U0'
Finished Parsing XDC File [/home/user4/workspace_ondevice_3/Logic Analysis/comparison/ila_reference/build/step9_common_baseline/staged_common/build/base_soc/edgescope_comparison_base.gen/sources_1/bd/base_soc/ip/base_soc_microblaze_riscv_0_0/base_soc_microblaze_riscv_0_0.xdc] for cell 'base_soc_i/microblaze_riscv_0/U0'
Parsing XDC File [/home/user4/workspace_ondevice_3/Logic Analysis/comparison/ila_reference/build/step9_common_baseline/staged_common/build/base_soc/edgescope_comparison_base.gen/sources_1/bd/base_soc/ip/base_soc_microblaze_riscv_0_axi_intc_0/base_soc_microblaze_riscv_0_axi_intc_0.xdc] for cell 'base_soc_i/microblaze_riscv_0_axi_intc/U0'
Finished Parsing XDC File [/home/user4/workspace_ondevice_3/Logic Analysis/comparison/ila_reference/build/step9_common_baseline/staged_common/build/base_soc/edgescope_comparison_base.gen/sources_1/bd/base_soc/ip/base_soc_microblaze_riscv_0_axi_intc_0/base_soc_microblaze_riscv_0_axi_intc_0.xdc] for cell 'base_soc_i/microblaze_riscv_0_axi_intc/U0'
Parsing XDC File [/home/user4/workspace_ondevice_3/Logic Analysis/comparison/ila_reference/build/step9_common_baseline/staged_common/build/base_soc/edgescope_comparison_base.gen/sources_1/bd/base_soc/ip/base_soc_rst_clk_wiz_100M_0/base_soc_rst_clk_wiz_100M_0_board.xdc] for cell 'base_soc_i/rst_clk_wiz_100M/U0'
Finished Parsing XDC File [/home/user4/workspace_ondevice_3/Logic Analysis/comparison/ila_reference/build/step9_common_baseline/staged_common/build/base_soc/edgescope_comparison_base.gen/sources_1/bd/base_soc/ip/base_soc_rst_clk_wiz_100M_0/base_soc_rst_clk_wiz_100M_0_board.xdc] for cell 'base_soc_i/rst_clk_wiz_100M/U0'
Parsing XDC File [/home/user4/workspace_ondevice_3/Logic Analysis/comparison/ila_reference/build/step9_common_baseline/staged_common/build/base_soc/edgescope_comparison_base.gen/sources_1/bd/base_soc/ip/base_soc_rst_clk_wiz_100M_0/base_soc_rst_clk_wiz_100M_0.xdc] for cell 'base_soc_i/rst_clk_wiz_100M/U0'
Finished Parsing XDC File [/home/user4/workspace_ondevice_3/Logic Analysis/comparison/ila_reference/build/step9_common_baseline/staged_common/build/base_soc/edgescope_comparison_base.gen/sources_1/bd/base_soc/ip/base_soc_rst_clk_wiz_100M_0/base_soc_rst_clk_wiz_100M_0.xdc] for cell 'base_soc_i/rst_clk_wiz_100M/U0'
Parsing XDC File [/home/user4/workspace_ondevice_3/Logic Analysis/comparison/ila_reference/build/step9_common_baseline/staged_common/build/base_soc/edgescope_comparison_base.gen/sources_1/bd/base_soc/ip/base_soc_axi_uartlite_0_0/base_soc_axi_uartlite_0_0_board.xdc] for cell 'base_soc_i/axi_uartlite_0/U0'
Finished Parsing XDC File [/home/user4/workspace_ondevice_3/Logic Analysis/comparison/ila_reference/build/step9_common_baseline/staged_common/build/base_soc/edgescope_comparison_base.gen/sources_1/bd/base_soc/ip/base_soc_axi_uartlite_0_0/base_soc_axi_uartlite_0_0_board.xdc] for cell 'base_soc_i/axi_uartlite_0/U0'
Parsing XDC File [/home/user4/workspace_ondevice_3/Logic Analysis/comparison/ila_reference/build/step9_common_baseline/staged_common/build/base_soc/edgescope_comparison_base.gen/sources_1/bd/base_soc/ip/base_soc_axi_uartlite_0_0/base_soc_axi_uartlite_0_0.xdc] for cell 'base_soc_i/axi_uartlite_0/U0'
Finished Parsing XDC File [/home/user4/workspace_ondevice_3/Logic Analysis/comparison/ila_reference/build/step9_common_baseline/staged_common/build/base_soc/edgescope_comparison_base.gen/sources_1/bd/base_soc/ip/base_soc_axi_uartlite_0_0/base_soc_axi_uartlite_0_0.xdc] for cell 'base_soc_i/axi_uartlite_0/U0'
Parsing XDC File [/home/user4/workspace_ondevice_3/Logic Analysis/comparison/ila_reference/build/step9_common_baseline/staged_common/build/base_soc/edgescope_comparison_base.gen/sources_1/bd/base_soc/ip/base_soc_axi_timer_0_0/base_soc_axi_timer_0_0.xdc] for cell 'base_soc_i/axi_timer_0/U0'
Finished Parsing XDC File [/home/user4/workspace_ondevice_3/Logic Analysis/comparison/ila_reference/build/step9_common_baseline/staged_common/build/base_soc/edgescope_comparison_base.gen/sources_1/bd/base_soc/ip/base_soc_axi_timer_0_0/base_soc_axi_timer_0_0.xdc] for cell 'base_soc_i/axi_timer_0/U0'
Parsing XDC File [/home/user4/workspace_ondevice_3/Logic Analysis/comparison/ila_reference/build/step9_common_baseline/staged_common/build/base_soc/edgescope_comparison_base.gen/sources_1/bd/base_soc/ip/base_soc_axi_gpio_test_ctrl_0/base_soc_axi_gpio_test_ctrl_0_board.xdc] for cell 'base_soc_i/axi_gpio_test_ctrl/U0'
Finished Parsing XDC File [/home/user4/workspace_ondevice_3/Logic Analysis/comparison/ila_reference/build/step9_common_baseline/staged_common/build/base_soc/edgescope_comparison_base.gen/sources_1/bd/base_soc/ip/base_soc_axi_gpio_test_ctrl_0/base_soc_axi_gpio_test_ctrl_0_board.xdc] for cell 'base_soc_i/axi_gpio_test_ctrl/U0'
Parsing XDC File [/home/user4/workspace_ondevice_3/Logic Analysis/comparison/ila_reference/build/step9_common_baseline/staged_common/build/base_soc/edgescope_comparison_base.gen/sources_1/bd/base_soc/ip/base_soc_axi_gpio_test_ctrl_0/base_soc_axi_gpio_test_ctrl_0.xdc] for cell 'base_soc_i/axi_gpio_test_ctrl/U0'
Finished Parsing XDC File [/home/user4/workspace_ondevice_3/Logic Analysis/comparison/ila_reference/build/step9_common_baseline/staged_common/build/base_soc/edgescope_comparison_base.gen/sources_1/bd/base_soc/ip/base_soc_axi_gpio_test_ctrl_0/base_soc_axi_gpio_test_ctrl_0.xdc] for cell 'base_soc_i/axi_gpio_test_ctrl/U0'
Parsing XDC File [/home/user4/workspace_ondevice_3/Logic Analysis/comparison/ila_reference/build/step9_common_baseline/staged_common/build/base_soc/edgescope_comparison_base.gen/sources_1/bd/base_soc/ip/base_soc_microblaze_riscv_0_axi_intc_0/base_soc_microblaze_riscv_0_axi_intc_0_clocks.xdc] for cell 'base_soc_i/microblaze_riscv_0_axi_intc/U0'
Finished Parsing XDC File [/home/user4/workspace_ondevice_3/Logic Analysis/comparison/ila_reference/build/step9_common_baseline/staged_common/build/base_soc/edgescope_comparison_base.gen/sources_1/bd/base_soc/ip/base_soc_microblaze_riscv_0_axi_intc_0/base_soc_microblaze_riscv_0_axi_intc_0_clocks.xdc] for cell 'base_soc_i/microblaze_riscv_0_axi_intc/U0'
Parsing XDC File [/home/user4/workspace_ondevice_3/Logic Analysis/comparison/ila_reference/build/step9_common_baseline/staged_common/build/base_soc/edgescope_comparison_base.gen/sources_1/bd/base_soc/ip/base_soc_mdm_1_0/base_soc_mdm_1_0.xdc] for cell 'base_soc_i/mdm_1/U0'
Finished Parsing XDC File [/home/user4/workspace_ondevice_3/Logic Analysis/comparison/ila_reference/build/step9_common_baseline/staged_common/build/base_soc/edgescope_comparison_base.gen/sources_1/bd/base_soc/ip/base_soc_mdm_1_0/base_soc_mdm_1_0.xdc] for cell 'base_soc_i/mdm_1/U0'
INFO: [Opt 31-138] Pushed 0 inverter(s) to 0 load pin(s).
Generating merged BMM file for the design top 'base_soc_wrapper'...
INFO: [Memdata 28-144] Successfully populated the BRAM INIT strings from the following elf files: /home/user4/workspace_ondevice_3/Logic Analysis/comparison/ila_reference/build/step9_common_baseline/staged_common/build/base_soc/edgescope_comparison_base.gen/sources_1/bd/base_soc/ip/base_soc_microblaze_riscv_0_0/data/riscv_bootloop.elf 
Netlist sorting complete. Time (s): cpu = 00:00:00.01 ; elapsed = 00:00:00.01 . Memory (MB): peak = 2174.906 ; gain = 0.000 ; free physical = 552 ; free virtual = 26352
INFO: [Project 1-111] Unisim Transformation Summary:
  A total of 96 instances were transformed.
  LUT6_2 => LUT6_2 (LUT5, LUT6): 48 instances
  RAM16X1D => RAM32X1D (RAMD32(x2)): 32 instances
  RAM32M => RAM32M (RAMD32(x6), RAMS32(x2)): 16 instances

28 Infos, 0 Warnings, 0 Critical Warnings and 0 Errors encountered.
link_design completed successfully
link_design: Time (s): cpu = 00:00:08 ; elapsed = 00:00:08 . Memory (MB): peak = 2174.906 ; gain = 742.863 ; free physical = 552 ; free virtual = 26352
Command: opt_design
Attempting to get a license for feature 'Implementation' and/or device 'xc7a35t'
INFO: [Common 17-349] Got license for feature 'Implementation' and/or device 'xc7a35t'
Running DRC as a precondition to command opt_design

Starting DRC Task
INFO: [DRC 23-27] Running DRC with 2 threads
INFO: [Project 1-461] DRC finished with 0 Errors
INFO: [Project 1-462] Please refer to the DRC report (report_drc) for more information.

Time (s): cpu = 00:00:01 ; elapsed = 00:00:00.61 . Memory (MB): peak = 2174.906 ; gain = 0.000 ; free physical = 525 ; free virtual = 26325

Starting Cache Timing Information Task
INFO: [Timing 38-35] Done setting XDC timing constraints.
Ending Cache Timing Information Task | Checksum: 19ca5761b

Time (s): cpu = 00:00:00.19 ; elapsed = 00:00:00.14 . Memory (MB): peak = 2197.719 ; gain = 22.812 ; free physical = 525 ; free virtual = 26325

Starting Logic Optimization Task

Phase 1 Initialization

Phase 1.1 Core Generation And Design Setup
Phase 1.1 Core Generation And Design Setup | Checksum: 19ca5761b

Time (s): cpu = 00:00:00 ; elapsed = 00:00:00.01 . Memory (MB): peak = 2535.703 ; gain = 0.000 ; free physical = 438 ; free virtual = 26121

Phase 1.2 Setup Constraints And Sort Netlist
Phase 1.2 Setup Constraints And Sort Netlist | Checksum: 19ca5761b

Time (s): cpu = 00:00:00.01 ; elapsed = 00:00:00.02 . Memory (MB): peak = 2535.703 ; gain = 0.000 ; free physical = 438 ; free virtual = 26121
Phase 1 Initialization | Checksum: 19ca5761b

Time (s): cpu = 00:00:00.01 ; elapsed = 00:00:00.02 . Memory (MB): peak = 2535.703 ; gain = 0.000 ; free physical = 438 ; free virtual = 26121

Phase 2 Timer Update And Timing Data Collection

Phase 2.1 Timer Update
Phase 2.1 Timer Update | Checksum: 19ca5761b

Time (s): cpu = 00:00:00.11 ; elapsed = 00:00:00.08 . Memory (MB): peak = 2535.703 ; gain = 0.000 ; free physical = 438 ; free virtual = 26121

Phase 2.2 Timing Data Collection
Phase 2.2 Timing Data Collection | Checksum: 19ca5761b

Time (s): cpu = 00:00:00.12 ; elapsed = 00:00:00.09 . Memory (MB): peak = 2535.703 ; gain = 0.000 ; free physical = 438 ; free virtual = 26121
Phase 2 Timer Update And Timing Data Collection | Checksum: 19ca5761b

Time (s): cpu = 00:00:00.12 ; elapsed = 00:00:00.09 . Memory (MB): peak = 2535.703 ; gain = 0.000 ; free physical = 438 ; free virtual = 26121

Phase 3 Retarget
INFO: [Opt 31-1851] Number of loadless carry chains removed were: 0
INFO: [Opt 31-1834] Total Chains To Be Transformed Were: 0 AND Number of Transformed insts Created are: 0
INFO: [Opt 31-1566] Pulled 1 inverters resulting in an inversion of 2 pins
INFO: [Opt 31-138] Pushed 0 inverter(s) to 0 load pin(s).
INFO: [Opt 31-49] Retargeted 0 cell(s).
Phase 3 Retarget | Checksum: 2e35d4e51

Time (s): cpu = 00:00:00.23 ; elapsed = 00:00:00.18 . Memory (MB): peak = 2535.703 ; gain = 0.000 ; free physical = 437 ; free virtual = 26120
Retarget | Checksum: 2e35d4e51
INFO: [Opt 31-389] Phase Retarget created 108 cells and removed 194 cells
INFO: [Opt 31-1021] In phase Retarget, 3 netlist objects are constrained preventing optimization. Please run opt_design with -debug_log to get more detail. 

Phase 4 Constant propagation
INFO: [Opt 31-138] Pushed 0 inverter(s) to 0 load pin(s).
Phase 4 Constant propagation | Checksum: 303468d1c

Time (s): cpu = 00:00:00.25 ; elapsed = 00:00:00.2 . Memory (MB): peak = 2535.703 ; gain = 0.000 ; free physical = 437 ; free virtual = 26120
Constant propagation | Checksum: 303468d1c
INFO: [Opt 31-389] Phase Constant propagation created 4 cells and removed 16 cells
INFO: [Opt 31-1021] In phase Constant propagation, 1 netlist objects are constrained preventing optimization. Please run opt_design with -debug_log to get more detail. 

Phase 5 Sweep
INFO: [Constraints 18-11670] Building netlist checker database with flags, 0x8
Done building netlist checker database: Time (s): cpu = 00:00:00 ; elapsed = 00:00:00 . Memory (MB): peak = 2535.703 ; gain = 0.000 ; free physical = 437 ; free virtual = 26120
INFO: [Constraints 18-11670] Building netlist checker database with flags, 0x8
Done building netlist checker database: Time (s): cpu = 00:00:00 ; elapsed = 00:00:00 . Memory (MB): peak = 2535.703 ; gain = 0.000 ; free physical = 437 ; free virtual = 26120
Phase 5 Sweep | Checksum: 2eec5e6d5

Time (s): cpu = 00:00:00.4 ; elapsed = 00:00:00.37 . Memory (MB): peak = 2535.703 ; gain = 0.000 ; free physical = 432 ; free virtual = 26115
Sweep | Checksum: 2eec5e6d5
INFO: [Opt 31-389] Phase Sweep created 1 cells and removed 54 cells
INFO: [Opt 31-1021] In phase Sweep, 1 netlist objects are constrained preventing optimization. Please run opt_design with -debug_log to get more detail. 

Phase 6 BUFG optimization
INFO: [Opt 31-194] Inserted BUFG base_soc_i/mdm_1/U0/Use_E2.BSCAN_I/tck_BUFG_inst to drive 51 load(s) on clock net base_soc_i/mdm_1/U0/Use_E2.BSCAN_I/tck_BUFG
INFO: [Opt 31-193] Inserted 1 BUFG(s) on clock nets
Phase 6 BUFG optimization | Checksum: 269a8801e

Time (s): cpu = 00:00:00.47 ; elapsed = 00:00:00.41 . Memory (MB): peak = 2567.719 ; gain = 32.016 ; free physical = 417 ; free virtual = 26096
BUFG optimization | Checksum: 269a8801e
INFO: [Opt 31-662] Phase BUFG optimization created 1 cells of which 1 are BUFGs and removed 0 cells.

Phase 7 Shift Register Optimization
INFO: [Opt 31-1064] SRL Remap converted 0 SRLs to 0 registers and converted 0 registers of register chains to 0 SRLs
Phase 7 Shift Register Optimization | Checksum: 269a8801e

Time (s): cpu = 00:00:00.48 ; elapsed = 00:00:00.42 . Memory (MB): peak = 2567.719 ; gain = 32.016 ; free physical = 417 ; free virtual = 26096
Shift Register Optimization | Checksum: 269a8801e
INFO: [Opt 31-389] Phase Shift Register Optimization created 0 cells and removed 0 cells

Phase 8 Post Processing Netlist
Phase 8 Post Processing Netlist | Checksum: 33c6f844e

Time (s): cpu = 00:00:00.49 ; elapsed = 00:00:00.43 . Memory (MB): peak = 2567.719 ; gain = 32.016 ; free physical = 422 ; free virtual = 26101
Post Processing Netlist | Checksum: 33c6f844e
INFO: [Opt 31-389] Phase Post Processing Netlist created 0 cells and removed 0 cells
INFO: [Opt 31-1021] In phase Post Processing Netlist, 1 netlist objects are constrained preventing optimization. Please run opt_design with -debug_log to get more detail. 

Phase 9 Finalization

Phase 9.1 Finalizing Design Cores and Updating Shapes
Phase 9.1 Finalizing Design Cores and Updating Shapes | Checksum: 219c349a1

Time (s): cpu = 00:00:00.58 ; elapsed = 00:00:00.5 . Memory (MB): peak = 2567.719 ; gain = 32.016 ; free physical = 411 ; free virtual = 26092

Phase 9.2 Verifying Netlist Connectivity

Starting Connectivity Check Task

Time (s): cpu = 00:00:00 ; elapsed = 00:00:00 . Memory (MB): peak = 2567.719 ; gain = 0.000 ; free physical = 411 ; free virtual = 26092
Phase 9.2 Verifying Netlist Connectivity | Checksum: 219c349a1

Time (s): cpu = 00:00:00.59 ; elapsed = 00:00:00.5 . Memory (MB): peak = 2567.719 ; gain = 32.016 ; free physical = 411 ; free virtual = 26092
Phase 9 Finalization | Checksum: 219c349a1

Time (s): cpu = 00:00:00.59 ; elapsed = 00:00:00.5 . Memory (MB): peak = 2567.719 ; gain = 32.016 ; free physical = 411 ; free virtual = 26092
Opt_design Change Summary
=========================


-------------------------------------------------------------------------------------------------------------------------
|  Phase                        |  #Cells created  |  #Cells Removed  |  #Constrained objects preventing optimizations  |
-------------------------------------------------------------------------------------------------------------------------
|  Retarget                     |             108  |             194  |                                              3  |
|  Constant propagation         |               4  |              16  |                                              1  |
|  Sweep                        |               1  |              54  |                                              1  |
|  BUFG optimization            |               1  |               0  |                                              0  |
|  Shift Register Optimization  |               0  |               0  |                                              0  |
|  Post Processing Netlist      |               0  |               0  |                                              1  |
-------------------------------------------------------------------------------------------------------------------------


Ending Logic Optimization Task | Checksum: 219c349a1

Time (s): cpu = 00:00:00.59 ; elapsed = 00:00:00.5 . Memory (MB): peak = 2567.719 ; gain = 32.016 ; free physical = 411 ; free virtual = 26092

Starting Power Optimization Task
INFO: [Pwropt 34-132] Skipping clock gating for clocks with a period < 2.00 ns.
INFO: [Timing 38-35] Done setting XDC timing constraints.
Running Vector-less Activity Propagation...

Finished Running Vector-less Activity Propagation
INFO: [Pwropt 34-9] Applying IDT optimizations ...
INFO: [Pwropt 34-10] Applying ODC optimizations ...


Starting PowerOpt Patch Enables Task
INFO: [Pwropt 34-162] WRITE_MODE attribute of 0 BRAM(s) out of a total of 32 has been updated to save power. Run report_power_opt to get a complete listing of the BRAMs updated.
INFO: [Pwropt 34-201] Structural ODC has moved 0 WE to EN ports
Number of BRAM Ports augmented: 32 newly gated: 0 Total Ports: 64
Ending PowerOpt Patch Enables Task | Checksum: 34ca2436c

Time (s): cpu = 00:00:00.1 ; elapsed = 00:00:00.1 . Memory (MB): peak = 2677.605 ; gain = 0.000 ; free physical = 339 ; free virtual = 26027
Ending Power Optimization Task | Checksum: 34ca2436c

Time (s): cpu = 00:00:03 ; elapsed = 00:00:02 . Memory (MB): peak = 2677.605 ; gain = 109.887 ; free physical = 339 ; free virtual = 26027

Starting Final Cleanup Task

Starting Logic Optimization Task
INFO: [Timing 38-35] Done setting XDC timing constraints.
Ending Logic Optimization Task | Checksum: 28dc60387

Time (s): cpu = 00:00:00.36 ; elapsed = 00:00:00.28 . Memory (MB): peak = 2677.605 ; gain = 0.000 ; free physical = 346 ; free virtual = 26028
Ending Final Cleanup Task | Checksum: 28dc60387

Time (s): cpu = 00:00:02 ; elapsed = 00:00:02 . Memory (MB): peak = 2677.605 ; gain = 0.000 ; free physical = 346 ; free virtual = 26028

Starting Netlist Obfuscation Task
Netlist sorting complete. Time (s): cpu = 00:00:00 ; elapsed = 00:00:00 . Memory (MB): peak = 2677.605 ; gain = 0.000 ; free physical = 346 ; free virtual = 26028
Ending Netlist Obfuscation Task | Checksum: 28dc60387

Time (s): cpu = 00:00:00 ; elapsed = 00:00:00 . Memory (MB): peak = 2677.605 ; gain = 0.000 ; free physical = 346 ; free virtual = 26028
INFO: [Common 17-83] Releasing license: Implementation
62 Infos, 0 Warnings, 0 Critical Warnings and 0 Errors encountered.
opt_design completed successfully
opt_design: Time (s): cpu = 00:00:08 ; elapsed = 00:00:07 . Memory (MB): peak = 2677.605 ; gain = 502.699 ; free physical = 346 ; free virtual = 26028
INFO: [Vivado 12-24828] Executing command : report_drc -file base_soc_wrapper_drc_opted.rpt -pb base_soc_wrapper_drc_opted.pb -rpx base_soc_wrapper_drc_opted.rpx
Command: report_drc -file base_soc_wrapper_drc_opted.rpt -pb base_soc_wrapper_drc_opted.pb -rpx base_soc_wrapper_drc_opted.rpx
INFO: [IP_Flow 19-1839] IP Catalog is up to date.
INFO: [DRC 23-27] Running DRC with 2 threads
INFO: [Vivado_Tcl 2-168] The results of DRC are in file /home/user4/workspace_ondevice_3/Logic Analysis/comparison/ila_reference/build/step9_common_baseline/staged_common/build/base_soc/edgescope_comparison_base.runs/impl_1/base_soc_wrapper_drc_opted.rpt.
report_drc completed successfully
INFO: [Timing 38-35] Done setting XDC timing constraints.
INFO: [Timing 38-480] Writing timing data to binary archive.
Wrote PlaceDB: Time (s): cpu = 00:00:00 ; elapsed = 00:00:00 . Memory (MB): peak = 2677.605 ; gain = 0.000 ; free physical = 354 ; free virtual = 26037
Wrote PulsedLatchDB: Time (s): cpu = 00:00:00 ; elapsed = 00:00:00 . Memory (MB): peak = 2677.605 ; gain = 0.000 ; free physical = 354 ; free virtual = 26037
Writing XDEF routing.
Write ShapeDB Complete: Time (s): cpu = 00:00:00.03 ; elapsed = 00:00:00 . Memory (MB): peak = 2677.605 ; gain = 0.000 ; free physical = 355 ; free virtual = 26038
Writing XDEF routing logical nets.
Writing XDEF routing special nets.
Wrote RouteStorage: Time (s): cpu = 00:00:00.05 ; elapsed = 00:00:00.01 . Memory (MB): peak = 2677.605 ; gain = 0.000 ; free physical = 353 ; free virtual = 26036
Wrote Netlist Cache: Time (s): cpu = 00:00:00 ; elapsed = 00:00:00 . Memory (MB): peak = 2677.605 ; gain = 0.000 ; free physical = 353 ; free virtual = 26036
Wrote Device Cache: Time (s): cpu = 00:00:00.01 ; elapsed = 00:00:00 . Memory (MB): peak = 2677.605 ; gain = 0.000 ; free physical = 352 ; free virtual = 26036
Write Physdb Complete: Time (s): cpu = 00:00:00.06 ; elapsed = 00:00:00.01 . Memory (MB): peak = 2677.605 ; gain = 0.000 ; free physical = 352 ; free virtual = 26036
INFO: [Common 17-1381] The checkpoint '/home/user4/workspace_ondevice_3/Logic Analysis/comparison/ila_reference/build/step9_common_baseline/staged_common/build/base_soc/edgescope_comparison_base.runs/impl_1/base_soc_wrapper_opt.dcp' has been generated.
Command: place_design
Attempting to get a license for feature 'Implementation' and/or device 'xc7a35t'
INFO: [Common 17-349] Got license for feature 'Implementation' and/or device 'xc7a35t'
INFO: [Common 17-83] Releasing license: Implementation
INFO: [DRC 23-27] Running DRC with 2 threads
INFO: [Vivado_Tcl 4-198] DRC finished with 0 Errors
INFO: [Vivado_Tcl 4-199] Please refer to the DRC report (report_drc) for more information.
Running DRC as a precondition to command place_design
INFO: [DRC 23-27] Running DRC with 2 threads
INFO: [Vivado_Tcl 4-198] DRC finished with 0 Errors
INFO: [Vivado_Tcl 4-199] Please refer to the DRC report (report_drc) for more information.
INFO: [Place 30-611] Multithreading enabled for place_design using a maximum of 2 CPUs

Starting Placer Task

Phase 1 Placer Initialization

Phase 1.1 Placer Initialization Netlist Sorting
Netlist sorting complete. Time (s): cpu = 00:00:00.01 ; elapsed = 00:00:00.01 . Memory (MB): peak = 2677.605 ; gain = 0.000 ; free physical = 360 ; free virtual = 26042
Phase 1.1 Placer Initialization Netlist Sorting | Checksum: 1bdae54ec

Time (s): cpu = 00:00:00.01 ; elapsed = 00:00:00.15 . Memory (MB): peak = 2677.605 ; gain = 0.000 ; free physical = 359 ; free virtual = 26041
Netlist sorting complete. Time (s): cpu = 00:00:00 ; elapsed = 00:00:00 . Memory (MB): peak = 2677.605 ; gain = 0.000 ; free physical = 359 ; free virtual = 26041

Phase 1.2 IO Placement/ Clock Placement/ Build Placer Device
Phase 1.2 IO Placement/ Clock Placement/ Build Placer Device | Checksum: 1a20d7235

Time (s): cpu = 00:00:00.38 ; elapsed = 00:00:00.55 . Memory (MB): peak = 2677.605 ; gain = 0.000 ; free physical = 355 ; free virtual = 26042

Phase 1.3 Build Placer Netlist Model
Phase 1.3 Build Placer Netlist Model | Checksum: 1f36875c7

Time (s): cpu = 00:00:01 ; elapsed = 00:00:01 . Memory (MB): peak = 2677.605 ; gain = 0.000 ; free physical = 341 ; free virtual = 26044

Phase 1.4 Constrain Clocks/Macros
Phase 1.4 Constrain Clocks/Macros | Checksum: 1f36875c7

Time (s): cpu = 00:00:01 ; elapsed = 00:00:01 . Memory (MB): peak = 2677.605 ; gain = 0.000 ; free physical = 341 ; free virtual = 26043
Phase 1 Placer Initialization | Checksum: 1f36875c7

Time (s): cpu = 00:00:01 ; elapsed = 00:00:01 . Memory (MB): peak = 2677.605 ; gain = 0.000 ; free physical = 341 ; free virtual = 26043

Phase 2 Global Placement

Phase 2.1 Floorplanning
Phase 2.1 Floorplanning | Checksum: 24a9902d2

Time (s): cpu = 00:00:02 ; elapsed = 00:00:01 . Memory (MB): peak = 2677.605 ; gain = 0.000 ; free physical = 341 ; free virtual = 26043

Phase 2.2 Update Timing before SLR Path Opt
Phase 2.2 Update Timing before SLR Path Opt | Checksum: 27aca777c

Time (s): cpu = 00:00:02 ; elapsed = 00:00:02 . Memory (MB): peak = 2677.605 ; gain = 0.000 ; free physical = 342 ; free virtual = 26045

Phase 2.3 Post-Processing in Floorplanning
Phase 2.3 Post-Processing in Floorplanning | Checksum: 27aca777c

Time (s): cpu = 00:00:02 ; elapsed = 00:00:02 . Memory (MB): peak = 2677.605 ; gain = 0.000 ; free physical = 342 ; free virtual = 26045

Phase 2.4 Global Place Phase1
Phase 2.4 Global Place Phase1 | Checksum: 286c8f790

Time (s): cpu = 00:00:05 ; elapsed = 00:00:03 . Memory (MB): peak = 2677.605 ; gain = 0.000 ; free physical = 283 ; free virtual = 25984

Phase 2.5 Global Place Phase2

Phase 2.5.1 UpdateTiming Before Physical Synthesis
Phase 2.5.1 UpdateTiming Before Physical Synthesis | Checksum: 24b3fc1ae

Time (s): cpu = 00:00:06 ; elapsed = 00:00:03 . Memory (MB): peak = 2677.605 ; gain = 0.000 ; free physical = 283 ; free virtual = 25984

Phase 2.5.2 Physical Synthesis In Placer
INFO: [Physopt 32-1035] Found 0 LUTNM shape to break, 108 LUT instances to create LUTNM shape
INFO: [Physopt 32-1044] Break lutnm for timing: one critical 0, two critical 0, total 0, new lutff created 0
INFO: [Physopt 32-1138] End 1 Pass. Optimized 45 nets or LUTs. Breaked 0 LUT, combined 45 existing LUTs and moved 0 existing LUT
INFO: [Physopt 32-65] No nets found for high-fanout optimization.
INFO: [Physopt 32-232] Optimized 0 net. Created 0 new instance.
INFO: [Physopt 32-775] End 1 Pass. Optimized 0 net or cell. Created 0 new cell, deleted 0 existing cell and moved 0 existing cell
INFO: [Physopt 32-670] No setup violation found.  DSP Register Optimization was not performed.
INFO: [Physopt 32-670] No setup violation found.  Shift Register to Pipeline Optimization was not performed.
INFO: [Physopt 32-670] No setup violation found.  Shift Register Optimization was not performed.
INFO: [Physopt 32-670] No setup violation found.  BRAM Register Optimization was not performed.
INFO: [Physopt 32-670] No setup violation found.  URAM Register Optimization was not performed.
INFO: [Physopt 32-949] No candidate nets found for dynamic/static region interface net replication
INFO: [Physopt 32-775] End 1 Pass. Optimized 0 net or cell. Created 0 new cell, deleted 0 existing cell and moved 0 existing cell
Netlist sorting complete. Time (s): cpu = 00:00:00 ; elapsed = 00:00:00 . Memory (MB): peak = 2677.605 ; gain = 0.000 ; free physical = 284 ; free virtual = 25985

Summary of Physical Synthesis Optimizations
============================================


-----------------------------------------------------------------------------------------------------------------------------------------------------------
|  Optimization                                     |  Added Cells  |  Removed Cells  |  Optimized Cells/Nets  |  Dont Touch  |  Iterations  |  Elapsed   |
-----------------------------------------------------------------------------------------------------------------------------------------------------------
|  LUT Combining                                    |            0  |             45  |                    45  |           0  |           1  |  00:00:00  |
|  Retime                                           |            0  |              0  |                     0  |           0  |           1  |  00:00:00  |
|  Very High Fanout                                 |            0  |              0  |                     0  |           0  |           1  |  00:00:00  |
|  DSP Register                                     |            0  |              0  |                     0  |           0  |           0  |  00:00:00  |
|  Shift Register to Pipeline                       |            0  |              0  |                     0  |           0  |           0  |  00:00:00  |
|  Shift Register                                   |            0  |              0  |                     0  |           0  |           0  |  00:00:00  |
|  BRAM Register                                    |            0  |              0  |                     0  |           0  |           0  |  00:00:00  |
|  URAM Register                                    |            0  |              0  |                     0  |           0  |           0  |  00:00:00  |
|  Dynamic/Static Region Interface Net Replication  |            0  |              0  |                     0  |           0  |           1  |  00:00:00  |
|  Total                                            |            0  |             45  |                    45  |           0  |           4  |  00:00:00  |
-----------------------------------------------------------------------------------------------------------------------------------------------------------


Phase 2.5.2 Physical Synthesis In Placer | Checksum: 25c12eaa2

Time (s): cpu = 00:00:06 ; elapsed = 00:00:04 . Memory (MB): peak = 2677.605 ; gain = 0.000 ; free physical = 285 ; free virtual = 25986
Phase 2.5 Global Place Phase2 | Checksum: 211e6669e

Time (s): cpu = 00:00:07 ; elapsed = 00:00:04 . Memory (MB): peak = 2677.605 ; gain = 0.000 ; free physical = 285 ; free virtual = 25986
Phase 2 Global Placement | Checksum: 211e6669e

Time (s): cpu = 00:00:07 ; elapsed = 00:00:04 . Memory (MB): peak = 2677.605 ; gain = 0.000 ; free physical = 285 ; free virtual = 25986

Phase 3 Detail Placement

Phase 3.1 Commit Multi Column Macros
Phase 3.1 Commit Multi Column Macros | Checksum: 285fc40c8

Time (s): cpu = 00:00:07 ; elapsed = 00:00:04 . Memory (MB): peak = 2677.605 ; gain = 0.000 ; free physical = 289 ; free virtual = 25991

Phase 3.2 Commit Most Macros & LUTRAMs
Phase 3.2 Commit Most Macros & LUTRAMs | Checksum: 289529755

Time (s): cpu = 00:00:07 ; elapsed = 00:00:05 . Memory (MB): peak = 2677.605 ; gain = 0.000 ; free physical = 294 ; free virtual = 25995

Phase 3.3 Area Swap Optimization
Phase 3.3 Area Swap Optimization | Checksum: 1ed116d49

Time (s): cpu = 00:00:07 ; elapsed = 00:00:05 . Memory (MB): peak = 2677.605 ; gain = 0.000 ; free physical = 294 ; free virtual = 25995

Phase 3.4 Pipeline Register Optimization
Phase 3.4 Pipeline Register Optimization | Checksum: 1eec1d685

Time (s): cpu = 00:00:07 ; elapsed = 00:00:05 . Memory (MB): peak = 2677.605 ; gain = 0.000 ; free physical = 294 ; free virtual = 25995

Phase 3.5 Small Shape Detail Placement
Phase 3.5 Small Shape Detail Placement | Checksum: 288f72c72

Time (s): cpu = 00:00:08 ; elapsed = 00:00:05 . Memory (MB): peak = 2677.605 ; gain = 0.000 ; free physical = 300 ; free virtual = 25996

Phase 3.6 Re-assign LUT pins
Phase 3.6 Re-assign LUT pins | Checksum: 21b3dd274

Time (s): cpu = 00:00:08 ; elapsed = 00:00:05 . Memory (MB): peak = 2677.605 ; gain = 0.000 ; free physical = 300 ; free virtual = 25995

Phase 3.7 Pipeline Register Optimization
Phase 3.7 Pipeline Register Optimization | Checksum: 1e6020c9b

Time (s): cpu = 00:00:08 ; elapsed = 00:00:05 . Memory (MB): peak = 2677.605 ; gain = 0.000 ; free physical = 300 ; free virtual = 25995
Phase 3 Detail Placement | Checksum: 1e6020c9b

Time (s): cpu = 00:00:08 ; elapsed = 00:00:05 . Memory (MB): peak = 2677.605 ; gain = 0.000 ; free physical = 300 ; free virtual = 25995

Phase 4 Post Placement Optimization and Clean-Up

Phase 4.1 Post Commit Optimization
INFO: [Timing 38-35] Done setting XDC timing constraints.

Phase 4.1.1 Post Placement Optimization
Post Placement Optimization Initialization | Checksum: 23c1c4ea5

Phase 4.1.1.1 BUFG Insertion

Starting Physical Synthesis Task

Phase 1 Physical Synthesis Initialization
INFO: [Physopt 32-721] Multithreading enabled for phys_opt_design using a maximum of 2 CPUs
INFO: [Physopt 32-619] Estimated Timing Summary | WNS=0.606 | TNS=0.000 |
Phase 1 Physical Synthesis Initialization | Checksum: 238844afe

Time (s): cpu = 00:00:00.2 ; elapsed = 00:00:00.12 . Memory (MB): peak = 2677.605 ; gain = 0.000 ; free physical = 308 ; free virtual = 26009
INFO: [Place 46-56] BUFG insertion identified 0 candidate nets. Inserted BUFG: 0, Replicated BUFG Driver: 0, Skipped due to Placement/Routing Conflicts: 0, Skipped due to Timing Degradation: 0, Skipped due to netlist editing failed: 0.
Ending Physical Synthesis Task | Checksum: 246318566

Time (s): cpu = 00:00:00.25 ; elapsed = 00:00:00.15 . Memory (MB): peak = 2677.605 ; gain = 0.000 ; free physical = 308 ; free virtual = 26009
Phase 4.1.1.1 BUFG Insertion | Checksum: 23c1c4ea5

Time (s): cpu = 00:00:10 ; elapsed = 00:00:06 . Memory (MB): peak = 2677.605 ; gain = 0.000 ; free physical = 308 ; free virtual = 26009

Phase 4.1.1.2 Post Placement Timing Optimization
INFO: [Place 30-746] Post Placement Timing Summary WNS=0.606. For the most accurate timing information please run report_timing.
Phase 4.1.1.2 Post Placement Timing Optimization | Checksum: 1d79a03da

Time (s): cpu = 00:00:10 ; elapsed = 00:00:06 . Memory (MB): peak = 2677.605 ; gain = 0.000 ; free physical = 308 ; free virtual = 26009

Time (s): cpu = 00:00:10 ; elapsed = 00:00:06 . Memory (MB): peak = 2677.605 ; gain = 0.000 ; free physical = 308 ; free virtual = 26009
Phase 4.1 Post Commit Optimization | Checksum: 1d79a03da

Time (s): cpu = 00:00:10 ; elapsed = 00:00:06 . Memory (MB): peak = 2677.605 ; gain = 0.000 ; free physical = 308 ; free virtual = 26009

Phase 4.2 Post Placement Cleanup
Phase 4.2 Post Placement Cleanup | Checksum: 1d79a03da

Time (s): cpu = 00:00:10 ; elapsed = 00:00:06 . Memory (MB): peak = 2677.605 ; gain = 0.000 ; free physical = 308 ; free virtual = 26009

Phase 4.3 Placer Reporting

Phase 4.3.1 Print Estimated Congestion
INFO: [Place 30-612] Post-Placement Estimated Congestion 
 ____________________________________________________
|           | Global Congestion | Short Congestion  |
| Direction | Region Size       | Region Size       |
|___________|___________________|___________________|
|      North|                1x1|                1x1|
|___________|___________________|___________________|
|      South|                1x1|                2x2|
|___________|___________________|___________________|
|       East|                1x1|                1x1|
|___________|___________________|___________________|
|       West|                1x1|                1x1|
|___________|___________________|___________________|

Phase 4.3.1 Print Estimated Congestion | Checksum: 1d79a03da

Time (s): cpu = 00:00:10 ; elapsed = 00:00:06 . Memory (MB): peak = 2677.605 ; gain = 0.000 ; free physical = 308 ; free virtual = 26009
Phase 4.3 Placer Reporting | Checksum: 1d79a03da

Time (s): cpu = 00:00:10 ; elapsed = 00:00:06 . Memory (MB): peak = 2677.605 ; gain = 0.000 ; free physical = 308 ; free virtual = 26009

Phase 4.4 Final Placement Cleanup
Netlist sorting complete. Time (s): cpu = 00:00:00 ; elapsed = 00:00:00 . Memory (MB): peak = 2677.605 ; gain = 0.000 ; free physical = 308 ; free virtual = 26009

Time (s): cpu = 00:00:10 ; elapsed = 00:00:06 . Memory (MB): peak = 2677.605 ; gain = 0.000 ; free physical = 308 ; free virtual = 26009
Phase 4 Post Placement Optimization and Clean-Up | Checksum: 1679dc163

Time (s): cpu = 00:00:10 ; elapsed = 00:00:06 . Memory (MB): peak = 2677.605 ; gain = 0.000 ; free physical = 308 ; free virtual = 26009
Ending Placer Task | Checksum: 1061d9454

Time (s): cpu = 00:00:10 ; elapsed = 00:00:06 . Memory (MB): peak = 2677.605 ; gain = 0.000 ; free physical = 308 ; free virtual = 26009
97 Infos, 0 Warnings, 0 Critical Warnings and 0 Errors encountered.
place_design completed successfully
place_design: Time (s): cpu = 00:00:11 ; elapsed = 00:00:07 . Memory (MB): peak = 2677.605 ; gain = 0.000 ; free physical = 308 ; free virtual = 26009
INFO: [Vivado 12-24838] Running report commands "report_control_sets, report_io, report_utilization" in parallel.
Running report generation with 2 threads.
INFO: [Vivado 12-24828] Executing command : report_utilization -file base_soc_wrapper_utilization_placed.rpt -pb base_soc_wrapper_utilization_placed.pb
INFO: [Vivado 12-24828] Executing command : report_io -file base_soc_wrapper_io_placed.rpt
report_io: Time (s): cpu = 00:00:00.08 ; elapsed = 00:00:00.1 . Memory (MB): peak = 2677.605 ; gain = 0.000 ; free physical = 310 ; free virtual = 26011
INFO: [Vivado 12-24828] Executing command : report_control_sets -verbose -file base_soc_wrapper_control_sets_placed.rpt
report_control_sets: Time (s): cpu = 00:00:00.03 ; elapsed = 00:00:00.06 . Memory (MB): peak = 2677.605 ; gain = 0.000 ; free physical = 308 ; free virtual = 26010
INFO: [Timing 38-480] Writing timing data to binary archive.
Write ShapeDB Complete: Time (s): cpu = 00:00:00.06 ; elapsed = 00:00:00.02 . Memory (MB): peak = 2677.605 ; gain = 0.000 ; free physical = 313 ; free virtual = 26015
Wrote PlaceDB: Time (s): cpu = 00:00:00.51 ; elapsed = 00:00:00.15 . Memory (MB): peak = 2677.605 ; gain = 0.000 ; free physical = 303 ; free virtual = 26011
Wrote PulsedLatchDB: Time (s): cpu = 00:00:00 ; elapsed = 00:00:00 . Memory (MB): peak = 2677.605 ; gain = 0.000 ; free physical = 303 ; free virtual = 26011
Writing XDEF routing.
Writing XDEF routing logical nets.
Writing XDEF routing special nets.
Wrote RouteStorage: Time (s): cpu = 00:00:00.03 ; elapsed = 00:00:00.01 . Memory (MB): peak = 2677.605 ; gain = 0.000 ; free physical = 303 ; free virtual = 26011
Wrote Netlist Cache: Time (s): cpu = 00:00:00.01 ; elapsed = 00:00:00 . Memory (MB): peak = 2677.605 ; gain = 0.000 ; free physical = 303 ; free virtual = 26011
Wrote Device Cache: Time (s): cpu = 00:00:00.01 ; elapsed = 00:00:00 . Memory (MB): peak = 2677.605 ; gain = 0.000 ; free physical = 301 ; free virtual = 26011
Write Physdb Complete: Time (s): cpu = 00:00:00.56 ; elapsed = 00:00:00.18 . Memory (MB): peak = 2677.605 ; gain = 0.000 ; free physical = 301 ; free virtual = 26011
INFO: [Common 17-1381] The checkpoint '/home/user4/workspace_ondevice_3/Logic Analysis/comparison/ila_reference/build/step9_common_baseline/staged_common/build/base_soc/edgescope_comparison_base.runs/impl_1/base_soc_wrapper_placed.dcp' has been generated.
Command: phys_opt_design
Attempting to get a license for feature 'Implementation' and/or device 'xc7a35t'
INFO: [Common 17-349] Got license for feature 'Implementation' and/or device 'xc7a35t'

Starting Initial Update Timing Task

Time (s): cpu = 00:00:00.69 ; elapsed = 00:00:00.4 . Memory (MB): peak = 2677.605 ; gain = 0.000 ; free physical = 296 ; free virtual = 25998
INFO: [Vivado_Tcl 4-2279] Estimated Timing Summary | WNS= 0.606 | TNS= 0.000 | 
INFO: [Vivado_Tcl 4-383] Design worst setup slack (WNS) is greater than or equal to 0.000 ns. All physical synthesis setup optimizations will be skipped.
INFO: [Vivado_Tcl 4-232] No setup violation found. The netlist was not modified.
INFO: [Common 17-83] Releasing license: Implementation
108 Infos, 0 Warnings, 0 Critical Warnings and 0 Errors encountered.
phys_opt_design completed successfully
INFO: [Timing 38-480] Writing timing data to binary archive.
Write ShapeDB Complete: Time (s): cpu = 00:00:00.06 ; elapsed = 00:00:00.02 . Memory (MB): peak = 2677.605 ; gain = 0.000 ; free physical = 293 ; free virtual = 25996
Wrote PlaceDB: Time (s): cpu = 00:00:00.51 ; elapsed = 00:00:00.15 . Memory (MB): peak = 2677.605 ; gain = 0.000 ; free physical = 275 ; free virtual = 25984
Wrote PulsedLatchDB: Time (s): cpu = 00:00:00 ; elapsed = 00:00:00 . Memory (MB): peak = 2677.605 ; gain = 0.000 ; free physical = 275 ; free virtual = 25984
Writing XDEF routing.
Writing XDEF routing logical nets.
Writing XDEF routing special nets.
Wrote RouteStorage: Time (s): cpu = 00:00:00.04 ; elapsed = 00:00:00.02 . Memory (MB): peak = 2677.605 ; gain = 0.000 ; free physical = 291 ; free virtual = 26000
Wrote Netlist Cache: Time (s): cpu = 00:00:00.01 ; elapsed = 00:00:00 . Memory (MB): peak = 2677.605 ; gain = 0.000 ; free physical = 291 ; free virtual = 26000
Wrote Device Cache: Time (s): cpu = 00:00:00 ; elapsed = 00:00:00 . Memory (MB): peak = 2677.605 ; gain = 0.000 ; free physical = 290 ; free virtual = 26000
Write Physdb Complete: Time (s): cpu = 00:00:00.57 ; elapsed = 00:00:00.17 . Memory (MB): peak = 2677.605 ; gain = 0.000 ; free physical = 289 ; free virtual = 25998
INFO: [Common 17-1381] The checkpoint '/home/user4/workspace_ondevice_3/Logic Analysis/comparison/ila_reference/build/step9_common_baseline/staged_common/build/base_soc/edgescope_comparison_base.runs/impl_1/base_soc_wrapper_physopt.dcp' has been generated.
Command: route_design
Attempting to get a license for feature 'Implementation' and/or device 'xc7a35t'
INFO: [Common 17-349] Got license for feature 'Implementation' and/or device 'xc7a35t'


Starting Routing Task
INFO: [Route 35-254] Multithreading enabled for route_design using a maximum of 2 CPUs

Phase 1 Build RT Design
Checksum: PlaceDB: 332e55eb ConstDB: 0 ShapeSum: 326de212 RouteDB: a0815c57
Post Restoration Checksum: NetGraph: f26274d2 | NumContArr: d249bb1d | Constraints: c2a8fa9d | Timing: c2a8fa9d
Phase 1 Build RT Design | Checksum: 349fe2529

Time (s): cpu = 00:00:10 ; elapsed = 00:00:09 . Memory (MB): peak = 2713.559 ; gain = 35.953 ; free physical = 412 ; free virtual = 25922

Phase 2 Router Initialization

Phase 2.1 Fix Topology Constraints
Phase 2.1 Fix Topology Constraints | Checksum: 349fe2529

Time (s): cpu = 00:00:11 ; elapsed = 00:00:09 . Memory (MB): peak = 2713.559 ; gain = 35.953 ; free physical = 412 ; free virtual = 25921

Phase 2.2 Pre Route Cleanup
Phase 2.2 Pre Route Cleanup | Checksum: 349fe2529

Time (s): cpu = 00:00:11 ; elapsed = 00:00:09 . Memory (MB): peak = 2713.559 ; gain = 35.953 ; free physical = 412 ; free virtual = 25921
 Number of Nodes with overlaps = 0

Phase 2.3 Update Timing
Phase 2.3 Update Timing | Checksum: 229106048

Time (s): cpu = 00:00:12 ; elapsed = 00:00:10 . Memory (MB): peak = 2739.621 ; gain = 62.016 ; free physical = 388 ; free virtual = 25801
INFO: [Route 35-416] Intermediate Timing Summary | WNS=0.830  | TNS=0.000  | WHS=-0.237 | THS=-42.883|


Router Utilization Summary
  Global Vertical Routing Utilization    = 0.00366738 %
  Global Horizontal Routing Utilization  = 0.00117126 %
  Routable Net Status*
  *Does not include unroutable nets such as driverless and loadless.
  Run report_route_status for detailed report.
  Number of Failed Nets               = 4692
    (Failed Nets is the sum of unrouted and partially routed nets)
  Number of Unrouted Nets             = 4692
  Number of Partially Routed Nets     = 0
  Number of Node Overlaps             = 0

Phase 2 Router Initialization | Checksum: 28c81685d

Time (s): cpu = 00:00:13 ; elapsed = 00:00:10 . Memory (MB): peak = 2739.621 ; gain = 62.016 ; free physical = 388 ; free virtual = 25801

Phase 3 Global Routing
Phase 3 Global Routing | Checksum: 28c81685d

Time (s): cpu = 00:00:13 ; elapsed = 00:00:10 . Memory (MB): peak = 2739.621 ; gain = 62.016 ; free physical = 388 ; free virtual = 25801

Phase 4 Initial Routing

Phase 4.1 Initial Net Routing Pass
Phase 4.1 Initial Net Routing Pass | Checksum: 10e30a6d6

Time (s): cpu = 00:00:14 ; elapsed = 00:00:11 . Memory (MB): peak = 2739.621 ; gain = 62.016 ; free physical = 384 ; free virtual = 25794
Phase 4 Initial Routing | Checksum: 10e30a6d6

Time (s): cpu = 00:00:14 ; elapsed = 00:00:11 . Memory (MB): peak = 2739.621 ; gain = 62.016 ; free physical = 383 ; free virtual = 25793

Phase 5 Rip-up And Reroute

Phase 5.1 Global Iteration 0
 Number of Nodes with overlaps = 767
 Number of Nodes with overlaps = 160
 Number of Nodes with overlaps = 58
 Number of Nodes with overlaps = 31
 Number of Nodes with overlaps = 11
 Number of Nodes with overlaps = 2
 Number of Nodes with overlaps = 0
INFO: [Route 35-416] Intermediate Timing Summary | WNS=1.304  | TNS=0.000  | WHS=N/A    | THS=N/A    |

Phase 5.1 Global Iteration 0 | Checksum: 2834cf2ba

Time (s): cpu = 00:00:18 ; elapsed = 00:00:14 . Memory (MB): peak = 2739.621 ; gain = 62.016 ; free physical = 276 ; free virtual = 25696

Phase 5.2 Global Iteration 1
 Number of Nodes with overlaps = 4
 Number of Nodes with overlaps = 0
INFO: [Route 35-416] Intermediate Timing Summary | WNS=1.304  | TNS=0.000  | WHS=N/A    | THS=N/A    |

Phase 5.2 Global Iteration 1 | Checksum: 373733a48

Time (s): cpu = 00:00:18 ; elapsed = 00:00:15 . Memory (MB): peak = 2739.621 ; gain = 62.016 ; free physical = 277 ; free virtual = 25697
Phase 5 Rip-up And Reroute | Checksum: 373733a48

Time (s): cpu = 00:00:18 ; elapsed = 00:00:15 . Memory (MB): peak = 2739.621 ; gain = 62.016 ; free physical = 277 ; free virtual = 25697

Phase 6 Delay and Skew Optimization

Phase 6.1 Delay CleanUp
Phase 6.1 Delay CleanUp | Checksum: 373733a48

Time (s): cpu = 00:00:18 ; elapsed = 00:00:15 . Memory (MB): peak = 2739.621 ; gain = 62.016 ; free physical = 277 ; free virtual = 25697

Phase 6.2 Clock Skew Optimization
Phase 6.2 Clock Skew Optimization | Checksum: 373733a48

Time (s): cpu = 00:00:18 ; elapsed = 00:00:15 . Memory (MB): peak = 2739.621 ; gain = 62.016 ; free physical = 277 ; free virtual = 25697
Phase 6 Delay and Skew Optimization | Checksum: 373733a48

Time (s): cpu = 00:00:18 ; elapsed = 00:00:15 . Memory (MB): peak = 2739.621 ; gain = 62.016 ; free physical = 277 ; free virtual = 25697

Phase 7 Post Hold Fix

Phase 7.1 Hold Fix Iter
INFO: [Route 35-416] Intermediate Timing Summary | WNS=1.311  | TNS=0.000  | WHS=0.033  | THS=0.000  |

Phase 7.1 Hold Fix Iter | Checksum: 2e33cb313

Time (s): cpu = 00:00:19 ; elapsed = 00:00:15 . Memory (MB): peak = 2739.621 ; gain = 62.016 ; free physical = 285 ; free virtual = 25705
Phase 7 Post Hold Fix | Checksum: 2e33cb313

Time (s): cpu = 00:00:19 ; elapsed = 00:00:15 . Memory (MB): peak = 2739.621 ; gain = 62.016 ; free physical = 285 ; free virtual = 25705

Phase 8 Route finalize

Router Utilization Summary
  Global Vertical Routing Utilization    = 2.14566 %
  Global Horizontal Routing Utilization  = 2.42205 %
  Routable Net Status*
  *Does not include unroutable nets such as driverless and loadless.
  Run report_route_status for detailed report.
  Number of Failed Nets               = 0
    (Failed Nets is the sum of unrouted and partially routed nets)
  Number of Unrouted Nets             = 0
  Number of Partially Routed Nets     = 0
  Number of Node Overlaps             = 0

Phase 8 Route finalize | Checksum: 2e33cb313

Time (s): cpu = 00:00:19 ; elapsed = 00:00:15 . Memory (MB): peak = 2739.621 ; gain = 62.016 ; free physical = 285 ; free virtual = 25705

Phase 9 Verifying routed nets

 Verification completed successfully
Phase 9 Verifying routed nets | Checksum: 2e33cb313

Time (s): cpu = 00:00:19 ; elapsed = 00:00:15 . Memory (MB): peak = 2739.621 ; gain = 62.016 ; free physical = 287 ; free virtual = 25707

Phase 10 Depositing Routes
Phase 10 Depositing Routes | Checksum: 2dcef812e

Time (s): cpu = 00:00:19 ; elapsed = 00:00:15 . Memory (MB): peak = 2739.621 ; gain = 62.016 ; free physical = 287 ; free virtual = 25707

Phase 11 Post Process Routing
Phase 11 Post Process Routing | Checksum: 2dcef812e

Time (s): cpu = 00:00:19 ; elapsed = 00:00:15 . Memory (MB): peak = 2739.621 ; gain = 62.016 ; free physical = 287 ; free virtual = 25707

Phase 12 Post Router Timing
INFO: [Route 35-57] Estimated Timing Summary | WNS=1.311  | TNS=0.000  | WHS=0.033  | THS=0.000  |

INFO: [Route 35-327] The final timing numbers are based on the router estimated timing analysis. For a complete and accurate timing signoff, please run report_timing_summary.
Phase 12 Post Router Timing | Checksum: 2dcef812e

Time (s): cpu = 00:00:19 ; elapsed = 00:00:15 . Memory (MB): peak = 2739.621 ; gain = 62.016 ; free physical = 287 ; free virtual = 25707
Total Elapsed time in route_design: 14.96 secs

Phase 13 Post-Route Event Processing
Phase 13 Post-Route Event Processing | Checksum: ec5c4bfd

Time (s): cpu = 00:00:19 ; elapsed = 00:00:15 . Memory (MB): peak = 2739.621 ; gain = 62.016 ; free physical = 287 ; free virtual = 25707
INFO: [Route 35-16] Router Completed Successfully
Ending Routing Task | Checksum: ec5c4bfd

Time (s): cpu = 00:00:19 ; elapsed = 00:00:15 . Memory (MB): peak = 2739.621 ; gain = 62.016 ; free physical = 287 ; free virtual = 25707

Routing Is Done.
INFO: [Common 17-83] Releasing license: Implementation
120 Infos, 0 Warnings, 0 Critical Warnings and 0 Errors encountered.
route_design completed successfully
route_design: Time (s): cpu = 00:00:19 ; elapsed = 00:00:15 . Memory (MB): peak = 2739.621 ; gain = 62.016 ; free physical = 287 ; free virtual = 25706
INFO: [Vivado 12-24828] Executing command : report_drc -file base_soc_wrapper_drc_routed.rpt -pb base_soc_wrapper_drc_routed.pb -rpx base_soc_wrapper_drc_routed.rpx
Command: report_drc -file base_soc_wrapper_drc_routed.rpt -pb base_soc_wrapper_drc_routed.pb -rpx base_soc_wrapper_drc_routed.rpx
INFO: [IP_Flow 19-1839] IP Catalog is up to date.
INFO: [DRC 23-27] Running DRC with 2 threads
INFO: [Vivado_Tcl 2-168] The results of DRC are in file /home/user4/workspace_ondevice_3/Logic Analysis/comparison/ila_reference/build/step9_common_baseline/staged_common/build/base_soc/edgescope_comparison_base.runs/impl_1/base_soc_wrapper_drc_routed.rpt.
report_drc completed successfully
INFO: [Vivado 12-24828] Executing command : report_methodology -file base_soc_wrapper_methodology_drc_routed.rpt -pb base_soc_wrapper_methodology_drc_routed.pb -rpx base_soc_wrapper_methodology_drc_routed.rpx
Command: report_methodology -file base_soc_wrapper_methodology_drc_routed.rpt -pb base_soc_wrapper_methodology_drc_routed.pb -rpx base_soc_wrapper_methodology_drc_routed.rpx
INFO: [Timing 38-35] Done setting XDC timing constraints.
INFO: [DRC 23-133] Running Methodology with 2 threads
INFO: [Vivado_Tcl 2-1520] The results of Report Methodology are in file /home/user4/workspace_ondevice_3/Logic Analysis/comparison/ila_reference/build/step9_common_baseline/staged_common/build/base_soc/edgescope_comparison_base.runs/impl_1/base_soc_wrapper_methodology_drc_routed.rpt.
report_methodology completed successfully
INFO: [Vivado 12-24828] Executing command : report_timing_summary -max_paths 10 -report_unconstrained -file base_soc_wrapper_timing_summary_routed.rpt -pb base_soc_wrapper_timing_summary_routed.pb -rpx base_soc_wrapper_timing_summary_routed.rpx -warn_on_violation 
INFO: [Timing 38-35] Done setting XDC timing constraints.
INFO: [Timing 38-91] UpdateTimingParams: Speed grade: -1, Delay Type: min_max.
INFO: [Timing 38-191] Multithreading enabled for timing update using a maximum of 2 CPUs
INFO: [Vivado 12-24838] Running report commands "report_bus_skew, report_incremental_reuse, report_route_status" in parallel.
Running report generation with 2 threads.
INFO: [Vivado 12-24828] Executing command : report_incremental_reuse -file base_soc_wrapper_incremental_reuse_routed.rpt
INFO: [Vivado_Tcl 4-1062] Incremental flow is disabled. No incremental reuse Info to report.
INFO: [Vivado 12-24828] Executing command : report_route_status -file base_soc_wrapper_route_status.rpt -pb base_soc_wrapper_route_status.pb
INFO: [Vivado 12-24828] Executing command : report_bus_skew -warn_on_violation -file base_soc_wrapper_bus_skew_routed.rpt -pb base_soc_wrapper_bus_skew_routed.pb -rpx base_soc_wrapper_bus_skew_routed.rpx
INFO: [Timing 38-91] UpdateTimingParams: Speed grade: -1, Delay Type: min_max.
INFO: [Timing 38-191] Multithreading enabled for timing update using a maximum of 2 CPUs
INFO: [Vivado 12-24828] Executing command : report_power -file base_soc_wrapper_power_routed.rpt -pb base_soc_wrapper_power_summary_routed.pb -rpx base_soc_wrapper_power_routed.rpx
Command: report_power -file base_soc_wrapper_power_routed.rpt -pb base_soc_wrapper_power_summary_routed.pb -rpx base_soc_wrapper_power_routed.rpx
Running Vector-less Activity Propagation...

Finished Running Vector-less Activity Propagation
WARNING: [Power 33-332] Found switching activity that implies high-fanout reset nets being asserted for excessive periods of time which may result in inaccurate power analysis.
Resolution: To review and fix problems, please run Power Constraints Advisor in the GUI from Tools > Power Constraints Advisor or run report_power with the -advisory option to generate a text report.
140 Infos, 1 Warnings, 0 Critical Warnings and 0 Errors encountered.
report_power completed successfully
INFO: [Vivado 12-24828] Executing command : report_clock_utilization -file base_soc_wrapper_clock_utilization_routed.rpt
generate_parallel_reports: Time (s): cpu = 00:00:11 ; elapsed = 00:00:06 . Memory (MB): peak = 2816.008 ; gain = 76.387 ; free physical = 204 ; free virtual = 25631
INFO: [Timing 38-480] Writing timing data to binary archive.
Write ShapeDB Complete: Time (s): cpu = 00:00:00.04 ; elapsed = 00:00:00.01 . Memory (MB): peak = 2816.008 ; gain = 0.000 ; free physical = 210 ; free virtual = 25638
Wrote PlaceDB: Time (s): cpu = 00:00:00.5 ; elapsed = 00:00:00.16 . Memory (MB): peak = 2816.008 ; gain = 0.000 ; free physical = 206 ; free virtual = 25640
Wrote PulsedLatchDB: Time (s): cpu = 00:00:00 ; elapsed = 00:00:00 . Memory (MB): peak = 2816.008 ; gain = 0.000 ; free physical = 206 ; free virtual = 25640
Writing XDEF routing.
Writing XDEF routing logical nets.
Writing XDEF routing special nets.
Wrote RouteStorage: Time (s): cpu = 00:00:00.07 ; elapsed = 00:00:00.03 . Memory (MB): peak = 2816.008 ; gain = 0.000 ; free physical = 207 ; free virtual = 25641
Wrote Netlist Cache: Time (s): cpu = 00:00:00.01 ; elapsed = 00:00:00 . Memory (MB): peak = 2816.008 ; gain = 0.000 ; free physical = 207 ; free virtual = 25641
Wrote Device Cache: Time (s): cpu = 00:00:00 ; elapsed = 00:00:00.01 . Memory (MB): peak = 2816.008 ; gain = 0.000 ; free physical = 207 ; free virtual = 25642
Write Physdb Complete: Time (s): cpu = 00:00:00.6 ; elapsed = 00:00:00.2 . Memory (MB): peak = 2816.008 ; gain = 0.000 ; free physical = 206 ; free virtual = 25642
INFO: [Common 17-1381] The checkpoint '/home/user4/workspace_ondevice_3/Logic Analysis/comparison/ila_reference/build/step9_common_baseline/staged_common/build/base_soc/edgescope_comparison_base.runs/impl_1/base_soc_wrapper_routed.dcp' has been generated.
INFO: [Common 17-206] Exiting Vivado at Wed Jul 29 19:57:59 2026...
[Wed Jul 29 19:58:00 2026] impl_1 finished
wait_on_runs: Time (s): cpu = 00:01:08 ; elapsed = 00:00:52 . Memory (MB): peak = 2702.059 ; gain = 0.000 ; free physical = 1998 ; free virtual = 27422
RUN PASS: impl_1 progress=100% status='route_design Complete!'
Netlist sorting complete. Time (s): cpu = 00:00:00.07 ; elapsed = 00:00:00.07 . Memory (MB): peak = 2702.059 ; gain = 0.000 ; free physical = 1992 ; free virtual = 27422
INFO: [Netlist 29-17] Analyzing 286 Unisim elements for replacement
INFO: [Netlist 29-28] Unisim Transformation completed in 0 CPU seconds
INFO: [Project 1-479] Netlist was created with Vivado 2024.2
INFO: [Project 1-570] Preparing netlist for logic optimization
Read ShapeDB Complete: Time (s): cpu = 00:00:00.01 ; elapsed = 00:00:00.01 . Memory (MB): peak = 2702.059 ; gain = 0.000 ; free physical = 1991 ; free virtual = 27421
INFO: [Timing 38-478] Restoring timing data from binary archive.
INFO: [Timing 38-479] Binary timing data restore complete.
INFO: [Project 1-856] Restoring constraints from binary archive.
INFO: [Project 1-853] Binary constraint restore complete.
INFO: [Designutils 20-5722] Start Reading Physical Databases.
Reading placement.
Read Netlist Cache: Time (s): cpu = 00:00:00.01 ; elapsed = 00:00:00 . Memory (MB): peak = 2702.059 ; gain = 0.000 ; free physical = 1925 ; free virtual = 27355
Reading placer database...
Read Device Cache: Time (s): cpu = 00:00:00 ; elapsed = 00:00:00.01 . Memory (MB): peak = 2702.059 ; gain = 0.000 ; free physical = 1925 ; free virtual = 27355
Read PlaceDB: Time (s): cpu = 00:00:00.11 ; elapsed = 00:00:00.11 . Memory (MB): peak = 2702.059 ; gain = 0.000 ; free physical = 1918 ; free virtual = 27348
Read PulsedLatchDB: Time (s): cpu = 00:00:00 ; elapsed = 00:00:00 . Memory (MB): peak = 2702.059 ; gain = 0.000 ; free physical = 1918 ; free virtual = 27348
Reading routing.
Read RouteStorage: Time (s): cpu = 00:00:00.06 ; elapsed = 00:00:00.05 . Memory (MB): peak = 2702.059 ; gain = 0.000 ; free physical = 1913 ; free virtual = 27343
Read Physdb Files: Time (s): cpu = 00:00:00.18 ; elapsed = 00:00:00.17 . Memory (MB): peak = 2702.059 ; gain = 0.000 ; free physical = 1913 ; free virtual = 27343
Restored from archive | CPU: 0.180000 secs | Memory: 6.641563 MB |
Finished XDEF File Restore: Time (s): cpu = 00:00:00.18 ; elapsed = 00:00:00.17 . Memory (MB): peak = 2702.059 ; gain = 0.000 ; free physical = 1913 ; free virtual = 27343
Generating merged BMM file for the design top 'base_soc_wrapper'...
INFO: [Memdata 28-144] Successfully populated the BRAM INIT strings from the following elf files: /home/user4/workspace_ondevice_3/Logic Analysis/comparison/ila_reference/build/step9_common_baseline/staged_common/build/base_soc/edgescope_comparison_base.gen/sources_1/bd/base_soc/ip/base_soc_microblaze_riscv_0_0/data/riscv_bootloop.elf 
Netlist sorting complete. Time (s): cpu = 00:00:00 ; elapsed = 00:00:00 . Memory (MB): peak = 2702.059 ; gain = 0.000 ; free physical = 1907 ; free virtual = 27339
INFO: [Project 1-111] Unisim Transformation Summary:
  A total of 95 instances were transformed.
  LUT6_2 => LUT6_2 (LUT5, LUT6): 47 instances
  RAM16X1D => RAM32X1D (RAMD32(x2)): 32 instances
  RAM32M => RAM32M (RAMD32(x6), RAMS32(x2)): 16 instances

ASSERT PASS: Implemented top = base_soc_wrapper
INFO: [Timing 38-91] UpdateTimingParams: Speed grade: -1, Delay Type: min_max.
INFO: [Timing 38-191] Multithreading enabled for timing update using a maximum of 2 CPUs
Command: report_drc -name step9_common_baseline_post_route_drc -ruledecks {default bitstream_checks} -no_waivers -file {/home/user4/workspace_ondevice_3/Logic Analysis/comparison/ila_reference/results/step9/baseline_raw/baseline_drc.rpt}
WARNING: [Vivado_Tcl 2-1291] -name option used when not in GUI mode. A DRC tab will not be created, but the results will be stored for use with 'get_drc_violations -name step9_common_baseline_post_route_drc'
INFO: [IP_Flow 19-1839] IP Catalog is up to date.
INFO: [DRC 23-27] Running DRC with 2 threads
INFO: [Vivado_Tcl 2-168] The results of DRC are in file /home/user4/workspace_ondevice_3/Logic Analysis/comparison/ila_reference/results/step9/baseline_raw/baseline_drc.rpt.
report_drc completed successfully
ASSERT PASS: DRC fatal-free errors=0 critical_warnings=0 warnings=3 other=0
INFO: [Timing 38-480] Writing timing data to binary archive.
Write ShapeDB Complete: Time (s): cpu = 00:00:00.06 ; elapsed = 00:00:00.01 . Memory (MB): peak = 2702.059 ; gain = 0.000 ; free physical = 1750 ; free virtual = 27182
Wrote PlaceDB: Time (s): cpu = 00:00:00.53 ; elapsed = 00:00:00.16 . Memory (MB): peak = 2702.059 ; gain = 0.000 ; free physical = 1732 ; free virtual = 27172
Wrote PulsedLatchDB: Time (s): cpu = 00:00:00 ; elapsed = 00:00:00 . Memory (MB): peak = 2702.059 ; gain = 0.000 ; free physical = 1732 ; free virtual = 27172
Writing XDEF routing.
Writing XDEF routing logical nets.
Writing XDEF routing special nets.
Wrote RouteStorage: Time (s): cpu = 00:00:00.08 ; elapsed = 00:00:00.03 . Memory (MB): peak = 2702.059 ; gain = 0.000 ; free physical = 1729 ; free virtual = 27170
Wrote Netlist Cache: Time (s): cpu = 00:00:00.01 ; elapsed = 00:00:00.01 . Memory (MB): peak = 2702.059 ; gain = 0.000 ; free physical = 1729 ; free virtual = 27171
Wrote Device Cache: Time (s): cpu = 00:00:00 ; elapsed = 00:00:00 . Memory (MB): peak = 2702.059 ; gain = 0.000 ; free physical = 1729 ; free virtual = 27171
Write Physdb Complete: Time (s): cpu = 00:00:00.62 ; elapsed = 00:00:00.2 . Memory (MB): peak = 2702.059 ; gain = 0.000 ; free physical = 1729 ; free virtual = 27171
INFO: [Common 17-1381] The checkpoint '/home/user4/workspace_ondevice_3/Logic Analysis/comparison/ila_reference/build/step9_common_baseline/common_base_plus_generator_routed.dcp' has been generated.
ARTIFACT PASS: baseline output size=13005 path=/home/user4/workspace_ondevice_3/Logic Analysis/comparison/ila_reference/results/step9/baseline_raw/baseline_utilization.rpt
ARTIFACT PASS: baseline output size=15316 path=/home/user4/workspace_ondevice_3/Logic Analysis/comparison/ila_reference/results/step9/baseline_raw/baseline_hierarchical_utilization.rpt
ARTIFACT PASS: baseline output size=1284610 path=/home/user4/workspace_ondevice_3/Logic Analysis/comparison/ila_reference/results/step9/baseline_raw/baseline_timing_summary.rpt
ARTIFACT PASS: baseline output size=3334 path=/home/user4/workspace_ondevice_3/Logic Analysis/comparison/ila_reference/results/step9/baseline_raw/baseline_check_timing.rpt
ARTIFACT PASS: baseline output size=651 path=/home/user4/workspace_ondevice_3/Logic Analysis/comparison/ila_reference/results/step9/baseline_raw/baseline_route_status.rpt
ARTIFACT PASS: baseline output size=2615 path=/home/user4/workspace_ondevice_3/Logic Analysis/comparison/ila_reference/results/step9/baseline_raw/baseline_drc.rpt
ARTIFACT PASS: baseline output size=2935347 path=/home/user4/workspace_ondevice_3/Logic Analysis/comparison/ila_reference/build/step9_common_baseline/common_base_plus_generator_routed.dcp
ARTIFACT PASS: route status report size=651 path=/home/user4/workspace_ondevice_3/Logic Analysis/comparison/ila_reference/results/step9/baseline_raw/baseline_route_status.rpt
ASSERT PASS: route complete routable=4704 fully_routed=4704 errors=0
ARTIFACT PASS: SHA-256 input size=14055 path=/home/user4/workspace_ondevice_3/Logic Analysis/comparison/common/base_soc.tcl
ARTIFACT PASS: SHA-256 input size=4588 path=/home/user4/workspace_ondevice_3/Logic Analysis/comparison/common/add_test_pattern_generator.tcl
ARTIFACT PASS: SHA-256 input size=6527 path=/home/user4/workspace_ondevice_3/Logic Analysis/comparison/common/rtl/test_pattern_generator.sv
ARTIFACT PASS: SHA-256 input size=1281 path=/home/user4/workspace_ondevice_3/Logic Analysis/comparison/common/rtl/test_pattern_generator_gpio_adapter.v
ARTIFACT PASS: SHA-256 input size=251 path=/home/user4/workspace_ondevice_3/Logic Analysis/comparison/common/build_base_with_generator.tcl
ARTIFACT PASS: SHA-256 input size=470 path=/home/user4/workspace_ondevice_3/Logic Analysis/comparison/ila_reference/constraints/step9_baseline_common.xdc
ARTIFACT PASS: SHA-256 input size=17109 path=/home/user4/workspace_ondevice_3/Logic Analysis/comparison/ila_reference/build_step9_common_baseline.tcl
ARTIFACT PASS: SHA-256 input size=1466 path=/home/user4/workspace_ondevice_3/Logic Analysis/comparison/ila_reference/run_step9_common_baseline.sh
ARTIFACT PASS: SHA-256 input size=2935347 path=/home/user4/workspace_ondevice_3/Logic Analysis/comparison/ila_reference/build/step9_common_baseline/common_base_plus_generator_routed.dcp
ARTIFACT PASS: SHA-256 input size=13005 path=/home/user4/workspace_ondevice_3/Logic Analysis/comparison/ila_reference/results/step9/baseline_raw/baseline_utilization.rpt
ARTIFACT PASS: SHA-256 input size=15316 path=/home/user4/workspace_ondevice_3/Logic Analysis/comparison/ila_reference/results/step9/baseline_raw/baseline_hierarchical_utilization.rpt
ARTIFACT PASS: SHA-256 input size=1284610 path=/home/user4/workspace_ondevice_3/Logic Analysis/comparison/ila_reference/results/step9/baseline_raw/baseline_timing_summary.rpt
ARTIFACT PASS: SHA-256 input size=3334 path=/home/user4/workspace_ondevice_3/Logic Analysis/comparison/ila_reference/results/step9/baseline_raw/baseline_check_timing.rpt
ARTIFACT PASS: SHA-256 input size=651 path=/home/user4/workspace_ondevice_3/Logic Analysis/comparison/ila_reference/results/step9/baseline_raw/baseline_route_status.rpt
ARTIFACT PASS: SHA-256 input size=2615 path=/home/user4/workspace_ondevice_3/Logic Analysis/comparison/ila_reference/results/step9/baseline_raw/baseline_drc.rpt
ARTIFACT PASS: baseline build manifest size=2035 path=/home/user4/workspace_ondevice_3/Logic Analysis/comparison/ila_reference/results/step9/baseline_raw/baseline_build_manifest.rpt
STEP9_COMMON_BASELINE: PASS
RESULTS: /home/user4/workspace_ondevice_3/Logic Analysis/comparison/ila_reference/results/step9/baseline_raw
INFO: [Common 17-206] Exiting Vivado at Wed Jul 29 19:58:07 2026...
STEP9_BASELINE_LAUNCH|result=PASS|exit_code=0
