$date
	Mon Jul 27 18:57:07 2026
$end
$version
	Icarus Verilog
$end
$timescale
	1ps
$end
$scope module tb_circular_trace_buffer_basic $end
$var wire 10 ! write_addr_o [9:0] $end
$var wire 1 " triggered_o $end
$var wire 10 # trigger_addr_o [9:0] $end
$var wire 10 $ start_addr_o [9:0] $end
$var wire 1 % pre_ready_o $end
$var wire 1 & irq_o $end
$var wire 1 ' capture_done_o $end
$var wire 1 ( busy_o $end
$var wire 4 ) bram_we_o [3:0] $end
$var wire 32 * bram_wdata_o [31:0] $end
$var wire 1 + bram_en_o $end
$var wire 10 , bram_addr_o [9:0] $end
$var parameter 64 - CLK_PERIOD $end
$var reg 1 . abort_i $end
$var reg 1 / arm_i $end
$var reg 1 0 clear_done_i $end
$var reg 1 1 clk_i $end
$var reg 1 2 rst_ni $end
$var reg 8 3 sample_data_i [7:0] $end
$var reg 1 4 sample_valid_i $end
$var reg 1 5 trigger_pulse_i $end
$var reg 32 6 observed_write_count [31:0] $end
$scope module dut $end
$var wire 1 . abort_i $end
$var wire 1 / arm_i $end
$var wire 10 7 bram_addr_o [9:0] $end
$var wire 1 + bram_en_o $end
$var wire 1 ( busy_o $end
$var wire 1 ' capture_done_o $end
$var wire 1 8 capture_write_active $end
$var wire 1 0 clear_done_i $end
$var wire 1 1 clk_i $end
$var wire 1 & irq_o $end
$var wire 1 % pre_ready_o $end
$var wire 1 2 rst_ni $end
$var wire 8 9 sample_data_i [7:0] $end
$var wire 1 4 sample_valid_i $end
$var wire 10 : start_addr_o [9:0] $end
$var wire 10 ; trigger_addr_o [9:0] $end
$var wire 1 5 trigger_pulse_i $end
$var wire 1 " triggered_o $end
$var wire 10 < write_addr_o [9:0] $end
$var wire 4 = bram_we_o [3:0] $end
$var wire 32 > bram_wdata_o [31:0] $end
$var reg 1 ? done_q $end
$var reg 10 @ last_write_addr_q [9:0] $end
$var reg 10 A post_count_q [9:0] $end
$var reg 10 B prefill_count_q [9:0] $end
$var reg 10 C start_addr_q [9:0] $end
$var reg 3 D state_q [2:0] $end
$var reg 10 E trigger_addr_q [9:0] $end
$var reg 1 F triggered_q $end
$var reg 10 G write_ptr_q [9:0] $end
$upscope $end
$scope begin $ivl_for_loop0 $end
$var reg 32 H i [31:0] $end
$upscope $end
$scope task drive_one_sample $end
$upscope $end
$scope task pulse_arm $end
$upscope $end
$upscope $end
$enddefinitions $end
$comment Show the parameter values. $end
$dumpall
b1010 -
$end
#0
$dumpvars
b0 H
bx G
xF
bx E
bx D
bx C
bx B
bx A
bx @
x?
b0 >
b0 =
bx <
bx ;
bx :
b0 9
x8
bx 7
b0 6
05
04
b0 3
02
01
00
0/
0.
bx ,
0+
b0 *
b0 )
x(
x'
x&
x%
bx $
bx #
x"
bx !
$end
#5000
0(
08
0%
0&
0'
0?
0"
0F
b0 A
b0 B
b0 #
b0 ;
b0 E
b0 $
b0 :
b0 C
b0 !
b0 <
b0 @
b0 ,
b0 7
b0 G
b0 D
11
#10000
01
#15000
11
#20000
01
#25000
11
#30000
12
01
#35000
11
#40000
1/
01
#45000
1(
18
b1 D
11
#50000
0/
01
#55000
11
#60000
01
#65000
11
#70000
01
#75000
11
#80000
b1111 )
b1111 =
1+
14
01
#85000
b1 B
b1 ,
b1 7
b1 G
b1 6
11
#90000
b0 )
b0 =
0+
b1 H
04
01
#95000
11
#100000
b1111 )
b1111 =
1+
14
b1 *
b1 >
b1 3
b1 9
01
#105000
b10 B
b10 ,
b10 7
b10 G
b1 !
b1 <
b1 @
b10 6
11
#110000
b0 )
b0 =
0+
b10 H
04
01
#115000
11
#120000
b1111 )
b1111 =
1+
14
b10 *
b10 >
b10 3
b10 9
01
#125000
b11 B
b11 ,
b11 7
b11 G
b10 !
b10 <
b10 @
b11 6
11
#130000
b0 )
b0 =
0+
b11 H
04
01
#135000
11
#140000
b1111 )
b1111 =
1+
14
b11 *
b11 >
b11 3
b11 9
01
#145000
b100 B
b100 ,
b100 7
b100 G
b11 !
b11 <
b11 @
b100 6
11
#150000
b0 )
b0 =
0+
b100 H
04
01
#155000
11
#160000
b1111 )
b1111 =
1+
14
b100 *
b100 >
b100 3
b100 9
01
#165000
b101 B
b101 ,
b101 7
b101 G
b100 !
b100 <
b100 @
b101 6
11
#170000
b0 )
b0 =
0+
b101 H
04
01
#175000
11
#180000
b1111 )
b1111 =
1+
14
b101 *
b101 >
b101 3
b101 9
01
#185000
b110 B
b110 ,
b110 7
b110 G
b101 !
b101 <
b101 @
b110 6
11
#190000
b0 )
b0 =
0+
b110 H
04
01
#195000
11
#200000
b1111 )
b1111 =
1+
14
b110 *
b110 >
b110 3
b110 9
01
#205000
b111 B
b111 ,
b111 7
b111 G
b110 !
b110 <
b110 @
b111 6
11
#210000
b0 )
b0 =
0+
b111 H
04
01
#215000
11
#220000
b1111 )
b1111 =
1+
14
b111 *
b111 >
b111 3
b111 9
01
#225000
b1000 B
b1000 ,
b1000 7
b1000 G
b111 !
b111 <
b111 @
b1000 6
11
#230000
b0 )
b0 =
0+
b1000 H
04
01
#235000
11
#240000
b1111 )
b1111 =
1+
14
b1000 *
b1000 >
b1000 3
b1000 9
01
#245000
b1001 B
b1001 ,
b1001 7
b1001 G
b1000 !
b1000 <
b1000 @
b1001 6
11
#250000
b0 )
b0 =
0+
b1001 H
04
01
#255000
11
#260000
b1111 )
b1111 =
1+
14
b1001 *
b1001 >
b1001 3
b1001 9
01
#265000
b1010 B
b1010 ,
b1010 7
b1010 G
b1001 !
b1001 <
b1001 @
b1010 6
11
#270000
b0 )
b0 =
0+
b1010 H
04
01
#275000
11
#280000
b1111 )
b1111 =
1+
14
b1010 *
b1010 >
b1010 3
b1010 9
01
#285000
b1011 B
b1011 ,
b1011 7
b1011 G
b1010 !
b1010 <
b1010 @
b1011 6
11
#290000
b0 )
b0 =
0+
b1011 H
04
01
#295000
11
#300000
b1111 )
b1111 =
1+
14
b1011 *
b1011 >
b1011 3
b1011 9
01
#305000
b1100 B
b1100 ,
b1100 7
b1100 G
b1011 !
b1011 <
b1011 @
b1100 6
11
#310000
b0 )
b0 =
0+
b1100 H
04
01
#315000
11
#320000
b1111 )
b1111 =
1+
14
b1100 *
b1100 >
b1100 3
b1100 9
01
#325000
b1101 B
b1101 ,
b1101 7
b1101 G
b1100 !
b1100 <
b1100 @
b1101 6
11
#330000
b0 )
b0 =
0+
b1101 H
04
01
#335000
11
#340000
b1111 )
b1111 =
1+
14
b1101 *
b1101 >
b1101 3
b1101 9
01
#345000
b1110 B
b1110 ,
b1110 7
b1110 G
b1101 !
b1101 <
b1101 @
b1110 6
11
#350000
b0 )
b0 =
0+
b1110 H
04
01
#355000
11
#360000
b1111 )
b1111 =
1+
14
b1110 *
b1110 >
b1110 3
b1110 9
01
#365000
b1111 B
b1111 ,
b1111 7
b1111 G
b1110 !
b1110 <
b1110 @
b1111 6
11
#370000
b0 )
b0 =
0+
b1111 H
04
01
#375000
11
#380000
b1111 )
b1111 =
1+
14
b1111 *
b1111 >
b1111 3
b1111 9
01
#385000
b10000 B
b10000 ,
b10000 7
b10000 G
b1111 !
b1111 <
b1111 @
b10000 6
11
#390000
b0 )
b0 =
0+
b10000 H
04
01
#395000
11
#400000
b1111 )
b1111 =
1+
14
b10000 *
b10000 >
b10000 3
b10000 9
01
#405000
b10001 B
b10001 ,
b10001 7
b10001 G
b10000 !
b10000 <
b10000 @
b10001 6
11
#410000
b0 )
b0 =
0+
b10001 H
04
01
#415000
11
#420000
b1111 )
b1111 =
1+
14
b10001 *
b10001 >
b10001 3
b10001 9
01
#425000
b10010 B
b10010 ,
b10010 7
b10010 G
b10001 !
b10001 <
b10001 @
b10010 6
11
#430000
b0 )
b0 =
0+
b10010 H
04
01
#435000
11
#440000
b1111 )
b1111 =
1+
14
b10010 *
b10010 >
b10010 3
b10010 9
01
#445000
b10011 B
b10011 ,
b10011 7
b10011 G
b10010 !
b10010 <
b10010 @
b10011 6
11
#450000
b0 )
b0 =
0+
b10011 H
04
01
#455000
11
#460000
b1111 )
b1111 =
1+
14
b10011 *
b10011 >
b10011 3
b10011 9
01
#465000
b10100 B
b10100 ,
b10100 7
b10100 G
b10011 !
b10011 <
b10011 @
b10100 6
11
#470000
b0 )
b0 =
0+
b10100 H
04
01
#475000
11
#480000
b1111 )
b1111 =
1+
14
b10100 *
b10100 >
b10100 3
b10100 9
01
#485000
b10101 B
b10101 ,
b10101 7
b10101 G
b10100 !
b10100 <
b10100 @
b10101 6
11
#490000
b0 )
b0 =
0+
b10101 H
04
01
#495000
11
#500000
b1111 )
b1111 =
1+
14
b10101 *
b10101 >
b10101 3
b10101 9
01
#505000
b10110 B
b10110 ,
b10110 7
b10110 G
b10101 !
b10101 <
b10101 @
b10110 6
11
#510000
b0 )
b0 =
0+
b10110 H
04
01
#515000
11
#520000
b1111 )
b1111 =
1+
14
b10110 *
b10110 >
b10110 3
b10110 9
01
#525000
b10111 B
b10111 ,
b10111 7
b10111 G
b10110 !
b10110 <
b10110 @
b10111 6
11
#530000
b0 )
b0 =
0+
b10111 H
04
01
#535000
11
#540000
b1111 )
b1111 =
1+
14
b10111 *
b10111 >
b10111 3
b10111 9
01
#545000
b11000 B
b11000 ,
b11000 7
b11000 G
b10111 !
b10111 <
b10111 @
b11000 6
11
#550000
b0 )
b0 =
0+
b11000 H
04
01
#555000
11
#560000
b1111 )
b1111 =
1+
14
b11000 *
b11000 >
b11000 3
b11000 9
01
#565000
b11001 B
b11001 ,
b11001 7
b11001 G
b11000 !
b11000 <
b11000 @
b11001 6
11
#570000
b0 )
b0 =
0+
b11001 H
04
01
#575000
11
#580000
b1111 )
b1111 =
1+
14
b11001 *
b11001 >
b11001 3
b11001 9
01
#585000
b11010 B
b11010 ,
b11010 7
b11010 G
b11001 !
b11001 <
b11001 @
b11010 6
11
#590000
b0 )
b0 =
0+
b11010 H
04
01
#595000
11
#600000
b1111 )
b1111 =
1+
14
b11010 *
b11010 >
b11010 3
b11010 9
01
#605000
b11011 B
b11011 ,
b11011 7
b11011 G
b11010 !
b11010 <
b11010 @
b11011 6
11
#610000
b0 )
b0 =
0+
b11011 H
04
01
#615000
11
#620000
b1111 )
b1111 =
1+
14
b11011 *
b11011 >
b11011 3
b11011 9
01
#625000
b11100 B
b11100 ,
b11100 7
b11100 G
b11011 !
b11011 <
b11011 @
b11100 6
11
#630000
b0 )
b0 =
0+
b11100 H
04
01
#635000
11
#640000
b1111 )
b1111 =
1+
14
b11100 *
b11100 >
b11100 3
b11100 9
01
#645000
b11101 B
b11101 ,
b11101 7
b11101 G
b11100 !
b11100 <
b11100 @
b11101 6
11
#650000
b0 )
b0 =
0+
b11101 H
04
01
#655000
11
#660000
b1111 )
b1111 =
1+
14
b11101 *
b11101 >
b11101 3
b11101 9
01
#665000
b11110 B
b11110 ,
b11110 7
b11110 G
b11101 !
b11101 <
b11101 @
b11110 6
11
#670000
b0 )
b0 =
0+
b11110 H
04
01
#675000
11
#680000
b1111 )
b1111 =
1+
14
b11110 *
b11110 >
b11110 3
b11110 9
01
#685000
b11111 B
b11111 ,
b11111 7
b11111 G
b11110 !
b11110 <
b11110 @
b11111 6
11
#690000
b0 )
b0 =
0+
b11111 H
04
01
#695000
11
#700000
b1111 )
b1111 =
1+
14
b11111 *
b11111 >
b11111 3
b11111 9
01
#705000
b100000 B
b100000 ,
b100000 7
b100000 G
b11111 !
b11111 <
b11111 @
b100000 6
11
#710000
b0 )
b0 =
0+
b100000 H
04
01
#715000
11
#720000
b1111 )
b1111 =
1+
14
b100000 *
b100000 >
b100000 3
b100000 9
01
#725000
b100001 B
b100001 ,
b100001 7
b100001 G
b100000 !
b100000 <
b100000 @
b100001 6
11
#730000
b0 )
b0 =
0+
b100001 H
04
01
#735000
11
#740000
b1111 )
b1111 =
1+
14
b100001 *
b100001 >
b100001 3
b100001 9
01
#745000
b100010 B
b100010 ,
b100010 7
b100010 G
b100001 !
b100001 <
b100001 @
b100010 6
11
#750000
b0 )
b0 =
0+
b100010 H
04
01
#755000
11
#760000
b1111 )
b1111 =
1+
14
b100010 *
b100010 >
b100010 3
b100010 9
01
#765000
b100011 B
b100011 ,
b100011 7
b100011 G
b100010 !
b100010 <
b100010 @
b100011 6
11
#770000
b0 )
b0 =
0+
b100011 H
04
01
#775000
11
#780000
b1111 )
b1111 =
1+
14
b100011 *
b100011 >
b100011 3
b100011 9
01
#785000
b100100 B
b100100 ,
b100100 7
b100100 G
b100011 !
b100011 <
b100011 @
b100100 6
11
#790000
b0 )
b0 =
0+
b100100 H
04
01
#795000
11
#800000
b1111 )
b1111 =
1+
14
b100100 *
b100100 >
b100100 3
b100100 9
01
#805000
b100101 B
b100101 ,
b100101 7
b100101 G
b100100 !
b100100 <
b100100 @
b100101 6
11
#810000
b0 )
b0 =
0+
b100101 H
04
01
#815000
11
#820000
b1111 )
b1111 =
1+
14
b100101 *
b100101 >
b100101 3
b100101 9
01
#825000
b100110 B
b100110 ,
b100110 7
b100110 G
b100101 !
b100101 <
b100101 @
b100110 6
11
#830000
b0 )
b0 =
0+
b100110 H
04
01
#835000
11
#840000
b1111 )
b1111 =
1+
14
b100110 *
b100110 >
b100110 3
b100110 9
01
#845000
b100111 B
b100111 ,
b100111 7
b100111 G
b100110 !
b100110 <
b100110 @
b100111 6
11
#850000
b0 )
b0 =
0+
b100111 H
04
01
#855000
11
#860000
b1111 )
b1111 =
1+
14
b100111 *
b100111 >
b100111 3
b100111 9
01
#865000
b101000 B
b101000 ,
b101000 7
b101000 G
b100111 !
b100111 <
b100111 @
b101000 6
11
#870000
b0 )
b0 =
0+
b101000 H
04
01
#875000
11
#880000
b1111 )
b1111 =
1+
14
b101000 *
b101000 >
b101000 3
b101000 9
01
#885000
b101001 B
b101001 ,
b101001 7
b101001 G
b101000 !
b101000 <
b101000 @
b101001 6
11
#890000
b0 )
b0 =
0+
b101001 H
04
01
#895000
11
#900000
b1111 )
b1111 =
1+
14
b101001 *
b101001 >
b101001 3
b101001 9
01
#905000
b101010 B
b101010 ,
b101010 7
b101010 G
b101001 !
b101001 <
b101001 @
b101010 6
11
#910000
b0 )
b0 =
0+
b101010 H
04
01
#915000
11
#920000
b1111 )
b1111 =
1+
14
b101010 *
b101010 >
b101010 3
b101010 9
01
#925000
b101011 B
b101011 ,
b101011 7
b101011 G
b101010 !
b101010 <
b101010 @
b101011 6
11
#930000
b0 )
b0 =
0+
b101011 H
04
01
#935000
11
#940000
b1111 )
b1111 =
1+
14
b101011 *
b101011 >
b101011 3
b101011 9
01
#945000
b101100 B
b101100 ,
b101100 7
b101100 G
b101011 !
b101011 <
b101011 @
b101100 6
11
#950000
b0 )
b0 =
0+
b101100 H
04
01
#955000
11
#960000
b1111 )
b1111 =
1+
14
b101100 *
b101100 >
b101100 3
b101100 9
01
#965000
b101101 B
b101101 ,
b101101 7
b101101 G
b101100 !
b101100 <
b101100 @
b101101 6
11
#970000
b0 )
b0 =
0+
b101101 H
04
01
#975000
11
#980000
b1111 )
b1111 =
1+
14
b101101 *
b101101 >
b101101 3
b101101 9
01
#985000
b101110 B
b101110 ,
b101110 7
b101110 G
b101101 !
b101101 <
b101101 @
b101110 6
11
#990000
b0 )
b0 =
0+
b101110 H
04
01
#995000
11
#1000000
b1111 )
b1111 =
1+
14
b101110 *
b101110 >
b101110 3
b101110 9
01
#1005000
b101111 B
b101111 ,
b101111 7
b101111 G
b101110 !
b101110 <
b101110 @
b101111 6
11
#1010000
b0 )
b0 =
0+
b101111 H
04
01
#1015000
11
#1020000
b1111 )
b1111 =
1+
14
b101111 *
b101111 >
b101111 3
b101111 9
01
#1025000
b110000 B
b110000 ,
b110000 7
b110000 G
b101111 !
b101111 <
b101111 @
b110000 6
11
#1030000
b0 )
b0 =
0+
b110000 H
04
01
#1035000
11
#1040000
b1111 )
b1111 =
1+
14
b110000 *
b110000 >
b110000 3
b110000 9
01
#1045000
b110001 B
b110001 ,
b110001 7
b110001 G
b110000 !
b110000 <
b110000 @
b110001 6
11
#1050000
b0 )
b0 =
0+
b110001 H
04
01
#1055000
11
#1060000
b1111 )
b1111 =
1+
14
b110001 *
b110001 >
b110001 3
b110001 9
01
#1065000
b110010 B
b110010 ,
b110010 7
b110010 G
b110001 !
b110001 <
b110001 @
b110010 6
11
#1070000
b0 )
b0 =
0+
b110010 H
04
01
#1075000
11
#1080000
b1111 )
b1111 =
1+
14
b110010 *
b110010 >
b110010 3
b110010 9
01
#1085000
b110011 B
b110011 ,
b110011 7
b110011 G
b110010 !
b110010 <
b110010 @
b110011 6
11
#1090000
b0 )
b0 =
0+
b110011 H
04
01
#1095000
11
#1100000
b1111 )
b1111 =
1+
14
b110011 *
b110011 >
b110011 3
b110011 9
01
#1105000
b110100 B
b110100 ,
b110100 7
b110100 G
b110011 !
b110011 <
b110011 @
b110100 6
11
#1110000
b0 )
b0 =
0+
b110100 H
04
01
#1115000
11
#1120000
b1111 )
b1111 =
1+
14
b110100 *
b110100 >
b110100 3
b110100 9
01
#1125000
b110101 B
b110101 ,
b110101 7
b110101 G
b110100 !
b110100 <
b110100 @
b110101 6
11
#1130000
b0 )
b0 =
0+
b110101 H
04
01
#1135000
11
#1140000
b1111 )
b1111 =
1+
14
b110101 *
b110101 >
b110101 3
b110101 9
01
#1145000
b110110 B
b110110 ,
b110110 7
b110110 G
b110101 !
b110101 <
b110101 @
b110110 6
11
#1150000
b0 )
b0 =
0+
b110110 H
04
01
#1155000
11
#1160000
b1111 )
b1111 =
1+
14
b110110 *
b110110 >
b110110 3
b110110 9
01
#1165000
b110111 B
b110111 ,
b110111 7
b110111 G
b110110 !
b110110 <
b110110 @
b110111 6
11
#1170000
b0 )
b0 =
0+
b110111 H
04
01
#1175000
11
#1180000
b1111 )
b1111 =
1+
14
b110111 *
b110111 >
b110111 3
b110111 9
01
#1185000
b111000 B
b111000 ,
b111000 7
b111000 G
b110111 !
b110111 <
b110111 @
b111000 6
11
#1190000
b0 )
b0 =
0+
b111000 H
04
01
#1195000
11
#1200000
b1111 )
b1111 =
1+
14
b111000 *
b111000 >
b111000 3
b111000 9
01
#1205000
b111001 B
b111001 ,
b111001 7
b111001 G
b111000 !
b111000 <
b111000 @
b111001 6
11
#1210000
b0 )
b0 =
0+
b111001 H
04
01
#1215000
11
#1220000
b1111 )
b1111 =
1+
14
b111001 *
b111001 >
b111001 3
b111001 9
01
#1225000
b111010 B
b111010 ,
b111010 7
b111010 G
b111001 !
b111001 <
b111001 @
b111010 6
11
#1230000
b0 )
b0 =
0+
b111010 H
04
01
#1235000
11
#1240000
b1111 )
b1111 =
1+
14
b111010 *
b111010 >
b111010 3
b111010 9
01
#1245000
b111011 B
b111011 ,
b111011 7
b111011 G
b111010 !
b111010 <
b111010 @
b111011 6
11
#1250000
b0 )
b0 =
0+
b111011 H
04
01
#1255000
11
#1260000
b1111 )
b1111 =
1+
14
b111011 *
b111011 >
b111011 3
b111011 9
01
#1265000
b111100 B
b111100 ,
b111100 7
b111100 G
b111011 !
b111011 <
b111011 @
b111100 6
11
#1270000
b0 )
b0 =
0+
b111100 H
04
01
#1275000
11
#1280000
b1111 )
b1111 =
1+
14
b111100 *
b111100 >
b111100 3
b111100 9
01
#1285000
b111101 B
b111101 ,
b111101 7
b111101 G
b111100 !
b111100 <
b111100 @
b111101 6
11
#1290000
b0 )
b0 =
0+
b111101 H
04
01
#1295000
11
#1300000
b1111 )
b1111 =
1+
14
b111101 *
b111101 >
b111101 3
b111101 9
01
#1305000
b111110 B
b111110 ,
b111110 7
b111110 G
b111101 !
b111101 <
b111101 @
b111110 6
11
#1310000
b0 )
b0 =
0+
b111110 H
04
01
#1315000
11
#1320000
b1111 )
b1111 =
1+
14
b111110 *
b111110 >
b111110 3
b111110 9
01
#1325000
b111111 B
b111111 ,
b111111 7
b111111 G
b111110 !
b111110 <
b111110 @
b111111 6
11
#1330000
b0 )
b0 =
0+
b111111 H
04
01
#1335000
11
#1340000
b1111 )
b1111 =
1+
14
b111111 *
b111111 >
b111111 3
b111111 9
01
#1345000
b1000000 B
b1000000 ,
b1000000 7
b1000000 G
b111111 !
b111111 <
b111111 @
b1000000 6
11
#1350000
b0 )
b0 =
0+
b1000000 H
04
01
#1355000
11
#1360000
b1111 )
b1111 =
1+
14
b1000000 *
b1000000 >
b1000000 3
b1000000 9
01
#1365000
b1000001 B
b1000001 ,
b1000001 7
b1000001 G
b1000000 !
b1000000 <
b1000000 @
b1000001 6
11
#1370000
b0 )
b0 =
0+
b1000001 H
04
01
#1375000
11
#1380000
b1111 )
b1111 =
1+
14
b1000001 *
b1000001 >
b1000001 3
b1000001 9
01
#1385000
b1000010 B
b1000010 ,
b1000010 7
b1000010 G
b1000001 !
b1000001 <
b1000001 @
b1000010 6
11
#1390000
b0 )
b0 =
0+
b1000010 H
04
01
#1395000
11
#1400000
b1111 )
b1111 =
1+
14
b1000010 *
b1000010 >
b1000010 3
b1000010 9
01
#1405000
b1000011 B
b1000011 ,
b1000011 7
b1000011 G
b1000010 !
b1000010 <
b1000010 @
b1000011 6
11
#1410000
b0 )
b0 =
0+
b1000011 H
04
01
#1415000
11
#1420000
b1111 )
b1111 =
1+
14
b1000011 *
b1000011 >
b1000011 3
b1000011 9
01
#1425000
b1000100 B
b1000100 ,
b1000100 7
b1000100 G
b1000011 !
b1000011 <
b1000011 @
b1000100 6
11
#1430000
b0 )
b0 =
0+
b1000100 H
04
01
#1435000
11
#1440000
b1111 )
b1111 =
1+
14
b1000100 *
b1000100 >
b1000100 3
b1000100 9
01
#1445000
b1000101 B
b1000101 ,
b1000101 7
b1000101 G
b1000100 !
b1000100 <
b1000100 @
b1000101 6
11
#1450000
b0 )
b0 =
0+
b1000101 H
04
01
#1455000
11
#1460000
b1111 )
b1111 =
1+
14
b1000101 *
b1000101 >
b1000101 3
b1000101 9
01
#1465000
b1000110 B
b1000110 ,
b1000110 7
b1000110 G
b1000101 !
b1000101 <
b1000101 @
b1000110 6
11
#1470000
b0 )
b0 =
0+
b1000110 H
04
01
#1475000
11
#1480000
b1111 )
b1111 =
1+
14
b1000110 *
b1000110 >
b1000110 3
b1000110 9
01
#1485000
b1000111 B
b1000111 ,
b1000111 7
b1000111 G
b1000110 !
b1000110 <
b1000110 @
b1000111 6
11
#1490000
b0 )
b0 =
0+
b1000111 H
04
01
#1495000
11
#1500000
b1111 )
b1111 =
1+
14
b1000111 *
b1000111 >
b1000111 3
b1000111 9
01
#1505000
b1001000 B
b1001000 ,
b1001000 7
b1001000 G
b1000111 !
b1000111 <
b1000111 @
b1001000 6
11
#1510000
b0 )
b0 =
0+
b1001000 H
04
01
#1515000
11
#1520000
b1111 )
b1111 =
1+
14
b1001000 *
b1001000 >
b1001000 3
b1001000 9
01
#1525000
b1001001 B
b1001001 ,
b1001001 7
b1001001 G
b1001000 !
b1001000 <
b1001000 @
b1001001 6
11
#1530000
b0 )
b0 =
0+
b1001001 H
04
01
#1535000
11
#1540000
b1111 )
b1111 =
1+
14
b1001001 *
b1001001 >
b1001001 3
b1001001 9
01
#1545000
b1001010 B
b1001010 ,
b1001010 7
b1001010 G
b1001001 !
b1001001 <
b1001001 @
b1001010 6
11
#1550000
b0 )
b0 =
0+
b1001010 H
04
01
#1555000
11
#1560000
b1111 )
b1111 =
1+
14
b1001010 *
b1001010 >
b1001010 3
b1001010 9
01
#1565000
b1001011 B
b1001011 ,
b1001011 7
b1001011 G
b1001010 !
b1001010 <
b1001010 @
b1001011 6
11
#1570000
b0 )
b0 =
0+
b1001011 H
04
01
#1575000
11
#1580000
b1111 )
b1111 =
1+
14
b1001011 *
b1001011 >
b1001011 3
b1001011 9
01
#1585000
b1001100 B
b1001100 ,
b1001100 7
b1001100 G
b1001011 !
b1001011 <
b1001011 @
b1001100 6
11
#1590000
b0 )
b0 =
0+
b1001100 H
04
01
#1595000
11
#1600000
b1111 )
b1111 =
1+
14
b1001100 *
b1001100 >
b1001100 3
b1001100 9
01
#1605000
b1001101 B
b1001101 ,
b1001101 7
b1001101 G
b1001100 !
b1001100 <
b1001100 @
b1001101 6
11
#1610000
b0 )
b0 =
0+
b1001101 H
04
01
#1615000
11
#1620000
b1111 )
b1111 =
1+
14
b1001101 *
b1001101 >
b1001101 3
b1001101 9
01
#1625000
b1001110 B
b1001110 ,
b1001110 7
b1001110 G
b1001101 !
b1001101 <
b1001101 @
b1001110 6
11
#1630000
b0 )
b0 =
0+
b1001110 H
04
01
#1635000
11
#1640000
b1111 )
b1111 =
1+
14
b1001110 *
b1001110 >
b1001110 3
b1001110 9
01
#1645000
b1001111 B
b1001111 ,
b1001111 7
b1001111 G
b1001110 !
b1001110 <
b1001110 @
b1001111 6
11
#1650000
b0 )
b0 =
0+
b1001111 H
04
01
#1655000
11
#1660000
b1111 )
b1111 =
1+
14
b1001111 *
b1001111 >
b1001111 3
b1001111 9
01
#1665000
b1010000 B
b1010000 ,
b1010000 7
b1010000 G
b1001111 !
b1001111 <
b1001111 @
b1010000 6
11
#1670000
b0 )
b0 =
0+
b1010000 H
04
01
#1675000
11
#1680000
b1111 )
b1111 =
1+
14
b1010000 *
b1010000 >
b1010000 3
b1010000 9
01
#1685000
b1010001 B
b1010001 ,
b1010001 7
b1010001 G
b1010000 !
b1010000 <
b1010000 @
b1010001 6
11
#1690000
b0 )
b0 =
0+
b1010001 H
04
01
#1695000
11
#1700000
b1111 )
b1111 =
1+
14
b1010001 *
b1010001 >
b1010001 3
b1010001 9
01
#1705000
b1010010 B
b1010010 ,
b1010010 7
b1010010 G
b1010001 !
b1010001 <
b1010001 @
b1010010 6
11
#1710000
b0 )
b0 =
0+
b1010010 H
04
01
#1715000
11
#1720000
b1111 )
b1111 =
1+
14
b1010010 *
b1010010 >
b1010010 3
b1010010 9
01
#1725000
b1010011 B
b1010011 ,
b1010011 7
b1010011 G
b1010010 !
b1010010 <
b1010010 @
b1010011 6
11
#1730000
b0 )
b0 =
0+
b1010011 H
04
01
#1735000
11
#1740000
b1111 )
b1111 =
1+
14
b1010011 *
b1010011 >
b1010011 3
b1010011 9
01
#1745000
b1010100 B
b1010100 ,
b1010100 7
b1010100 G
b1010011 !
b1010011 <
b1010011 @
b1010100 6
11
#1750000
b0 )
b0 =
0+
b1010100 H
04
01
#1755000
11
#1760000
b1111 )
b1111 =
1+
14
b1010100 *
b1010100 >
b1010100 3
b1010100 9
01
#1765000
b1010101 B
b1010101 ,
b1010101 7
b1010101 G
b1010100 !
b1010100 <
b1010100 @
b1010101 6
11
#1770000
b0 )
b0 =
0+
b1010101 H
04
01
#1775000
11
#1780000
b1111 )
b1111 =
1+
14
b1010101 *
b1010101 >
b1010101 3
b1010101 9
01
#1785000
b1010110 B
b1010110 ,
b1010110 7
b1010110 G
b1010101 !
b1010101 <
b1010101 @
b1010110 6
11
#1790000
b0 )
b0 =
0+
b1010110 H
04
01
#1795000
11
#1800000
b1111 )
b1111 =
1+
14
b1010110 *
b1010110 >
b1010110 3
b1010110 9
01
#1805000
b1010111 B
b1010111 ,
b1010111 7
b1010111 G
b1010110 !
b1010110 <
b1010110 @
b1010111 6
11
#1810000
b0 )
b0 =
0+
b1010111 H
04
01
#1815000
11
#1820000
b1111 )
b1111 =
1+
14
b1010111 *
b1010111 >
b1010111 3
b1010111 9
01
#1825000
b1011000 B
b1011000 ,
b1011000 7
b1011000 G
b1010111 !
b1010111 <
b1010111 @
b1011000 6
11
#1830000
b0 )
b0 =
0+
b1011000 H
04
01
#1835000
11
#1840000
b1111 )
b1111 =
1+
14
b1011000 *
b1011000 >
b1011000 3
b1011000 9
01
#1845000
b1011001 B
b1011001 ,
b1011001 7
b1011001 G
b1011000 !
b1011000 <
b1011000 @
b1011001 6
11
#1850000
b0 )
b0 =
0+
b1011001 H
04
01
#1855000
11
#1860000
b1111 )
b1111 =
1+
14
b1011001 *
b1011001 >
b1011001 3
b1011001 9
01
#1865000
b1011010 B
b1011010 ,
b1011010 7
b1011010 G
b1011001 !
b1011001 <
b1011001 @
b1011010 6
11
#1870000
b0 )
b0 =
0+
b1011010 H
04
01
#1875000
11
#1880000
b1111 )
b1111 =
1+
14
b1011010 *
b1011010 >
b1011010 3
b1011010 9
01
#1885000
b1011011 B
b1011011 ,
b1011011 7
b1011011 G
b1011010 !
b1011010 <
b1011010 @
b1011011 6
11
#1890000
b0 )
b0 =
0+
b1011011 H
04
01
#1895000
11
#1900000
b1111 )
b1111 =
1+
14
b1011011 *
b1011011 >
b1011011 3
b1011011 9
01
#1905000
b1011100 B
b1011100 ,
b1011100 7
b1011100 G
b1011011 !
b1011011 <
b1011011 @
b1011100 6
11
#1910000
b0 )
b0 =
0+
b1011100 H
04
01
#1915000
11
#1920000
b1111 )
b1111 =
1+
14
b1011100 *
b1011100 >
b1011100 3
b1011100 9
01
#1925000
b1011101 B
b1011101 ,
b1011101 7
b1011101 G
b1011100 !
b1011100 <
b1011100 @
b1011101 6
11
#1930000
b0 )
b0 =
0+
b1011101 H
04
01
#1935000
11
#1940000
b1111 )
b1111 =
1+
14
b1011101 *
b1011101 >
b1011101 3
b1011101 9
01
#1945000
b1011110 B
b1011110 ,
b1011110 7
b1011110 G
b1011101 !
b1011101 <
b1011101 @
b1011110 6
11
#1950000
b0 )
b0 =
0+
b1011110 H
04
01
#1955000
11
#1960000
b1111 )
b1111 =
1+
14
b1011110 *
b1011110 >
b1011110 3
b1011110 9
01
#1965000
b1011111 B
b1011111 ,
b1011111 7
b1011111 G
b1011110 !
b1011110 <
b1011110 @
b1011111 6
11
#1970000
b0 )
b0 =
0+
b1011111 H
04
01
#1975000
11
#1980000
b1111 )
b1111 =
1+
14
b1011111 *
b1011111 >
b1011111 3
b1011111 9
01
#1985000
b1100000 B
b1100000 ,
b1100000 7
b1100000 G
b1011111 !
b1011111 <
b1011111 @
b1100000 6
11
#1990000
b0 )
b0 =
0+
b1100000 H
04
01
#1995000
11
#2000000
b1111 )
b1111 =
1+
14
b1100000 *
b1100000 >
b1100000 3
b1100000 9
01
#2005000
b1100001 B
b1100001 ,
b1100001 7
b1100001 G
b1100000 !
b1100000 <
b1100000 @
b1100001 6
11
#2010000
b0 )
b0 =
0+
b1100001 H
04
01
#2015000
11
#2020000
b1111 )
b1111 =
1+
14
b1100001 *
b1100001 >
b1100001 3
b1100001 9
01
#2025000
b1100010 B
b1100010 ,
b1100010 7
b1100010 G
b1100001 !
b1100001 <
b1100001 @
b1100010 6
11
#2030000
b0 )
b0 =
0+
b1100010 H
04
01
#2035000
11
#2040000
b1111 )
b1111 =
1+
14
b1100010 *
b1100010 >
b1100010 3
b1100010 9
01
#2045000
b1100011 B
b1100011 ,
b1100011 7
b1100011 G
b1100010 !
b1100010 <
b1100010 @
b1100011 6
11
#2050000
b0 )
b0 =
0+
b1100011 H
04
01
#2055000
11
#2060000
b1111 )
b1111 =
1+
14
b1100011 *
b1100011 >
b1100011 3
b1100011 9
01
#2065000
b1100100 B
b1100100 ,
b1100100 7
b1100100 G
b1100011 !
b1100011 <
b1100011 @
b1100100 6
11
#2070000
b0 )
b0 =
0+
b1100100 H
04
01
#2075000
11
#2080000
b1111 )
b1111 =
1+
15
14
b1100100 *
b1100100 >
b1100100 3
b1100100 9
01
#2085000
b1100101 B
b1100101 ,
b1100101 7
b1100101 G
b1100100 !
b1100100 <
b1100100 @
b1100101 6
11
#2090000
b0 )
b0 =
0+
b1100101 H
05
04
01
#2095000
11
#2100000
b1111 )
b1111 =
1+
14
b1100101 *
b1100101 >
b1100101 3
b1100101 9
01
#2105000
b1100110 B
b1100110 ,
b1100110 7
b1100110 G
b1100101 !
b1100101 <
b1100101 @
b1100110 6
11
#2110000
b0 )
b0 =
0+
b1100110 H
04
01
#2115000
11
#2120000
b1111 )
b1111 =
1+
14
b1100110 *
b1100110 >
b1100110 3
b1100110 9
01
#2125000
b1100111 B
b1100111 ,
b1100111 7
b1100111 G
b1100110 !
b1100110 <
b1100110 @
b1100111 6
11
#2130000
b0 )
b0 =
0+
b1100111 H
04
01
#2135000
11
#2140000
b1111 )
b1111 =
1+
14
b1100111 *
b1100111 >
b1100111 3
b1100111 9
01
#2145000
b1101000 B
b1101000 ,
b1101000 7
b1101000 G
b1100111 !
b1100111 <
b1100111 @
b1101000 6
11
#2150000
b0 )
b0 =
0+
b1101000 H
04
01
#2155000
11
#2160000
b1111 )
b1111 =
1+
14
b1101000 *
b1101000 >
b1101000 3
b1101000 9
01
#2165000
b1101001 B
b1101001 ,
b1101001 7
b1101001 G
b1101000 !
b1101000 <
b1101000 @
b1101001 6
11
#2170000
b0 )
b0 =
0+
b1101001 H
04
01
#2175000
11
#2180000
b1111 )
b1111 =
1+
14
b1101001 *
b1101001 >
b1101001 3
b1101001 9
01
#2185000
b1101010 B
b1101010 ,
b1101010 7
b1101010 G
b1101001 !
b1101001 <
b1101001 @
b1101010 6
11
#2190000
b0 )
b0 =
0+
b1101010 H
04
01
#2195000
11
#2200000
b1111 )
b1111 =
1+
14
b1101010 *
b1101010 >
b1101010 3
b1101010 9
01
#2205000
b1101011 B
b1101011 ,
b1101011 7
b1101011 G
b1101010 !
b1101010 <
b1101010 @
b1101011 6
11
#2210000
b0 )
b0 =
0+
b1101011 H
04
01
#2215000
11
#2220000
b1111 )
b1111 =
1+
14
b1101011 *
b1101011 >
b1101011 3
b1101011 9
01
#2225000
b1101100 B
b1101100 ,
b1101100 7
b1101100 G
b1101011 !
b1101011 <
b1101011 @
b1101100 6
11
#2230000
b0 )
b0 =
0+
b1101100 H
04
01
#2235000
11
#2240000
b1111 )
b1111 =
1+
14
b1101100 *
b1101100 >
b1101100 3
b1101100 9
01
#2245000
b1101101 B
b1101101 ,
b1101101 7
b1101101 G
b1101100 !
b1101100 <
b1101100 @
b1101101 6
11
#2250000
b0 )
b0 =
0+
b1101101 H
04
01
#2255000
11
#2260000
b1111 )
b1111 =
1+
14
b1101101 *
b1101101 >
b1101101 3
b1101101 9
01
#2265000
b1101110 B
b1101110 ,
b1101110 7
b1101110 G
b1101101 !
b1101101 <
b1101101 @
b1101110 6
11
#2270000
b0 )
b0 =
0+
b1101110 H
04
01
#2275000
11
#2280000
b1111 )
b1111 =
1+
14
b1101110 *
b1101110 >
b1101110 3
b1101110 9
01
#2285000
b1101111 B
b1101111 ,
b1101111 7
b1101111 G
b1101110 !
b1101110 <
b1101110 @
b1101111 6
11
#2290000
b0 )
b0 =
0+
b1101111 H
04
01
#2295000
11
#2300000
b1111 )
b1111 =
1+
14
b1101111 *
b1101111 >
b1101111 3
b1101111 9
01
#2305000
b1110000 B
b1110000 ,
b1110000 7
b1110000 G
b1101111 !
b1101111 <
b1101111 @
b1110000 6
11
#2310000
b0 )
b0 =
0+
b1110000 H
04
01
#2315000
11
#2320000
b1111 )
b1111 =
1+
14
b1110000 *
b1110000 >
b1110000 3
b1110000 9
01
#2325000
b1110001 B
b1110001 ,
b1110001 7
b1110001 G
b1110000 !
b1110000 <
b1110000 @
b1110001 6
11
#2330000
b0 )
b0 =
0+
b1110001 H
04
01
#2335000
11
#2340000
b1111 )
b1111 =
1+
14
b1110001 *
b1110001 >
b1110001 3
b1110001 9
01
#2345000
b1110010 B
b1110010 ,
b1110010 7
b1110010 G
b1110001 !
b1110001 <
b1110001 @
b1110010 6
11
#2350000
b0 )
b0 =
0+
b1110010 H
04
01
#2355000
11
#2360000
b1111 )
b1111 =
1+
14
b1110010 *
b1110010 >
b1110010 3
b1110010 9
01
#2365000
b1110011 B
b1110011 ,
b1110011 7
b1110011 G
b1110010 !
b1110010 <
b1110010 @
b1110011 6
11
#2370000
b0 )
b0 =
0+
b1110011 H
04
01
#2375000
11
#2380000
b1111 )
b1111 =
1+
14
b1110011 *
b1110011 >
b1110011 3
b1110011 9
01
#2385000
b1110100 B
b1110100 ,
b1110100 7
b1110100 G
b1110011 !
b1110011 <
b1110011 @
b1110100 6
11
#2390000
b0 )
b0 =
0+
b1110100 H
04
01
#2395000
11
#2400000
b1111 )
b1111 =
1+
14
b1110100 *
b1110100 >
b1110100 3
b1110100 9
01
#2405000
b1110101 B
b1110101 ,
b1110101 7
b1110101 G
b1110100 !
b1110100 <
b1110100 @
b1110101 6
11
#2410000
b0 )
b0 =
0+
b1110101 H
04
01
#2415000
11
#2420000
b1111 )
b1111 =
1+
14
b1110101 *
b1110101 >
b1110101 3
b1110101 9
01
#2425000
b1110110 B
b1110110 ,
b1110110 7
b1110110 G
b1110101 !
b1110101 <
b1110101 @
b1110110 6
11
#2430000
b0 )
b0 =
0+
b1110110 H
04
01
#2435000
11
#2440000
b1111 )
b1111 =
1+
14
b1110110 *
b1110110 >
b1110110 3
b1110110 9
01
#2445000
b1110111 B
b1110111 ,
b1110111 7
b1110111 G
b1110110 !
b1110110 <
b1110110 @
b1110111 6
11
#2450000
b0 )
b0 =
0+
b1110111 H
04
01
#2455000
11
#2460000
b1111 )
b1111 =
1+
14
b1110111 *
b1110111 >
b1110111 3
b1110111 9
01
#2465000
b1111000 B
b1111000 ,
b1111000 7
b1111000 G
b1110111 !
b1110111 <
b1110111 @
b1111000 6
11
#2470000
b0 )
b0 =
0+
b1111000 H
04
01
#2475000
11
#2480000
b1111 )
b1111 =
1+
14
b1111000 *
b1111000 >
b1111000 3
b1111000 9
01
#2485000
b1111001 B
b1111001 ,
b1111001 7
b1111001 G
b1111000 !
b1111000 <
b1111000 @
b1111001 6
11
#2490000
b0 )
b0 =
0+
b1111001 H
04
01
#2495000
11
#2500000
b1111 )
b1111 =
1+
14
b1111001 *
b1111001 >
b1111001 3
b1111001 9
01
#2505000
b1111010 B
b1111010 ,
b1111010 7
b1111010 G
b1111001 !
b1111001 <
b1111001 @
b1111010 6
11
#2510000
b0 )
b0 =
0+
b1111010 H
04
01
#2515000
11
#2520000
b1111 )
b1111 =
1+
14
b1111010 *
b1111010 >
b1111010 3
b1111010 9
01
#2525000
b1111011 B
b1111011 ,
b1111011 7
b1111011 G
b1111010 !
b1111010 <
b1111010 @
b1111011 6
11
#2530000
b0 )
b0 =
0+
b1111011 H
04
01
#2535000
11
#2540000
b1111 )
b1111 =
1+
14
b1111011 *
b1111011 >
b1111011 3
b1111011 9
01
#2545000
b1111100 B
b1111100 ,
b1111100 7
b1111100 G
b1111011 !
b1111011 <
b1111011 @
b1111100 6
11
#2550000
b0 )
b0 =
0+
b1111100 H
04
01
#2555000
11
#2560000
b1111 )
b1111 =
1+
14
b1111100 *
b1111100 >
b1111100 3
b1111100 9
01
#2565000
b1111101 B
b1111101 ,
b1111101 7
b1111101 G
b1111100 !
b1111100 <
b1111100 @
b1111101 6
11
#2570000
b0 )
b0 =
0+
b1111101 H
04
01
#2575000
11
#2580000
b1111 )
b1111 =
1+
14
b1111101 *
b1111101 >
b1111101 3
b1111101 9
01
#2585000
b1111110 B
b1111110 ,
b1111110 7
b1111110 G
b1111101 !
b1111101 <
b1111101 @
b1111110 6
11
#2590000
b0 )
b0 =
0+
b1111110 H
04
01
#2595000
11
#2600000
b1111 )
b1111 =
1+
14
b1111110 *
b1111110 >
b1111110 3
b1111110 9
01
#2605000
b1111111 B
b1111111 ,
b1111111 7
b1111111 G
b1111110 !
b1111110 <
b1111110 @
b1111111 6
11
#2610000
b0 )
b0 =
0+
b1111111 H
04
01
#2615000
11
#2620000
b1111 )
b1111 =
1+
14
b1111111 *
b1111111 >
b1111111 3
b1111111 9
01
#2625000
b10000000 B
b10000000 ,
b10000000 7
b10000000 G
b1111111 !
b1111111 <
b1111111 @
b10000000 6
11
#2630000
b0 )
b0 =
0+
b10000000 H
04
01
#2635000
11
#2640000
b1111 )
b1111 =
1+
14
b10000000 *
b10000000 >
b10000000 3
b10000000 9
01
#2645000
b10000001 B
b10000001 ,
b10000001 7
b10000001 G
b10000000 !
b10000000 <
b10000000 @
b10000001 6
11
#2650000
b0 )
b0 =
0+
b10000001 H
04
01
#2655000
11
#2660000
b1111 )
b1111 =
1+
14
b10000001 *
b10000001 >
b10000001 3
b10000001 9
01
#2665000
b10000010 B
b10000010 ,
b10000010 7
b10000010 G
b10000001 !
b10000001 <
b10000001 @
b10000010 6
11
#2670000
b0 )
b0 =
0+
b10000010 H
04
01
#2675000
11
#2680000
b1111 )
b1111 =
1+
14
b10000010 *
b10000010 >
b10000010 3
b10000010 9
01
#2685000
b10000011 B
b10000011 ,
b10000011 7
b10000011 G
b10000010 !
b10000010 <
b10000010 @
b10000011 6
11
#2690000
b0 )
b0 =
0+
b10000011 H
04
01
#2695000
11
#2700000
b1111 )
b1111 =
1+
14
b10000011 *
b10000011 >
b10000011 3
b10000011 9
01
#2705000
b10000100 B
b10000100 ,
b10000100 7
b10000100 G
b10000011 !
b10000011 <
b10000011 @
b10000100 6
11
#2710000
b0 )
b0 =
0+
b10000100 H
04
01
#2715000
11
#2720000
b1111 )
b1111 =
1+
14
b10000100 *
b10000100 >
b10000100 3
b10000100 9
01
#2725000
b10000101 B
b10000101 ,
b10000101 7
b10000101 G
b10000100 !
b10000100 <
b10000100 @
b10000101 6
11
#2730000
b0 )
b0 =
0+
b10000101 H
04
01
#2735000
11
#2740000
b1111 )
b1111 =
1+
14
b10000101 *
b10000101 >
b10000101 3
b10000101 9
01
#2745000
b10000110 B
b10000110 ,
b10000110 7
b10000110 G
b10000101 !
b10000101 <
b10000101 @
b10000110 6
11
#2750000
b0 )
b0 =
0+
b10000110 H
04
01
#2755000
11
#2760000
b1111 )
b1111 =
1+
14
b10000110 *
b10000110 >
b10000110 3
b10000110 9
01
#2765000
b10000111 B
b10000111 ,
b10000111 7
b10000111 G
b10000110 !
b10000110 <
b10000110 @
b10000111 6
11
#2770000
b0 )
b0 =
0+
b10000111 H
04
01
#2775000
11
#2780000
b1111 )
b1111 =
1+
14
b10000111 *
b10000111 >
b10000111 3
b10000111 9
01
#2785000
b10001000 B
b10001000 ,
b10001000 7
b10001000 G
b10000111 !
b10000111 <
b10000111 @
b10001000 6
11
#2790000
b0 )
b0 =
0+
b10001000 H
04
01
#2795000
11
#2800000
b1111 )
b1111 =
1+
14
b10001000 *
b10001000 >
b10001000 3
b10001000 9
01
#2805000
b10001001 B
b10001001 ,
b10001001 7
b10001001 G
b10001000 !
b10001000 <
b10001000 @
b10001001 6
11
#2810000
b0 )
b0 =
0+
b10001001 H
04
01
#2815000
11
#2820000
b1111 )
b1111 =
1+
14
b10001001 *
b10001001 >
b10001001 3
b10001001 9
01
#2825000
b10001010 B
b10001010 ,
b10001010 7
b10001010 G
b10001001 !
b10001001 <
b10001001 @
b10001010 6
11
#2830000
b0 )
b0 =
0+
b10001010 H
04
01
#2835000
11
#2840000
b1111 )
b1111 =
1+
14
b10001010 *
b10001010 >
b10001010 3
b10001010 9
01
#2845000
b10001011 B
b10001011 ,
b10001011 7
b10001011 G
b10001010 !
b10001010 <
b10001010 @
b10001011 6
11
#2850000
b0 )
b0 =
0+
b10001011 H
04
01
#2855000
11
#2860000
b1111 )
b1111 =
1+
14
b10001011 *
b10001011 >
b10001011 3
b10001011 9
01
#2865000
b10001100 B
b10001100 ,
b10001100 7
b10001100 G
b10001011 !
b10001011 <
b10001011 @
b10001100 6
11
#2870000
b0 )
b0 =
0+
b10001100 H
04
01
#2875000
11
#2880000
b1111 )
b1111 =
1+
14
b10001100 *
b10001100 >
b10001100 3
b10001100 9
01
#2885000
b10001101 B
b10001101 ,
b10001101 7
b10001101 G
b10001100 !
b10001100 <
b10001100 @
b10001101 6
11
#2890000
b0 )
b0 =
0+
b10001101 H
04
01
#2895000
11
#2900000
b1111 )
b1111 =
1+
14
b10001101 *
b10001101 >
b10001101 3
b10001101 9
01
#2905000
b10001110 B
b10001110 ,
b10001110 7
b10001110 G
b10001101 !
b10001101 <
b10001101 @
b10001110 6
11
#2910000
b0 )
b0 =
0+
b10001110 H
04
01
#2915000
11
#2920000
b1111 )
b1111 =
1+
14
b10001110 *
b10001110 >
b10001110 3
b10001110 9
01
#2925000
b10001111 B
b10001111 ,
b10001111 7
b10001111 G
b10001110 !
b10001110 <
b10001110 @
b10001111 6
11
#2930000
b0 )
b0 =
0+
b10001111 H
04
01
#2935000
11
#2940000
b1111 )
b1111 =
1+
14
b10001111 *
b10001111 >
b10001111 3
b10001111 9
01
#2945000
b10010000 B
b10010000 ,
b10010000 7
b10010000 G
b10001111 !
b10001111 <
b10001111 @
b10010000 6
11
#2950000
b0 )
b0 =
0+
b10010000 H
04
01
#2955000
11
#2960000
b1111 )
b1111 =
1+
14
b10010000 *
b10010000 >
b10010000 3
b10010000 9
01
#2965000
b10010001 B
b10010001 ,
b10010001 7
b10010001 G
b10010000 !
b10010000 <
b10010000 @
b10010001 6
11
#2970000
b0 )
b0 =
0+
b10010001 H
04
01
#2975000
11
#2980000
b1111 )
b1111 =
1+
14
b10010001 *
b10010001 >
b10010001 3
b10010001 9
01
#2985000
b10010010 B
b10010010 ,
b10010010 7
b10010010 G
b10010001 !
b10010001 <
b10010001 @
b10010010 6
11
#2990000
b0 )
b0 =
0+
b10010010 H
04
01
#2995000
11
#3000000
b1111 )
b1111 =
1+
14
b10010010 *
b10010010 >
b10010010 3
b10010010 9
01
#3005000
b10010011 B
b10010011 ,
b10010011 7
b10010011 G
b10010010 !
b10010010 <
b10010010 @
b10010011 6
11
#3010000
b0 )
b0 =
0+
b10010011 H
04
01
#3015000
11
#3020000
b1111 )
b1111 =
1+
14
b10010011 *
b10010011 >
b10010011 3
b10010011 9
01
#3025000
b10010100 B
b10010100 ,
b10010100 7
b10010100 G
b10010011 !
b10010011 <
b10010011 @
b10010100 6
11
#3030000
b0 )
b0 =
0+
b10010100 H
04
01
#3035000
11
#3040000
b1111 )
b1111 =
1+
14
b10010100 *
b10010100 >
b10010100 3
b10010100 9
01
#3045000
b10010101 B
b10010101 ,
b10010101 7
b10010101 G
b10010100 !
b10010100 <
b10010100 @
b10010101 6
11
#3050000
b0 )
b0 =
0+
b10010101 H
04
01
#3055000
11
#3060000
b1111 )
b1111 =
1+
14
b10010101 *
b10010101 >
b10010101 3
b10010101 9
01
#3065000
b10010110 B
b10010110 ,
b10010110 7
b10010110 G
b10010101 !
b10010101 <
b10010101 @
b10010110 6
11
#3070000
b0 )
b0 =
0+
b10010110 H
04
01
#3075000
11
#3080000
b1111 )
b1111 =
1+
14
b10010110 *
b10010110 >
b10010110 3
b10010110 9
01
#3085000
b10010111 B
b10010111 ,
b10010111 7
b10010111 G
b10010110 !
b10010110 <
b10010110 @
b10010111 6
11
#3090000
b0 )
b0 =
0+
b10010111 H
04
01
#3095000
11
#3100000
b1111 )
b1111 =
1+
14
b10010111 *
b10010111 >
b10010111 3
b10010111 9
01
#3105000
b10011000 B
b10011000 ,
b10011000 7
b10011000 G
b10010111 !
b10010111 <
b10010111 @
b10011000 6
11
#3110000
b0 )
b0 =
0+
b10011000 H
04
01
#3115000
11
#3120000
b1111 )
b1111 =
1+
14
b10011000 *
b10011000 >
b10011000 3
b10011000 9
01
#3125000
b10011001 B
b10011001 ,
b10011001 7
b10011001 G
b10011000 !
b10011000 <
b10011000 @
b10011001 6
11
#3130000
b0 )
b0 =
0+
b10011001 H
04
01
#3135000
11
#3140000
b1111 )
b1111 =
1+
14
b10011001 *
b10011001 >
b10011001 3
b10011001 9
01
#3145000
b10011010 B
b10011010 ,
b10011010 7
b10011010 G
b10011001 !
b10011001 <
b10011001 @
b10011010 6
11
#3150000
b0 )
b0 =
0+
b10011010 H
04
01
#3155000
11
#3160000
b1111 )
b1111 =
1+
14
b10011010 *
b10011010 >
b10011010 3
b10011010 9
01
#3165000
b10011011 B
b10011011 ,
b10011011 7
b10011011 G
b10011010 !
b10011010 <
b10011010 @
b10011011 6
11
#3170000
b0 )
b0 =
0+
b10011011 H
04
01
#3175000
11
#3180000
b1111 )
b1111 =
1+
14
b10011011 *
b10011011 >
b10011011 3
b10011011 9
01
#3185000
b10011100 B
b10011100 ,
b10011100 7
b10011100 G
b10011011 !
b10011011 <
b10011011 @
b10011100 6
11
#3190000
b0 )
b0 =
0+
b10011100 H
04
01
#3195000
11
#3200000
b1111 )
b1111 =
1+
14
b10011100 *
b10011100 >
b10011100 3
b10011100 9
01
#3205000
b10011101 B
b10011101 ,
b10011101 7
b10011101 G
b10011100 !
b10011100 <
b10011100 @
b10011101 6
11
#3210000
b0 )
b0 =
0+
b10011101 H
04
01
#3215000
11
#3220000
b1111 )
b1111 =
1+
14
b10011101 *
b10011101 >
b10011101 3
b10011101 9
01
#3225000
b10011110 B
b10011110 ,
b10011110 7
b10011110 G
b10011101 !
b10011101 <
b10011101 @
b10011110 6
11
#3230000
b0 )
b0 =
0+
b10011110 H
04
01
#3235000
11
#3240000
b1111 )
b1111 =
1+
14
b10011110 *
b10011110 >
b10011110 3
b10011110 9
01
#3245000
b10011111 B
b10011111 ,
b10011111 7
b10011111 G
b10011110 !
b10011110 <
b10011110 @
b10011111 6
11
#3250000
b0 )
b0 =
0+
b10011111 H
04
01
#3255000
11
#3260000
b1111 )
b1111 =
1+
14
b10011111 *
b10011111 >
b10011111 3
b10011111 9
01
#3265000
b10100000 B
b10100000 ,
b10100000 7
b10100000 G
b10011111 !
b10011111 <
b10011111 @
b10100000 6
11
#3270000
b0 )
b0 =
0+
b10100000 H
04
01
#3275000
11
#3280000
b1111 )
b1111 =
1+
14
b10100000 *
b10100000 >
b10100000 3
b10100000 9
01
#3285000
b10100001 B
b10100001 ,
b10100001 7
b10100001 G
b10100000 !
b10100000 <
b10100000 @
b10100001 6
11
#3290000
b0 )
b0 =
0+
b10100001 H
04
01
#3295000
11
#3300000
b1111 )
b1111 =
1+
14
b10100001 *
b10100001 >
b10100001 3
b10100001 9
01
#3305000
b10100010 B
b10100010 ,
b10100010 7
b10100010 G
b10100001 !
b10100001 <
b10100001 @
b10100010 6
11
#3310000
b0 )
b0 =
0+
b10100010 H
04
01
#3315000
11
#3320000
b1111 )
b1111 =
1+
14
b10100010 *
b10100010 >
b10100010 3
b10100010 9
01
#3325000
b10100011 B
b10100011 ,
b10100011 7
b10100011 G
b10100010 !
b10100010 <
b10100010 @
b10100011 6
11
#3330000
b0 )
b0 =
0+
b10100011 H
04
01
#3335000
11
#3340000
b1111 )
b1111 =
1+
14
b10100011 *
b10100011 >
b10100011 3
b10100011 9
01
#3345000
b10100100 B
b10100100 ,
b10100100 7
b10100100 G
b10100011 !
b10100011 <
b10100011 @
b10100100 6
11
#3350000
b0 )
b0 =
0+
b10100100 H
04
01
#3355000
11
#3360000
b1111 )
b1111 =
1+
14
b10100100 *
b10100100 >
b10100100 3
b10100100 9
01
#3365000
b10100101 B
b10100101 ,
b10100101 7
b10100101 G
b10100100 !
b10100100 <
b10100100 @
b10100101 6
11
#3370000
b0 )
b0 =
0+
b10100101 H
04
01
#3375000
11
#3380000
b1111 )
b1111 =
1+
14
b10100101 *
b10100101 >
b10100101 3
b10100101 9
01
#3385000
b10100110 B
b10100110 ,
b10100110 7
b10100110 G
b10100101 !
b10100101 <
b10100101 @
b10100110 6
11
#3390000
b0 )
b0 =
0+
b10100110 H
04
01
#3395000
11
#3400000
b1111 )
b1111 =
1+
14
b10100110 *
b10100110 >
b10100110 3
b10100110 9
01
#3405000
b10100111 B
b10100111 ,
b10100111 7
b10100111 G
b10100110 !
b10100110 <
b10100110 @
b10100111 6
11
#3410000
b0 )
b0 =
0+
b10100111 H
04
01
#3415000
11
#3420000
b1111 )
b1111 =
1+
14
b10100111 *
b10100111 >
b10100111 3
b10100111 9
01
#3425000
b10101000 B
b10101000 ,
b10101000 7
b10101000 G
b10100111 !
b10100111 <
b10100111 @
b10101000 6
11
#3430000
b0 )
b0 =
0+
b10101000 H
04
01
#3435000
11
#3440000
b1111 )
b1111 =
1+
14
b10101000 *
b10101000 >
b10101000 3
b10101000 9
01
#3445000
b10101001 B
b10101001 ,
b10101001 7
b10101001 G
b10101000 !
b10101000 <
b10101000 @
b10101001 6
11
#3450000
b0 )
b0 =
0+
b10101001 H
04
01
#3455000
11
#3460000
b1111 )
b1111 =
1+
14
b10101001 *
b10101001 >
b10101001 3
b10101001 9
01
#3465000
b10101010 B
b10101010 ,
b10101010 7
b10101010 G
b10101001 !
b10101001 <
b10101001 @
b10101010 6
11
#3470000
b0 )
b0 =
0+
b10101010 H
04
01
#3475000
11
#3480000
b1111 )
b1111 =
1+
14
b10101010 *
b10101010 >
b10101010 3
b10101010 9
01
#3485000
b10101011 B
b10101011 ,
b10101011 7
b10101011 G
b10101010 !
b10101010 <
b10101010 @
b10101011 6
11
#3490000
b0 )
b0 =
0+
b10101011 H
04
01
#3495000
11
#3500000
b1111 )
b1111 =
1+
14
b10101011 *
b10101011 >
b10101011 3
b10101011 9
01
#3505000
b10101100 B
b10101100 ,
b10101100 7
b10101100 G
b10101011 !
b10101011 <
b10101011 @
b10101100 6
11
#3510000
b0 )
b0 =
0+
b10101100 H
04
01
#3515000
11
#3520000
b1111 )
b1111 =
1+
14
b10101100 *
b10101100 >
b10101100 3
b10101100 9
01
#3525000
b10101101 B
b10101101 ,
b10101101 7
b10101101 G
b10101100 !
b10101100 <
b10101100 @
b10101101 6
11
#3530000
b0 )
b0 =
0+
b10101101 H
04
01
#3535000
11
#3540000
b1111 )
b1111 =
1+
14
b10101101 *
b10101101 >
b10101101 3
b10101101 9
01
#3545000
b10101110 B
b10101110 ,
b10101110 7
b10101110 G
b10101101 !
b10101101 <
b10101101 @
b10101110 6
11
#3550000
b0 )
b0 =
0+
b10101110 H
04
01
#3555000
11
#3560000
b1111 )
b1111 =
1+
14
b10101110 *
b10101110 >
b10101110 3
b10101110 9
01
#3565000
b10101111 B
b10101111 ,
b10101111 7
b10101111 G
b10101110 !
b10101110 <
b10101110 @
b10101111 6
11
#3570000
b0 )
b0 =
0+
b10101111 H
04
01
#3575000
11
#3580000
b1111 )
b1111 =
1+
14
b10101111 *
b10101111 >
b10101111 3
b10101111 9
01
#3585000
b10110000 B
b10110000 ,
b10110000 7
b10110000 G
b10101111 !
b10101111 <
b10101111 @
b10110000 6
11
#3590000
b0 )
b0 =
0+
b10110000 H
04
01
#3595000
11
#3600000
b1111 )
b1111 =
1+
14
b10110000 *
b10110000 >
b10110000 3
b10110000 9
01
#3605000
b10110001 B
b10110001 ,
b10110001 7
b10110001 G
b10110000 !
b10110000 <
b10110000 @
b10110001 6
11
#3610000
b0 )
b0 =
0+
b10110001 H
04
01
#3615000
11
#3620000
b1111 )
b1111 =
1+
14
b10110001 *
b10110001 >
b10110001 3
b10110001 9
01
#3625000
b10110010 B
b10110010 ,
b10110010 7
b10110010 G
b10110001 !
b10110001 <
b10110001 @
b10110010 6
11
#3630000
b0 )
b0 =
0+
b10110010 H
04
01
#3635000
11
#3640000
b1111 )
b1111 =
1+
14
b10110010 *
b10110010 >
b10110010 3
b10110010 9
01
#3645000
b10110011 B
b10110011 ,
b10110011 7
b10110011 G
b10110010 !
b10110010 <
b10110010 @
b10110011 6
11
#3650000
b0 )
b0 =
0+
b10110011 H
04
01
#3655000
11
#3660000
b1111 )
b1111 =
1+
14
b10110011 *
b10110011 >
b10110011 3
b10110011 9
01
#3665000
b10110100 B
b10110100 ,
b10110100 7
b10110100 G
b10110011 !
b10110011 <
b10110011 @
b10110100 6
11
#3670000
b0 )
b0 =
0+
b10110100 H
04
01
#3675000
11
#3680000
b1111 )
b1111 =
1+
14
b10110100 *
b10110100 >
b10110100 3
b10110100 9
01
#3685000
b10110101 B
b10110101 ,
b10110101 7
b10110101 G
b10110100 !
b10110100 <
b10110100 @
b10110101 6
11
#3690000
b0 )
b0 =
0+
b10110101 H
04
01
#3695000
11
#3700000
b1111 )
b1111 =
1+
14
b10110101 *
b10110101 >
b10110101 3
b10110101 9
01
#3705000
b10110110 B
b10110110 ,
b10110110 7
b10110110 G
b10110101 !
b10110101 <
b10110101 @
b10110110 6
11
#3710000
b0 )
b0 =
0+
b10110110 H
04
01
#3715000
11
#3720000
b1111 )
b1111 =
1+
14
b10110110 *
b10110110 >
b10110110 3
b10110110 9
01
#3725000
b10110111 B
b10110111 ,
b10110111 7
b10110111 G
b10110110 !
b10110110 <
b10110110 @
b10110111 6
11
#3730000
b0 )
b0 =
0+
b10110111 H
04
01
#3735000
11
#3740000
b1111 )
b1111 =
1+
14
b10110111 *
b10110111 >
b10110111 3
b10110111 9
01
#3745000
b10111000 B
b10111000 ,
b10111000 7
b10111000 G
b10110111 !
b10110111 <
b10110111 @
b10111000 6
11
#3750000
b0 )
b0 =
0+
b10111000 H
04
01
#3755000
11
#3760000
b1111 )
b1111 =
1+
14
b10111000 *
b10111000 >
b10111000 3
b10111000 9
01
#3765000
b10111001 B
b10111001 ,
b10111001 7
b10111001 G
b10111000 !
b10111000 <
b10111000 @
b10111001 6
11
#3770000
b0 )
b0 =
0+
b10111001 H
04
01
#3775000
11
#3780000
b1111 )
b1111 =
1+
14
b10111001 *
b10111001 >
b10111001 3
b10111001 9
01
#3785000
b10111010 B
b10111010 ,
b10111010 7
b10111010 G
b10111001 !
b10111001 <
b10111001 @
b10111010 6
11
#3790000
b0 )
b0 =
0+
b10111010 H
04
01
#3795000
11
#3800000
b1111 )
b1111 =
1+
14
b10111010 *
b10111010 >
b10111010 3
b10111010 9
01
#3805000
b10111011 B
b10111011 ,
b10111011 7
b10111011 G
b10111010 !
b10111010 <
b10111010 @
b10111011 6
11
#3810000
b0 )
b0 =
0+
b10111011 H
04
01
#3815000
11
#3820000
b1111 )
b1111 =
1+
14
b10111011 *
b10111011 >
b10111011 3
b10111011 9
01
#3825000
b10111100 B
b10111100 ,
b10111100 7
b10111100 G
b10111011 !
b10111011 <
b10111011 @
b10111100 6
11
#3830000
b0 )
b0 =
0+
b10111100 H
04
01
#3835000
11
#3840000
b1111 )
b1111 =
1+
14
b10111100 *
b10111100 >
b10111100 3
b10111100 9
01
#3845000
b10111101 B
b10111101 ,
b10111101 7
b10111101 G
b10111100 !
b10111100 <
b10111100 @
b10111101 6
11
#3850000
b0 )
b0 =
0+
b10111101 H
04
01
#3855000
11
#3860000
b1111 )
b1111 =
1+
14
b10111101 *
b10111101 >
b10111101 3
b10111101 9
01
#3865000
b10111110 B
b10111110 ,
b10111110 7
b10111110 G
b10111101 !
b10111101 <
b10111101 @
b10111110 6
11
#3870000
b0 )
b0 =
0+
b10111110 H
04
01
#3875000
11
#3880000
b1111 )
b1111 =
1+
14
b10111110 *
b10111110 >
b10111110 3
b10111110 9
01
#3885000
b10111111 B
b10111111 ,
b10111111 7
b10111111 G
b10111110 !
b10111110 <
b10111110 @
b10111111 6
11
#3890000
b0 )
b0 =
0+
b10111111 H
04
01
#3895000
11
#3900000
b1111 )
b1111 =
1+
14
b10111111 *
b10111111 >
b10111111 3
b10111111 9
01
#3905000
b11000000 B
b11000000 ,
b11000000 7
b11000000 G
b10111111 !
b10111111 <
b10111111 @
b11000000 6
11
#3910000
b0 )
b0 =
0+
b11000000 H
04
01
#3915000
11
#3920000
b1111 )
b1111 =
1+
14
b11000000 *
b11000000 >
b11000000 3
b11000000 9
01
#3925000
b11000001 B
b11000001 ,
b11000001 7
b11000001 G
b11000000 !
b11000000 <
b11000000 @
b11000001 6
11
#3930000
b0 )
b0 =
0+
b11000001 H
04
01
#3935000
11
#3940000
b1111 )
b1111 =
1+
14
b11000001 *
b11000001 >
b11000001 3
b11000001 9
01
#3945000
b11000010 B
b11000010 ,
b11000010 7
b11000010 G
b11000001 !
b11000001 <
b11000001 @
b11000010 6
11
#3950000
b0 )
b0 =
0+
b11000010 H
04
01
#3955000
11
#3960000
b1111 )
b1111 =
1+
14
b11000010 *
b11000010 >
b11000010 3
b11000010 9
01
#3965000
b11000011 B
b11000011 ,
b11000011 7
b11000011 G
b11000010 !
b11000010 <
b11000010 @
b11000011 6
11
#3970000
b0 )
b0 =
0+
b11000011 H
04
01
#3975000
11
#3980000
b1111 )
b1111 =
1+
14
b11000011 *
b11000011 >
b11000011 3
b11000011 9
01
#3985000
b11000100 B
b11000100 ,
b11000100 7
b11000100 G
b11000011 !
b11000011 <
b11000011 @
b11000100 6
11
#3990000
b0 )
b0 =
0+
b11000100 H
04
01
#3995000
11
#4000000
b1111 )
b1111 =
1+
14
b11000100 *
b11000100 >
b11000100 3
b11000100 9
01
#4005000
b11000101 B
b11000101 ,
b11000101 7
b11000101 G
b11000100 !
b11000100 <
b11000100 @
b11000101 6
11
#4010000
b0 )
b0 =
0+
b11000101 H
04
01
#4015000
11
#4020000
b1111 )
b1111 =
1+
14
b11000101 *
b11000101 >
b11000101 3
b11000101 9
01
#4025000
b11000110 B
b11000110 ,
b11000110 7
b11000110 G
b11000101 !
b11000101 <
b11000101 @
b11000110 6
11
#4030000
b0 )
b0 =
0+
b11000110 H
04
01
#4035000
11
#4040000
b1111 )
b1111 =
1+
14
b11000110 *
b11000110 >
b11000110 3
b11000110 9
01
#4045000
b11000111 B
b11000111 ,
b11000111 7
b11000111 G
b11000110 !
b11000110 <
b11000110 @
b11000111 6
11
#4050000
b0 )
b0 =
0+
b11000111 H
04
01
#4055000
11
#4060000
b1111 )
b1111 =
1+
14
b11000111 *
b11000111 >
b11000111 3
b11000111 9
01
#4065000
b11001000 B
b11001000 ,
b11001000 7
b11001000 G
b11000111 !
b11000111 <
b11000111 @
b11001000 6
11
#4070000
b0 )
b0 =
0+
b11001000 H
04
01
#4075000
11
#4080000
b1111 )
b1111 =
1+
14
b11001000 *
b11001000 >
b11001000 3
b11001000 9
01
#4085000
b11001001 B
b11001001 ,
b11001001 7
b11001001 G
b11001000 !
b11001000 <
b11001000 @
b11001001 6
11
#4090000
b0 )
b0 =
0+
b11001001 H
04
01
#4095000
11
#4100000
b1111 )
b1111 =
1+
14
b11001001 *
b11001001 >
b11001001 3
b11001001 9
01
#4105000
b11001010 B
b11001010 ,
b11001010 7
b11001010 G
b11001001 !
b11001001 <
b11001001 @
b11001010 6
11
#4110000
b0 )
b0 =
0+
b11001010 H
04
01
#4115000
11
#4120000
b1111 )
b1111 =
1+
14
b11001010 *
b11001010 >
b11001010 3
b11001010 9
01
#4125000
b11001011 B
b11001011 ,
b11001011 7
b11001011 G
b11001010 !
b11001010 <
b11001010 @
b11001011 6
11
#4130000
b0 )
b0 =
0+
b11001011 H
04
01
#4135000
11
#4140000
b1111 )
b1111 =
1+
14
b11001011 *
b11001011 >
b11001011 3
b11001011 9
01
#4145000
b11001100 B
b11001100 ,
b11001100 7
b11001100 G
b11001011 !
b11001011 <
b11001011 @
b11001100 6
11
#4150000
b0 )
b0 =
0+
b11001100 H
04
01
#4155000
11
#4160000
b1111 )
b1111 =
1+
14
b11001100 *
b11001100 >
b11001100 3
b11001100 9
01
#4165000
b11001101 B
b11001101 ,
b11001101 7
b11001101 G
b11001100 !
b11001100 <
b11001100 @
b11001101 6
11
#4170000
b0 )
b0 =
0+
b11001101 H
04
01
#4175000
11
#4180000
b1111 )
b1111 =
1+
14
b11001101 *
b11001101 >
b11001101 3
b11001101 9
01
#4185000
b11001110 B
b11001110 ,
b11001110 7
b11001110 G
b11001101 !
b11001101 <
b11001101 @
b11001110 6
11
#4190000
b0 )
b0 =
0+
b11001110 H
04
01
#4195000
11
#4200000
b1111 )
b1111 =
1+
14
b11001110 *
b11001110 >
b11001110 3
b11001110 9
01
#4205000
b11001111 B
b11001111 ,
b11001111 7
b11001111 G
b11001110 !
b11001110 <
b11001110 @
b11001111 6
11
#4210000
b0 )
b0 =
0+
b11001111 H
04
01
#4215000
11
#4220000
b1111 )
b1111 =
1+
14
b11001111 *
b11001111 >
b11001111 3
b11001111 9
01
#4225000
b11010000 B
b11010000 ,
b11010000 7
b11010000 G
b11001111 !
b11001111 <
b11001111 @
b11010000 6
11
#4230000
b0 )
b0 =
0+
b11010000 H
04
01
#4235000
11
#4240000
b1111 )
b1111 =
1+
14
b11010000 *
b11010000 >
b11010000 3
b11010000 9
01
#4245000
b11010001 B
b11010001 ,
b11010001 7
b11010001 G
b11010000 !
b11010000 <
b11010000 @
b11010001 6
11
#4250000
b0 )
b0 =
0+
b11010001 H
04
01
#4255000
11
#4260000
b1111 )
b1111 =
1+
14
b11010001 *
b11010001 >
b11010001 3
b11010001 9
01
#4265000
b11010010 B
b11010010 ,
b11010010 7
b11010010 G
b11010001 !
b11010001 <
b11010001 @
b11010010 6
11
#4270000
b0 )
b0 =
0+
b11010010 H
04
01
#4275000
11
#4280000
b1111 )
b1111 =
1+
14
b11010010 *
b11010010 >
b11010010 3
b11010010 9
01
#4285000
b11010011 B
b11010011 ,
b11010011 7
b11010011 G
b11010010 !
b11010010 <
b11010010 @
b11010011 6
11
#4290000
b0 )
b0 =
0+
b11010011 H
04
01
#4295000
11
#4300000
b1111 )
b1111 =
1+
14
b11010011 *
b11010011 >
b11010011 3
b11010011 9
01
#4305000
b11010100 B
b11010100 ,
b11010100 7
b11010100 G
b11010011 !
b11010011 <
b11010011 @
b11010100 6
11
#4310000
b0 )
b0 =
0+
b11010100 H
04
01
#4315000
11
#4320000
b1111 )
b1111 =
1+
14
b11010100 *
b11010100 >
b11010100 3
b11010100 9
01
#4325000
b11010101 B
b11010101 ,
b11010101 7
b11010101 G
b11010100 !
b11010100 <
b11010100 @
b11010101 6
11
#4330000
b0 )
b0 =
0+
b11010101 H
04
01
#4335000
11
#4340000
b1111 )
b1111 =
1+
14
b11010101 *
b11010101 >
b11010101 3
b11010101 9
01
#4345000
b11010110 B
b11010110 ,
b11010110 7
b11010110 G
b11010101 !
b11010101 <
b11010101 @
b11010110 6
11
#4350000
b0 )
b0 =
0+
b11010110 H
04
01
#4355000
11
#4360000
b1111 )
b1111 =
1+
14
b11010110 *
b11010110 >
b11010110 3
b11010110 9
01
#4365000
b11010111 B
b11010111 ,
b11010111 7
b11010111 G
b11010110 !
b11010110 <
b11010110 @
b11010111 6
11
#4370000
b0 )
b0 =
0+
b11010111 H
04
01
#4375000
11
#4380000
b1111 )
b1111 =
1+
14
b11010111 *
b11010111 >
b11010111 3
b11010111 9
01
#4385000
b11011000 B
b11011000 ,
b11011000 7
b11011000 G
b11010111 !
b11010111 <
b11010111 @
b11011000 6
11
#4390000
b0 )
b0 =
0+
b11011000 H
04
01
#4395000
11
#4400000
b1111 )
b1111 =
1+
14
b11011000 *
b11011000 >
b11011000 3
b11011000 9
01
#4405000
b11011001 B
b11011001 ,
b11011001 7
b11011001 G
b11011000 !
b11011000 <
b11011000 @
b11011001 6
11
#4410000
b0 )
b0 =
0+
b11011001 H
04
01
#4415000
11
#4420000
b1111 )
b1111 =
1+
14
b11011001 *
b11011001 >
b11011001 3
b11011001 9
01
#4425000
b11011010 B
b11011010 ,
b11011010 7
b11011010 G
b11011001 !
b11011001 <
b11011001 @
b11011010 6
11
#4430000
b0 )
b0 =
0+
b11011010 H
04
01
#4435000
11
#4440000
b1111 )
b1111 =
1+
14
b11011010 *
b11011010 >
b11011010 3
b11011010 9
01
#4445000
b11011011 B
b11011011 ,
b11011011 7
b11011011 G
b11011010 !
b11011010 <
b11011010 @
b11011011 6
11
#4450000
b0 )
b0 =
0+
b11011011 H
04
01
#4455000
11
#4460000
b1111 )
b1111 =
1+
14
b11011011 *
b11011011 >
b11011011 3
b11011011 9
01
#4465000
b11011100 B
b11011100 ,
b11011100 7
b11011100 G
b11011011 !
b11011011 <
b11011011 @
b11011100 6
11
#4470000
b0 )
b0 =
0+
b11011100 H
04
01
#4475000
11
#4480000
b1111 )
b1111 =
1+
14
b11011100 *
b11011100 >
b11011100 3
b11011100 9
01
#4485000
b11011101 B
b11011101 ,
b11011101 7
b11011101 G
b11011100 !
b11011100 <
b11011100 @
b11011101 6
11
#4490000
b0 )
b0 =
0+
b11011101 H
04
01
#4495000
11
#4500000
b1111 )
b1111 =
1+
14
b11011101 *
b11011101 >
b11011101 3
b11011101 9
01
#4505000
b11011110 B
b11011110 ,
b11011110 7
b11011110 G
b11011101 !
b11011101 <
b11011101 @
b11011110 6
11
#4510000
b0 )
b0 =
0+
b11011110 H
04
01
#4515000
11
#4520000
b1111 )
b1111 =
1+
14
b11011110 *
b11011110 >
b11011110 3
b11011110 9
01
#4525000
b11011111 B
b11011111 ,
b11011111 7
b11011111 G
b11011110 !
b11011110 <
b11011110 @
b11011111 6
11
#4530000
b0 )
b0 =
0+
b11011111 H
04
01
#4535000
11
#4540000
b1111 )
b1111 =
1+
14
b11011111 *
b11011111 >
b11011111 3
b11011111 9
01
#4545000
b11100000 B
b11100000 ,
b11100000 7
b11100000 G
b11011111 !
b11011111 <
b11011111 @
b11100000 6
11
#4550000
b0 )
b0 =
0+
b11100000 H
04
01
#4555000
11
#4560000
b1111 )
b1111 =
1+
14
b11100000 *
b11100000 >
b11100000 3
b11100000 9
01
#4565000
b11100001 B
b11100001 ,
b11100001 7
b11100001 G
b11100000 !
b11100000 <
b11100000 @
b11100001 6
11
#4570000
b0 )
b0 =
0+
b11100001 H
04
01
#4575000
11
#4580000
b1111 )
b1111 =
1+
14
b11100001 *
b11100001 >
b11100001 3
b11100001 9
01
#4585000
b11100010 B
b11100010 ,
b11100010 7
b11100010 G
b11100001 !
b11100001 <
b11100001 @
b11100010 6
11
#4590000
b0 )
b0 =
0+
b11100010 H
04
01
#4595000
11
#4600000
b1111 )
b1111 =
1+
14
b11100010 *
b11100010 >
b11100010 3
b11100010 9
01
#4605000
b11100011 B
b11100011 ,
b11100011 7
b11100011 G
b11100010 !
b11100010 <
b11100010 @
b11100011 6
11
#4610000
b0 )
b0 =
0+
b11100011 H
04
01
#4615000
11
#4620000
b1111 )
b1111 =
1+
14
b11100011 *
b11100011 >
b11100011 3
b11100011 9
01
#4625000
b11100100 B
b11100100 ,
b11100100 7
b11100100 G
b11100011 !
b11100011 <
b11100011 @
b11100100 6
11
#4630000
b0 )
b0 =
0+
b11100100 H
04
01
#4635000
11
#4640000
b1111 )
b1111 =
1+
14
b11100100 *
b11100100 >
b11100100 3
b11100100 9
01
#4645000
b11100101 B
b11100101 ,
b11100101 7
b11100101 G
b11100100 !
b11100100 <
b11100100 @
b11100101 6
11
#4650000
b0 )
b0 =
0+
b11100101 H
04
01
#4655000
11
#4660000
b1111 )
b1111 =
1+
14
b11100101 *
b11100101 >
b11100101 3
b11100101 9
01
#4665000
b11100110 B
b11100110 ,
b11100110 7
b11100110 G
b11100101 !
b11100101 <
b11100101 @
b11100110 6
11
#4670000
b0 )
b0 =
0+
b11100110 H
04
01
#4675000
11
#4680000
b1111 )
b1111 =
1+
14
b11100110 *
b11100110 >
b11100110 3
b11100110 9
01
#4685000
b11100111 B
b11100111 ,
b11100111 7
b11100111 G
b11100110 !
b11100110 <
b11100110 @
b11100111 6
11
#4690000
b0 )
b0 =
0+
b11100111 H
04
01
#4695000
11
#4700000
b1111 )
b1111 =
1+
14
b11100111 *
b11100111 >
b11100111 3
b11100111 9
01
#4705000
b11101000 B
b11101000 ,
b11101000 7
b11101000 G
b11100111 !
b11100111 <
b11100111 @
b11101000 6
11
#4710000
b0 )
b0 =
0+
b11101000 H
04
01
#4715000
11
#4720000
b1111 )
b1111 =
1+
14
b11101000 *
b11101000 >
b11101000 3
b11101000 9
01
#4725000
b11101001 B
b11101001 ,
b11101001 7
b11101001 G
b11101000 !
b11101000 <
b11101000 @
b11101001 6
11
#4730000
b0 )
b0 =
0+
b11101001 H
04
01
#4735000
11
#4740000
b1111 )
b1111 =
1+
14
b11101001 *
b11101001 >
b11101001 3
b11101001 9
01
#4745000
b11101010 B
b11101010 ,
b11101010 7
b11101010 G
b11101001 !
b11101001 <
b11101001 @
b11101010 6
11
#4750000
b0 )
b0 =
0+
b11101010 H
04
01
#4755000
11
#4760000
b1111 )
b1111 =
1+
14
b11101010 *
b11101010 >
b11101010 3
b11101010 9
01
#4765000
b11101011 B
b11101011 ,
b11101011 7
b11101011 G
b11101010 !
b11101010 <
b11101010 @
b11101011 6
11
#4770000
b0 )
b0 =
0+
b11101011 H
04
01
#4775000
11
#4780000
b1111 )
b1111 =
1+
14
b11101011 *
b11101011 >
b11101011 3
b11101011 9
01
#4785000
b11101100 B
b11101100 ,
b11101100 7
b11101100 G
b11101011 !
b11101011 <
b11101011 @
b11101100 6
11
#4790000
b0 )
b0 =
0+
b11101100 H
04
01
#4795000
11
#4800000
b1111 )
b1111 =
1+
14
b11101100 *
b11101100 >
b11101100 3
b11101100 9
01
#4805000
b11101101 B
b11101101 ,
b11101101 7
b11101101 G
b11101100 !
b11101100 <
b11101100 @
b11101101 6
11
#4810000
b0 )
b0 =
0+
b11101101 H
04
01
#4815000
11
#4820000
b1111 )
b1111 =
1+
14
b11101101 *
b11101101 >
b11101101 3
b11101101 9
01
#4825000
b11101110 B
b11101110 ,
b11101110 7
b11101110 G
b11101101 !
b11101101 <
b11101101 @
b11101110 6
11
#4830000
b0 )
b0 =
0+
b11101110 H
04
01
#4835000
11
#4840000
b1111 )
b1111 =
1+
14
b11101110 *
b11101110 >
b11101110 3
b11101110 9
01
#4845000
b11101111 B
b11101111 ,
b11101111 7
b11101111 G
b11101110 !
b11101110 <
b11101110 @
b11101111 6
11
#4850000
b0 )
b0 =
0+
b11101111 H
04
01
#4855000
11
#4860000
b1111 )
b1111 =
1+
14
b11101111 *
b11101111 >
b11101111 3
b11101111 9
01
#4865000
b11110000 B
b11110000 ,
b11110000 7
b11110000 G
b11101111 !
b11101111 <
b11101111 @
b11110000 6
11
#4870000
b0 )
b0 =
0+
b11110000 H
04
01
#4875000
11
#4880000
b1111 )
b1111 =
1+
14
b11110000 *
b11110000 >
b11110000 3
b11110000 9
01
#4885000
b11110001 B
b11110001 ,
b11110001 7
b11110001 G
b11110000 !
b11110000 <
b11110000 @
b11110001 6
11
#4890000
b0 )
b0 =
0+
b11110001 H
04
01
#4895000
11
#4900000
b1111 )
b1111 =
1+
14
b11110001 *
b11110001 >
b11110001 3
b11110001 9
01
#4905000
b11110010 B
b11110010 ,
b11110010 7
b11110010 G
b11110001 !
b11110001 <
b11110001 @
b11110010 6
11
#4910000
b0 )
b0 =
0+
b11110010 H
04
01
#4915000
11
#4920000
b1111 )
b1111 =
1+
14
b11110010 *
b11110010 >
b11110010 3
b11110010 9
01
#4925000
b11110011 B
b11110011 ,
b11110011 7
b11110011 G
b11110010 !
b11110010 <
b11110010 @
b11110011 6
11
#4930000
b0 )
b0 =
0+
b11110011 H
04
01
#4935000
11
#4940000
b1111 )
b1111 =
1+
14
b11110011 *
b11110011 >
b11110011 3
b11110011 9
01
#4945000
b11110100 B
b11110100 ,
b11110100 7
b11110100 G
b11110011 !
b11110011 <
b11110011 @
b11110100 6
11
#4950000
b0 )
b0 =
0+
b11110100 H
04
01
#4955000
11
#4960000
b1111 )
b1111 =
1+
14
b11110100 *
b11110100 >
b11110100 3
b11110100 9
01
#4965000
b11110101 B
b11110101 ,
b11110101 7
b11110101 G
b11110100 !
b11110100 <
b11110100 @
b11110101 6
11
#4970000
b0 )
b0 =
0+
b11110101 H
04
01
#4975000
11
#4980000
b1111 )
b1111 =
1+
14
b11110101 *
b11110101 >
b11110101 3
b11110101 9
01
#4985000
b11110110 B
b11110110 ,
b11110110 7
b11110110 G
b11110101 !
b11110101 <
b11110101 @
b11110110 6
11
#4990000
b0 )
b0 =
0+
b11110110 H
04
01
#4995000
11
#5000000
b1111 )
b1111 =
1+
14
b11110110 *
b11110110 >
b11110110 3
b11110110 9
01
#5005000
b11110111 B
b11110111 ,
b11110111 7
b11110111 G
b11110110 !
b11110110 <
b11110110 @
b11110111 6
11
#5010000
b0 )
b0 =
0+
b11110111 H
04
01
#5015000
11
#5020000
b1111 )
b1111 =
1+
14
b11110111 *
b11110111 >
b11110111 3
b11110111 9
01
#5025000
b11111000 B
b11111000 ,
b11111000 7
b11111000 G
b11110111 !
b11110111 <
b11110111 @
b11111000 6
11
#5030000
b0 )
b0 =
0+
b11111000 H
04
01
#5035000
11
#5040000
b1111 )
b1111 =
1+
14
b11111000 *
b11111000 >
b11111000 3
b11111000 9
01
#5045000
b11111001 B
b11111001 ,
b11111001 7
b11111001 G
b11111000 !
b11111000 <
b11111000 @
b11111001 6
11
#5050000
b0 )
b0 =
0+
b11111001 H
04
01
#5055000
11
#5060000
b1111 )
b1111 =
1+
14
b11111001 *
b11111001 >
b11111001 3
b11111001 9
01
#5065000
b11111010 B
b11111010 ,
b11111010 7
b11111010 G
b11111001 !
b11111001 <
b11111001 @
b11111010 6
11
#5070000
b0 )
b0 =
0+
b11111010 H
04
01
#5075000
11
#5080000
b1111 )
b1111 =
1+
14
b11111010 *
b11111010 >
b11111010 3
b11111010 9
01
#5085000
b11111011 B
b11111011 ,
b11111011 7
b11111011 G
b11111010 !
b11111010 <
b11111010 @
b11111011 6
11
#5090000
b0 )
b0 =
0+
b11111011 H
04
01
#5095000
11
#5100000
b1111 )
b1111 =
1+
14
b11111011 *
b11111011 >
b11111011 3
b11111011 9
01
#5105000
b11111100 B
b11111100 ,
b11111100 7
b11111100 G
b11111011 !
b11111011 <
b11111011 @
b11111100 6
11
#5110000
b0 )
b0 =
0+
b11111100 H
04
01
#5115000
11
#5120000
b1111 )
b1111 =
1+
14
b11111100 *
b11111100 >
b11111100 3
b11111100 9
01
#5125000
b11111101 B
b11111101 ,
b11111101 7
b11111101 G
b11111100 !
b11111100 <
b11111100 @
b11111101 6
11
#5130000
b0 )
b0 =
0+
b11111101 H
04
01
#5135000
11
#5140000
b1111 )
b1111 =
1+
14
b11111101 *
b11111101 >
b11111101 3
b11111101 9
01
#5145000
b11111110 B
b11111110 ,
b11111110 7
b11111110 G
b11111101 !
b11111101 <
b11111101 @
b11111110 6
11
#5150000
b0 )
b0 =
0+
b11111110 H
04
01
#5155000
11
#5160000
b1111 )
b1111 =
1+
14
b11111110 *
b11111110 >
b11111110 3
b11111110 9
01
#5165000
b11111111 B
b11111111 ,
b11111111 7
b11111111 G
b11111110 !
b11111110 <
b11111110 @
b11111111 6
11
#5170000
b0 )
b0 =
0+
b11111111 H
04
01
#5175000
11
#5180000
b1111 )
b1111 =
1+
14
b11111111 *
b11111111 >
b11111111 3
b11111111 9
01
#5185000
b100000000 B
b100000000 ,
b100000000 7
b100000000 G
b11111111 !
b11111111 <
b11111111 @
b100000000 6
11
#5190000
b0 )
b0 =
0+
b100000000 H
04
01
#5195000
11
#5200000
b1111 )
b1111 =
1+
14
b0 *
b0 >
b0 3
b0 9
01
#5205000
b100000001 B
b100000001 ,
b100000001 7
b100000001 G
b100000000 !
b100000000 <
b100000000 @
b100000001 6
11
#5210000
b0 )
b0 =
0+
b100000001 H
04
01
#5215000
11
#5220000
b1111 )
b1111 =
1+
14
b1 *
b1 >
b1 3
b1 9
01
#5225000
b100000010 B
b100000010 ,
b100000010 7
b100000010 G
b100000001 !
b100000001 <
b100000001 @
b100000010 6
11
#5230000
b0 )
b0 =
0+
b100000010 H
04
01
#5235000
11
#5240000
b1111 )
b1111 =
1+
14
b10 *
b10 >
b10 3
b10 9
01
#5245000
b100000011 B
b100000011 ,
b100000011 7
b100000011 G
b100000010 !
b100000010 <
b100000010 @
b100000011 6
11
#5250000
b0 )
b0 =
0+
b100000011 H
04
01
#5255000
11
#5260000
b1111 )
b1111 =
1+
14
b11 *
b11 >
b11 3
b11 9
01
#5265000
b100000100 B
b100000100 ,
b100000100 7
b100000100 G
b100000011 !
b100000011 <
b100000011 @
b100000100 6
11
#5270000
b0 )
b0 =
0+
b100000100 H
04
01
#5275000
11
#5280000
b1111 )
b1111 =
1+
14
b100 *
b100 >
b100 3
b100 9
01
#5285000
b100000101 B
b100000101 ,
b100000101 7
b100000101 G
b100000100 !
b100000100 <
b100000100 @
b100000101 6
11
#5290000
b0 )
b0 =
0+
b100000101 H
04
01
#5295000
11
#5300000
b1111 )
b1111 =
1+
14
b101 *
b101 >
b101 3
b101 9
01
#5305000
b100000110 B
b100000110 ,
b100000110 7
b100000110 G
b100000101 !
b100000101 <
b100000101 @
b100000110 6
11
#5310000
b0 )
b0 =
0+
b100000110 H
04
01
#5315000
11
#5320000
b1111 )
b1111 =
1+
14
b110 *
b110 >
b110 3
b110 9
01
#5325000
b100000111 B
b100000111 ,
b100000111 7
b100000111 G
b100000110 !
b100000110 <
b100000110 @
b100000111 6
11
#5330000
b0 )
b0 =
0+
b100000111 H
04
01
#5335000
11
#5340000
b1111 )
b1111 =
1+
14
b111 *
b111 >
b111 3
b111 9
01
#5345000
b100001000 B
b100001000 ,
b100001000 7
b100001000 G
b100000111 !
b100000111 <
b100000111 @
b100001000 6
11
#5350000
b0 )
b0 =
0+
b100001000 H
04
01
#5355000
11
#5360000
b1111 )
b1111 =
1+
14
b1000 *
b1000 >
b1000 3
b1000 9
01
#5365000
b100001001 B
b100001001 ,
b100001001 7
b100001001 G
b100001000 !
b100001000 <
b100001000 @
b100001001 6
11
#5370000
b0 )
b0 =
0+
b100001001 H
04
01
#5375000
11
#5380000
b1111 )
b1111 =
1+
14
b1001 *
b1001 >
b1001 3
b1001 9
01
#5385000
b100001010 B
b100001010 ,
b100001010 7
b100001010 G
b100001001 !
b100001001 <
b100001001 @
b100001010 6
11
#5390000
b0 )
b0 =
0+
b100001010 H
04
01
#5395000
11
#5400000
b1111 )
b1111 =
1+
14
b1010 *
b1010 >
b1010 3
b1010 9
01
#5405000
b100001011 B
b100001011 ,
b100001011 7
b100001011 G
b100001010 !
b100001010 <
b100001010 @
b100001011 6
11
#5410000
b0 )
b0 =
0+
b100001011 H
04
01
#5415000
11
#5420000
b1111 )
b1111 =
1+
14
b1011 *
b1011 >
b1011 3
b1011 9
01
#5425000
b100001100 B
b100001100 ,
b100001100 7
b100001100 G
b100001011 !
b100001011 <
b100001011 @
b100001100 6
11
#5430000
b0 )
b0 =
0+
b100001100 H
04
01
#5435000
11
#5440000
b1111 )
b1111 =
1+
14
b1100 *
b1100 >
b1100 3
b1100 9
01
#5445000
b100001101 B
b100001101 ,
b100001101 7
b100001101 G
b100001100 !
b100001100 <
b100001100 @
b100001101 6
11
#5450000
b0 )
b0 =
0+
b100001101 H
04
01
#5455000
11
#5460000
b1111 )
b1111 =
1+
14
b1101 *
b1101 >
b1101 3
b1101 9
01
#5465000
b100001110 B
b100001110 ,
b100001110 7
b100001110 G
b100001101 !
b100001101 <
b100001101 @
b100001110 6
11
#5470000
b0 )
b0 =
0+
b100001110 H
04
01
#5475000
11
#5480000
b1111 )
b1111 =
1+
14
b1110 *
b1110 >
b1110 3
b1110 9
01
#5485000
b100001111 B
b100001111 ,
b100001111 7
b100001111 G
b100001110 !
b100001110 <
b100001110 @
b100001111 6
11
#5490000
b0 )
b0 =
0+
b100001111 H
04
01
#5495000
11
#5500000
b1111 )
b1111 =
1+
14
b1111 *
b1111 >
b1111 3
b1111 9
01
#5505000
b100010000 B
b100010000 ,
b100010000 7
b100010000 G
b100001111 !
b100001111 <
b100001111 @
b100010000 6
11
#5510000
b0 )
b0 =
0+
b100010000 H
04
01
#5515000
11
#5520000
b1111 )
b1111 =
1+
14
b10000 *
b10000 >
b10000 3
b10000 9
01
#5525000
b100010001 B
b100010001 ,
b100010001 7
b100010001 G
b100010000 !
b100010000 <
b100010000 @
b100010001 6
11
#5530000
b0 )
b0 =
0+
b100010001 H
04
01
#5535000
11
#5540000
b1111 )
b1111 =
1+
14
b10001 *
b10001 >
b10001 3
b10001 9
01
#5545000
b100010010 B
b100010010 ,
b100010010 7
b100010010 G
b100010001 !
b100010001 <
b100010001 @
b100010010 6
11
#5550000
b0 )
b0 =
0+
b100010010 H
04
01
#5555000
11
#5560000
b1111 )
b1111 =
1+
14
b10010 *
b10010 >
b10010 3
b10010 9
01
#5565000
b100010011 B
b100010011 ,
b100010011 7
b100010011 G
b100010010 !
b100010010 <
b100010010 @
b100010011 6
11
#5570000
b0 )
b0 =
0+
b100010011 H
04
01
#5575000
11
#5580000
b1111 )
b1111 =
1+
14
b10011 *
b10011 >
b10011 3
b10011 9
01
#5585000
b100010100 B
b100010100 ,
b100010100 7
b100010100 G
b100010011 !
b100010011 <
b100010011 @
b100010100 6
11
#5590000
b0 )
b0 =
0+
b100010100 H
04
01
#5595000
11
#5600000
b1111 )
b1111 =
1+
14
b10100 *
b10100 >
b10100 3
b10100 9
01
#5605000
b100010101 B
b100010101 ,
b100010101 7
b100010101 G
b100010100 !
b100010100 <
b100010100 @
b100010101 6
11
#5610000
b0 )
b0 =
0+
b100010101 H
04
01
#5615000
11
#5620000
b1111 )
b1111 =
1+
14
b10101 *
b10101 >
b10101 3
b10101 9
01
#5625000
b100010110 B
b100010110 ,
b100010110 7
b100010110 G
b100010101 !
b100010101 <
b100010101 @
b100010110 6
11
#5630000
b0 )
b0 =
0+
b100010110 H
04
01
#5635000
11
#5640000
b1111 )
b1111 =
1+
14
b10110 *
b10110 >
b10110 3
b10110 9
01
#5645000
b100010111 B
b100010111 ,
b100010111 7
b100010111 G
b100010110 !
b100010110 <
b100010110 @
b100010111 6
11
#5650000
b0 )
b0 =
0+
b100010111 H
04
01
#5655000
11
#5660000
b1111 )
b1111 =
1+
14
b10111 *
b10111 >
b10111 3
b10111 9
01
#5665000
b100011000 B
b100011000 ,
b100011000 7
b100011000 G
b100010111 !
b100010111 <
b100010111 @
b100011000 6
11
#5670000
b0 )
b0 =
0+
b100011000 H
04
01
#5675000
11
#5680000
b1111 )
b1111 =
1+
14
b11000 *
b11000 >
b11000 3
b11000 9
01
#5685000
b100011001 B
b100011001 ,
b100011001 7
b100011001 G
b100011000 !
b100011000 <
b100011000 @
b100011001 6
11
#5690000
b0 )
b0 =
0+
b100011001 H
04
01
#5695000
11
#5700000
b1111 )
b1111 =
1+
14
b11001 *
b11001 >
b11001 3
b11001 9
01
#5705000
b100011010 B
b100011010 ,
b100011010 7
b100011010 G
b100011001 !
b100011001 <
b100011001 @
b100011010 6
11
#5710000
b0 )
b0 =
0+
b100011010 H
04
01
#5715000
11
#5720000
b1111 )
b1111 =
1+
14
b11010 *
b11010 >
b11010 3
b11010 9
01
#5725000
b100011011 B
b100011011 ,
b100011011 7
b100011011 G
b100011010 !
b100011010 <
b100011010 @
b100011011 6
11
#5730000
b0 )
b0 =
0+
b100011011 H
04
01
#5735000
11
#5740000
b1111 )
b1111 =
1+
14
b11011 *
b11011 >
b11011 3
b11011 9
01
#5745000
b100011100 B
b100011100 ,
b100011100 7
b100011100 G
b100011011 !
b100011011 <
b100011011 @
b100011100 6
11
#5750000
b0 )
b0 =
0+
b100011100 H
04
01
#5755000
11
#5760000
b1111 )
b1111 =
1+
14
b11100 *
b11100 >
b11100 3
b11100 9
01
#5765000
b100011101 B
b100011101 ,
b100011101 7
b100011101 G
b100011100 !
b100011100 <
b100011100 @
b100011101 6
11
#5770000
b0 )
b0 =
0+
b100011101 H
04
01
#5775000
11
#5780000
b1111 )
b1111 =
1+
14
b11101 *
b11101 >
b11101 3
b11101 9
01
#5785000
b100011110 B
b100011110 ,
b100011110 7
b100011110 G
b100011101 !
b100011101 <
b100011101 @
b100011110 6
11
#5790000
b0 )
b0 =
0+
b100011110 H
04
01
#5795000
11
#5800000
b1111 )
b1111 =
1+
14
b11110 *
b11110 >
b11110 3
b11110 9
01
#5805000
b100011111 B
b100011111 ,
b100011111 7
b100011111 G
b100011110 !
b100011110 <
b100011110 @
b100011111 6
11
#5810000
b0 )
b0 =
0+
b100011111 H
04
01
#5815000
11
#5820000
b1111 )
b1111 =
1+
14
b11111 *
b11111 >
b11111 3
b11111 9
01
#5825000
b100100000 B
b100100000 ,
b100100000 7
b100100000 G
b100011111 !
b100011111 <
b100011111 @
b100100000 6
11
#5830000
b0 )
b0 =
0+
b100100000 H
04
01
#5835000
11
#5840000
b1111 )
b1111 =
1+
14
b100000 *
b100000 >
b100000 3
b100000 9
01
#5845000
b100100001 B
b100100001 ,
b100100001 7
b100100001 G
b100100000 !
b100100000 <
b100100000 @
b100100001 6
11
#5850000
b0 )
b0 =
0+
b100100001 H
04
01
#5855000
11
#5860000
b1111 )
b1111 =
1+
14
b100001 *
b100001 >
b100001 3
b100001 9
01
#5865000
b100100010 B
b100100010 ,
b100100010 7
b100100010 G
b100100001 !
b100100001 <
b100100001 @
b100100010 6
11
#5870000
b0 )
b0 =
0+
b100100010 H
04
01
#5875000
11
#5880000
b1111 )
b1111 =
1+
14
b100010 *
b100010 >
b100010 3
b100010 9
01
#5885000
b100100011 B
b100100011 ,
b100100011 7
b100100011 G
b100100010 !
b100100010 <
b100100010 @
b100100011 6
11
#5890000
b0 )
b0 =
0+
b100100011 H
04
01
#5895000
11
#5900000
b1111 )
b1111 =
1+
14
b100011 *
b100011 >
b100011 3
b100011 9
01
#5905000
b100100100 B
b100100100 ,
b100100100 7
b100100100 G
b100100011 !
b100100011 <
b100100011 @
b100100100 6
11
#5910000
b0 )
b0 =
0+
b100100100 H
04
01
#5915000
11
#5920000
b1111 )
b1111 =
1+
14
b100100 *
b100100 >
b100100 3
b100100 9
01
#5925000
b100100101 B
b100100101 ,
b100100101 7
b100100101 G
b100100100 !
b100100100 <
b100100100 @
b100100101 6
11
#5930000
b0 )
b0 =
0+
b100100101 H
04
01
#5935000
11
#5940000
b1111 )
b1111 =
1+
14
b100101 *
b100101 >
b100101 3
b100101 9
01
#5945000
b100100110 B
b100100110 ,
b100100110 7
b100100110 G
b100100101 !
b100100101 <
b100100101 @
b100100110 6
11
#5950000
b0 )
b0 =
0+
b100100110 H
04
01
#5955000
11
#5960000
b1111 )
b1111 =
1+
14
b100110 *
b100110 >
b100110 3
b100110 9
01
#5965000
b100100111 B
b100100111 ,
b100100111 7
b100100111 G
b100100110 !
b100100110 <
b100100110 @
b100100111 6
11
#5970000
b0 )
b0 =
0+
b100100111 H
04
01
#5975000
11
#5980000
b1111 )
b1111 =
1+
14
b100111 *
b100111 >
b100111 3
b100111 9
01
#5985000
b100101000 B
b100101000 ,
b100101000 7
b100101000 G
b100100111 !
b100100111 <
b100100111 @
b100101000 6
11
#5990000
b0 )
b0 =
0+
b100101000 H
04
01
#5995000
11
#6000000
b1111 )
b1111 =
1+
14
b101000 *
b101000 >
b101000 3
b101000 9
01
#6005000
b100101001 B
b100101001 ,
b100101001 7
b100101001 G
b100101000 !
b100101000 <
b100101000 @
b100101001 6
11
#6010000
b0 )
b0 =
0+
b100101001 H
04
01
#6015000
11
#6020000
b1111 )
b1111 =
1+
14
b101001 *
b101001 >
b101001 3
b101001 9
01
#6025000
b100101010 B
b100101010 ,
b100101010 7
b100101010 G
b100101001 !
b100101001 <
b100101001 @
b100101010 6
11
#6030000
b0 )
b0 =
0+
b100101010 H
04
01
#6035000
11
#6040000
b1111 )
b1111 =
1+
14
b101010 *
b101010 >
b101010 3
b101010 9
01
#6045000
b100101011 B
b100101011 ,
b100101011 7
b100101011 G
b100101010 !
b100101010 <
b100101010 @
b100101011 6
11
#6050000
b0 )
b0 =
0+
b100101011 H
04
01
#6055000
11
#6060000
b1111 )
b1111 =
1+
14
b101011 *
b101011 >
b101011 3
b101011 9
01
#6065000
b100101100 B
b100101100 ,
b100101100 7
b100101100 G
b100101011 !
b100101011 <
b100101011 @
b100101100 6
11
#6070000
b0 )
b0 =
0+
b100101100 H
04
01
#6075000
11
#6080000
b1111 )
b1111 =
1+
14
b101100 *
b101100 >
b101100 3
b101100 9
01
#6085000
b100101101 B
b100101101 ,
b100101101 7
b100101101 G
b100101100 !
b100101100 <
b100101100 @
b100101101 6
11
#6090000
b0 )
b0 =
0+
b100101101 H
04
01
#6095000
11
#6100000
b1111 )
b1111 =
1+
14
b101101 *
b101101 >
b101101 3
b101101 9
01
#6105000
b100101110 B
b100101110 ,
b100101110 7
b100101110 G
b100101101 !
b100101101 <
b100101101 @
b100101110 6
11
#6110000
b0 )
b0 =
0+
b100101110 H
04
01
#6115000
11
#6120000
b1111 )
b1111 =
1+
14
b101110 *
b101110 >
b101110 3
b101110 9
01
#6125000
b100101111 B
b100101111 ,
b100101111 7
b100101111 G
b100101110 !
b100101110 <
b100101110 @
b100101111 6
11
#6130000
b0 )
b0 =
0+
b100101111 H
04
01
#6135000
11
#6140000
b1111 )
b1111 =
1+
14
b101111 *
b101111 >
b101111 3
b101111 9
01
#6145000
b100110000 B
b100110000 ,
b100110000 7
b100110000 G
b100101111 !
b100101111 <
b100101111 @
b100110000 6
11
#6150000
b0 )
b0 =
0+
b100110000 H
04
01
#6155000
11
#6160000
b1111 )
b1111 =
1+
14
b110000 *
b110000 >
b110000 3
b110000 9
01
#6165000
b100110001 B
b100110001 ,
b100110001 7
b100110001 G
b100110000 !
b100110000 <
b100110000 @
b100110001 6
11
#6170000
b0 )
b0 =
0+
b100110001 H
04
01
#6175000
11
#6180000
b1111 )
b1111 =
1+
14
b110001 *
b110001 >
b110001 3
b110001 9
01
#6185000
b100110010 B
b100110010 ,
b100110010 7
b100110010 G
b100110001 !
b100110001 <
b100110001 @
b100110010 6
11
#6190000
b0 )
b0 =
0+
b100110010 H
04
01
#6195000
11
#6200000
b1111 )
b1111 =
1+
14
b110010 *
b110010 >
b110010 3
b110010 9
01
#6205000
b100110011 B
b100110011 ,
b100110011 7
b100110011 G
b100110010 !
b100110010 <
b100110010 @
b100110011 6
11
#6210000
b0 )
b0 =
0+
b100110011 H
04
01
#6215000
11
#6220000
b1111 )
b1111 =
1+
14
b110011 *
b110011 >
b110011 3
b110011 9
01
#6225000
b100110100 B
b100110100 ,
b100110100 7
b100110100 G
b100110011 !
b100110011 <
b100110011 @
b100110100 6
11
#6230000
b0 )
b0 =
0+
b100110100 H
04
01
#6235000
11
#6240000
b1111 )
b1111 =
1+
14
b110100 *
b110100 >
b110100 3
b110100 9
01
#6245000
b100110101 B
b100110101 ,
b100110101 7
b100110101 G
b100110100 !
b100110100 <
b100110100 @
b100110101 6
11
#6250000
b0 )
b0 =
0+
b100110101 H
04
01
#6255000
11
#6260000
b1111 )
b1111 =
1+
14
b110101 *
b110101 >
b110101 3
b110101 9
01
#6265000
b100110110 B
b100110110 ,
b100110110 7
b100110110 G
b100110101 !
b100110101 <
b100110101 @
b100110110 6
11
#6270000
b0 )
b0 =
0+
b100110110 H
04
01
#6275000
11
#6280000
b1111 )
b1111 =
1+
14
b110110 *
b110110 >
b110110 3
b110110 9
01
#6285000
b100110111 B
b100110111 ,
b100110111 7
b100110111 G
b100110110 !
b100110110 <
b100110110 @
b100110111 6
11
#6290000
b0 )
b0 =
0+
b100110111 H
04
01
#6295000
11
#6300000
b1111 )
b1111 =
1+
14
b110111 *
b110111 >
b110111 3
b110111 9
01
#6305000
b100111000 B
b100111000 ,
b100111000 7
b100111000 G
b100110111 !
b100110111 <
b100110111 @
b100111000 6
11
#6310000
b0 )
b0 =
0+
b100111000 H
04
01
#6315000
11
#6320000
b1111 )
b1111 =
1+
14
b111000 *
b111000 >
b111000 3
b111000 9
01
#6325000
b100111001 B
b100111001 ,
b100111001 7
b100111001 G
b100111000 !
b100111000 <
b100111000 @
b100111001 6
11
#6330000
b0 )
b0 =
0+
b100111001 H
04
01
#6335000
11
#6340000
b1111 )
b1111 =
1+
14
b111001 *
b111001 >
b111001 3
b111001 9
01
#6345000
b100111010 B
b100111010 ,
b100111010 7
b100111010 G
b100111001 !
b100111001 <
b100111001 @
b100111010 6
11
#6350000
b0 )
b0 =
0+
b100111010 H
04
01
#6355000
11
#6360000
b1111 )
b1111 =
1+
14
b111010 *
b111010 >
b111010 3
b111010 9
01
#6365000
b100111011 B
b100111011 ,
b100111011 7
b100111011 G
b100111010 !
b100111010 <
b100111010 @
b100111011 6
11
#6370000
b0 )
b0 =
0+
b100111011 H
04
01
#6375000
11
#6380000
b1111 )
b1111 =
1+
14
b111011 *
b111011 >
b111011 3
b111011 9
01
#6385000
b100111100 B
b100111100 ,
b100111100 7
b100111100 G
b100111011 !
b100111011 <
b100111011 @
b100111100 6
11
#6390000
b0 )
b0 =
0+
b100111100 H
04
01
#6395000
11
#6400000
b1111 )
b1111 =
1+
14
b111100 *
b111100 >
b111100 3
b111100 9
01
#6405000
b100111101 B
b100111101 ,
b100111101 7
b100111101 G
b100111100 !
b100111100 <
b100111100 @
b100111101 6
11
#6410000
b0 )
b0 =
0+
b100111101 H
04
01
#6415000
11
#6420000
b1111 )
b1111 =
1+
14
b111101 *
b111101 >
b111101 3
b111101 9
01
#6425000
b100111110 B
b100111110 ,
b100111110 7
b100111110 G
b100111101 !
b100111101 <
b100111101 @
b100111110 6
11
#6430000
b0 )
b0 =
0+
b100111110 H
04
01
#6435000
11
#6440000
b1111 )
b1111 =
1+
14
b111110 *
b111110 >
b111110 3
b111110 9
01
#6445000
b100111111 B
b100111111 ,
b100111111 7
b100111111 G
b100111110 !
b100111110 <
b100111110 @
b100111111 6
11
#6450000
b0 )
b0 =
0+
b100111111 H
04
01
#6455000
11
#6460000
b1111 )
b1111 =
1+
14
b111111 *
b111111 >
b111111 3
b111111 9
01
#6465000
b101000000 B
b101000000 ,
b101000000 7
b101000000 G
b100111111 !
b100111111 <
b100111111 @
b101000000 6
11
#6470000
b0 )
b0 =
0+
b101000000 H
04
01
#6475000
11
#6480000
b1111 )
b1111 =
1+
14
b1000000 *
b1000000 >
b1000000 3
b1000000 9
01
#6485000
b101000001 B
b101000001 ,
b101000001 7
b101000001 G
b101000000 !
b101000000 <
b101000000 @
b101000001 6
11
#6490000
b0 )
b0 =
0+
b101000001 H
04
01
#6495000
11
#6500000
b1111 )
b1111 =
1+
14
b1000001 *
b1000001 >
b1000001 3
b1000001 9
01
#6505000
b101000010 B
b101000010 ,
b101000010 7
b101000010 G
b101000001 !
b101000001 <
b101000001 @
b101000010 6
11
#6510000
b0 )
b0 =
0+
b101000010 H
04
01
#6515000
11
#6520000
b1111 )
b1111 =
1+
14
b1000010 *
b1000010 >
b1000010 3
b1000010 9
01
#6525000
b101000011 B
b101000011 ,
b101000011 7
b101000011 G
b101000010 !
b101000010 <
b101000010 @
b101000011 6
11
#6530000
b0 )
b0 =
0+
b101000011 H
04
01
#6535000
11
#6540000
b1111 )
b1111 =
1+
14
b1000011 *
b1000011 >
b1000011 3
b1000011 9
01
#6545000
b101000100 B
b101000100 ,
b101000100 7
b101000100 G
b101000011 !
b101000011 <
b101000011 @
b101000100 6
11
#6550000
b0 )
b0 =
0+
b101000100 H
04
01
#6555000
11
#6560000
b1111 )
b1111 =
1+
14
b1000100 *
b1000100 >
b1000100 3
b1000100 9
01
#6565000
b101000101 B
b101000101 ,
b101000101 7
b101000101 G
b101000100 !
b101000100 <
b101000100 @
b101000101 6
11
#6570000
b0 )
b0 =
0+
b101000101 H
04
01
#6575000
11
#6580000
b1111 )
b1111 =
1+
14
b1000101 *
b1000101 >
b1000101 3
b1000101 9
01
#6585000
b101000110 B
b101000110 ,
b101000110 7
b101000110 G
b101000101 !
b101000101 <
b101000101 @
b101000110 6
11
#6590000
b0 )
b0 =
0+
b101000110 H
04
01
#6595000
11
#6600000
b1111 )
b1111 =
1+
14
b1000110 *
b1000110 >
b1000110 3
b1000110 9
01
#6605000
b101000111 B
b101000111 ,
b101000111 7
b101000111 G
b101000110 !
b101000110 <
b101000110 @
b101000111 6
11
#6610000
b0 )
b0 =
0+
b101000111 H
04
01
#6615000
11
#6620000
b1111 )
b1111 =
1+
14
b1000111 *
b1000111 >
b1000111 3
b1000111 9
01
#6625000
b101001000 B
b101001000 ,
b101001000 7
b101001000 G
b101000111 !
b101000111 <
b101000111 @
b101001000 6
11
#6630000
b0 )
b0 =
0+
b101001000 H
04
01
#6635000
11
#6640000
b1111 )
b1111 =
1+
14
b1001000 *
b1001000 >
b1001000 3
b1001000 9
01
#6645000
b101001001 B
b101001001 ,
b101001001 7
b101001001 G
b101001000 !
b101001000 <
b101001000 @
b101001001 6
11
#6650000
b0 )
b0 =
0+
b101001001 H
04
01
#6655000
11
#6660000
b1111 )
b1111 =
1+
14
b1001001 *
b1001001 >
b1001001 3
b1001001 9
01
#6665000
b101001010 B
b101001010 ,
b101001010 7
b101001010 G
b101001001 !
b101001001 <
b101001001 @
b101001010 6
11
#6670000
b0 )
b0 =
0+
b101001010 H
04
01
#6675000
11
#6680000
b1111 )
b1111 =
1+
14
b1001010 *
b1001010 >
b1001010 3
b1001010 9
01
#6685000
b101001011 B
b101001011 ,
b101001011 7
b101001011 G
b101001010 !
b101001010 <
b101001010 @
b101001011 6
11
#6690000
b0 )
b0 =
0+
b101001011 H
04
01
#6695000
11
#6700000
b1111 )
b1111 =
1+
14
b1001011 *
b1001011 >
b1001011 3
b1001011 9
01
#6705000
b101001100 B
b101001100 ,
b101001100 7
b101001100 G
b101001011 !
b101001011 <
b101001011 @
b101001100 6
11
#6710000
b0 )
b0 =
0+
b101001100 H
04
01
#6715000
11
#6720000
b1111 )
b1111 =
1+
14
b1001100 *
b1001100 >
b1001100 3
b1001100 9
01
#6725000
b101001101 B
b101001101 ,
b101001101 7
b101001101 G
b101001100 !
b101001100 <
b101001100 @
b101001101 6
11
#6730000
b0 )
b0 =
0+
b101001101 H
04
01
#6735000
11
#6740000
b1111 )
b1111 =
1+
14
b1001101 *
b1001101 >
b1001101 3
b1001101 9
01
#6745000
b101001110 B
b101001110 ,
b101001110 7
b101001110 G
b101001101 !
b101001101 <
b101001101 @
b101001110 6
11
#6750000
b0 )
b0 =
0+
b101001110 H
04
01
#6755000
11
#6760000
b1111 )
b1111 =
1+
14
b1001110 *
b1001110 >
b1001110 3
b1001110 9
01
#6765000
b101001111 B
b101001111 ,
b101001111 7
b101001111 G
b101001110 !
b101001110 <
b101001110 @
b101001111 6
11
#6770000
b0 )
b0 =
0+
b101001111 H
04
01
#6775000
11
#6780000
b1111 )
b1111 =
1+
14
b1001111 *
b1001111 >
b1001111 3
b1001111 9
01
#6785000
b101010000 B
b101010000 ,
b101010000 7
b101010000 G
b101001111 !
b101001111 <
b101001111 @
b101010000 6
11
#6790000
b0 )
b0 =
0+
b101010000 H
04
01
#6795000
11
#6800000
b1111 )
b1111 =
1+
14
b1010000 *
b1010000 >
b1010000 3
b1010000 9
01
#6805000
b101010001 B
b101010001 ,
b101010001 7
b101010001 G
b101010000 !
b101010000 <
b101010000 @
b101010001 6
11
#6810000
b0 )
b0 =
0+
b101010001 H
04
01
#6815000
11
#6820000
b1111 )
b1111 =
1+
14
b1010001 *
b1010001 >
b1010001 3
b1010001 9
01
#6825000
b101010010 B
b101010010 ,
b101010010 7
b101010010 G
b101010001 !
b101010001 <
b101010001 @
b101010010 6
11
#6830000
b0 )
b0 =
0+
b101010010 H
04
01
#6835000
11
#6840000
b1111 )
b1111 =
1+
14
b1010010 *
b1010010 >
b1010010 3
b1010010 9
01
#6845000
b101010011 B
b101010011 ,
b101010011 7
b101010011 G
b101010010 !
b101010010 <
b101010010 @
b101010011 6
11
#6850000
b0 )
b0 =
0+
b101010011 H
04
01
#6855000
11
#6860000
b1111 )
b1111 =
1+
14
b1010011 *
b1010011 >
b1010011 3
b1010011 9
01
#6865000
b101010100 B
b101010100 ,
b101010100 7
b101010100 G
b101010011 !
b101010011 <
b101010011 @
b101010100 6
11
#6870000
b0 )
b0 =
0+
b101010100 H
04
01
#6875000
11
#6880000
b1111 )
b1111 =
1+
14
b1010100 *
b1010100 >
b1010100 3
b1010100 9
01
#6885000
b101010101 B
b101010101 ,
b101010101 7
b101010101 G
b101010100 !
b101010100 <
b101010100 @
b101010101 6
11
#6890000
b0 )
b0 =
0+
b101010101 H
04
01
#6895000
11
#6900000
b1111 )
b1111 =
1+
14
b1010101 *
b1010101 >
b1010101 3
b1010101 9
01
#6905000
b101010110 B
b101010110 ,
b101010110 7
b101010110 G
b101010101 !
b101010101 <
b101010101 @
b101010110 6
11
#6910000
b0 )
b0 =
0+
b101010110 H
04
01
#6915000
11
#6920000
b1111 )
b1111 =
1+
14
b1010110 *
b1010110 >
b1010110 3
b1010110 9
01
#6925000
b101010111 B
b101010111 ,
b101010111 7
b101010111 G
b101010110 !
b101010110 <
b101010110 @
b101010111 6
11
#6930000
b0 )
b0 =
0+
b101010111 H
04
01
#6935000
11
#6940000
b1111 )
b1111 =
1+
14
b1010111 *
b1010111 >
b1010111 3
b1010111 9
01
#6945000
b101011000 B
b101011000 ,
b101011000 7
b101011000 G
b101010111 !
b101010111 <
b101010111 @
b101011000 6
11
#6950000
b0 )
b0 =
0+
b101011000 H
04
01
#6955000
11
#6960000
b1111 )
b1111 =
1+
14
b1011000 *
b1011000 >
b1011000 3
b1011000 9
01
#6965000
b101011001 B
b101011001 ,
b101011001 7
b101011001 G
b101011000 !
b101011000 <
b101011000 @
b101011001 6
11
#6970000
b0 )
b0 =
0+
b101011001 H
04
01
#6975000
11
#6980000
b1111 )
b1111 =
1+
14
b1011001 *
b1011001 >
b1011001 3
b1011001 9
01
#6985000
b101011010 B
b101011010 ,
b101011010 7
b101011010 G
b101011001 !
b101011001 <
b101011001 @
b101011010 6
11
#6990000
b0 )
b0 =
0+
b101011010 H
04
01
#6995000
11
#7000000
b1111 )
b1111 =
1+
14
b1011010 *
b1011010 >
b1011010 3
b1011010 9
01
#7005000
b101011011 B
b101011011 ,
b101011011 7
b101011011 G
b101011010 !
b101011010 <
b101011010 @
b101011011 6
11
#7010000
b0 )
b0 =
0+
b101011011 H
04
01
#7015000
11
#7020000
b1111 )
b1111 =
1+
14
b1011011 *
b1011011 >
b1011011 3
b1011011 9
01
#7025000
b101011100 B
b101011100 ,
b101011100 7
b101011100 G
b101011011 !
b101011011 <
b101011011 @
b101011100 6
11
#7030000
b0 )
b0 =
0+
b101011100 H
04
01
#7035000
11
#7040000
b1111 )
b1111 =
1+
14
b1011100 *
b1011100 >
b1011100 3
b1011100 9
01
#7045000
b101011101 B
b101011101 ,
b101011101 7
b101011101 G
b101011100 !
b101011100 <
b101011100 @
b101011101 6
11
#7050000
b0 )
b0 =
0+
b101011101 H
04
01
#7055000
11
#7060000
b1111 )
b1111 =
1+
14
b1011101 *
b1011101 >
b1011101 3
b1011101 9
01
#7065000
b101011110 B
b101011110 ,
b101011110 7
b101011110 G
b101011101 !
b101011101 <
b101011101 @
b101011110 6
11
#7070000
b0 )
b0 =
0+
b101011110 H
04
01
#7075000
11
#7080000
b1111 )
b1111 =
1+
14
b1011110 *
b1011110 >
b1011110 3
b1011110 9
01
#7085000
b101011111 B
b101011111 ,
b101011111 7
b101011111 G
b101011110 !
b101011110 <
b101011110 @
b101011111 6
11
#7090000
b0 )
b0 =
0+
b101011111 H
04
01
#7095000
11
#7100000
b1111 )
b1111 =
1+
14
b1011111 *
b1011111 >
b1011111 3
b1011111 9
01
#7105000
b101100000 B
b101100000 ,
b101100000 7
b101100000 G
b101011111 !
b101011111 <
b101011111 @
b101100000 6
11
#7110000
b0 )
b0 =
0+
b101100000 H
04
01
#7115000
11
#7120000
b1111 )
b1111 =
1+
14
b1100000 *
b1100000 >
b1100000 3
b1100000 9
01
#7125000
b101100001 B
b101100001 ,
b101100001 7
b101100001 G
b101100000 !
b101100000 <
b101100000 @
b101100001 6
11
#7130000
b0 )
b0 =
0+
b101100001 H
04
01
#7135000
11
#7140000
b1111 )
b1111 =
1+
14
b1100001 *
b1100001 >
b1100001 3
b1100001 9
01
#7145000
b101100010 B
b101100010 ,
b101100010 7
b101100010 G
b101100001 !
b101100001 <
b101100001 @
b101100010 6
11
#7150000
b0 )
b0 =
0+
b101100010 H
04
01
#7155000
11
#7160000
b1111 )
b1111 =
1+
14
b1100010 *
b1100010 >
b1100010 3
b1100010 9
01
#7165000
b101100011 B
b101100011 ,
b101100011 7
b101100011 G
b101100010 !
b101100010 <
b101100010 @
b101100011 6
11
#7170000
b0 )
b0 =
0+
b101100011 H
04
01
#7175000
11
#7180000
b1111 )
b1111 =
1+
14
b1100011 *
b1100011 >
b1100011 3
b1100011 9
01
#7185000
b101100100 B
b101100100 ,
b101100100 7
b101100100 G
b101100011 !
b101100011 <
b101100011 @
b101100100 6
11
#7190000
b0 )
b0 =
0+
b101100100 H
04
01
#7195000
11
#7200000
b1111 )
b1111 =
1+
14
b1100100 *
b1100100 >
b1100100 3
b1100100 9
01
#7205000
b101100101 B
b101100101 ,
b101100101 7
b101100101 G
b101100100 !
b101100100 <
b101100100 @
b101100101 6
11
#7210000
b0 )
b0 =
0+
b101100101 H
04
01
#7215000
11
#7220000
b1111 )
b1111 =
1+
14
b1100101 *
b1100101 >
b1100101 3
b1100101 9
01
#7225000
b101100110 B
b101100110 ,
b101100110 7
b101100110 G
b101100101 !
b101100101 <
b101100101 @
b101100110 6
11
#7230000
b0 )
b0 =
0+
b101100110 H
04
01
#7235000
11
#7240000
b1111 )
b1111 =
1+
14
b1100110 *
b1100110 >
b1100110 3
b1100110 9
01
#7245000
b101100111 B
b101100111 ,
b101100111 7
b101100111 G
b101100110 !
b101100110 <
b101100110 @
b101100111 6
11
#7250000
b0 )
b0 =
0+
b101100111 H
04
01
#7255000
11
#7260000
b1111 )
b1111 =
1+
14
b1100111 *
b1100111 >
b1100111 3
b1100111 9
01
#7265000
b101101000 B
b101101000 ,
b101101000 7
b101101000 G
b101100111 !
b101100111 <
b101100111 @
b101101000 6
11
#7270000
b0 )
b0 =
0+
b101101000 H
04
01
#7275000
11
#7280000
b1111 )
b1111 =
1+
14
b1101000 *
b1101000 >
b1101000 3
b1101000 9
01
#7285000
b101101001 B
b101101001 ,
b101101001 7
b101101001 G
b101101000 !
b101101000 <
b101101000 @
b101101001 6
11
#7290000
b0 )
b0 =
0+
b101101001 H
04
01
#7295000
11
#7300000
b1111 )
b1111 =
1+
14
b1101001 *
b1101001 >
b1101001 3
b1101001 9
01
#7305000
b101101010 B
b101101010 ,
b101101010 7
b101101010 G
b101101001 !
b101101001 <
b101101001 @
b101101010 6
11
#7310000
b0 )
b0 =
0+
b101101010 H
04
01
#7315000
11
#7320000
b1111 )
b1111 =
1+
14
b1101010 *
b1101010 >
b1101010 3
b1101010 9
01
#7325000
b101101011 B
b101101011 ,
b101101011 7
b101101011 G
b101101010 !
b101101010 <
b101101010 @
b101101011 6
11
#7330000
b0 )
b0 =
0+
b101101011 H
04
01
#7335000
11
#7340000
b1111 )
b1111 =
1+
14
b1101011 *
b1101011 >
b1101011 3
b1101011 9
01
#7345000
b101101100 B
b101101100 ,
b101101100 7
b101101100 G
b101101011 !
b101101011 <
b101101011 @
b101101100 6
11
#7350000
b0 )
b0 =
0+
b101101100 H
04
01
#7355000
11
#7360000
b1111 )
b1111 =
1+
14
b1101100 *
b1101100 >
b1101100 3
b1101100 9
01
#7365000
b101101101 B
b101101101 ,
b101101101 7
b101101101 G
b101101100 !
b101101100 <
b101101100 @
b101101101 6
11
#7370000
b0 )
b0 =
0+
b101101101 H
04
01
#7375000
11
#7380000
b1111 )
b1111 =
1+
14
b1101101 *
b1101101 >
b1101101 3
b1101101 9
01
#7385000
b101101110 B
b101101110 ,
b101101110 7
b101101110 G
b101101101 !
b101101101 <
b101101101 @
b101101110 6
11
#7390000
b0 )
b0 =
0+
b101101110 H
04
01
#7395000
11
#7400000
b1111 )
b1111 =
1+
14
b1101110 *
b1101110 >
b1101110 3
b1101110 9
01
#7405000
b101101111 B
b101101111 ,
b101101111 7
b101101111 G
b101101110 !
b101101110 <
b101101110 @
b101101111 6
11
#7410000
b0 )
b0 =
0+
b101101111 H
04
01
#7415000
11
#7420000
b1111 )
b1111 =
1+
14
b1101111 *
b1101111 >
b1101111 3
b1101111 9
01
#7425000
b101110000 B
b101110000 ,
b101110000 7
b101110000 G
b101101111 !
b101101111 <
b101101111 @
b101110000 6
11
#7430000
b0 )
b0 =
0+
b101110000 H
04
01
#7435000
11
#7440000
b1111 )
b1111 =
1+
14
b1110000 *
b1110000 >
b1110000 3
b1110000 9
01
#7445000
b101110001 B
b101110001 ,
b101110001 7
b101110001 G
b101110000 !
b101110000 <
b101110000 @
b101110001 6
11
#7450000
b0 )
b0 =
0+
b101110001 H
04
01
#7455000
11
#7460000
b1111 )
b1111 =
1+
14
b1110001 *
b1110001 >
b1110001 3
b1110001 9
01
#7465000
b101110010 B
b101110010 ,
b101110010 7
b101110010 G
b101110001 !
b101110001 <
b101110001 @
b101110010 6
11
#7470000
b0 )
b0 =
0+
b101110010 H
04
01
#7475000
11
#7480000
b1111 )
b1111 =
1+
14
b1110010 *
b1110010 >
b1110010 3
b1110010 9
01
#7485000
b101110011 B
b101110011 ,
b101110011 7
b101110011 G
b101110010 !
b101110010 <
b101110010 @
b101110011 6
11
#7490000
b0 )
b0 =
0+
b101110011 H
04
01
#7495000
11
#7500000
b1111 )
b1111 =
1+
14
b1110011 *
b1110011 >
b1110011 3
b1110011 9
01
#7505000
b101110100 B
b101110100 ,
b101110100 7
b101110100 G
b101110011 !
b101110011 <
b101110011 @
b101110100 6
11
#7510000
b0 )
b0 =
0+
b101110100 H
04
01
#7515000
11
#7520000
b1111 )
b1111 =
1+
14
b1110100 *
b1110100 >
b1110100 3
b1110100 9
01
#7525000
b101110101 B
b101110101 ,
b101110101 7
b101110101 G
b101110100 !
b101110100 <
b101110100 @
b101110101 6
11
#7530000
b0 )
b0 =
0+
b101110101 H
04
01
#7535000
11
#7540000
b1111 )
b1111 =
1+
14
b1110101 *
b1110101 >
b1110101 3
b1110101 9
01
#7545000
b101110110 B
b101110110 ,
b101110110 7
b101110110 G
b101110101 !
b101110101 <
b101110101 @
b101110110 6
11
#7550000
b0 )
b0 =
0+
b101110110 H
04
01
#7555000
11
#7560000
b1111 )
b1111 =
1+
14
b1110110 *
b1110110 >
b1110110 3
b1110110 9
01
#7565000
b101110111 B
b101110111 ,
b101110111 7
b101110111 G
b101110110 !
b101110110 <
b101110110 @
b101110111 6
11
#7570000
b0 )
b0 =
0+
b101110111 H
04
01
#7575000
11
#7580000
b1111 )
b1111 =
1+
14
b1110111 *
b1110111 >
b1110111 3
b1110111 9
01
#7585000
b101111000 B
b101111000 ,
b101111000 7
b101111000 G
b101110111 !
b101110111 <
b101110111 @
b101111000 6
11
#7590000
b0 )
b0 =
0+
b101111000 H
04
01
#7595000
11
#7600000
b1111 )
b1111 =
1+
14
b1111000 *
b1111000 >
b1111000 3
b1111000 9
01
#7605000
b101111001 B
b101111001 ,
b101111001 7
b101111001 G
b101111000 !
b101111000 <
b101111000 @
b101111001 6
11
#7610000
b0 )
b0 =
0+
b101111001 H
04
01
#7615000
11
#7620000
b1111 )
b1111 =
1+
14
b1111001 *
b1111001 >
b1111001 3
b1111001 9
01
#7625000
b101111010 B
b101111010 ,
b101111010 7
b101111010 G
b101111001 !
b101111001 <
b101111001 @
b101111010 6
11
#7630000
b0 )
b0 =
0+
b101111010 H
04
01
#7635000
11
#7640000
b1111 )
b1111 =
1+
14
b1111010 *
b1111010 >
b1111010 3
b1111010 9
01
#7645000
b101111011 B
b101111011 ,
b101111011 7
b101111011 G
b101111010 !
b101111010 <
b101111010 @
b101111011 6
11
#7650000
b0 )
b0 =
0+
b101111011 H
04
01
#7655000
11
#7660000
b1111 )
b1111 =
1+
14
b1111011 *
b1111011 >
b1111011 3
b1111011 9
01
#7665000
b101111100 B
b101111100 ,
b101111100 7
b101111100 G
b101111011 !
b101111011 <
b101111011 @
b101111100 6
11
#7670000
b0 )
b0 =
0+
b101111100 H
04
01
#7675000
11
#7680000
b1111 )
b1111 =
1+
14
b1111100 *
b1111100 >
b1111100 3
b1111100 9
01
#7685000
b101111101 B
b101111101 ,
b101111101 7
b101111101 G
b101111100 !
b101111100 <
b101111100 @
b101111101 6
11
#7690000
b0 )
b0 =
0+
b101111101 H
04
01
#7695000
11
#7700000
b1111 )
b1111 =
1+
14
b1111101 *
b1111101 >
b1111101 3
b1111101 9
01
#7705000
b101111110 B
b101111110 ,
b101111110 7
b101111110 G
b101111101 !
b101111101 <
b101111101 @
b101111110 6
11
#7710000
b0 )
b0 =
0+
b101111110 H
04
01
#7715000
11
#7720000
b1111 )
b1111 =
1+
14
b1111110 *
b1111110 >
b1111110 3
b1111110 9
01
#7725000
b101111111 B
b101111111 ,
b101111111 7
b101111111 G
b101111110 !
b101111110 <
b101111110 @
b101111111 6
11
#7730000
b0 )
b0 =
0+
b101111111 H
04
01
#7735000
11
#7740000
b1111 )
b1111 =
1+
14
b1111111 *
b1111111 >
b1111111 3
b1111111 9
01
#7745000
b110000000 B
b110000000 ,
b110000000 7
b110000000 G
b101111111 !
b101111111 <
b101111111 @
b110000000 6
11
#7750000
b0 )
b0 =
0+
b110000000 H
04
01
#7755000
11
#7760000
b1111 )
b1111 =
1+
14
b10000000 *
b10000000 >
b10000000 3
b10000000 9
01
#7765000
b110000001 B
b110000001 ,
b110000001 7
b110000001 G
b110000000 !
b110000000 <
b110000000 @
b110000001 6
11
#7770000
b0 )
b0 =
0+
b110000001 H
04
01
#7775000
11
#7780000
b1111 )
b1111 =
1+
14
b10000001 *
b10000001 >
b10000001 3
b10000001 9
01
#7785000
b110000010 B
b110000010 ,
b110000010 7
b110000010 G
b110000001 !
b110000001 <
b110000001 @
b110000010 6
11
#7790000
b0 )
b0 =
0+
b110000010 H
04
01
#7795000
11
#7800000
b1111 )
b1111 =
1+
14
b10000010 *
b10000010 >
b10000010 3
b10000010 9
01
#7805000
b110000011 B
b110000011 ,
b110000011 7
b110000011 G
b110000010 !
b110000010 <
b110000010 @
b110000011 6
11
#7810000
b0 )
b0 =
0+
b110000011 H
04
01
#7815000
11
#7820000
b1111 )
b1111 =
1+
14
b10000011 *
b10000011 >
b10000011 3
b10000011 9
01
#7825000
b110000100 B
b110000100 ,
b110000100 7
b110000100 G
b110000011 !
b110000011 <
b110000011 @
b110000100 6
11
#7830000
b0 )
b0 =
0+
b110000100 H
04
01
#7835000
11
#7840000
b1111 )
b1111 =
1+
14
b10000100 *
b10000100 >
b10000100 3
b10000100 9
01
#7845000
b110000101 B
b110000101 ,
b110000101 7
b110000101 G
b110000100 !
b110000100 <
b110000100 @
b110000101 6
11
#7850000
b0 )
b0 =
0+
b110000101 H
04
01
#7855000
11
#7860000
b1111 )
b1111 =
1+
14
b10000101 *
b10000101 >
b10000101 3
b10000101 9
01
#7865000
b110000110 B
b110000110 ,
b110000110 7
b110000110 G
b110000101 !
b110000101 <
b110000101 @
b110000110 6
11
#7870000
b0 )
b0 =
0+
b110000110 H
04
01
#7875000
11
#7880000
b1111 )
b1111 =
1+
14
b10000110 *
b10000110 >
b10000110 3
b10000110 9
01
#7885000
b110000111 B
b110000111 ,
b110000111 7
b110000111 G
b110000110 !
b110000110 <
b110000110 @
b110000111 6
11
#7890000
b0 )
b0 =
0+
b110000111 H
04
01
#7895000
11
#7900000
b1111 )
b1111 =
1+
14
b10000111 *
b10000111 >
b10000111 3
b10000111 9
01
#7905000
b110001000 B
b110001000 ,
b110001000 7
b110001000 G
b110000111 !
b110000111 <
b110000111 @
b110001000 6
11
#7910000
b0 )
b0 =
0+
b110001000 H
04
01
#7915000
11
#7920000
b1111 )
b1111 =
1+
14
b10001000 *
b10001000 >
b10001000 3
b10001000 9
01
#7925000
b110001001 B
b110001001 ,
b110001001 7
b110001001 G
b110001000 !
b110001000 <
b110001000 @
b110001001 6
11
#7930000
b0 )
b0 =
0+
b110001001 H
04
01
#7935000
11
#7940000
b1111 )
b1111 =
1+
14
b10001001 *
b10001001 >
b10001001 3
b10001001 9
01
#7945000
b110001010 B
b110001010 ,
b110001010 7
b110001010 G
b110001001 !
b110001001 <
b110001001 @
b110001010 6
11
#7950000
b0 )
b0 =
0+
b110001010 H
04
01
#7955000
11
#7960000
b1111 )
b1111 =
1+
14
b10001010 *
b10001010 >
b10001010 3
b10001010 9
01
#7965000
b110001011 B
b110001011 ,
b110001011 7
b110001011 G
b110001010 !
b110001010 <
b110001010 @
b110001011 6
11
#7970000
b0 )
b0 =
0+
b110001011 H
04
01
#7975000
11
#7980000
b1111 )
b1111 =
1+
14
b10001011 *
b10001011 >
b10001011 3
b10001011 9
01
#7985000
b110001100 B
b110001100 ,
b110001100 7
b110001100 G
b110001011 !
b110001011 <
b110001011 @
b110001100 6
11
#7990000
b0 )
b0 =
0+
b110001100 H
04
01
#7995000
11
#8000000
b1111 )
b1111 =
1+
14
b10001100 *
b10001100 >
b10001100 3
b10001100 9
01
#8005000
b110001101 B
b110001101 ,
b110001101 7
b110001101 G
b110001100 !
b110001100 <
b110001100 @
b110001101 6
11
#8010000
b0 )
b0 =
0+
b110001101 H
04
01
#8015000
11
#8020000
b1111 )
b1111 =
1+
14
b10001101 *
b10001101 >
b10001101 3
b10001101 9
01
#8025000
b110001110 B
b110001110 ,
b110001110 7
b110001110 G
b110001101 !
b110001101 <
b110001101 @
b110001110 6
11
#8030000
b0 )
b0 =
0+
b110001110 H
04
01
#8035000
11
#8040000
b1111 )
b1111 =
1+
14
b10001110 *
b10001110 >
b10001110 3
b10001110 9
01
#8045000
b110001111 B
b110001111 ,
b110001111 7
b110001111 G
b110001110 !
b110001110 <
b110001110 @
b110001111 6
11
#8050000
b0 )
b0 =
0+
b110001111 H
04
01
#8055000
11
#8060000
b1111 )
b1111 =
1+
14
b10001111 *
b10001111 >
b10001111 3
b10001111 9
01
#8065000
b110010000 B
b110010000 ,
b110010000 7
b110010000 G
b110001111 !
b110001111 <
b110001111 @
b110010000 6
11
#8070000
b0 )
b0 =
0+
b110010000 H
04
01
#8075000
11
#8080000
b1111 )
b1111 =
1+
14
b10010000 *
b10010000 >
b10010000 3
b10010000 9
01
#8085000
b110010001 B
b110010001 ,
b110010001 7
b110010001 G
b110010000 !
b110010000 <
b110010000 @
b110010001 6
11
#8090000
b0 )
b0 =
0+
b110010001 H
04
01
#8095000
11
#8100000
b1111 )
b1111 =
1+
14
b10010001 *
b10010001 >
b10010001 3
b10010001 9
01
#8105000
b110010010 B
b110010010 ,
b110010010 7
b110010010 G
b110010001 !
b110010001 <
b110010001 @
b110010010 6
11
#8110000
b0 )
b0 =
0+
b110010010 H
04
01
#8115000
11
#8120000
b1111 )
b1111 =
1+
14
b10010010 *
b10010010 >
b10010010 3
b10010010 9
01
#8125000
b110010011 B
b110010011 ,
b110010011 7
b110010011 G
b110010010 !
b110010010 <
b110010010 @
b110010011 6
11
#8130000
b0 )
b0 =
0+
b110010011 H
04
01
#8135000
11
#8140000
b1111 )
b1111 =
1+
14
b10010011 *
b10010011 >
b10010011 3
b10010011 9
01
#8145000
b110010100 B
b110010100 ,
b110010100 7
b110010100 G
b110010011 !
b110010011 <
b110010011 @
b110010100 6
11
#8150000
b0 )
b0 =
0+
b110010100 H
04
01
#8155000
11
#8160000
b1111 )
b1111 =
1+
14
b10010100 *
b10010100 >
b10010100 3
b10010100 9
01
#8165000
b110010101 B
b110010101 ,
b110010101 7
b110010101 G
b110010100 !
b110010100 <
b110010100 @
b110010101 6
11
#8170000
b0 )
b0 =
0+
b110010101 H
04
01
#8175000
11
#8180000
b1111 )
b1111 =
1+
14
b10010101 *
b10010101 >
b10010101 3
b10010101 9
01
#8185000
b110010110 B
b110010110 ,
b110010110 7
b110010110 G
b110010101 !
b110010101 <
b110010101 @
b110010110 6
11
#8190000
b0 )
b0 =
0+
b110010110 H
04
01
#8195000
11
#8200000
b1111 )
b1111 =
1+
14
b10010110 *
b10010110 >
b10010110 3
b10010110 9
01
#8205000
b110010111 B
b110010111 ,
b110010111 7
b110010111 G
b110010110 !
b110010110 <
b110010110 @
b110010111 6
11
#8210000
b0 )
b0 =
0+
b110010111 H
04
01
#8215000
11
#8220000
b1111 )
b1111 =
1+
14
b10010111 *
b10010111 >
b10010111 3
b10010111 9
01
#8225000
b110011000 B
b110011000 ,
b110011000 7
b110011000 G
b110010111 !
b110010111 <
b110010111 @
b110011000 6
11
#8230000
b0 )
b0 =
0+
b110011000 H
04
01
#8235000
11
#8240000
b1111 )
b1111 =
1+
14
b10011000 *
b10011000 >
b10011000 3
b10011000 9
01
#8245000
b110011001 B
b110011001 ,
b110011001 7
b110011001 G
b110011000 !
b110011000 <
b110011000 @
b110011001 6
11
#8250000
b0 )
b0 =
0+
b110011001 H
04
01
#8255000
11
#8260000
b1111 )
b1111 =
1+
14
b10011001 *
b10011001 >
b10011001 3
b10011001 9
01
#8265000
b110011010 B
b110011010 ,
b110011010 7
b110011010 G
b110011001 !
b110011001 <
b110011001 @
b110011010 6
11
#8270000
b0 )
b0 =
0+
b110011010 H
04
01
#8275000
11
#8280000
b1111 )
b1111 =
1+
14
b10011010 *
b10011010 >
b10011010 3
b10011010 9
01
#8285000
b110011011 B
b110011011 ,
b110011011 7
b110011011 G
b110011010 !
b110011010 <
b110011010 @
b110011011 6
11
#8290000
b0 )
b0 =
0+
b110011011 H
04
01
#8295000
11
#8300000
b1111 )
b1111 =
1+
14
b10011011 *
b10011011 >
b10011011 3
b10011011 9
01
#8305000
b110011100 B
b110011100 ,
b110011100 7
b110011100 G
b110011011 !
b110011011 <
b110011011 @
b110011100 6
11
#8310000
b0 )
b0 =
0+
b110011100 H
04
01
#8315000
11
#8320000
b1111 )
b1111 =
1+
14
b10011100 *
b10011100 >
b10011100 3
b10011100 9
01
#8325000
b110011101 B
b110011101 ,
b110011101 7
b110011101 G
b110011100 !
b110011100 <
b110011100 @
b110011101 6
11
#8330000
b0 )
b0 =
0+
b110011101 H
04
01
#8335000
11
#8340000
b1111 )
b1111 =
1+
14
b10011101 *
b10011101 >
b10011101 3
b10011101 9
01
#8345000
b110011110 B
b110011110 ,
b110011110 7
b110011110 G
b110011101 !
b110011101 <
b110011101 @
b110011110 6
11
#8350000
b0 )
b0 =
0+
b110011110 H
04
01
#8355000
11
#8360000
b1111 )
b1111 =
1+
14
b10011110 *
b10011110 >
b10011110 3
b10011110 9
01
#8365000
b110011111 B
b110011111 ,
b110011111 7
b110011111 G
b110011110 !
b110011110 <
b110011110 @
b110011111 6
11
#8370000
b0 )
b0 =
0+
b110011111 H
04
01
#8375000
11
#8380000
b1111 )
b1111 =
1+
14
b10011111 *
b10011111 >
b10011111 3
b10011111 9
01
#8385000
b110100000 B
b110100000 ,
b110100000 7
b110100000 G
b110011111 !
b110011111 <
b110011111 @
b110100000 6
11
#8390000
b0 )
b0 =
0+
b110100000 H
04
01
#8395000
11
#8400000
b1111 )
b1111 =
1+
14
b10100000 *
b10100000 >
b10100000 3
b10100000 9
01
#8405000
b110100001 B
b110100001 ,
b110100001 7
b110100001 G
b110100000 !
b110100000 <
b110100000 @
b110100001 6
11
#8410000
b0 )
b0 =
0+
b110100001 H
04
01
#8415000
11
#8420000
b1111 )
b1111 =
1+
14
b10100001 *
b10100001 >
b10100001 3
b10100001 9
01
#8425000
b110100010 B
b110100010 ,
b110100010 7
b110100010 G
b110100001 !
b110100001 <
b110100001 @
b110100010 6
11
#8430000
b0 )
b0 =
0+
b110100010 H
04
01
#8435000
11
#8440000
b1111 )
b1111 =
1+
14
b10100010 *
b10100010 >
b10100010 3
b10100010 9
01
#8445000
b110100011 B
b110100011 ,
b110100011 7
b110100011 G
b110100010 !
b110100010 <
b110100010 @
b110100011 6
11
#8450000
b0 )
b0 =
0+
b110100011 H
04
01
#8455000
11
#8460000
b1111 )
b1111 =
1+
14
b10100011 *
b10100011 >
b10100011 3
b10100011 9
01
#8465000
b110100100 B
b110100100 ,
b110100100 7
b110100100 G
b110100011 !
b110100011 <
b110100011 @
b110100100 6
11
#8470000
b0 )
b0 =
0+
b110100100 H
04
01
#8475000
11
#8480000
b1111 )
b1111 =
1+
14
b10100100 *
b10100100 >
b10100100 3
b10100100 9
01
#8485000
b110100101 B
b110100101 ,
b110100101 7
b110100101 G
b110100100 !
b110100100 <
b110100100 @
b110100101 6
11
#8490000
b0 )
b0 =
0+
b110100101 H
04
01
#8495000
11
#8500000
b1111 )
b1111 =
1+
14
b10100101 *
b10100101 >
b10100101 3
b10100101 9
01
#8505000
b110100110 B
b110100110 ,
b110100110 7
b110100110 G
b110100101 !
b110100101 <
b110100101 @
b110100110 6
11
#8510000
b0 )
b0 =
0+
b110100110 H
04
01
#8515000
11
#8520000
b1111 )
b1111 =
1+
14
b10100110 *
b10100110 >
b10100110 3
b10100110 9
01
#8525000
b110100111 B
b110100111 ,
b110100111 7
b110100111 G
b110100110 !
b110100110 <
b110100110 @
b110100111 6
11
#8530000
b0 )
b0 =
0+
b110100111 H
04
01
#8535000
11
#8540000
b1111 )
b1111 =
1+
14
b10100111 *
b10100111 >
b10100111 3
b10100111 9
01
#8545000
b110101000 B
b110101000 ,
b110101000 7
b110101000 G
b110100111 !
b110100111 <
b110100111 @
b110101000 6
11
#8550000
b0 )
b0 =
0+
b110101000 H
04
01
#8555000
11
#8560000
b1111 )
b1111 =
1+
14
b10101000 *
b10101000 >
b10101000 3
b10101000 9
01
#8565000
b110101001 B
b110101001 ,
b110101001 7
b110101001 G
b110101000 !
b110101000 <
b110101000 @
b110101001 6
11
#8570000
b0 )
b0 =
0+
b110101001 H
04
01
#8575000
11
#8580000
b1111 )
b1111 =
1+
14
b10101001 *
b10101001 >
b10101001 3
b10101001 9
01
#8585000
b110101010 B
b110101010 ,
b110101010 7
b110101010 G
b110101001 !
b110101001 <
b110101001 @
b110101010 6
11
#8590000
b0 )
b0 =
0+
b110101010 H
04
01
#8595000
11
#8600000
b1111 )
b1111 =
1+
14
b10101010 *
b10101010 >
b10101010 3
b10101010 9
01
#8605000
b110101011 B
b110101011 ,
b110101011 7
b110101011 G
b110101010 !
b110101010 <
b110101010 @
b110101011 6
11
#8610000
b0 )
b0 =
0+
b110101011 H
04
01
#8615000
11
#8620000
b1111 )
b1111 =
1+
14
b10101011 *
b10101011 >
b10101011 3
b10101011 9
01
#8625000
b110101100 B
b110101100 ,
b110101100 7
b110101100 G
b110101011 !
b110101011 <
b110101011 @
b110101100 6
11
#8630000
b0 )
b0 =
0+
b110101100 H
04
01
#8635000
11
#8640000
b1111 )
b1111 =
1+
14
b10101100 *
b10101100 >
b10101100 3
b10101100 9
01
#8645000
b110101101 B
b110101101 ,
b110101101 7
b110101101 G
b110101100 !
b110101100 <
b110101100 @
b110101101 6
11
#8650000
b0 )
b0 =
0+
b110101101 H
04
01
#8655000
11
#8660000
b1111 )
b1111 =
1+
14
b10101101 *
b10101101 >
b10101101 3
b10101101 9
01
#8665000
b110101110 B
b110101110 ,
b110101110 7
b110101110 G
b110101101 !
b110101101 <
b110101101 @
b110101110 6
11
#8670000
b0 )
b0 =
0+
b110101110 H
04
01
#8675000
11
#8680000
b1111 )
b1111 =
1+
14
b10101110 *
b10101110 >
b10101110 3
b10101110 9
01
#8685000
b110101111 B
b110101111 ,
b110101111 7
b110101111 G
b110101110 !
b110101110 <
b110101110 @
b110101111 6
11
#8690000
b0 )
b0 =
0+
b110101111 H
04
01
#8695000
11
#8700000
b1111 )
b1111 =
1+
14
b10101111 *
b10101111 >
b10101111 3
b10101111 9
01
#8705000
b110110000 B
b110110000 ,
b110110000 7
b110110000 G
b110101111 !
b110101111 <
b110101111 @
b110110000 6
11
#8710000
b0 )
b0 =
0+
b110110000 H
04
01
#8715000
11
#8720000
b1111 )
b1111 =
1+
14
b10110000 *
b10110000 >
b10110000 3
b10110000 9
01
#8725000
b110110001 B
b110110001 ,
b110110001 7
b110110001 G
b110110000 !
b110110000 <
b110110000 @
b110110001 6
11
#8730000
b0 )
b0 =
0+
b110110001 H
04
01
#8735000
11
#8740000
b1111 )
b1111 =
1+
14
b10110001 *
b10110001 >
b10110001 3
b10110001 9
01
#8745000
b110110010 B
b110110010 ,
b110110010 7
b110110010 G
b110110001 !
b110110001 <
b110110001 @
b110110010 6
11
#8750000
b0 )
b0 =
0+
b110110010 H
04
01
#8755000
11
#8760000
b1111 )
b1111 =
1+
14
b10110010 *
b10110010 >
b10110010 3
b10110010 9
01
#8765000
b110110011 B
b110110011 ,
b110110011 7
b110110011 G
b110110010 !
b110110010 <
b110110010 @
b110110011 6
11
#8770000
b0 )
b0 =
0+
b110110011 H
04
01
#8775000
11
#8780000
b1111 )
b1111 =
1+
14
b10110011 *
b10110011 >
b10110011 3
b10110011 9
01
#8785000
b110110100 B
b110110100 ,
b110110100 7
b110110100 G
b110110011 !
b110110011 <
b110110011 @
b110110100 6
11
#8790000
b0 )
b0 =
0+
b110110100 H
04
01
#8795000
11
#8800000
b1111 )
b1111 =
1+
14
b10110100 *
b10110100 >
b10110100 3
b10110100 9
01
#8805000
b110110101 B
b110110101 ,
b110110101 7
b110110101 G
b110110100 !
b110110100 <
b110110100 @
b110110101 6
11
#8810000
b0 )
b0 =
0+
b110110101 H
04
01
#8815000
11
#8820000
b1111 )
b1111 =
1+
14
b10110101 *
b10110101 >
b10110101 3
b10110101 9
01
#8825000
b110110110 B
b110110110 ,
b110110110 7
b110110110 G
b110110101 !
b110110101 <
b110110101 @
b110110110 6
11
#8830000
b0 )
b0 =
0+
b110110110 H
04
01
#8835000
11
#8840000
b1111 )
b1111 =
1+
14
b10110110 *
b10110110 >
b10110110 3
b10110110 9
01
#8845000
b110110111 B
b110110111 ,
b110110111 7
b110110111 G
b110110110 !
b110110110 <
b110110110 @
b110110111 6
11
#8850000
b0 )
b0 =
0+
b110110111 H
04
01
#8855000
11
#8860000
b1111 )
b1111 =
1+
14
b10110111 *
b10110111 >
b10110111 3
b10110111 9
01
#8865000
b110111000 B
b110111000 ,
b110111000 7
b110111000 G
b110110111 !
b110110111 <
b110110111 @
b110111000 6
11
#8870000
b0 )
b0 =
0+
b110111000 H
04
01
#8875000
11
#8880000
b1111 )
b1111 =
1+
14
b10111000 *
b10111000 >
b10111000 3
b10111000 9
01
#8885000
b110111001 B
b110111001 ,
b110111001 7
b110111001 G
b110111000 !
b110111000 <
b110111000 @
b110111001 6
11
#8890000
b0 )
b0 =
0+
b110111001 H
04
01
#8895000
11
#8900000
b1111 )
b1111 =
1+
14
b10111001 *
b10111001 >
b10111001 3
b10111001 9
01
#8905000
b110111010 B
b110111010 ,
b110111010 7
b110111010 G
b110111001 !
b110111001 <
b110111001 @
b110111010 6
11
#8910000
b0 )
b0 =
0+
b110111010 H
04
01
#8915000
11
#8920000
b1111 )
b1111 =
1+
14
b10111010 *
b10111010 >
b10111010 3
b10111010 9
01
#8925000
b110111011 B
b110111011 ,
b110111011 7
b110111011 G
b110111010 !
b110111010 <
b110111010 @
b110111011 6
11
#8930000
b0 )
b0 =
0+
b110111011 H
04
01
#8935000
11
#8940000
b1111 )
b1111 =
1+
14
b10111011 *
b10111011 >
b10111011 3
b10111011 9
01
#8945000
b110111100 B
b110111100 ,
b110111100 7
b110111100 G
b110111011 !
b110111011 <
b110111011 @
b110111100 6
11
#8950000
b0 )
b0 =
0+
b110111100 H
04
01
#8955000
11
#8960000
b1111 )
b1111 =
1+
14
b10111100 *
b10111100 >
b10111100 3
b10111100 9
01
#8965000
b110111101 B
b110111101 ,
b110111101 7
b110111101 G
b110111100 !
b110111100 <
b110111100 @
b110111101 6
11
#8970000
b0 )
b0 =
0+
b110111101 H
04
01
#8975000
11
#8980000
b1111 )
b1111 =
1+
14
b10111101 *
b10111101 >
b10111101 3
b10111101 9
01
#8985000
b110111110 B
b110111110 ,
b110111110 7
b110111110 G
b110111101 !
b110111101 <
b110111101 @
b110111110 6
11
#8990000
b0 )
b0 =
0+
b110111110 H
04
01
#8995000
11
#9000000
b1111 )
b1111 =
1+
14
b10111110 *
b10111110 >
b10111110 3
b10111110 9
01
#9005000
b110111111 B
b110111111 ,
b110111111 7
b110111111 G
b110111110 !
b110111110 <
b110111110 @
b110111111 6
11
#9010000
b0 )
b0 =
0+
b110111111 H
04
01
#9015000
11
#9020000
b1111 )
b1111 =
1+
14
b10111111 *
b10111111 >
b10111111 3
b10111111 9
01
#9025000
b111000000 B
b111000000 ,
b111000000 7
b111000000 G
b110111111 !
b110111111 <
b110111111 @
b111000000 6
11
#9030000
b0 )
b0 =
0+
b111000000 H
04
01
#9035000
11
#9040000
b1111 )
b1111 =
1+
14
b11000000 *
b11000000 >
b11000000 3
b11000000 9
01
#9045000
b111000001 B
b111000001 ,
b111000001 7
b111000001 G
b111000000 !
b111000000 <
b111000000 @
b111000001 6
11
#9050000
b0 )
b0 =
0+
b111000001 H
04
01
#9055000
11
#9060000
b1111 )
b1111 =
1+
14
b11000001 *
b11000001 >
b11000001 3
b11000001 9
01
#9065000
b111000010 B
b111000010 ,
b111000010 7
b111000010 G
b111000001 !
b111000001 <
b111000001 @
b111000010 6
11
#9070000
b0 )
b0 =
0+
b111000010 H
04
01
#9075000
11
#9080000
b1111 )
b1111 =
1+
14
b11000010 *
b11000010 >
b11000010 3
b11000010 9
01
#9085000
b111000011 B
b111000011 ,
b111000011 7
b111000011 G
b111000010 !
b111000010 <
b111000010 @
b111000011 6
11
#9090000
b0 )
b0 =
0+
b111000011 H
04
01
#9095000
11
#9100000
b1111 )
b1111 =
1+
14
b11000011 *
b11000011 >
b11000011 3
b11000011 9
01
#9105000
b111000100 B
b111000100 ,
b111000100 7
b111000100 G
b111000011 !
b111000011 <
b111000011 @
b111000100 6
11
#9110000
b0 )
b0 =
0+
b111000100 H
04
01
#9115000
11
#9120000
b1111 )
b1111 =
1+
14
b11000100 *
b11000100 >
b11000100 3
b11000100 9
01
#9125000
b111000101 B
b111000101 ,
b111000101 7
b111000101 G
b111000100 !
b111000100 <
b111000100 @
b111000101 6
11
#9130000
b0 )
b0 =
0+
b111000101 H
04
01
#9135000
11
#9140000
b1111 )
b1111 =
1+
14
b11000101 *
b11000101 >
b11000101 3
b11000101 9
01
#9145000
b111000110 B
b111000110 ,
b111000110 7
b111000110 G
b111000101 !
b111000101 <
b111000101 @
b111000110 6
11
#9150000
b0 )
b0 =
0+
b111000110 H
04
01
#9155000
11
#9160000
b1111 )
b1111 =
1+
14
b11000110 *
b11000110 >
b11000110 3
b11000110 9
01
#9165000
b111000111 B
b111000111 ,
b111000111 7
b111000111 G
b111000110 !
b111000110 <
b111000110 @
b111000111 6
11
#9170000
b0 )
b0 =
0+
b111000111 H
04
01
#9175000
11
#9180000
b1111 )
b1111 =
1+
14
b11000111 *
b11000111 >
b11000111 3
b11000111 9
01
#9185000
b111001000 B
b111001000 ,
b111001000 7
b111001000 G
b111000111 !
b111000111 <
b111000111 @
b111001000 6
11
#9190000
b0 )
b0 =
0+
b111001000 H
04
01
#9195000
11
#9200000
b1111 )
b1111 =
1+
14
b11001000 *
b11001000 >
b11001000 3
b11001000 9
01
#9205000
b111001001 B
b111001001 ,
b111001001 7
b111001001 G
b111001000 !
b111001000 <
b111001000 @
b111001001 6
11
#9210000
b0 )
b0 =
0+
b111001001 H
04
01
#9215000
11
#9220000
b1111 )
b1111 =
1+
14
b11001001 *
b11001001 >
b11001001 3
b11001001 9
01
#9225000
b111001010 B
b111001010 ,
b111001010 7
b111001010 G
b111001001 !
b111001001 <
b111001001 @
b111001010 6
11
#9230000
b0 )
b0 =
0+
b111001010 H
04
01
#9235000
11
#9240000
b1111 )
b1111 =
1+
14
b11001010 *
b11001010 >
b11001010 3
b11001010 9
01
#9245000
b111001011 B
b111001011 ,
b111001011 7
b111001011 G
b111001010 !
b111001010 <
b111001010 @
b111001011 6
11
#9250000
b0 )
b0 =
0+
b111001011 H
04
01
#9255000
11
#9260000
b1111 )
b1111 =
1+
14
b11001011 *
b11001011 >
b11001011 3
b11001011 9
01
#9265000
b111001100 B
b111001100 ,
b111001100 7
b111001100 G
b111001011 !
b111001011 <
b111001011 @
b111001100 6
11
#9270000
b0 )
b0 =
0+
b111001100 H
04
01
#9275000
11
#9280000
b1111 )
b1111 =
1+
14
b11001100 *
b11001100 >
b11001100 3
b11001100 9
01
#9285000
b111001101 B
b111001101 ,
b111001101 7
b111001101 G
b111001100 !
b111001100 <
b111001100 @
b111001101 6
11
#9290000
b0 )
b0 =
0+
b111001101 H
04
01
#9295000
11
#9300000
b1111 )
b1111 =
1+
14
b11001101 *
b11001101 >
b11001101 3
b11001101 9
01
#9305000
b111001110 B
b111001110 ,
b111001110 7
b111001110 G
b111001101 !
b111001101 <
b111001101 @
b111001110 6
11
#9310000
b0 )
b0 =
0+
b111001110 H
04
01
#9315000
11
#9320000
b1111 )
b1111 =
1+
14
b11001110 *
b11001110 >
b11001110 3
b11001110 9
01
#9325000
b111001111 B
b111001111 ,
b111001111 7
b111001111 G
b111001110 !
b111001110 <
b111001110 @
b111001111 6
11
#9330000
b0 )
b0 =
0+
b111001111 H
04
01
#9335000
11
#9340000
b1111 )
b1111 =
1+
14
b11001111 *
b11001111 >
b11001111 3
b11001111 9
01
#9345000
b111010000 B
b111010000 ,
b111010000 7
b111010000 G
b111001111 !
b111001111 <
b111001111 @
b111010000 6
11
#9350000
b0 )
b0 =
0+
b111010000 H
04
01
#9355000
11
#9360000
b1111 )
b1111 =
1+
14
b11010000 *
b11010000 >
b11010000 3
b11010000 9
01
#9365000
b111010001 B
b111010001 ,
b111010001 7
b111010001 G
b111010000 !
b111010000 <
b111010000 @
b111010001 6
11
#9370000
b0 )
b0 =
0+
b111010001 H
04
01
#9375000
11
#9380000
b1111 )
b1111 =
1+
14
b11010001 *
b11010001 >
b11010001 3
b11010001 9
01
#9385000
b111010010 B
b111010010 ,
b111010010 7
b111010010 G
b111010001 !
b111010001 <
b111010001 @
b111010010 6
11
#9390000
b0 )
b0 =
0+
b111010010 H
04
01
#9395000
11
#9400000
b1111 )
b1111 =
1+
14
b11010010 *
b11010010 >
b11010010 3
b11010010 9
01
#9405000
b111010011 B
b111010011 ,
b111010011 7
b111010011 G
b111010010 !
b111010010 <
b111010010 @
b111010011 6
11
#9410000
b0 )
b0 =
0+
b111010011 H
04
01
#9415000
11
#9420000
b1111 )
b1111 =
1+
14
b11010011 *
b11010011 >
b11010011 3
b11010011 9
01
#9425000
b111010100 B
b111010100 ,
b111010100 7
b111010100 G
b111010011 !
b111010011 <
b111010011 @
b111010100 6
11
#9430000
b0 )
b0 =
0+
b111010100 H
04
01
#9435000
11
#9440000
b1111 )
b1111 =
1+
14
b11010100 *
b11010100 >
b11010100 3
b11010100 9
01
#9445000
b111010101 B
b111010101 ,
b111010101 7
b111010101 G
b111010100 !
b111010100 <
b111010100 @
b111010101 6
11
#9450000
b0 )
b0 =
0+
b111010101 H
04
01
#9455000
11
#9460000
b1111 )
b1111 =
1+
14
b11010101 *
b11010101 >
b11010101 3
b11010101 9
01
#9465000
b111010110 B
b111010110 ,
b111010110 7
b111010110 G
b111010101 !
b111010101 <
b111010101 @
b111010110 6
11
#9470000
b0 )
b0 =
0+
b111010110 H
04
01
#9475000
11
#9480000
b1111 )
b1111 =
1+
14
b11010110 *
b11010110 >
b11010110 3
b11010110 9
01
#9485000
b111010111 B
b111010111 ,
b111010111 7
b111010111 G
b111010110 !
b111010110 <
b111010110 @
b111010111 6
11
#9490000
b0 )
b0 =
0+
b111010111 H
04
01
#9495000
11
#9500000
b1111 )
b1111 =
1+
14
b11010111 *
b11010111 >
b11010111 3
b11010111 9
01
#9505000
b111011000 B
b111011000 ,
b111011000 7
b111011000 G
b111010111 !
b111010111 <
b111010111 @
b111011000 6
11
#9510000
b0 )
b0 =
0+
b111011000 H
04
01
#9515000
11
#9520000
b1111 )
b1111 =
1+
14
b11011000 *
b11011000 >
b11011000 3
b11011000 9
01
#9525000
b111011001 B
b111011001 ,
b111011001 7
b111011001 G
b111011000 !
b111011000 <
b111011000 @
b111011001 6
11
#9530000
b0 )
b0 =
0+
b111011001 H
04
01
#9535000
11
#9540000
b1111 )
b1111 =
1+
14
b11011001 *
b11011001 >
b11011001 3
b11011001 9
01
#9545000
b111011010 B
b111011010 ,
b111011010 7
b111011010 G
b111011001 !
b111011001 <
b111011001 @
b111011010 6
11
#9550000
b0 )
b0 =
0+
b111011010 H
04
01
#9555000
11
#9560000
b1111 )
b1111 =
1+
14
b11011010 *
b11011010 >
b11011010 3
b11011010 9
01
#9565000
b111011011 B
b111011011 ,
b111011011 7
b111011011 G
b111011010 !
b111011010 <
b111011010 @
b111011011 6
11
#9570000
b0 )
b0 =
0+
b111011011 H
04
01
#9575000
11
#9580000
b1111 )
b1111 =
1+
14
b11011011 *
b11011011 >
b11011011 3
b11011011 9
01
#9585000
b111011100 B
b111011100 ,
b111011100 7
b111011100 G
b111011011 !
b111011011 <
b111011011 @
b111011100 6
11
#9590000
b0 )
b0 =
0+
b111011100 H
04
01
#9595000
11
#9600000
b1111 )
b1111 =
1+
14
b11011100 *
b11011100 >
b11011100 3
b11011100 9
01
#9605000
b111011101 B
b111011101 ,
b111011101 7
b111011101 G
b111011100 !
b111011100 <
b111011100 @
b111011101 6
11
#9610000
b0 )
b0 =
0+
b111011101 H
04
01
#9615000
11
#9620000
b1111 )
b1111 =
1+
14
b11011101 *
b11011101 >
b11011101 3
b11011101 9
01
#9625000
b111011110 B
b111011110 ,
b111011110 7
b111011110 G
b111011101 !
b111011101 <
b111011101 @
b111011110 6
11
#9630000
b0 )
b0 =
0+
b111011110 H
04
01
#9635000
11
#9640000
b1111 )
b1111 =
1+
14
b11011110 *
b11011110 >
b11011110 3
b11011110 9
01
#9645000
b111011111 B
b111011111 ,
b111011111 7
b111011111 G
b111011110 !
b111011110 <
b111011110 @
b111011111 6
11
#9650000
b0 )
b0 =
0+
b111011111 H
04
01
#9655000
11
#9660000
b1111 )
b1111 =
1+
14
b11011111 *
b11011111 >
b11011111 3
b11011111 9
01
#9665000
b111100000 B
b111100000 ,
b111100000 7
b111100000 G
b111011111 !
b111011111 <
b111011111 @
b111100000 6
11
#9670000
b0 )
b0 =
0+
b111100000 H
04
01
#9675000
11
#9680000
b1111 )
b1111 =
1+
14
b11100000 *
b11100000 >
b11100000 3
b11100000 9
01
#9685000
b111100001 B
b111100001 ,
b111100001 7
b111100001 G
b111100000 !
b111100000 <
b111100000 @
b111100001 6
11
#9690000
b0 )
b0 =
0+
b111100001 H
04
01
#9695000
11
#9700000
b1111 )
b1111 =
1+
14
b11100001 *
b11100001 >
b11100001 3
b11100001 9
01
#9705000
b111100010 B
b111100010 ,
b111100010 7
b111100010 G
b111100001 !
b111100001 <
b111100001 @
b111100010 6
11
#9710000
b0 )
b0 =
0+
b111100010 H
04
01
#9715000
11
#9720000
b1111 )
b1111 =
1+
14
b11100010 *
b11100010 >
b11100010 3
b11100010 9
01
#9725000
b111100011 B
b111100011 ,
b111100011 7
b111100011 G
b111100010 !
b111100010 <
b111100010 @
b111100011 6
11
#9730000
b0 )
b0 =
0+
b111100011 H
04
01
#9735000
11
#9740000
b1111 )
b1111 =
1+
14
b11100011 *
b11100011 >
b11100011 3
b11100011 9
01
#9745000
b111100100 B
b111100100 ,
b111100100 7
b111100100 G
b111100011 !
b111100011 <
b111100011 @
b111100100 6
11
#9750000
b0 )
b0 =
0+
b111100100 H
04
01
#9755000
11
#9760000
b1111 )
b1111 =
1+
14
b11100100 *
b11100100 >
b11100100 3
b11100100 9
01
#9765000
b111100101 B
b111100101 ,
b111100101 7
b111100101 G
b111100100 !
b111100100 <
b111100100 @
b111100101 6
11
#9770000
b0 )
b0 =
0+
b111100101 H
04
01
#9775000
11
#9780000
b1111 )
b1111 =
1+
14
b11100101 *
b11100101 >
b11100101 3
b11100101 9
01
#9785000
b111100110 B
b111100110 ,
b111100110 7
b111100110 G
b111100101 !
b111100101 <
b111100101 @
b111100110 6
11
#9790000
b0 )
b0 =
0+
b111100110 H
04
01
#9795000
11
#9800000
b1111 )
b1111 =
1+
14
b11100110 *
b11100110 >
b11100110 3
b11100110 9
01
#9805000
b111100111 B
b111100111 ,
b111100111 7
b111100111 G
b111100110 !
b111100110 <
b111100110 @
b111100111 6
11
#9810000
b0 )
b0 =
0+
b111100111 H
04
01
#9815000
11
#9820000
b1111 )
b1111 =
1+
14
b11100111 *
b11100111 >
b11100111 3
b11100111 9
01
#9825000
b111101000 B
b111101000 ,
b111101000 7
b111101000 G
b111100111 !
b111100111 <
b111100111 @
b111101000 6
11
#9830000
b0 )
b0 =
0+
b111101000 H
04
01
#9835000
11
#9840000
b1111 )
b1111 =
1+
14
b11101000 *
b11101000 >
b11101000 3
b11101000 9
01
#9845000
b111101001 B
b111101001 ,
b111101001 7
b111101001 G
b111101000 !
b111101000 <
b111101000 @
b111101001 6
11
#9850000
b0 )
b0 =
0+
b111101001 H
04
01
#9855000
11
#9860000
b1111 )
b1111 =
1+
14
b11101001 *
b11101001 >
b11101001 3
b11101001 9
01
#9865000
b111101010 B
b111101010 ,
b111101010 7
b111101010 G
b111101001 !
b111101001 <
b111101001 @
b111101010 6
11
#9870000
b0 )
b0 =
0+
b111101010 H
04
01
#9875000
11
#9880000
b1111 )
b1111 =
1+
14
b11101010 *
b11101010 >
b11101010 3
b11101010 9
01
#9885000
b111101011 B
b111101011 ,
b111101011 7
b111101011 G
b111101010 !
b111101010 <
b111101010 @
b111101011 6
11
#9890000
b0 )
b0 =
0+
b111101011 H
04
01
#9895000
11
#9900000
b1111 )
b1111 =
1+
14
b11101011 *
b11101011 >
b11101011 3
b11101011 9
01
#9905000
b111101100 B
b111101100 ,
b111101100 7
b111101100 G
b111101011 !
b111101011 <
b111101011 @
b111101100 6
11
#9910000
b0 )
b0 =
0+
b111101100 H
04
01
#9915000
11
#9920000
b1111 )
b1111 =
1+
14
b11101100 *
b11101100 >
b11101100 3
b11101100 9
01
#9925000
b111101101 B
b111101101 ,
b111101101 7
b111101101 G
b111101100 !
b111101100 <
b111101100 @
b111101101 6
11
#9930000
b0 )
b0 =
0+
b111101101 H
04
01
#9935000
11
#9940000
b1111 )
b1111 =
1+
14
b11101101 *
b11101101 >
b11101101 3
b11101101 9
01
#9945000
b111101110 B
b111101110 ,
b111101110 7
b111101110 G
b111101101 !
b111101101 <
b111101101 @
b111101110 6
11
#9950000
b0 )
b0 =
0+
b111101110 H
04
01
#9955000
11
#9960000
b1111 )
b1111 =
1+
14
b11101110 *
b11101110 >
b11101110 3
b11101110 9
01
#9965000
b111101111 B
b111101111 ,
b111101111 7
b111101111 G
b111101110 !
b111101110 <
b111101110 @
b111101111 6
11
#9970000
b0 )
b0 =
0+
b111101111 H
04
01
#9975000
11
#9980000
b1111 )
b1111 =
1+
14
b11101111 *
b11101111 >
b11101111 3
b11101111 9
01
#9985000
b111110000 B
b111110000 ,
b111110000 7
b111110000 G
b111101111 !
b111101111 <
b111101111 @
b111110000 6
11
#9990000
b0 )
b0 =
0+
b111110000 H
04
01
#9995000
11
#10000000
b1111 )
b1111 =
1+
14
b11110000 *
b11110000 >
b11110000 3
b11110000 9
01
#10005000
b111110001 B
b111110001 ,
b111110001 7
b111110001 G
b111110000 !
b111110000 <
b111110000 @
b111110001 6
11
#10010000
b0 )
b0 =
0+
b111110001 H
04
01
#10015000
11
#10020000
b1111 )
b1111 =
1+
14
b11110001 *
b11110001 >
b11110001 3
b11110001 9
01
#10025000
b111110010 B
b111110010 ,
b111110010 7
b111110010 G
b111110001 !
b111110001 <
b111110001 @
b111110010 6
11
#10030000
b0 )
b0 =
0+
b111110010 H
04
01
#10035000
11
#10040000
b1111 )
b1111 =
1+
14
b11110010 *
b11110010 >
b11110010 3
b11110010 9
01
#10045000
b111110011 B
b111110011 ,
b111110011 7
b111110011 G
b111110010 !
b111110010 <
b111110010 @
b111110011 6
11
#10050000
b0 )
b0 =
0+
b111110011 H
04
01
#10055000
11
#10060000
b1111 )
b1111 =
1+
14
b11110011 *
b11110011 >
b11110011 3
b11110011 9
01
#10065000
b111110100 B
b111110100 ,
b111110100 7
b111110100 G
b111110011 !
b111110011 <
b111110011 @
b111110100 6
11
#10070000
b0 )
b0 =
0+
b111110100 H
04
01
#10075000
11
#10080000
b1111 )
b1111 =
1+
14
b11110100 *
b11110100 >
b11110100 3
b11110100 9
01
#10085000
b111110101 B
b111110101 ,
b111110101 7
b111110101 G
b111110100 !
b111110100 <
b111110100 @
b111110101 6
11
#10090000
b0 )
b0 =
0+
b111110101 H
04
01
#10095000
11
#10100000
b1111 )
b1111 =
1+
14
b11110101 *
b11110101 >
b11110101 3
b11110101 9
01
#10105000
b111110110 B
b111110110 ,
b111110110 7
b111110110 G
b111110101 !
b111110101 <
b111110101 @
b111110110 6
11
#10110000
b0 )
b0 =
0+
b111110110 H
04
01
#10115000
11
#10120000
b1111 )
b1111 =
1+
14
b11110110 *
b11110110 >
b11110110 3
b11110110 9
01
#10125000
b111110111 B
b111110111 ,
b111110111 7
b111110111 G
b111110110 !
b111110110 <
b111110110 @
b111110111 6
11
#10130000
b0 )
b0 =
0+
b111110111 H
04
01
#10135000
11
#10140000
b1111 )
b1111 =
1+
14
b11110111 *
b11110111 >
b11110111 3
b11110111 9
01
#10145000
b111111000 B
b111111000 ,
b111111000 7
b111111000 G
b111110111 !
b111110111 <
b111110111 @
b111111000 6
11
#10150000
b0 )
b0 =
0+
b111111000 H
04
01
#10155000
11
#10160000
b1111 )
b1111 =
1+
14
b11111000 *
b11111000 >
b11111000 3
b11111000 9
01
#10165000
b111111001 B
b111111001 ,
b111111001 7
b111111001 G
b111111000 !
b111111000 <
b111111000 @
b111111001 6
11
#10170000
b0 )
b0 =
0+
b111111001 H
04
01
#10175000
11
#10180000
b1111 )
b1111 =
1+
14
b11111001 *
b11111001 >
b11111001 3
b11111001 9
01
#10185000
b111111010 B
b111111010 ,
b111111010 7
b111111010 G
b111111001 !
b111111001 <
b111111001 @
b111111010 6
11
#10190000
b0 )
b0 =
0+
b111111010 H
04
01
#10195000
11
#10200000
b1111 )
b1111 =
1+
14
b11111010 *
b11111010 >
b11111010 3
b11111010 9
01
#10205000
b111111011 B
b111111011 ,
b111111011 7
b111111011 G
b111111010 !
b111111010 <
b111111010 @
b111111011 6
11
#10210000
b0 )
b0 =
0+
b111111011 H
04
01
#10215000
11
#10220000
b1111 )
b1111 =
1+
14
b11111011 *
b11111011 >
b11111011 3
b11111011 9
01
#10225000
b111111100 B
b111111100 ,
b111111100 7
b111111100 G
b111111011 !
b111111011 <
b111111011 @
b111111100 6
11
#10230000
b0 )
b0 =
0+
b111111100 H
04
01
#10235000
11
#10240000
b1111 )
b1111 =
1+
14
b11111100 *
b11111100 >
b11111100 3
b11111100 9
01
#10245000
b111111101 B
b111111101 ,
b111111101 7
b111111101 G
b111111100 !
b111111100 <
b111111100 @
b111111101 6
11
#10250000
b0 )
b0 =
0+
b111111101 H
04
01
#10255000
11
#10260000
b1111 )
b1111 =
1+
14
b11111101 *
b11111101 >
b11111101 3
b11111101 9
01
#10265000
b111111110 B
b111111110 ,
b111111110 7
b111111110 G
b111111101 !
b111111101 <
b111111101 @
b111111110 6
11
#10270000
b0 )
b0 =
0+
b111111110 H
04
01
#10275000
11
#10280000
b1111 )
b1111 =
1+
14
b11111110 *
b11111110 >
b11111110 3
b11111110 9
01
#10285000
b111111111 B
b111111111 ,
b111111111 7
b111111111 G
b111111110 !
b111111110 <
b111111110 @
b111111111 6
11
#10290000
b0 )
b0 =
0+
b111111111 H
04
01
#10295000
11
#10300000
b1111 )
b1111 =
1+
15
14
b10100101 *
b10100101 >
b10100101 3
b10100101 9
01
#10305000
1%
b10 D
b1000000000 B
b1000000000 ,
b1000000000 7
b1000000000 G
b111111111 !
b111111111 <
b111111111 @
b1000000000 6
11
#10310000
b0 )
b0 =
0+
05
04
01
#10315000
11
#10320000
b1111 )
b1111 =
1+
14
b11000001 *
b11000001 >
b11000001 3
b11000001 9
01
#10325000
b1000000001 ,
b1000000001 7
b1000000001 G
b1000000000 !
b1000000000 <
b1000000000 @
b1000000001 6
11
#10330000
b0 )
b0 =
0+
04
01
#10335000
11
#10340000
b1111 )
b1111 =
1+
14
b11000010 *
b11000010 >
b11000010 3
b11000010 9
01
#10345000
b1000000010 ,
b1000000010 7
b1000000010 G
b1000000001 !
b1000000001 <
b1000000001 @
b1000000010 6
11
#10350000
b0 )
b0 =
0+
04
01
#10355000
11
#10360000
b1111 )
b1111 =
1+
14
b11000011 *
b11000011 >
b11000011 3
b11000011 9
01
#10365000
b1000000011 ,
b1000000011 7
b1000000011 G
b1000000010 !
b1000000010 <
b1000000010 @
b1000000011 6
11
#10370000
b0 )
b0 =
0+
04
01
