$date
	Mon Jul 27 18:57:07 2026
$end
$version
	Icarus Verilog
$end
$timescale
	1ps
$end
$scope module tb_circular_trace_buffer_control $end
$var wire 10 ! write_addr_o [9:0] $end
$var wire 1 " triggered_o $end
$var wire 10 # trigger_addr_o [9:0] $end
$var wire 10 $ start_addr_o [9:0] $end
$var wire 1 % pre_ready_o $end
$var wire 1 & irq_o $end
$var wire 1 ' capture_done_o $end
$var wire 1 ( busy_o $end
$var wire 4 ) bram_we_o [3:0] $end
$var wire 32 * bram_wdata_o [31:0] $end
$var wire 1 + bram_en_o $end
$var wire 10 , bram_addr_o [9:0] $end
$var parameter 64 - CLK_PERIOD $end
$var reg 1 . abort_i $end
$var reg 1 / arm_i $end
$var reg 1 0 clear_done_i $end
$var reg 1 1 clk_i $end
$var reg 1 2 rst_ni $end
$var reg 8 3 sample_data_i [7:0] $end
$var reg 1 4 sample_valid_i $end
$var reg 1 5 trigger_pulse_i $end
$var reg 32 6 observed_write_count [31:0] $end
$scope module dut $end
$var wire 1 . abort_i $end
$var wire 1 / arm_i $end
$var wire 10 7 bram_addr_o [9:0] $end
$var wire 1 + bram_en_o $end
$var wire 1 ( busy_o $end
$var wire 1 ' capture_done_o $end
$var wire 1 8 capture_write_active $end
$var wire 1 0 clear_done_i $end
$var wire 1 1 clk_i $end
$var wire 1 & irq_o $end
$var wire 1 % pre_ready_o $end
$var wire 1 2 rst_ni $end
$var wire 8 9 sample_data_i [7:0] $end
$var wire 1 4 sample_valid_i $end
$var wire 10 : start_addr_o [9:0] $end
$var wire 10 ; trigger_addr_o [9:0] $end
$var wire 1 5 trigger_pulse_i $end
$var wire 1 " triggered_o $end
$var wire 10 < write_addr_o [9:0] $end
$var wire 4 = bram_we_o [3:0] $end
$var wire 32 > bram_wdata_o [31:0] $end
$var reg 1 ? done_q $end
$var reg 10 @ last_write_addr_q [9:0] $end
$var reg 10 A post_count_q [9:0] $end
$var reg 10 B prefill_count_q [9:0] $end
$var reg 10 C start_addr_q [9:0] $end
$var reg 3 D state_q [2:0] $end
$var reg 10 E trigger_addr_q [9:0] $end
$var reg 1 F triggered_q $end
$var reg 10 G write_ptr_q [9:0] $end
$upscope $end
$scope begin $unm_blk_28 $end
$var reg 10 H held_start [9:0] $end
$var reg 10 I held_trigger [9:0] $end
$var reg 10 J held_write [9:0] $end
$var reg 32 K writes_before_control [31:0] $end
$scope begin $ivl_for_loop2 $end
$var reg 32 L i [31:0] $end
$upscope $end
$scope begin $ivl_for_loop3 $end
$var reg 32 M i [31:0] $end
$upscope $end
$upscope $end
$scope task complete_capture $end
$scope begin $ivl_for_loop0 $end
$upscope $end
$scope begin $ivl_for_loop1 $end
$upscope $end
$upscope $end
$scope task drive_sample $end
$upscope $end
$scope task pulse_arm $end
$upscope $end
$upscope $end
$enddefinitions $end
$comment Show the parameter values. $end
$dumpall
b1010 -
$end
#0
$dumpvars
b0 M
b0 L
b0 K
bx J
bx I
bx H
bx G
xF
bx E
bx D
bx C
bx B
bx A
bx @
x?
b0 >
b0 =
bx <
bx ;
bx :
b0 9
x8
bx 7
b0 6
05
04
b0 3
02
01
00
0/
0.
bx ,
0+
b0 *
b0 )
x(
x'
x&
x%
bx $
bx #
x"
bx !
$end
#5000
0(
08
0%
0&
0'
0?
0"
0F
b0 A
b0 B
b0 #
b0 ;
b0 E
b0 $
b0 :
b0 C
b0 !
b0 <
b0 @
b0 ,
b0 7
b0 G
b0 D
11
#10000
01
#15000
11
#20000
01
#25000
11
#30000
12
01
#35000
11
#40000
1/
01
#45000
1(
18
b1 D
11
#50000
0/
01
#55000
11
#60000
b1111 )
b1111 =
1+
14
01
#65000
b1 B
b1 ,
b1 7
b1 G
b1 6
11
#70000
b0 )
b0 =
0+
b1 L
04
01
#75000
11
#80000
b1111 )
b1111 =
1+
14
b1 *
b1 >
b1 3
b1 9
01
#85000
b10 B
b10 ,
b10 7
b10 G
b1 !
b1 <
b1 @
b10 6
11
#90000
b0 )
b0 =
0+
b10 L
04
01
#95000
11
#100000
b1111 )
b1111 =
1+
14
b10 *
b10 >
b10 3
b10 9
01
#105000
b11 B
b11 ,
b11 7
b11 G
b10 !
b10 <
b10 @
b11 6
11
#110000
b0 )
b0 =
0+
b11 L
04
01
#115000
11
#120000
b1111 )
b1111 =
1+
14
b11 *
b11 >
b11 3
b11 9
01
#125000
b100 B
b100 ,
b100 7
b100 G
b11 !
b11 <
b11 @
b100 6
11
#130000
b0 )
b0 =
0+
b100 L
04
01
#135000
11
#140000
b1111 )
b1111 =
1+
14
b100 *
b100 >
b100 3
b100 9
01
#145000
b101 B
b101 ,
b101 7
b101 G
b100 !
b100 <
b100 @
b101 6
11
#150000
b0 )
b0 =
0+
b101 L
04
01
#155000
11
#160000
b1111 )
b1111 =
1+
14
b101 *
b101 >
b101 3
b101 9
01
#165000
b110 B
b110 ,
b110 7
b110 G
b101 !
b101 <
b101 @
b110 6
11
#170000
b0 )
b0 =
0+
b110 L
04
01
#175000
11
#180000
b1111 )
b1111 =
1+
14
b110 *
b110 >
b110 3
b110 9
01
#185000
b111 B
b111 ,
b111 7
b111 G
b110 !
b110 <
b110 @
b111 6
11
#190000
b0 )
b0 =
0+
b111 L
04
01
#195000
11
#200000
b1111 )
b1111 =
1+
14
b111 *
b111 >
b111 3
b111 9
01
#205000
b1000 B
b1000 ,
b1000 7
b1000 G
b111 !
b111 <
b111 @
b1000 6
11
#210000
b0 )
b0 =
0+
b1000 L
04
01
#215000
11
#220000
b1111 )
b1111 =
1+
14
b1000 *
b1000 >
b1000 3
b1000 9
01
#225000
b1001 B
b1001 ,
b1001 7
b1001 G
b1000 !
b1000 <
b1000 @
b1001 6
11
#230000
b0 )
b0 =
0+
b1001 L
04
01
#235000
11
#240000
b1111 )
b1111 =
1+
14
b1001 *
b1001 >
b1001 3
b1001 9
01
#245000
b1010 B
b1010 ,
b1010 7
b1010 G
b1001 !
b1001 <
b1001 @
b1010 6
11
#250000
b0 )
b0 =
0+
b1010 K
b1010 L
04
01
#255000
11
#260000
b0 )
b0 =
0+
1.
10
1/
15
14
b10101010 *
b10101010 >
b10101010 3
b10101010 9
01
#265000
0(
08
b0 B
b0 !
b0 <
b0 @
b0 ,
b0 7
b0 G
b0 D
11
#270000
0.
00
0/
05
04
01
#275000
11
#280000
1/
01
#285000
1(
18
b1 D
11
#290000
0/
01
#295000
11
#300000
b1111 )
b1111 =
1+
14
b100000 *
b100000 >
b100000 3
b100000 9
01
#305000
b1 B
b1 ,
b1 7
b1 G
b1011 6
11
#310000
b0 )
b0 =
0+
b1 M
04
01
#315000
11
#320000
b1111 )
b1111 =
1+
14
b100001 *
b100001 >
b100001 3
b100001 9
01
#325000
b10 B
b10 ,
b10 7
b10 G
b1 !
b1 <
b1 @
b1100 6
11
#330000
b0 )
b0 =
0+
b10 M
04
01
#335000
11
#340000
b1111 )
b1111 =
1+
14
b100010 *
b100010 >
b100010 3
b100010 9
01
#345000
b11 B
b11 ,
b11 7
b11 G
b10 !
b10 <
b10 @
b1101 6
11
#350000
b0 )
b0 =
0+
b11 M
04
01
#355000
11
#360000
b1111 )
b1111 =
1+
14
b100011 *
b100011 >
b100011 3
b100011 9
01
#365000
b100 B
b100 ,
b100 7
b100 G
b11 !
b11 <
b11 @
b1110 6
11
#370000
b0 )
b0 =
0+
b100 M
04
01
#375000
11
#380000
b1111 )
b1111 =
1+
14
b100100 *
b100100 >
b100100 3
b100100 9
01
#385000
b101 B
b101 ,
b101 7
b101 G
b100 !
b100 <
b100 @
b1111 6
11
#390000
b0 )
b0 =
0+
b1111 K
b101 M
04
01
#395000
11
#400000
b1111 )
b1111 =
1+
10
1/
14
b1010101 *
b1010101 >
b1010101 3
b1010101 9
01
#405000
b110 B
b110 ,
b110 7
b110 G
b101 !
b101 <
b101 @
b10000 6
11
#410000
b0 )
b0 =
0+
00
0/
04
01
#415000
11
#420000
1.
01
#425000
0(
08
b0 B
b0 !
b0 <
b0 @
b0 ,
b0 7
b0 G
b0 D
11
#430000
0.
01
#435000
11
#440000
1/
01
#445000
1(
18
b1 D
11
#450000
0/
01
#455000
11
#460000
b1111 )
b1111 =
1+
14
b0 *
b0 >
b0 3
b0 9
01
#465000
b1 B
b1 ,
b1 7
b1 G
b10001 6
11
#470000
b0 )
b0 =
0+
04
01
#475000
11
#480000
b1111 )
b1111 =
1+
14
b1 *
b1 >
b1 3
b1 9
01
#485000
b10 B
b10 ,
b10 7
b10 G
b1 !
b1 <
b1 @
b10010 6
11
#490000
b0 )
b0 =
0+
04
01
#495000
11
#500000
b1111 )
b1111 =
1+
14
b10 *
b10 >
b10 3
b10 9
01
#505000
b11 B
b11 ,
b11 7
b11 G
b10 !
b10 <
b10 @
b10011 6
11
#510000
b0 )
b0 =
0+
04
01
#515000
11
#520000
b1111 )
b1111 =
1+
14
b11 *
b11 >
b11 3
b11 9
01
#525000
b100 B
b100 ,
b100 7
b100 G
b11 !
b11 <
b11 @
b10100 6
11
#530000
b0 )
b0 =
0+
04
01
#535000
11
#540000
b1111 )
b1111 =
1+
14
b100 *
b100 >
b100 3
b100 9
01
#545000
b101 B
b101 ,
b101 7
b101 G
b100 !
b100 <
b100 @
b10101 6
11
#550000
b0 )
b0 =
0+
04
01
#555000
11
#560000
b1111 )
b1111 =
1+
14
b101 *
b101 >
b101 3
b101 9
01
#565000
b110 B
b110 ,
b110 7
b110 G
b101 !
b101 <
b101 @
b10110 6
11
#570000
b0 )
b0 =
0+
04
01
#575000
11
#580000
b1111 )
b1111 =
1+
14
b110 *
b110 >
b110 3
b110 9
01
#585000
b111 B
b111 ,
b111 7
b111 G
b110 !
b110 <
b110 @
b10111 6
11
#590000
b0 )
b0 =
0+
04
01
#595000
11
#600000
b1111 )
b1111 =
1+
14
b111 *
b111 >
b111 3
b111 9
01
#605000
b1000 B
b1000 ,
b1000 7
b1000 G
b111 !
b111 <
b111 @
b11000 6
11
#610000
b0 )
b0 =
0+
04
01
#615000
11
#620000
b1111 )
b1111 =
1+
14
b1000 *
b1000 >
b1000 3
b1000 9
01
#625000
b1001 B
b1001 ,
b1001 7
b1001 G
b1000 !
b1000 <
b1000 @
b11001 6
11
#630000
b0 )
b0 =
0+
04
01
#635000
11
#640000
b1111 )
b1111 =
1+
14
b1001 *
b1001 >
b1001 3
b1001 9
01
#645000
b1010 B
b1010 ,
b1010 7
b1010 G
b1001 !
b1001 <
b1001 @
b11010 6
11
#650000
b0 )
b0 =
0+
04
01
#655000
11
#660000
b1111 )
b1111 =
1+
14
b1010 *
b1010 >
b1010 3
b1010 9
01
#665000
b1011 B
b1011 ,
b1011 7
b1011 G
b1010 !
b1010 <
b1010 @
b11011 6
11
#670000
b0 )
b0 =
0+
04
01
#675000
11
#680000
b1111 )
b1111 =
1+
14
b1011 *
b1011 >
b1011 3
b1011 9
01
#685000
b1100 B
b1100 ,
b1100 7
b1100 G
b1011 !
b1011 <
b1011 @
b11100 6
11
#690000
b0 )
b0 =
0+
04
01
#695000
11
#700000
b1111 )
b1111 =
1+
14
b1100 *
b1100 >
b1100 3
b1100 9
01
#705000
b1101 B
b1101 ,
b1101 7
b1101 G
b1100 !
b1100 <
b1100 @
b11101 6
11
#710000
b0 )
b0 =
0+
04
01
#715000
11
#720000
b1111 )
b1111 =
1+
14
b1101 *
b1101 >
b1101 3
b1101 9
01
#725000
b1110 B
b1110 ,
b1110 7
b1110 G
b1101 !
b1101 <
b1101 @
b11110 6
11
#730000
b0 )
b0 =
0+
04
01
#735000
11
#740000
b1111 )
b1111 =
1+
14
b1110 *
b1110 >
b1110 3
b1110 9
01
#745000
b1111 B
b1111 ,
b1111 7
b1111 G
b1110 !
b1110 <
b1110 @
b11111 6
11
#750000
b0 )
b0 =
0+
04
01
#755000
11
#760000
b1111 )
b1111 =
1+
14
b1111 *
b1111 >
b1111 3
b1111 9
01
#765000
b10000 B
b10000 ,
b10000 7
b10000 G
b1111 !
b1111 <
b1111 @
b100000 6
11
#770000
b0 )
b0 =
0+
04
01
#775000
11
#780000
b1111 )
b1111 =
1+
14
b10000 *
b10000 >
b10000 3
b10000 9
01
#785000
b10001 B
b10001 ,
b10001 7
b10001 G
b10000 !
b10000 <
b10000 @
b100001 6
11
#790000
b0 )
b0 =
0+
04
01
#795000
11
#800000
b1111 )
b1111 =
1+
14
b10001 *
b10001 >
b10001 3
b10001 9
01
#805000
b10010 B
b10010 ,
b10010 7
b10010 G
b10001 !
b10001 <
b10001 @
b100010 6
11
#810000
b0 )
b0 =
0+
04
01
#815000
11
#820000
b1111 )
b1111 =
1+
14
b10010 *
b10010 >
b10010 3
b10010 9
01
#825000
b10011 B
b10011 ,
b10011 7
b10011 G
b10010 !
b10010 <
b10010 @
b100011 6
11
#830000
b0 )
b0 =
0+
04
01
#835000
11
#840000
b1111 )
b1111 =
1+
14
b10011 *
b10011 >
b10011 3
b10011 9
01
#845000
b10100 B
b10100 ,
b10100 7
b10100 G
b10011 !
b10011 <
b10011 @
b100100 6
11
#850000
b0 )
b0 =
0+
04
01
#855000
11
#860000
b1111 )
b1111 =
1+
14
b10100 *
b10100 >
b10100 3
b10100 9
01
#865000
b10101 B
b10101 ,
b10101 7
b10101 G
b10100 !
b10100 <
b10100 @
b100101 6
11
#870000
b0 )
b0 =
0+
04
01
#875000
11
#880000
b1111 )
b1111 =
1+
14
b10101 *
b10101 >
b10101 3
b10101 9
01
#885000
b10110 B
b10110 ,
b10110 7
b10110 G
b10101 !
b10101 <
b10101 @
b100110 6
11
#890000
b0 )
b0 =
0+
04
01
#895000
11
#900000
b1111 )
b1111 =
1+
14
b10110 *
b10110 >
b10110 3
b10110 9
01
#905000
b10111 B
b10111 ,
b10111 7
b10111 G
b10110 !
b10110 <
b10110 @
b100111 6
11
#910000
b0 )
b0 =
0+
04
01
#915000
11
#920000
b1111 )
b1111 =
1+
14
b10111 *
b10111 >
b10111 3
b10111 9
01
#925000
b11000 B
b11000 ,
b11000 7
b11000 G
b10111 !
b10111 <
b10111 @
b101000 6
11
#930000
b0 )
b0 =
0+
04
01
#935000
11
#940000
b1111 )
b1111 =
1+
14
b11000 *
b11000 >
b11000 3
b11000 9
01
#945000
b11001 B
b11001 ,
b11001 7
b11001 G
b11000 !
b11000 <
b11000 @
b101001 6
11
#950000
b0 )
b0 =
0+
04
01
#955000
11
#960000
b1111 )
b1111 =
1+
14
b11001 *
b11001 >
b11001 3
b11001 9
01
#965000
b11010 B
b11010 ,
b11010 7
b11010 G
b11001 !
b11001 <
b11001 @
b101010 6
11
#970000
b0 )
b0 =
0+
04
01
#975000
11
#980000
b1111 )
b1111 =
1+
14
b11010 *
b11010 >
b11010 3
b11010 9
01
#985000
b11011 B
b11011 ,
b11011 7
b11011 G
b11010 !
b11010 <
b11010 @
b101011 6
11
#990000
b0 )
b0 =
0+
04
01
#995000
11
#1000000
b1111 )
b1111 =
1+
14
b11011 *
b11011 >
b11011 3
b11011 9
01
#1005000
b11100 B
b11100 ,
b11100 7
b11100 G
b11011 !
b11011 <
b11011 @
b101100 6
11
#1010000
b0 )
b0 =
0+
04
01
#1015000
11
#1020000
b1111 )
b1111 =
1+
14
b11100 *
b11100 >
b11100 3
b11100 9
01
#1025000
b11101 B
b11101 ,
b11101 7
b11101 G
b11100 !
b11100 <
b11100 @
b101101 6
11
#1030000
b0 )
b0 =
0+
04
01
#1035000
11
#1040000
b1111 )
b1111 =
1+
14
b11101 *
b11101 >
b11101 3
b11101 9
01
#1045000
b11110 B
b11110 ,
b11110 7
b11110 G
b11101 !
b11101 <
b11101 @
b101110 6
11
#1050000
b0 )
b0 =
0+
04
01
#1055000
11
#1060000
b1111 )
b1111 =
1+
14
b11110 *
b11110 >
b11110 3
b11110 9
01
#1065000
b11111 B
b11111 ,
b11111 7
b11111 G
b11110 !
b11110 <
b11110 @
b101111 6
11
#1070000
b0 )
b0 =
0+
04
01
#1075000
11
#1080000
b1111 )
b1111 =
1+
14
b11111 *
b11111 >
b11111 3
b11111 9
01
#1085000
b100000 B
b100000 ,
b100000 7
b100000 G
b11111 !
b11111 <
b11111 @
b110000 6
11
#1090000
b0 )
b0 =
0+
04
01
#1095000
11
#1100000
b1111 )
b1111 =
1+
14
b100000 *
b100000 >
b100000 3
b100000 9
01
#1105000
b100001 B
b100001 ,
b100001 7
b100001 G
b100000 !
b100000 <
b100000 @
b110001 6
11
#1110000
b0 )
b0 =
0+
04
01
#1115000
11
#1120000
b1111 )
b1111 =
1+
14
b100001 *
b100001 >
b100001 3
b100001 9
01
#1125000
b100010 B
b100010 ,
b100010 7
b100010 G
b100001 !
b100001 <
b100001 @
b110010 6
11
#1130000
b0 )
b0 =
0+
04
01
#1135000
11
#1140000
b1111 )
b1111 =
1+
14
b100010 *
b100010 >
b100010 3
b100010 9
01
#1145000
b100011 B
b100011 ,
b100011 7
b100011 G
b100010 !
b100010 <
b100010 @
b110011 6
11
#1150000
b0 )
b0 =
0+
04
01
#1155000
11
#1160000
b1111 )
b1111 =
1+
14
b100011 *
b100011 >
b100011 3
b100011 9
01
#1165000
b100100 B
b100100 ,
b100100 7
b100100 G
b100011 !
b100011 <
b100011 @
b110100 6
11
#1170000
b0 )
b0 =
0+
04
01
#1175000
11
#1180000
b1111 )
b1111 =
1+
14
b100100 *
b100100 >
b100100 3
b100100 9
01
#1185000
b100101 B
b100101 ,
b100101 7
b100101 G
b100100 !
b100100 <
b100100 @
b110101 6
11
#1190000
b0 )
b0 =
0+
04
01
#1195000
11
#1200000
b1111 )
b1111 =
1+
14
b100101 *
b100101 >
b100101 3
b100101 9
01
#1205000
b100110 B
b100110 ,
b100110 7
b100110 G
b100101 !
b100101 <
b100101 @
b110110 6
11
#1210000
b0 )
b0 =
0+
04
01
#1215000
11
#1220000
b1111 )
b1111 =
1+
14
b100110 *
b100110 >
b100110 3
b100110 9
01
#1225000
b100111 B
b100111 ,
b100111 7
b100111 G
b100110 !
b100110 <
b100110 @
b110111 6
11
#1230000
b0 )
b0 =
0+
04
01
#1235000
11
#1240000
b1111 )
b1111 =
1+
14
b100111 *
b100111 >
b100111 3
b100111 9
01
#1245000
b101000 B
b101000 ,
b101000 7
b101000 G
b100111 !
b100111 <
b100111 @
b111000 6
11
#1250000
b0 )
b0 =
0+
04
01
#1255000
11
#1260000
b1111 )
b1111 =
1+
14
b101000 *
b101000 >
b101000 3
b101000 9
01
#1265000
b101001 B
b101001 ,
b101001 7
b101001 G
b101000 !
b101000 <
b101000 @
b111001 6
11
#1270000
b0 )
b0 =
0+
04
01
#1275000
11
#1280000
b1111 )
b1111 =
1+
14
b101001 *
b101001 >
b101001 3
b101001 9
01
#1285000
b101010 B
b101010 ,
b101010 7
b101010 G
b101001 !
b101001 <
b101001 @
b111010 6
11
#1290000
b0 )
b0 =
0+
04
01
#1295000
11
#1300000
b1111 )
b1111 =
1+
14
b101010 *
b101010 >
b101010 3
b101010 9
01
#1305000
b101011 B
b101011 ,
b101011 7
b101011 G
b101010 !
b101010 <
b101010 @
b111011 6
11
#1310000
b0 )
b0 =
0+
04
01
#1315000
11
#1320000
b1111 )
b1111 =
1+
14
b101011 *
b101011 >
b101011 3
b101011 9
01
#1325000
b101100 B
b101100 ,
b101100 7
b101100 G
b101011 !
b101011 <
b101011 @
b111100 6
11
#1330000
b0 )
b0 =
0+
04
01
#1335000
11
#1340000
b1111 )
b1111 =
1+
14
b101100 *
b101100 >
b101100 3
b101100 9
01
#1345000
b101101 B
b101101 ,
b101101 7
b101101 G
b101100 !
b101100 <
b101100 @
b111101 6
11
#1350000
b0 )
b0 =
0+
04
01
#1355000
11
#1360000
b1111 )
b1111 =
1+
14
b101101 *
b101101 >
b101101 3
b101101 9
01
#1365000
b101110 B
b101110 ,
b101110 7
b101110 G
b101101 !
b101101 <
b101101 @
b111110 6
11
#1370000
b0 )
b0 =
0+
04
01
#1375000
11
#1380000
b1111 )
b1111 =
1+
14
b101110 *
b101110 >
b101110 3
b101110 9
01
#1385000
b101111 B
b101111 ,
b101111 7
b101111 G
b101110 !
b101110 <
b101110 @
b111111 6
11
#1390000
b0 )
b0 =
0+
04
01
#1395000
11
#1400000
b1111 )
b1111 =
1+
14
b101111 *
b101111 >
b101111 3
b101111 9
01
#1405000
b110000 B
b110000 ,
b110000 7
b110000 G
b101111 !
b101111 <
b101111 @
b1000000 6
11
#1410000
b0 )
b0 =
0+
04
01
#1415000
11
#1420000
b1111 )
b1111 =
1+
14
b110000 *
b110000 >
b110000 3
b110000 9
01
#1425000
b110001 B
b110001 ,
b110001 7
b110001 G
b110000 !
b110000 <
b110000 @
b1000001 6
11
#1430000
b0 )
b0 =
0+
04
01
#1435000
11
#1440000
b1111 )
b1111 =
1+
14
b110001 *
b110001 >
b110001 3
b110001 9
01
#1445000
b110010 B
b110010 ,
b110010 7
b110010 G
b110001 !
b110001 <
b110001 @
b1000010 6
11
#1450000
b0 )
b0 =
0+
04
01
#1455000
11
#1460000
b1111 )
b1111 =
1+
14
b110010 *
b110010 >
b110010 3
b110010 9
01
#1465000
b110011 B
b110011 ,
b110011 7
b110011 G
b110010 !
b110010 <
b110010 @
b1000011 6
11
#1470000
b0 )
b0 =
0+
04
01
#1475000
11
#1480000
b1111 )
b1111 =
1+
14
b110011 *
b110011 >
b110011 3
b110011 9
01
#1485000
b110100 B
b110100 ,
b110100 7
b110100 G
b110011 !
b110011 <
b110011 @
b1000100 6
11
#1490000
b0 )
b0 =
0+
04
01
#1495000
11
#1500000
b1111 )
b1111 =
1+
14
b110100 *
b110100 >
b110100 3
b110100 9
01
#1505000
b110101 B
b110101 ,
b110101 7
b110101 G
b110100 !
b110100 <
b110100 @
b1000101 6
11
#1510000
b0 )
b0 =
0+
04
01
#1515000
11
#1520000
b1111 )
b1111 =
1+
14
b110101 *
b110101 >
b110101 3
b110101 9
01
#1525000
b110110 B
b110110 ,
b110110 7
b110110 G
b110101 !
b110101 <
b110101 @
b1000110 6
11
#1530000
b0 )
b0 =
0+
04
01
#1535000
11
#1540000
b1111 )
b1111 =
1+
14
b110110 *
b110110 >
b110110 3
b110110 9
01
#1545000
b110111 B
b110111 ,
b110111 7
b110111 G
b110110 !
b110110 <
b110110 @
b1000111 6
11
#1550000
b0 )
b0 =
0+
04
01
#1555000
11
#1560000
b1111 )
b1111 =
1+
14
b110111 *
b110111 >
b110111 3
b110111 9
01
#1565000
b111000 B
b111000 ,
b111000 7
b111000 G
b110111 !
b110111 <
b110111 @
b1001000 6
11
#1570000
b0 )
b0 =
0+
04
01
#1575000
11
#1580000
b1111 )
b1111 =
1+
14
b111000 *
b111000 >
b111000 3
b111000 9
01
#1585000
b111001 B
b111001 ,
b111001 7
b111001 G
b111000 !
b111000 <
b111000 @
b1001001 6
11
#1590000
b0 )
b0 =
0+
04
01
#1595000
11
#1600000
b1111 )
b1111 =
1+
14
b111001 *
b111001 >
b111001 3
b111001 9
01
#1605000
b111010 B
b111010 ,
b111010 7
b111010 G
b111001 !
b111001 <
b111001 @
b1001010 6
11
#1610000
b0 )
b0 =
0+
04
01
#1615000
11
#1620000
b1111 )
b1111 =
1+
14
b111010 *
b111010 >
b111010 3
b111010 9
01
#1625000
b111011 B
b111011 ,
b111011 7
b111011 G
b111010 !
b111010 <
b111010 @
b1001011 6
11
#1630000
b0 )
b0 =
0+
04
01
#1635000
11
#1640000
b1111 )
b1111 =
1+
14
b111011 *
b111011 >
b111011 3
b111011 9
01
#1645000
b111100 B
b111100 ,
b111100 7
b111100 G
b111011 !
b111011 <
b111011 @
b1001100 6
11
#1650000
b0 )
b0 =
0+
04
01
#1655000
11
#1660000
b1111 )
b1111 =
1+
14
b111100 *
b111100 >
b111100 3
b111100 9
01
#1665000
b111101 B
b111101 ,
b111101 7
b111101 G
b111100 !
b111100 <
b111100 @
b1001101 6
11
#1670000
b0 )
b0 =
0+
04
01
#1675000
11
#1680000
b1111 )
b1111 =
1+
14
b111101 *
b111101 >
b111101 3
b111101 9
01
#1685000
b111110 B
b111110 ,
b111110 7
b111110 G
b111101 !
b111101 <
b111101 @
b1001110 6
11
#1690000
b0 )
b0 =
0+
04
01
#1695000
11
#1700000
b1111 )
b1111 =
1+
14
b111110 *
b111110 >
b111110 3
b111110 9
01
#1705000
b111111 B
b111111 ,
b111111 7
b111111 G
b111110 !
b111110 <
b111110 @
b1001111 6
11
#1710000
b0 )
b0 =
0+
04
01
#1715000
11
#1720000
b1111 )
b1111 =
1+
14
b111111 *
b111111 >
b111111 3
b111111 9
01
#1725000
b1000000 B
b1000000 ,
b1000000 7
b1000000 G
b111111 !
b111111 <
b111111 @
b1010000 6
11
#1730000
b0 )
b0 =
0+
04
01
#1735000
11
#1740000
b1111 )
b1111 =
1+
14
b1000000 *
b1000000 >
b1000000 3
b1000000 9
01
#1745000
b1000001 B
b1000001 ,
b1000001 7
b1000001 G
b1000000 !
b1000000 <
b1000000 @
b1010001 6
11
#1750000
b0 )
b0 =
0+
04
01
#1755000
11
#1760000
b1111 )
b1111 =
1+
14
b1000001 *
b1000001 >
b1000001 3
b1000001 9
01
#1765000
b1000010 B
b1000010 ,
b1000010 7
b1000010 G
b1000001 !
b1000001 <
b1000001 @
b1010010 6
11
#1770000
b0 )
b0 =
0+
04
01
#1775000
11
#1780000
b1111 )
b1111 =
1+
14
b1000010 *
b1000010 >
b1000010 3
b1000010 9
01
#1785000
b1000011 B
b1000011 ,
b1000011 7
b1000011 G
b1000010 !
b1000010 <
b1000010 @
b1010011 6
11
#1790000
b0 )
b0 =
0+
04
01
#1795000
11
#1800000
b1111 )
b1111 =
1+
14
b1000011 *
b1000011 >
b1000011 3
b1000011 9
01
#1805000
b1000100 B
b1000100 ,
b1000100 7
b1000100 G
b1000011 !
b1000011 <
b1000011 @
b1010100 6
11
#1810000
b0 )
b0 =
0+
04
01
#1815000
11
#1820000
b1111 )
b1111 =
1+
14
b1000100 *
b1000100 >
b1000100 3
b1000100 9
01
#1825000
b1000101 B
b1000101 ,
b1000101 7
b1000101 G
b1000100 !
b1000100 <
b1000100 @
b1010101 6
11
#1830000
b0 )
b0 =
0+
04
01
#1835000
11
#1840000
b1111 )
b1111 =
1+
14
b1000101 *
b1000101 >
b1000101 3
b1000101 9
01
#1845000
b1000110 B
b1000110 ,
b1000110 7
b1000110 G
b1000101 !
b1000101 <
b1000101 @
b1010110 6
11
#1850000
b0 )
b0 =
0+
04
01
#1855000
11
#1860000
b1111 )
b1111 =
1+
14
b1000110 *
b1000110 >
b1000110 3
b1000110 9
01
#1865000
b1000111 B
b1000111 ,
b1000111 7
b1000111 G
b1000110 !
b1000110 <
b1000110 @
b1010111 6
11
#1870000
b0 )
b0 =
0+
04
01
#1875000
11
#1880000
b1111 )
b1111 =
1+
14
b1000111 *
b1000111 >
b1000111 3
b1000111 9
01
#1885000
b1001000 B
b1001000 ,
b1001000 7
b1001000 G
b1000111 !
b1000111 <
b1000111 @
b1011000 6
11
#1890000
b0 )
b0 =
0+
04
01
#1895000
11
#1900000
b1111 )
b1111 =
1+
14
b1001000 *
b1001000 >
b1001000 3
b1001000 9
01
#1905000
b1001001 B
b1001001 ,
b1001001 7
b1001001 G
b1001000 !
b1001000 <
b1001000 @
b1011001 6
11
#1910000
b0 )
b0 =
0+
04
01
#1915000
11
#1920000
b1111 )
b1111 =
1+
14
b1001001 *
b1001001 >
b1001001 3
b1001001 9
01
#1925000
b1001010 B
b1001010 ,
b1001010 7
b1001010 G
b1001001 !
b1001001 <
b1001001 @
b1011010 6
11
#1930000
b0 )
b0 =
0+
04
01
#1935000
11
#1940000
b1111 )
b1111 =
1+
14
b1001010 *
b1001010 >
b1001010 3
b1001010 9
01
#1945000
b1001011 B
b1001011 ,
b1001011 7
b1001011 G
b1001010 !
b1001010 <
b1001010 @
b1011011 6
11
#1950000
b0 )
b0 =
0+
04
01
#1955000
11
#1960000
b1111 )
b1111 =
1+
14
b1001011 *
b1001011 >
b1001011 3
b1001011 9
01
#1965000
b1001100 B
b1001100 ,
b1001100 7
b1001100 G
b1001011 !
b1001011 <
b1001011 @
b1011100 6
11
#1970000
b0 )
b0 =
0+
04
01
#1975000
11
#1980000
b1111 )
b1111 =
1+
14
b1001100 *
b1001100 >
b1001100 3
b1001100 9
01
#1985000
b1001101 B
b1001101 ,
b1001101 7
b1001101 G
b1001100 !
b1001100 <
b1001100 @
b1011101 6
11
#1990000
b0 )
b0 =
0+
04
01
#1995000
11
#2000000
b1111 )
b1111 =
1+
14
b1001101 *
b1001101 >
b1001101 3
b1001101 9
01
#2005000
b1001110 B
b1001110 ,
b1001110 7
b1001110 G
b1001101 !
b1001101 <
b1001101 @
b1011110 6
11
#2010000
b0 )
b0 =
0+
04
01
#2015000
11
#2020000
b1111 )
b1111 =
1+
14
b1001110 *
b1001110 >
b1001110 3
b1001110 9
01
#2025000
b1001111 B
b1001111 ,
b1001111 7
b1001111 G
b1001110 !
b1001110 <
b1001110 @
b1011111 6
11
#2030000
b0 )
b0 =
0+
04
01
#2035000
11
#2040000
b1111 )
b1111 =
1+
14
b1001111 *
b1001111 >
b1001111 3
b1001111 9
01
#2045000
b1010000 B
b1010000 ,
b1010000 7
b1010000 G
b1001111 !
b1001111 <
b1001111 @
b1100000 6
11
#2050000
b0 )
b0 =
0+
04
01
#2055000
11
#2060000
b1111 )
b1111 =
1+
14
b1010000 *
b1010000 >
b1010000 3
b1010000 9
01
#2065000
b1010001 B
b1010001 ,
b1010001 7
b1010001 G
b1010000 !
b1010000 <
b1010000 @
b1100001 6
11
#2070000
b0 )
b0 =
0+
04
01
#2075000
11
#2080000
b1111 )
b1111 =
1+
14
b1010001 *
b1010001 >
b1010001 3
b1010001 9
01
#2085000
b1010010 B
b1010010 ,
b1010010 7
b1010010 G
b1010001 !
b1010001 <
b1010001 @
b1100010 6
11
#2090000
b0 )
b0 =
0+
04
01
#2095000
11
#2100000
b1111 )
b1111 =
1+
14
b1010010 *
b1010010 >
b1010010 3
b1010010 9
01
#2105000
b1010011 B
b1010011 ,
b1010011 7
b1010011 G
b1010010 !
b1010010 <
b1010010 @
b1100011 6
11
#2110000
b0 )
b0 =
0+
04
01
#2115000
11
#2120000
b1111 )
b1111 =
1+
14
b1010011 *
b1010011 >
b1010011 3
b1010011 9
01
#2125000
b1010100 B
b1010100 ,
b1010100 7
b1010100 G
b1010011 !
b1010011 <
b1010011 @
b1100100 6
11
#2130000
b0 )
b0 =
0+
04
01
#2135000
11
#2140000
b1111 )
b1111 =
1+
14
b1010100 *
b1010100 >
b1010100 3
b1010100 9
01
#2145000
b1010101 B
b1010101 ,
b1010101 7
b1010101 G
b1010100 !
b1010100 <
b1010100 @
b1100101 6
11
#2150000
b0 )
b0 =
0+
04
01
#2155000
11
#2160000
b1111 )
b1111 =
1+
14
b1010101 *
b1010101 >
b1010101 3
b1010101 9
01
#2165000
b1010110 B
b1010110 ,
b1010110 7
b1010110 G
b1010101 !
b1010101 <
b1010101 @
b1100110 6
11
#2170000
b0 )
b0 =
0+
04
01
#2175000
11
#2180000
b1111 )
b1111 =
1+
14
b1010110 *
b1010110 >
b1010110 3
b1010110 9
01
#2185000
b1010111 B
b1010111 ,
b1010111 7
b1010111 G
b1010110 !
b1010110 <
b1010110 @
b1100111 6
11
#2190000
b0 )
b0 =
0+
04
01
#2195000
11
#2200000
b1111 )
b1111 =
1+
14
b1010111 *
b1010111 >
b1010111 3
b1010111 9
01
#2205000
b1011000 B
b1011000 ,
b1011000 7
b1011000 G
b1010111 !
b1010111 <
b1010111 @
b1101000 6
11
#2210000
b0 )
b0 =
0+
04
01
#2215000
11
#2220000
b1111 )
b1111 =
1+
14
b1011000 *
b1011000 >
b1011000 3
b1011000 9
01
#2225000
b1011001 B
b1011001 ,
b1011001 7
b1011001 G
b1011000 !
b1011000 <
b1011000 @
b1101001 6
11
#2230000
b0 )
b0 =
0+
04
01
#2235000
11
#2240000
b1111 )
b1111 =
1+
14
b1011001 *
b1011001 >
b1011001 3
b1011001 9
01
#2245000
b1011010 B
b1011010 ,
b1011010 7
b1011010 G
b1011001 !
b1011001 <
b1011001 @
b1101010 6
11
#2250000
b0 )
b0 =
0+
04
01
#2255000
11
#2260000
b1111 )
b1111 =
1+
14
b1011010 *
b1011010 >
b1011010 3
b1011010 9
01
#2265000
b1011011 B
b1011011 ,
b1011011 7
b1011011 G
b1011010 !
b1011010 <
b1011010 @
b1101011 6
11
#2270000
b0 )
b0 =
0+
04
01
#2275000
11
#2280000
b1111 )
b1111 =
1+
14
b1011011 *
b1011011 >
b1011011 3
b1011011 9
01
#2285000
b1011100 B
b1011100 ,
b1011100 7
b1011100 G
b1011011 !
b1011011 <
b1011011 @
b1101100 6
11
#2290000
b0 )
b0 =
0+
04
01
#2295000
11
#2300000
b1111 )
b1111 =
1+
14
b1011100 *
b1011100 >
b1011100 3
b1011100 9
01
#2305000
b1011101 B
b1011101 ,
b1011101 7
b1011101 G
b1011100 !
b1011100 <
b1011100 @
b1101101 6
11
#2310000
b0 )
b0 =
0+
04
01
#2315000
11
#2320000
b1111 )
b1111 =
1+
14
b1011101 *
b1011101 >
b1011101 3
b1011101 9
01
#2325000
b1011110 B
b1011110 ,
b1011110 7
b1011110 G
b1011101 !
b1011101 <
b1011101 @
b1101110 6
11
#2330000
b0 )
b0 =
0+
04
01
#2335000
11
#2340000
b1111 )
b1111 =
1+
14
b1011110 *
b1011110 >
b1011110 3
b1011110 9
01
#2345000
b1011111 B
b1011111 ,
b1011111 7
b1011111 G
b1011110 !
b1011110 <
b1011110 @
b1101111 6
11
#2350000
b0 )
b0 =
0+
04
01
#2355000
11
#2360000
b1111 )
b1111 =
1+
14
b1011111 *
b1011111 >
b1011111 3
b1011111 9
01
#2365000
b1100000 B
b1100000 ,
b1100000 7
b1100000 G
b1011111 !
b1011111 <
b1011111 @
b1110000 6
11
#2370000
b0 )
b0 =
0+
04
01
#2375000
11
#2380000
b1111 )
b1111 =
1+
14
b1100000 *
b1100000 >
b1100000 3
b1100000 9
01
#2385000
b1100001 B
b1100001 ,
b1100001 7
b1100001 G
b1100000 !
b1100000 <
b1100000 @
b1110001 6
11
#2390000
b0 )
b0 =
0+
04
01
#2395000
11
#2400000
b1111 )
b1111 =
1+
14
b1100001 *
b1100001 >
b1100001 3
b1100001 9
01
#2405000
b1100010 B
b1100010 ,
b1100010 7
b1100010 G
b1100001 !
b1100001 <
b1100001 @
b1110010 6
11
#2410000
b0 )
b0 =
0+
04
01
#2415000
11
#2420000
b1111 )
b1111 =
1+
14
b1100010 *
b1100010 >
b1100010 3
b1100010 9
01
#2425000
b1100011 B
b1100011 ,
b1100011 7
b1100011 G
b1100010 !
b1100010 <
b1100010 @
b1110011 6
11
#2430000
b0 )
b0 =
0+
04
01
#2435000
11
#2440000
b1111 )
b1111 =
1+
14
b1100011 *
b1100011 >
b1100011 3
b1100011 9
01
#2445000
b1100100 B
b1100100 ,
b1100100 7
b1100100 G
b1100011 !
b1100011 <
b1100011 @
b1110100 6
11
#2450000
b0 )
b0 =
0+
04
01
#2455000
11
#2460000
b1111 )
b1111 =
1+
14
b1100100 *
b1100100 >
b1100100 3
b1100100 9
01
#2465000
b1100101 B
b1100101 ,
b1100101 7
b1100101 G
b1100100 !
b1100100 <
b1100100 @
b1110101 6
11
#2470000
b0 )
b0 =
0+
04
01
#2475000
11
#2480000
b1111 )
b1111 =
1+
14
b1100101 *
b1100101 >
b1100101 3
b1100101 9
01
#2485000
b1100110 B
b1100110 ,
b1100110 7
b1100110 G
b1100101 !
b1100101 <
b1100101 @
b1110110 6
11
#2490000
b0 )
b0 =
0+
04
01
#2495000
11
#2500000
b1111 )
b1111 =
1+
14
b1100110 *
b1100110 >
b1100110 3
b1100110 9
01
#2505000
b1100111 B
b1100111 ,
b1100111 7
b1100111 G
b1100110 !
b1100110 <
b1100110 @
b1110111 6
11
#2510000
b0 )
b0 =
0+
04
01
#2515000
11
#2520000
b1111 )
b1111 =
1+
14
b1100111 *
b1100111 >
b1100111 3
b1100111 9
01
#2525000
b1101000 B
b1101000 ,
b1101000 7
b1101000 G
b1100111 !
b1100111 <
b1100111 @
b1111000 6
11
#2530000
b0 )
b0 =
0+
04
01
#2535000
11
#2540000
b1111 )
b1111 =
1+
14
b1101000 *
b1101000 >
b1101000 3
b1101000 9
01
#2545000
b1101001 B
b1101001 ,
b1101001 7
b1101001 G
b1101000 !
b1101000 <
b1101000 @
b1111001 6
11
#2550000
b0 )
b0 =
0+
04
01
#2555000
11
#2560000
b1111 )
b1111 =
1+
14
b1101001 *
b1101001 >
b1101001 3
b1101001 9
01
#2565000
b1101010 B
b1101010 ,
b1101010 7
b1101010 G
b1101001 !
b1101001 <
b1101001 @
b1111010 6
11
#2570000
b0 )
b0 =
0+
04
01
#2575000
11
#2580000
b1111 )
b1111 =
1+
14
b1101010 *
b1101010 >
b1101010 3
b1101010 9
01
#2585000
b1101011 B
b1101011 ,
b1101011 7
b1101011 G
b1101010 !
b1101010 <
b1101010 @
b1111011 6
11
#2590000
b0 )
b0 =
0+
04
01
#2595000
11
#2600000
b1111 )
b1111 =
1+
14
b1101011 *
b1101011 >
b1101011 3
b1101011 9
01
#2605000
b1101100 B
b1101100 ,
b1101100 7
b1101100 G
b1101011 !
b1101011 <
b1101011 @
b1111100 6
11
#2610000
b0 )
b0 =
0+
04
01
#2615000
11
#2620000
b1111 )
b1111 =
1+
14
b1101100 *
b1101100 >
b1101100 3
b1101100 9
01
#2625000
b1101101 B
b1101101 ,
b1101101 7
b1101101 G
b1101100 !
b1101100 <
b1101100 @
b1111101 6
11
#2630000
b0 )
b0 =
0+
04
01
#2635000
11
#2640000
b1111 )
b1111 =
1+
14
b1101101 *
b1101101 >
b1101101 3
b1101101 9
01
#2645000
b1101110 B
b1101110 ,
b1101110 7
b1101110 G
b1101101 !
b1101101 <
b1101101 @
b1111110 6
11
#2650000
b0 )
b0 =
0+
04
01
#2655000
11
#2660000
b1111 )
b1111 =
1+
14
b1101110 *
b1101110 >
b1101110 3
b1101110 9
01
#2665000
b1101111 B
b1101111 ,
b1101111 7
b1101111 G
b1101110 !
b1101110 <
b1101110 @
b1111111 6
11
#2670000
b0 )
b0 =
0+
04
01
#2675000
11
#2680000
b1111 )
b1111 =
1+
14
b1101111 *
b1101111 >
b1101111 3
b1101111 9
01
#2685000
b1110000 B
b1110000 ,
b1110000 7
b1110000 G
b1101111 !
b1101111 <
b1101111 @
b10000000 6
11
#2690000
b0 )
b0 =
0+
04
01
#2695000
11
#2700000
b1111 )
b1111 =
1+
14
b1110000 *
b1110000 >
b1110000 3
b1110000 9
01
#2705000
b1110001 B
b1110001 ,
b1110001 7
b1110001 G
b1110000 !
b1110000 <
b1110000 @
b10000001 6
11
#2710000
b0 )
b0 =
0+
04
01
#2715000
11
#2720000
b1111 )
b1111 =
1+
14
b1110001 *
b1110001 >
b1110001 3
b1110001 9
01
#2725000
b1110010 B
b1110010 ,
b1110010 7
b1110010 G
b1110001 !
b1110001 <
b1110001 @
b10000010 6
11
#2730000
b0 )
b0 =
0+
04
01
#2735000
11
#2740000
b1111 )
b1111 =
1+
14
b1110010 *
b1110010 >
b1110010 3
b1110010 9
01
#2745000
b1110011 B
b1110011 ,
b1110011 7
b1110011 G
b1110010 !
b1110010 <
b1110010 @
b10000011 6
11
#2750000
b0 )
b0 =
0+
04
01
#2755000
11
#2760000
b1111 )
b1111 =
1+
14
b1110011 *
b1110011 >
b1110011 3
b1110011 9
01
#2765000
b1110100 B
b1110100 ,
b1110100 7
b1110100 G
b1110011 !
b1110011 <
b1110011 @
b10000100 6
11
#2770000
b0 )
b0 =
0+
04
01
#2775000
11
#2780000
b1111 )
b1111 =
1+
14
b1110100 *
b1110100 >
b1110100 3
b1110100 9
01
#2785000
b1110101 B
b1110101 ,
b1110101 7
b1110101 G
b1110100 !
b1110100 <
b1110100 @
b10000101 6
11
#2790000
b0 )
b0 =
0+
04
01
#2795000
11
#2800000
b1111 )
b1111 =
1+
14
b1110101 *
b1110101 >
b1110101 3
b1110101 9
01
#2805000
b1110110 B
b1110110 ,
b1110110 7
b1110110 G
b1110101 !
b1110101 <
b1110101 @
b10000110 6
11
#2810000
b0 )
b0 =
0+
04
01
#2815000
11
#2820000
b1111 )
b1111 =
1+
14
b1110110 *
b1110110 >
b1110110 3
b1110110 9
01
#2825000
b1110111 B
b1110111 ,
b1110111 7
b1110111 G
b1110110 !
b1110110 <
b1110110 @
b10000111 6
11
#2830000
b0 )
b0 =
0+
04
01
#2835000
11
#2840000
b1111 )
b1111 =
1+
14
b1110111 *
b1110111 >
b1110111 3
b1110111 9
01
#2845000
b1111000 B
b1111000 ,
b1111000 7
b1111000 G
b1110111 !
b1110111 <
b1110111 @
b10001000 6
11
#2850000
b0 )
b0 =
0+
04
01
#2855000
11
#2860000
b1111 )
b1111 =
1+
14
b1111000 *
b1111000 >
b1111000 3
b1111000 9
01
#2865000
b1111001 B
b1111001 ,
b1111001 7
b1111001 G
b1111000 !
b1111000 <
b1111000 @
b10001001 6
11
#2870000
b0 )
b0 =
0+
04
01
#2875000
11
#2880000
b1111 )
b1111 =
1+
14
b1111001 *
b1111001 >
b1111001 3
b1111001 9
01
#2885000
b1111010 B
b1111010 ,
b1111010 7
b1111010 G
b1111001 !
b1111001 <
b1111001 @
b10001010 6
11
#2890000
b0 )
b0 =
0+
04
01
#2895000
11
#2900000
b1111 )
b1111 =
1+
14
b1111010 *
b1111010 >
b1111010 3
b1111010 9
01
#2905000
b1111011 B
b1111011 ,
b1111011 7
b1111011 G
b1111010 !
b1111010 <
b1111010 @
b10001011 6
11
#2910000
b0 )
b0 =
0+
04
01
#2915000
11
#2920000
b1111 )
b1111 =
1+
14
b1111011 *
b1111011 >
b1111011 3
b1111011 9
01
#2925000
b1111100 B
b1111100 ,
b1111100 7
b1111100 G
b1111011 !
b1111011 <
b1111011 @
b10001100 6
11
#2930000
b0 )
b0 =
0+
04
01
#2935000
11
#2940000
b1111 )
b1111 =
1+
14
b1111100 *
b1111100 >
b1111100 3
b1111100 9
01
#2945000
b1111101 B
b1111101 ,
b1111101 7
b1111101 G
b1111100 !
b1111100 <
b1111100 @
b10001101 6
11
#2950000
b0 )
b0 =
0+
04
01
#2955000
11
#2960000
b1111 )
b1111 =
1+
14
b1111101 *
b1111101 >
b1111101 3
b1111101 9
01
#2965000
b1111110 B
b1111110 ,
b1111110 7
b1111110 G
b1111101 !
b1111101 <
b1111101 @
b10001110 6
11
#2970000
b0 )
b0 =
0+
04
01
#2975000
11
#2980000
b1111 )
b1111 =
1+
14
b1111110 *
b1111110 >
b1111110 3
b1111110 9
01
#2985000
b1111111 B
b1111111 ,
b1111111 7
b1111111 G
b1111110 !
b1111110 <
b1111110 @
b10001111 6
11
#2990000
b0 )
b0 =
0+
04
01
#2995000
11
#3000000
b1111 )
b1111 =
1+
14
b1111111 *
b1111111 >
b1111111 3
b1111111 9
01
#3005000
b10000000 B
b10000000 ,
b10000000 7
b10000000 G
b1111111 !
b1111111 <
b1111111 @
b10010000 6
11
#3010000
b0 )
b0 =
0+
04
01
#3015000
11
#3020000
b1111 )
b1111 =
1+
14
b10000000 *
b10000000 >
b10000000 3
b10000000 9
01
#3025000
b10000001 B
b10000001 ,
b10000001 7
b10000001 G
b10000000 !
b10000000 <
b10000000 @
b10010001 6
11
#3030000
b0 )
b0 =
0+
04
01
#3035000
11
#3040000
b1111 )
b1111 =
1+
14
b10000001 *
b10000001 >
b10000001 3
b10000001 9
01
#3045000
b10000010 B
b10000010 ,
b10000010 7
b10000010 G
b10000001 !
b10000001 <
b10000001 @
b10010010 6
11
#3050000
b0 )
b0 =
0+
04
01
#3055000
11
#3060000
b1111 )
b1111 =
1+
14
b10000010 *
b10000010 >
b10000010 3
b10000010 9
01
#3065000
b10000011 B
b10000011 ,
b10000011 7
b10000011 G
b10000010 !
b10000010 <
b10000010 @
b10010011 6
11
#3070000
b0 )
b0 =
0+
04
01
#3075000
11
#3080000
b1111 )
b1111 =
1+
14
b10000011 *
b10000011 >
b10000011 3
b10000011 9
01
#3085000
b10000100 B
b10000100 ,
b10000100 7
b10000100 G
b10000011 !
b10000011 <
b10000011 @
b10010100 6
11
#3090000
b0 )
b0 =
0+
04
01
#3095000
11
#3100000
b1111 )
b1111 =
1+
14
b10000100 *
b10000100 >
b10000100 3
b10000100 9
01
#3105000
b10000101 B
b10000101 ,
b10000101 7
b10000101 G
b10000100 !
b10000100 <
b10000100 @
b10010101 6
11
#3110000
b0 )
b0 =
0+
04
01
#3115000
11
#3120000
b1111 )
b1111 =
1+
14
b10000101 *
b10000101 >
b10000101 3
b10000101 9
01
#3125000
b10000110 B
b10000110 ,
b10000110 7
b10000110 G
b10000101 !
b10000101 <
b10000101 @
b10010110 6
11
#3130000
b0 )
b0 =
0+
04
01
#3135000
11
#3140000
b1111 )
b1111 =
1+
14
b10000110 *
b10000110 >
b10000110 3
b10000110 9
01
#3145000
b10000111 B
b10000111 ,
b10000111 7
b10000111 G
b10000110 !
b10000110 <
b10000110 @
b10010111 6
11
#3150000
b0 )
b0 =
0+
04
01
#3155000
11
#3160000
b1111 )
b1111 =
1+
14
b10000111 *
b10000111 >
b10000111 3
b10000111 9
01
#3165000
b10001000 B
b10001000 ,
b10001000 7
b10001000 G
b10000111 !
b10000111 <
b10000111 @
b10011000 6
11
#3170000
b0 )
b0 =
0+
04
01
#3175000
11
#3180000
b1111 )
b1111 =
1+
14
b10001000 *
b10001000 >
b10001000 3
b10001000 9
01
#3185000
b10001001 B
b10001001 ,
b10001001 7
b10001001 G
b10001000 !
b10001000 <
b10001000 @
b10011001 6
11
#3190000
b0 )
b0 =
0+
04
01
#3195000
11
#3200000
b1111 )
b1111 =
1+
14
b10001001 *
b10001001 >
b10001001 3
b10001001 9
01
#3205000
b10001010 B
b10001010 ,
b10001010 7
b10001010 G
b10001001 !
b10001001 <
b10001001 @
b10011010 6
11
#3210000
b0 )
b0 =
0+
04
01
#3215000
11
#3220000
b1111 )
b1111 =
1+
14
b10001010 *
b10001010 >
b10001010 3
b10001010 9
01
#3225000
b10001011 B
b10001011 ,
b10001011 7
b10001011 G
b10001010 !
b10001010 <
b10001010 @
b10011011 6
11
#3230000
b0 )
b0 =
0+
04
01
#3235000
11
#3240000
b1111 )
b1111 =
1+
14
b10001011 *
b10001011 >
b10001011 3
b10001011 9
01
#3245000
b10001100 B
b10001100 ,
b10001100 7
b10001100 G
b10001011 !
b10001011 <
b10001011 @
b10011100 6
11
#3250000
b0 )
b0 =
0+
04
01
#3255000
11
#3260000
b1111 )
b1111 =
1+
14
b10001100 *
b10001100 >
b10001100 3
b10001100 9
01
#3265000
b10001101 B
b10001101 ,
b10001101 7
b10001101 G
b10001100 !
b10001100 <
b10001100 @
b10011101 6
11
#3270000
b0 )
b0 =
0+
04
01
#3275000
11
#3280000
b1111 )
b1111 =
1+
14
b10001101 *
b10001101 >
b10001101 3
b10001101 9
01
#3285000
b10001110 B
b10001110 ,
b10001110 7
b10001110 G
b10001101 !
b10001101 <
b10001101 @
b10011110 6
11
#3290000
b0 )
b0 =
0+
04
01
#3295000
11
#3300000
b1111 )
b1111 =
1+
14
b10001110 *
b10001110 >
b10001110 3
b10001110 9
01
#3305000
b10001111 B
b10001111 ,
b10001111 7
b10001111 G
b10001110 !
b10001110 <
b10001110 @
b10011111 6
11
#3310000
b0 )
b0 =
0+
04
01
#3315000
11
#3320000
b1111 )
b1111 =
1+
14
b10001111 *
b10001111 >
b10001111 3
b10001111 9
01
#3325000
b10010000 B
b10010000 ,
b10010000 7
b10010000 G
b10001111 !
b10001111 <
b10001111 @
b10100000 6
11
#3330000
b0 )
b0 =
0+
04
01
#3335000
11
#3340000
b1111 )
b1111 =
1+
14
b10010000 *
b10010000 >
b10010000 3
b10010000 9
01
#3345000
b10010001 B
b10010001 ,
b10010001 7
b10010001 G
b10010000 !
b10010000 <
b10010000 @
b10100001 6
11
#3350000
b0 )
b0 =
0+
04
01
#3355000
11
#3360000
b1111 )
b1111 =
1+
14
b10010001 *
b10010001 >
b10010001 3
b10010001 9
01
#3365000
b10010010 B
b10010010 ,
b10010010 7
b10010010 G
b10010001 !
b10010001 <
b10010001 @
b10100010 6
11
#3370000
b0 )
b0 =
0+
04
01
#3375000
11
#3380000
b1111 )
b1111 =
1+
14
b10010010 *
b10010010 >
b10010010 3
b10010010 9
01
#3385000
b10010011 B
b10010011 ,
b10010011 7
b10010011 G
b10010010 !
b10010010 <
b10010010 @
b10100011 6
11
#3390000
b0 )
b0 =
0+
04
01
#3395000
11
#3400000
b1111 )
b1111 =
1+
14
b10010011 *
b10010011 >
b10010011 3
b10010011 9
01
#3405000
b10010100 B
b10010100 ,
b10010100 7
b10010100 G
b10010011 !
b10010011 <
b10010011 @
b10100100 6
11
#3410000
b0 )
b0 =
0+
04
01
#3415000
11
#3420000
b1111 )
b1111 =
1+
14
b10010100 *
b10010100 >
b10010100 3
b10010100 9
01
#3425000
b10010101 B
b10010101 ,
b10010101 7
b10010101 G
b10010100 !
b10010100 <
b10010100 @
b10100101 6
11
#3430000
b0 )
b0 =
0+
04
01
#3435000
11
#3440000
b1111 )
b1111 =
1+
14
b10010101 *
b10010101 >
b10010101 3
b10010101 9
01
#3445000
b10010110 B
b10010110 ,
b10010110 7
b10010110 G
b10010101 !
b10010101 <
b10010101 @
b10100110 6
11
#3450000
b0 )
b0 =
0+
04
01
#3455000
11
#3460000
b1111 )
b1111 =
1+
14
b10010110 *
b10010110 >
b10010110 3
b10010110 9
01
#3465000
b10010111 B
b10010111 ,
b10010111 7
b10010111 G
b10010110 !
b10010110 <
b10010110 @
b10100111 6
11
#3470000
b0 )
b0 =
0+
04
01
#3475000
11
#3480000
b1111 )
b1111 =
1+
14
b10010111 *
b10010111 >
b10010111 3
b10010111 9
01
#3485000
b10011000 B
b10011000 ,
b10011000 7
b10011000 G
b10010111 !
b10010111 <
b10010111 @
b10101000 6
11
#3490000
b0 )
b0 =
0+
04
01
#3495000
11
#3500000
b1111 )
b1111 =
1+
14
b10011000 *
b10011000 >
b10011000 3
b10011000 9
01
#3505000
b10011001 B
b10011001 ,
b10011001 7
b10011001 G
b10011000 !
b10011000 <
b10011000 @
b10101001 6
11
#3510000
b0 )
b0 =
0+
04
01
#3515000
11
#3520000
b1111 )
b1111 =
1+
14
b10011001 *
b10011001 >
b10011001 3
b10011001 9
01
#3525000
b10011010 B
b10011010 ,
b10011010 7
b10011010 G
b10011001 !
b10011001 <
b10011001 @
b10101010 6
11
#3530000
b0 )
b0 =
0+
04
01
#3535000
11
#3540000
b1111 )
b1111 =
1+
14
b10011010 *
b10011010 >
b10011010 3
b10011010 9
01
#3545000
b10011011 B
b10011011 ,
b10011011 7
b10011011 G
b10011010 !
b10011010 <
b10011010 @
b10101011 6
11
#3550000
b0 )
b0 =
0+
04
01
#3555000
11
#3560000
b1111 )
b1111 =
1+
14
b10011011 *
b10011011 >
b10011011 3
b10011011 9
01
#3565000
b10011100 B
b10011100 ,
b10011100 7
b10011100 G
b10011011 !
b10011011 <
b10011011 @
b10101100 6
11
#3570000
b0 )
b0 =
0+
04
01
#3575000
11
#3580000
b1111 )
b1111 =
1+
14
b10011100 *
b10011100 >
b10011100 3
b10011100 9
01
#3585000
b10011101 B
b10011101 ,
b10011101 7
b10011101 G
b10011100 !
b10011100 <
b10011100 @
b10101101 6
11
#3590000
b0 )
b0 =
0+
04
01
#3595000
11
#3600000
b1111 )
b1111 =
1+
14
b10011101 *
b10011101 >
b10011101 3
b10011101 9
01
#3605000
b10011110 B
b10011110 ,
b10011110 7
b10011110 G
b10011101 !
b10011101 <
b10011101 @
b10101110 6
11
#3610000
b0 )
b0 =
0+
04
01
#3615000
11
#3620000
b1111 )
b1111 =
1+
14
b10011110 *
b10011110 >
b10011110 3
b10011110 9
01
#3625000
b10011111 B
b10011111 ,
b10011111 7
b10011111 G
b10011110 !
b10011110 <
b10011110 @
b10101111 6
11
#3630000
b0 )
b0 =
0+
04
01
#3635000
11
#3640000
b1111 )
b1111 =
1+
14
b10011111 *
b10011111 >
b10011111 3
b10011111 9
01
#3645000
b10100000 B
b10100000 ,
b10100000 7
b10100000 G
b10011111 !
b10011111 <
b10011111 @
b10110000 6
11
#3650000
b0 )
b0 =
0+
04
01
#3655000
11
#3660000
b1111 )
b1111 =
1+
14
b10100000 *
b10100000 >
b10100000 3
b10100000 9
01
#3665000
b10100001 B
b10100001 ,
b10100001 7
b10100001 G
b10100000 !
b10100000 <
b10100000 @
b10110001 6
11
#3670000
b0 )
b0 =
0+
04
01
#3675000
11
#3680000
b1111 )
b1111 =
1+
14
b10100001 *
b10100001 >
b10100001 3
b10100001 9
01
#3685000
b10100010 B
b10100010 ,
b10100010 7
b10100010 G
b10100001 !
b10100001 <
b10100001 @
b10110010 6
11
#3690000
b0 )
b0 =
0+
04
01
#3695000
11
#3700000
b1111 )
b1111 =
1+
14
b10100010 *
b10100010 >
b10100010 3
b10100010 9
01
#3705000
b10100011 B
b10100011 ,
b10100011 7
b10100011 G
b10100010 !
b10100010 <
b10100010 @
b10110011 6
11
#3710000
b0 )
b0 =
0+
04
01
#3715000
11
#3720000
b1111 )
b1111 =
1+
14
b10100011 *
b10100011 >
b10100011 3
b10100011 9
01
#3725000
b10100100 B
b10100100 ,
b10100100 7
b10100100 G
b10100011 !
b10100011 <
b10100011 @
b10110100 6
11
#3730000
b0 )
b0 =
0+
04
01
#3735000
11
#3740000
b1111 )
b1111 =
1+
14
b10100100 *
b10100100 >
b10100100 3
b10100100 9
01
#3745000
b10100101 B
b10100101 ,
b10100101 7
b10100101 G
b10100100 !
b10100100 <
b10100100 @
b10110101 6
11
#3750000
b0 )
b0 =
0+
04
01
#3755000
11
#3760000
b1111 )
b1111 =
1+
14
b10100101 *
b10100101 >
b10100101 3
b10100101 9
01
#3765000
b10100110 B
b10100110 ,
b10100110 7
b10100110 G
b10100101 !
b10100101 <
b10100101 @
b10110110 6
11
#3770000
b0 )
b0 =
0+
04
01
#3775000
11
#3780000
b1111 )
b1111 =
1+
14
b10100110 *
b10100110 >
b10100110 3
b10100110 9
01
#3785000
b10100111 B
b10100111 ,
b10100111 7
b10100111 G
b10100110 !
b10100110 <
b10100110 @
b10110111 6
11
#3790000
b0 )
b0 =
0+
04
01
#3795000
11
#3800000
b1111 )
b1111 =
1+
14
b10100111 *
b10100111 >
b10100111 3
b10100111 9
01
#3805000
b10101000 B
b10101000 ,
b10101000 7
b10101000 G
b10100111 !
b10100111 <
b10100111 @
b10111000 6
11
#3810000
b0 )
b0 =
0+
04
01
#3815000
11
#3820000
b1111 )
b1111 =
1+
14
b10101000 *
b10101000 >
b10101000 3
b10101000 9
01
#3825000
b10101001 B
b10101001 ,
b10101001 7
b10101001 G
b10101000 !
b10101000 <
b10101000 @
b10111001 6
11
#3830000
b0 )
b0 =
0+
04
01
#3835000
11
#3840000
b1111 )
b1111 =
1+
14
b10101001 *
b10101001 >
b10101001 3
b10101001 9
01
#3845000
b10101010 B
b10101010 ,
b10101010 7
b10101010 G
b10101001 !
b10101001 <
b10101001 @
b10111010 6
11
#3850000
b0 )
b0 =
0+
04
01
#3855000
11
#3860000
b1111 )
b1111 =
1+
14
b10101010 *
b10101010 >
b10101010 3
b10101010 9
01
#3865000
b10101011 B
b10101011 ,
b10101011 7
b10101011 G
b10101010 !
b10101010 <
b10101010 @
b10111011 6
11
#3870000
b0 )
b0 =
0+
04
01
#3875000
11
#3880000
b1111 )
b1111 =
1+
14
b10101011 *
b10101011 >
b10101011 3
b10101011 9
01
#3885000
b10101100 B
b10101100 ,
b10101100 7
b10101100 G
b10101011 !
b10101011 <
b10101011 @
b10111100 6
11
#3890000
b0 )
b0 =
0+
04
01
#3895000
11
#3900000
b1111 )
b1111 =
1+
14
b10101100 *
b10101100 >
b10101100 3
b10101100 9
01
#3905000
b10101101 B
b10101101 ,
b10101101 7
b10101101 G
b10101100 !
b10101100 <
b10101100 @
b10111101 6
11
#3910000
b0 )
b0 =
0+
04
01
#3915000
11
#3920000
b1111 )
b1111 =
1+
14
b10101101 *
b10101101 >
b10101101 3
b10101101 9
01
#3925000
b10101110 B
b10101110 ,
b10101110 7
b10101110 G
b10101101 !
b10101101 <
b10101101 @
b10111110 6
11
#3930000
b0 )
b0 =
0+
04
01
#3935000
11
#3940000
b1111 )
b1111 =
1+
14
b10101110 *
b10101110 >
b10101110 3
b10101110 9
01
#3945000
b10101111 B
b10101111 ,
b10101111 7
b10101111 G
b10101110 !
b10101110 <
b10101110 @
b10111111 6
11
#3950000
b0 )
b0 =
0+
04
01
#3955000
11
#3960000
b1111 )
b1111 =
1+
14
b10101111 *
b10101111 >
b10101111 3
b10101111 9
01
#3965000
b10110000 B
b10110000 ,
b10110000 7
b10110000 G
b10101111 !
b10101111 <
b10101111 @
b11000000 6
11
#3970000
b0 )
b0 =
0+
04
01
#3975000
11
#3980000
b1111 )
b1111 =
1+
14
b10110000 *
b10110000 >
b10110000 3
b10110000 9
01
#3985000
b10110001 B
b10110001 ,
b10110001 7
b10110001 G
b10110000 !
b10110000 <
b10110000 @
b11000001 6
11
#3990000
b0 )
b0 =
0+
04
01
#3995000
11
#4000000
b1111 )
b1111 =
1+
14
b10110001 *
b10110001 >
b10110001 3
b10110001 9
01
#4005000
b10110010 B
b10110010 ,
b10110010 7
b10110010 G
b10110001 !
b10110001 <
b10110001 @
b11000010 6
11
#4010000
b0 )
b0 =
0+
04
01
#4015000
11
#4020000
b1111 )
b1111 =
1+
14
b10110010 *
b10110010 >
b10110010 3
b10110010 9
01
#4025000
b10110011 B
b10110011 ,
b10110011 7
b10110011 G
b10110010 !
b10110010 <
b10110010 @
b11000011 6
11
#4030000
b0 )
b0 =
0+
04
01
#4035000
11
#4040000
b1111 )
b1111 =
1+
14
b10110011 *
b10110011 >
b10110011 3
b10110011 9
01
#4045000
b10110100 B
b10110100 ,
b10110100 7
b10110100 G
b10110011 !
b10110011 <
b10110011 @
b11000100 6
11
#4050000
b0 )
b0 =
0+
04
01
#4055000
11
#4060000
b1111 )
b1111 =
1+
14
b10110100 *
b10110100 >
b10110100 3
b10110100 9
01
#4065000
b10110101 B
b10110101 ,
b10110101 7
b10110101 G
b10110100 !
b10110100 <
b10110100 @
b11000101 6
11
#4070000
b0 )
b0 =
0+
04
01
#4075000
11
#4080000
b1111 )
b1111 =
1+
14
b10110101 *
b10110101 >
b10110101 3
b10110101 9
01
#4085000
b10110110 B
b10110110 ,
b10110110 7
b10110110 G
b10110101 !
b10110101 <
b10110101 @
b11000110 6
11
#4090000
b0 )
b0 =
0+
04
01
#4095000
11
#4100000
b1111 )
b1111 =
1+
14
b10110110 *
b10110110 >
b10110110 3
b10110110 9
01
#4105000
b10110111 B
b10110111 ,
b10110111 7
b10110111 G
b10110110 !
b10110110 <
b10110110 @
b11000111 6
11
#4110000
b0 )
b0 =
0+
04
01
#4115000
11
#4120000
b1111 )
b1111 =
1+
14
b10110111 *
b10110111 >
b10110111 3
b10110111 9
01
#4125000
b10111000 B
b10111000 ,
b10111000 7
b10111000 G
b10110111 !
b10110111 <
b10110111 @
b11001000 6
11
#4130000
b0 )
b0 =
0+
04
01
#4135000
11
#4140000
b1111 )
b1111 =
1+
14
b10111000 *
b10111000 >
b10111000 3
b10111000 9
01
#4145000
b10111001 B
b10111001 ,
b10111001 7
b10111001 G
b10111000 !
b10111000 <
b10111000 @
b11001001 6
11
#4150000
b0 )
b0 =
0+
04
01
#4155000
11
#4160000
b1111 )
b1111 =
1+
14
b10111001 *
b10111001 >
b10111001 3
b10111001 9
01
#4165000
b10111010 B
b10111010 ,
b10111010 7
b10111010 G
b10111001 !
b10111001 <
b10111001 @
b11001010 6
11
#4170000
b0 )
b0 =
0+
04
01
#4175000
11
#4180000
b1111 )
b1111 =
1+
14
b10111010 *
b10111010 >
b10111010 3
b10111010 9
01
#4185000
b10111011 B
b10111011 ,
b10111011 7
b10111011 G
b10111010 !
b10111010 <
b10111010 @
b11001011 6
11
#4190000
b0 )
b0 =
0+
04
01
#4195000
11
#4200000
b1111 )
b1111 =
1+
14
b10111011 *
b10111011 >
b10111011 3
b10111011 9
01
#4205000
b10111100 B
b10111100 ,
b10111100 7
b10111100 G
b10111011 !
b10111011 <
b10111011 @
b11001100 6
11
#4210000
b0 )
b0 =
0+
04
01
#4215000
11
#4220000
b1111 )
b1111 =
1+
14
b10111100 *
b10111100 >
b10111100 3
b10111100 9
01
#4225000
b10111101 B
b10111101 ,
b10111101 7
b10111101 G
b10111100 !
b10111100 <
b10111100 @
b11001101 6
11
#4230000
b0 )
b0 =
0+
04
01
#4235000
11
#4240000
b1111 )
b1111 =
1+
14
b10111101 *
b10111101 >
b10111101 3
b10111101 9
01
#4245000
b10111110 B
b10111110 ,
b10111110 7
b10111110 G
b10111101 !
b10111101 <
b10111101 @
b11001110 6
11
#4250000
b0 )
b0 =
0+
04
01
#4255000
11
#4260000
b1111 )
b1111 =
1+
14
b10111110 *
b10111110 >
b10111110 3
b10111110 9
01
#4265000
b10111111 B
b10111111 ,
b10111111 7
b10111111 G
b10111110 !
b10111110 <
b10111110 @
b11001111 6
11
#4270000
b0 )
b0 =
0+
04
01
#4275000
11
#4280000
b1111 )
b1111 =
1+
14
b10111111 *
b10111111 >
b10111111 3
b10111111 9
01
#4285000
b11000000 B
b11000000 ,
b11000000 7
b11000000 G
b10111111 !
b10111111 <
b10111111 @
b11010000 6
11
#4290000
b0 )
b0 =
0+
04
01
#4295000
11
#4300000
b1111 )
b1111 =
1+
14
b11000000 *
b11000000 >
b11000000 3
b11000000 9
01
#4305000
b11000001 B
b11000001 ,
b11000001 7
b11000001 G
b11000000 !
b11000000 <
b11000000 @
b11010001 6
11
#4310000
b0 )
b0 =
0+
04
01
#4315000
11
#4320000
b1111 )
b1111 =
1+
14
b11000001 *
b11000001 >
b11000001 3
b11000001 9
01
#4325000
b11000010 B
b11000010 ,
b11000010 7
b11000010 G
b11000001 !
b11000001 <
b11000001 @
b11010010 6
11
#4330000
b0 )
b0 =
0+
04
01
#4335000
11
#4340000
b1111 )
b1111 =
1+
14
b11000010 *
b11000010 >
b11000010 3
b11000010 9
01
#4345000
b11000011 B
b11000011 ,
b11000011 7
b11000011 G
b11000010 !
b11000010 <
b11000010 @
b11010011 6
11
#4350000
b0 )
b0 =
0+
04
01
#4355000
11
#4360000
b1111 )
b1111 =
1+
14
b11000011 *
b11000011 >
b11000011 3
b11000011 9
01
#4365000
b11000100 B
b11000100 ,
b11000100 7
b11000100 G
b11000011 !
b11000011 <
b11000011 @
b11010100 6
11
#4370000
b0 )
b0 =
0+
04
01
#4375000
11
#4380000
b1111 )
b1111 =
1+
14
b11000100 *
b11000100 >
b11000100 3
b11000100 9
01
#4385000
b11000101 B
b11000101 ,
b11000101 7
b11000101 G
b11000100 !
b11000100 <
b11000100 @
b11010101 6
11
#4390000
b0 )
b0 =
0+
04
01
#4395000
11
#4400000
b1111 )
b1111 =
1+
14
b11000101 *
b11000101 >
b11000101 3
b11000101 9
01
#4405000
b11000110 B
b11000110 ,
b11000110 7
b11000110 G
b11000101 !
b11000101 <
b11000101 @
b11010110 6
11
#4410000
b0 )
b0 =
0+
04
01
#4415000
11
#4420000
b1111 )
b1111 =
1+
14
b11000110 *
b11000110 >
b11000110 3
b11000110 9
01
#4425000
b11000111 B
b11000111 ,
b11000111 7
b11000111 G
b11000110 !
b11000110 <
b11000110 @
b11010111 6
11
#4430000
b0 )
b0 =
0+
04
01
#4435000
11
#4440000
b1111 )
b1111 =
1+
14
b11000111 *
b11000111 >
b11000111 3
b11000111 9
01
#4445000
b11001000 B
b11001000 ,
b11001000 7
b11001000 G
b11000111 !
b11000111 <
b11000111 @
b11011000 6
11
#4450000
b0 )
b0 =
0+
04
01
#4455000
11
#4460000
b1111 )
b1111 =
1+
14
b11001000 *
b11001000 >
b11001000 3
b11001000 9
01
#4465000
b11001001 B
b11001001 ,
b11001001 7
b11001001 G
b11001000 !
b11001000 <
b11001000 @
b11011001 6
11
#4470000
b0 )
b0 =
0+
04
01
#4475000
11
#4480000
b1111 )
b1111 =
1+
14
b11001001 *
b11001001 >
b11001001 3
b11001001 9
01
#4485000
b11001010 B
b11001010 ,
b11001010 7
b11001010 G
b11001001 !
b11001001 <
b11001001 @
b11011010 6
11
#4490000
b0 )
b0 =
0+
04
01
#4495000
11
#4500000
b1111 )
b1111 =
1+
14
b11001010 *
b11001010 >
b11001010 3
b11001010 9
01
#4505000
b11001011 B
b11001011 ,
b11001011 7
b11001011 G
b11001010 !
b11001010 <
b11001010 @
b11011011 6
11
#4510000
b0 )
b0 =
0+
04
01
#4515000
11
#4520000
b1111 )
b1111 =
1+
14
b11001011 *
b11001011 >
b11001011 3
b11001011 9
01
#4525000
b11001100 B
b11001100 ,
b11001100 7
b11001100 G
b11001011 !
b11001011 <
b11001011 @
b11011100 6
11
#4530000
b0 )
b0 =
0+
04
01
#4535000
11
#4540000
b1111 )
b1111 =
1+
14
b11001100 *
b11001100 >
b11001100 3
b11001100 9
01
#4545000
b11001101 B
b11001101 ,
b11001101 7
b11001101 G
b11001100 !
b11001100 <
b11001100 @
b11011101 6
11
#4550000
b0 )
b0 =
0+
04
01
#4555000
11
#4560000
b1111 )
b1111 =
1+
14
b11001101 *
b11001101 >
b11001101 3
b11001101 9
01
#4565000
b11001110 B
b11001110 ,
b11001110 7
b11001110 G
b11001101 !
b11001101 <
b11001101 @
b11011110 6
11
#4570000
b0 )
b0 =
0+
04
01
#4575000
11
#4580000
b1111 )
b1111 =
1+
14
b11001110 *
b11001110 >
b11001110 3
b11001110 9
01
#4585000
b11001111 B
b11001111 ,
b11001111 7
b11001111 G
b11001110 !
b11001110 <
b11001110 @
b11011111 6
11
#4590000
b0 )
b0 =
0+
04
01
#4595000
11
#4600000
b1111 )
b1111 =
1+
14
b11001111 *
b11001111 >
b11001111 3
b11001111 9
01
#4605000
b11010000 B
b11010000 ,
b11010000 7
b11010000 G
b11001111 !
b11001111 <
b11001111 @
b11100000 6
11
#4610000
b0 )
b0 =
0+
04
01
#4615000
11
#4620000
b1111 )
b1111 =
1+
14
b11010000 *
b11010000 >
b11010000 3
b11010000 9
01
#4625000
b11010001 B
b11010001 ,
b11010001 7
b11010001 G
b11010000 !
b11010000 <
b11010000 @
b11100001 6
11
#4630000
b0 )
b0 =
0+
04
01
#4635000
11
#4640000
b1111 )
b1111 =
1+
14
b11010001 *
b11010001 >
b11010001 3
b11010001 9
01
#4645000
b11010010 B
b11010010 ,
b11010010 7
b11010010 G
b11010001 !
b11010001 <
b11010001 @
b11100010 6
11
#4650000
b0 )
b0 =
0+
04
01
#4655000
11
#4660000
b1111 )
b1111 =
1+
14
b11010010 *
b11010010 >
b11010010 3
b11010010 9
01
#4665000
b11010011 B
b11010011 ,
b11010011 7
b11010011 G
b11010010 !
b11010010 <
b11010010 @
b11100011 6
11
#4670000
b0 )
b0 =
0+
04
01
#4675000
11
#4680000
b1111 )
b1111 =
1+
14
b11010011 *
b11010011 >
b11010011 3
b11010011 9
01
#4685000
b11010100 B
b11010100 ,
b11010100 7
b11010100 G
b11010011 !
b11010011 <
b11010011 @
b11100100 6
11
#4690000
b0 )
b0 =
0+
04
01
#4695000
11
#4700000
b1111 )
b1111 =
1+
14
b11010100 *
b11010100 >
b11010100 3
b11010100 9
01
#4705000
b11010101 B
b11010101 ,
b11010101 7
b11010101 G
b11010100 !
b11010100 <
b11010100 @
b11100101 6
11
#4710000
b0 )
b0 =
0+
04
01
#4715000
11
#4720000
b1111 )
b1111 =
1+
14
b11010101 *
b11010101 >
b11010101 3
b11010101 9
01
#4725000
b11010110 B
b11010110 ,
b11010110 7
b11010110 G
b11010101 !
b11010101 <
b11010101 @
b11100110 6
11
#4730000
b0 )
b0 =
0+
04
01
#4735000
11
#4740000
b1111 )
b1111 =
1+
14
b11010110 *
b11010110 >
b11010110 3
b11010110 9
01
#4745000
b11010111 B
b11010111 ,
b11010111 7
b11010111 G
b11010110 !
b11010110 <
b11010110 @
b11100111 6
11
#4750000
b0 )
b0 =
0+
04
01
#4755000
11
#4760000
b1111 )
b1111 =
1+
14
b11010111 *
b11010111 >
b11010111 3
b11010111 9
01
#4765000
b11011000 B
b11011000 ,
b11011000 7
b11011000 G
b11010111 !
b11010111 <
b11010111 @
b11101000 6
11
#4770000
b0 )
b0 =
0+
04
01
#4775000
11
#4780000
b1111 )
b1111 =
1+
14
b11011000 *
b11011000 >
b11011000 3
b11011000 9
01
#4785000
b11011001 B
b11011001 ,
b11011001 7
b11011001 G
b11011000 !
b11011000 <
b11011000 @
b11101001 6
11
#4790000
b0 )
b0 =
0+
04
01
#4795000
11
#4800000
b1111 )
b1111 =
1+
14
b11011001 *
b11011001 >
b11011001 3
b11011001 9
01
#4805000
b11011010 B
b11011010 ,
b11011010 7
b11011010 G
b11011001 !
b11011001 <
b11011001 @
b11101010 6
11
#4810000
b0 )
b0 =
0+
04
01
#4815000
11
#4820000
b1111 )
b1111 =
1+
14
b11011010 *
b11011010 >
b11011010 3
b11011010 9
01
#4825000
b11011011 B
b11011011 ,
b11011011 7
b11011011 G
b11011010 !
b11011010 <
b11011010 @
b11101011 6
11
#4830000
b0 )
b0 =
0+
04
01
#4835000
11
#4840000
b1111 )
b1111 =
1+
14
b11011011 *
b11011011 >
b11011011 3
b11011011 9
01
#4845000
b11011100 B
b11011100 ,
b11011100 7
b11011100 G
b11011011 !
b11011011 <
b11011011 @
b11101100 6
11
#4850000
b0 )
b0 =
0+
04
01
#4855000
11
#4860000
b1111 )
b1111 =
1+
14
b11011100 *
b11011100 >
b11011100 3
b11011100 9
01
#4865000
b11011101 B
b11011101 ,
b11011101 7
b11011101 G
b11011100 !
b11011100 <
b11011100 @
b11101101 6
11
#4870000
b0 )
b0 =
0+
04
01
#4875000
11
#4880000
b1111 )
b1111 =
1+
14
b11011101 *
b11011101 >
b11011101 3
b11011101 9
01
#4885000
b11011110 B
b11011110 ,
b11011110 7
b11011110 G
b11011101 !
b11011101 <
b11011101 @
b11101110 6
11
#4890000
b0 )
b0 =
0+
04
01
#4895000
11
#4900000
b1111 )
b1111 =
1+
14
b11011110 *
b11011110 >
b11011110 3
b11011110 9
01
#4905000
b11011111 B
b11011111 ,
b11011111 7
b11011111 G
b11011110 !
b11011110 <
b11011110 @
b11101111 6
11
#4910000
b0 )
b0 =
0+
04
01
#4915000
11
#4920000
b1111 )
b1111 =
1+
14
b11011111 *
b11011111 >
b11011111 3
b11011111 9
01
#4925000
b11100000 B
b11100000 ,
b11100000 7
b11100000 G
b11011111 !
b11011111 <
b11011111 @
b11110000 6
11
#4930000
b0 )
b0 =
0+
04
01
#4935000
11
#4940000
b1111 )
b1111 =
1+
14
b11100000 *
b11100000 >
b11100000 3
b11100000 9
01
#4945000
b11100001 B
b11100001 ,
b11100001 7
b11100001 G
b11100000 !
b11100000 <
b11100000 @
b11110001 6
11
#4950000
b0 )
b0 =
0+
04
01
#4955000
11
#4960000
b1111 )
b1111 =
1+
14
b11100001 *
b11100001 >
b11100001 3
b11100001 9
01
#4965000
b11100010 B
b11100010 ,
b11100010 7
b11100010 G
b11100001 !
b11100001 <
b11100001 @
b11110010 6
11
#4970000
b0 )
b0 =
0+
04
01
#4975000
11
#4980000
b1111 )
b1111 =
1+
14
b11100010 *
b11100010 >
b11100010 3
b11100010 9
01
#4985000
b11100011 B
b11100011 ,
b11100011 7
b11100011 G
b11100010 !
b11100010 <
b11100010 @
b11110011 6
11
#4990000
b0 )
b0 =
0+
04
01
#4995000
11
#5000000
b1111 )
b1111 =
1+
14
b11100011 *
b11100011 >
b11100011 3
b11100011 9
01
#5005000
b11100100 B
b11100100 ,
b11100100 7
b11100100 G
b11100011 !
b11100011 <
b11100011 @
b11110100 6
11
#5010000
b0 )
b0 =
0+
04
01
#5015000
11
#5020000
b1111 )
b1111 =
1+
14
b11100100 *
b11100100 >
b11100100 3
b11100100 9
01
#5025000
b11100101 B
b11100101 ,
b11100101 7
b11100101 G
b11100100 !
b11100100 <
b11100100 @
b11110101 6
11
#5030000
b0 )
b0 =
0+
04
01
#5035000
11
#5040000
b1111 )
b1111 =
1+
14
b11100101 *
b11100101 >
b11100101 3
b11100101 9
01
#5045000
b11100110 B
b11100110 ,
b11100110 7
b11100110 G
b11100101 !
b11100101 <
b11100101 @
b11110110 6
11
#5050000
b0 )
b0 =
0+
04
01
#5055000
11
#5060000
b1111 )
b1111 =
1+
14
b11100110 *
b11100110 >
b11100110 3
b11100110 9
01
#5065000
b11100111 B
b11100111 ,
b11100111 7
b11100111 G
b11100110 !
b11100110 <
b11100110 @
b11110111 6
11
#5070000
b0 )
b0 =
0+
04
01
#5075000
11
#5080000
b1111 )
b1111 =
1+
14
b11100111 *
b11100111 >
b11100111 3
b11100111 9
01
#5085000
b11101000 B
b11101000 ,
b11101000 7
b11101000 G
b11100111 !
b11100111 <
b11100111 @
b11111000 6
11
#5090000
b0 )
b0 =
0+
04
01
#5095000
11
#5100000
b1111 )
b1111 =
1+
14
b11101000 *
b11101000 >
b11101000 3
b11101000 9
01
#5105000
b11101001 B
b11101001 ,
b11101001 7
b11101001 G
b11101000 !
b11101000 <
b11101000 @
b11111001 6
11
#5110000
b0 )
b0 =
0+
04
01
#5115000
11
#5120000
b1111 )
b1111 =
1+
14
b11101001 *
b11101001 >
b11101001 3
b11101001 9
01
#5125000
b11101010 B
b11101010 ,
b11101010 7
b11101010 G
b11101001 !
b11101001 <
b11101001 @
b11111010 6
11
#5130000
b0 )
b0 =
0+
04
01
#5135000
11
#5140000
b1111 )
b1111 =
1+
14
b11101010 *
b11101010 >
b11101010 3
b11101010 9
01
#5145000
b11101011 B
b11101011 ,
b11101011 7
b11101011 G
b11101010 !
b11101010 <
b11101010 @
b11111011 6
11
#5150000
b0 )
b0 =
0+
04
01
#5155000
11
#5160000
b1111 )
b1111 =
1+
14
b11101011 *
b11101011 >
b11101011 3
b11101011 9
01
#5165000
b11101100 B
b11101100 ,
b11101100 7
b11101100 G
b11101011 !
b11101011 <
b11101011 @
b11111100 6
11
#5170000
b0 )
b0 =
0+
04
01
#5175000
11
#5180000
b1111 )
b1111 =
1+
14
b11101100 *
b11101100 >
b11101100 3
b11101100 9
01
#5185000
b11101101 B
b11101101 ,
b11101101 7
b11101101 G
b11101100 !
b11101100 <
b11101100 @
b11111101 6
11
#5190000
b0 )
b0 =
0+
04
01
#5195000
11
#5200000
b1111 )
b1111 =
1+
14
b11101101 *
b11101101 >
b11101101 3
b11101101 9
01
#5205000
b11101110 B
b11101110 ,
b11101110 7
b11101110 G
b11101101 !
b11101101 <
b11101101 @
b11111110 6
11
#5210000
b0 )
b0 =
0+
04
01
#5215000
11
#5220000
b1111 )
b1111 =
1+
14
b11101110 *
b11101110 >
b11101110 3
b11101110 9
01
#5225000
b11101111 B
b11101111 ,
b11101111 7
b11101111 G
b11101110 !
b11101110 <
b11101110 @
b11111111 6
11
#5230000
b0 )
b0 =
0+
04
01
#5235000
11
#5240000
b1111 )
b1111 =
1+
14
b11101111 *
b11101111 >
b11101111 3
b11101111 9
01
#5245000
b11110000 B
b11110000 ,
b11110000 7
b11110000 G
b11101111 !
b11101111 <
b11101111 @
b100000000 6
11
#5250000
b0 )
b0 =
0+
04
01
#5255000
11
#5260000
b1111 )
b1111 =
1+
14
b11110000 *
b11110000 >
b11110000 3
b11110000 9
01
#5265000
b11110001 B
b11110001 ,
b11110001 7
b11110001 G
b11110000 !
b11110000 <
b11110000 @
b100000001 6
11
#5270000
b0 )
b0 =
0+
04
01
#5275000
11
#5280000
b1111 )
b1111 =
1+
14
b11110001 *
b11110001 >
b11110001 3
b11110001 9
01
#5285000
b11110010 B
b11110010 ,
b11110010 7
b11110010 G
b11110001 !
b11110001 <
b11110001 @
b100000010 6
11
#5290000
b0 )
b0 =
0+
04
01
#5295000
11
#5300000
b1111 )
b1111 =
1+
14
b11110010 *
b11110010 >
b11110010 3
b11110010 9
01
#5305000
b11110011 B
b11110011 ,
b11110011 7
b11110011 G
b11110010 !
b11110010 <
b11110010 @
b100000011 6
11
#5310000
b0 )
b0 =
0+
04
01
#5315000
11
#5320000
b1111 )
b1111 =
1+
14
b11110011 *
b11110011 >
b11110011 3
b11110011 9
01
#5325000
b11110100 B
b11110100 ,
b11110100 7
b11110100 G
b11110011 !
b11110011 <
b11110011 @
b100000100 6
11
#5330000
b0 )
b0 =
0+
04
01
#5335000
11
#5340000
b1111 )
b1111 =
1+
14
b11110100 *
b11110100 >
b11110100 3
b11110100 9
01
#5345000
b11110101 B
b11110101 ,
b11110101 7
b11110101 G
b11110100 !
b11110100 <
b11110100 @
b100000101 6
11
#5350000
b0 )
b0 =
0+
04
01
#5355000
11
#5360000
b1111 )
b1111 =
1+
14
b11110101 *
b11110101 >
b11110101 3
b11110101 9
01
#5365000
b11110110 B
b11110110 ,
b11110110 7
b11110110 G
b11110101 !
b11110101 <
b11110101 @
b100000110 6
11
#5370000
b0 )
b0 =
0+
04
01
#5375000
11
#5380000
b1111 )
b1111 =
1+
14
b11110110 *
b11110110 >
b11110110 3
b11110110 9
01
#5385000
b11110111 B
b11110111 ,
b11110111 7
b11110111 G
b11110110 !
b11110110 <
b11110110 @
b100000111 6
11
#5390000
b0 )
b0 =
0+
04
01
#5395000
11
#5400000
b1111 )
b1111 =
1+
14
b11110111 *
b11110111 >
b11110111 3
b11110111 9
01
#5405000
b11111000 B
b11111000 ,
b11111000 7
b11111000 G
b11110111 !
b11110111 <
b11110111 @
b100001000 6
11
#5410000
b0 )
b0 =
0+
04
01
#5415000
11
#5420000
b1111 )
b1111 =
1+
14
b11111000 *
b11111000 >
b11111000 3
b11111000 9
01
#5425000
b11111001 B
b11111001 ,
b11111001 7
b11111001 G
b11111000 !
b11111000 <
b11111000 @
b100001001 6
11
#5430000
b0 )
b0 =
0+
04
01
#5435000
11
#5440000
b1111 )
b1111 =
1+
14
b11111001 *
b11111001 >
b11111001 3
b11111001 9
01
#5445000
b11111010 B
b11111010 ,
b11111010 7
b11111010 G
b11111001 !
b11111001 <
b11111001 @
b100001010 6
11
#5450000
b0 )
b0 =
0+
04
01
#5455000
11
#5460000
b1111 )
b1111 =
1+
14
b11111010 *
b11111010 >
b11111010 3
b11111010 9
01
#5465000
b11111011 B
b11111011 ,
b11111011 7
b11111011 G
b11111010 !
b11111010 <
b11111010 @
b100001011 6
11
#5470000
b0 )
b0 =
0+
04
01
#5475000
11
#5480000
b1111 )
b1111 =
1+
14
b11111011 *
b11111011 >
b11111011 3
b11111011 9
01
#5485000
b11111100 B
b11111100 ,
b11111100 7
b11111100 G
b11111011 !
b11111011 <
b11111011 @
b100001100 6
11
#5490000
b0 )
b0 =
0+
04
01
#5495000
11
#5500000
b1111 )
b1111 =
1+
14
b11111100 *
b11111100 >
b11111100 3
b11111100 9
01
#5505000
b11111101 B
b11111101 ,
b11111101 7
b11111101 G
b11111100 !
b11111100 <
b11111100 @
b100001101 6
11
#5510000
b0 )
b0 =
0+
04
01
#5515000
11
#5520000
b1111 )
b1111 =
1+
14
b11111101 *
b11111101 >
b11111101 3
b11111101 9
01
#5525000
b11111110 B
b11111110 ,
b11111110 7
b11111110 G
b11111101 !
b11111101 <
b11111101 @
b100001110 6
11
#5530000
b0 )
b0 =
0+
04
01
#5535000
11
#5540000
b1111 )
b1111 =
1+
14
b11111110 *
b11111110 >
b11111110 3
b11111110 9
01
#5545000
b11111111 B
b11111111 ,
b11111111 7
b11111111 G
b11111110 !
b11111110 <
b11111110 @
b100001111 6
11
#5550000
b0 )
b0 =
0+
04
01
#5555000
11
#5560000
b1111 )
b1111 =
1+
14
b11111111 *
b11111111 >
b11111111 3
b11111111 9
01
#5565000
b100000000 B
b100000000 ,
b100000000 7
b100000000 G
b11111111 !
b11111111 <
b11111111 @
b100010000 6
11
#5570000
b0 )
b0 =
0+
04
01
#5575000
11
#5580000
b1111 )
b1111 =
1+
14
b0 *
b0 >
b0 3
b0 9
01
#5585000
b100000001 B
b100000001 ,
b100000001 7
b100000001 G
b100000000 !
b100000000 <
b100000000 @
b100010001 6
11
#5590000
b0 )
b0 =
0+
04
01
#5595000
11
#5600000
b1111 )
b1111 =
1+
14
b1 *
b1 >
b1 3
b1 9
01
#5605000
b100000010 B
b100000010 ,
b100000010 7
b100000010 G
b100000001 !
b100000001 <
b100000001 @
b100010010 6
11
#5610000
b0 )
b0 =
0+
04
01
#5615000
11
#5620000
b1111 )
b1111 =
1+
14
b10 *
b10 >
b10 3
b10 9
01
#5625000
b100000011 B
b100000011 ,
b100000011 7
b100000011 G
b100000010 !
b100000010 <
b100000010 @
b100010011 6
11
#5630000
b0 )
b0 =
0+
04
01
#5635000
11
#5640000
b1111 )
b1111 =
1+
14
b11 *
b11 >
b11 3
b11 9
01
#5645000
b100000100 B
b100000100 ,
b100000100 7
b100000100 G
b100000011 !
b100000011 <
b100000011 @
b100010100 6
11
#5650000
b0 )
b0 =
0+
04
01
#5655000
11
#5660000
b1111 )
b1111 =
1+
14
b100 *
b100 >
b100 3
b100 9
01
#5665000
b100000101 B
b100000101 ,
b100000101 7
b100000101 G
b100000100 !
b100000100 <
b100000100 @
b100010101 6
11
#5670000
b0 )
b0 =
0+
04
01
#5675000
11
#5680000
b1111 )
b1111 =
1+
14
b101 *
b101 >
b101 3
b101 9
01
#5685000
b100000110 B
b100000110 ,
b100000110 7
b100000110 G
b100000101 !
b100000101 <
b100000101 @
b100010110 6
11
#5690000
b0 )
b0 =
0+
04
01
#5695000
11
#5700000
b1111 )
b1111 =
1+
14
b110 *
b110 >
b110 3
b110 9
01
#5705000
b100000111 B
b100000111 ,
b100000111 7
b100000111 G
b100000110 !
b100000110 <
b100000110 @
b100010111 6
11
#5710000
b0 )
b0 =
0+
04
01
#5715000
11
#5720000
b1111 )
b1111 =
1+
14
b111 *
b111 >
b111 3
b111 9
01
#5725000
b100001000 B
b100001000 ,
b100001000 7
b100001000 G
b100000111 !
b100000111 <
b100000111 @
b100011000 6
11
#5730000
b0 )
b0 =
0+
04
01
#5735000
11
#5740000
b1111 )
b1111 =
1+
14
b1000 *
b1000 >
b1000 3
b1000 9
01
#5745000
b100001001 B
b100001001 ,
b100001001 7
b100001001 G
b100001000 !
b100001000 <
b100001000 @
b100011001 6
11
#5750000
b0 )
b0 =
0+
04
01
#5755000
11
#5760000
b1111 )
b1111 =
1+
14
b1001 *
b1001 >
b1001 3
b1001 9
01
#5765000
b100001010 B
b100001010 ,
b100001010 7
b100001010 G
b100001001 !
b100001001 <
b100001001 @
b100011010 6
11
#5770000
b0 )
b0 =
0+
04
01
#5775000
11
#5780000
b1111 )
b1111 =
1+
14
b1010 *
b1010 >
b1010 3
b1010 9
01
#5785000
b100001011 B
b100001011 ,
b100001011 7
b100001011 G
b100001010 !
b100001010 <
b100001010 @
b100011011 6
11
#5790000
b0 )
b0 =
0+
04
01
#5795000
11
#5800000
b1111 )
b1111 =
1+
14
b1011 *
b1011 >
b1011 3
b1011 9
01
#5805000
b100001100 B
b100001100 ,
b100001100 7
b100001100 G
b100001011 !
b100001011 <
b100001011 @
b100011100 6
11
#5810000
b0 )
b0 =
0+
04
01
#5815000
11
#5820000
b1111 )
b1111 =
1+
14
b1100 *
b1100 >
b1100 3
b1100 9
01
#5825000
b100001101 B
b100001101 ,
b100001101 7
b100001101 G
b100001100 !
b100001100 <
b100001100 @
b100011101 6
11
#5830000
b0 )
b0 =
0+
04
01
#5835000
11
#5840000
b1111 )
b1111 =
1+
14
b1101 *
b1101 >
b1101 3
b1101 9
01
#5845000
b100001110 B
b100001110 ,
b100001110 7
b100001110 G
b100001101 !
b100001101 <
b100001101 @
b100011110 6
11
#5850000
b0 )
b0 =
0+
04
01
#5855000
11
#5860000
b1111 )
b1111 =
1+
14
b1110 *
b1110 >
b1110 3
b1110 9
01
#5865000
b100001111 B
b100001111 ,
b100001111 7
b100001111 G
b100001110 !
b100001110 <
b100001110 @
b100011111 6
11
#5870000
b0 )
b0 =
0+
04
01
#5875000
11
#5880000
b1111 )
b1111 =
1+
14
b1111 *
b1111 >
b1111 3
b1111 9
01
#5885000
b100010000 B
b100010000 ,
b100010000 7
b100010000 G
b100001111 !
b100001111 <
b100001111 @
b100100000 6
11
#5890000
b0 )
b0 =
0+
04
01
#5895000
11
#5900000
b1111 )
b1111 =
1+
14
b10000 *
b10000 >
b10000 3
b10000 9
01
#5905000
b100010001 B
b100010001 ,
b100010001 7
b100010001 G
b100010000 !
b100010000 <
b100010000 @
b100100001 6
11
#5910000
b0 )
b0 =
0+
04
01
#5915000
11
#5920000
b1111 )
b1111 =
1+
14
b10001 *
b10001 >
b10001 3
b10001 9
01
#5925000
b100010010 B
b100010010 ,
b100010010 7
b100010010 G
b100010001 !
b100010001 <
b100010001 @
b100100010 6
11
#5930000
b0 )
b0 =
0+
04
01
#5935000
11
#5940000
b1111 )
b1111 =
1+
14
b10010 *
b10010 >
b10010 3
b10010 9
01
#5945000
b100010011 B
b100010011 ,
b100010011 7
b100010011 G
b100010010 !
b100010010 <
b100010010 @
b100100011 6
11
#5950000
b0 )
b0 =
0+
04
01
#5955000
11
#5960000
b1111 )
b1111 =
1+
14
b10011 *
b10011 >
b10011 3
b10011 9
01
#5965000
b100010100 B
b100010100 ,
b100010100 7
b100010100 G
b100010011 !
b100010011 <
b100010011 @
b100100100 6
11
#5970000
b0 )
b0 =
0+
04
01
#5975000
11
#5980000
b1111 )
b1111 =
1+
14
b10100 *
b10100 >
b10100 3
b10100 9
01
#5985000
b100010101 B
b100010101 ,
b100010101 7
b100010101 G
b100010100 !
b100010100 <
b100010100 @
b100100101 6
11
#5990000
b0 )
b0 =
0+
04
01
#5995000
11
#6000000
b1111 )
b1111 =
1+
14
b10101 *
b10101 >
b10101 3
b10101 9
01
#6005000
b100010110 B
b100010110 ,
b100010110 7
b100010110 G
b100010101 !
b100010101 <
b100010101 @
b100100110 6
11
#6010000
b0 )
b0 =
0+
04
01
#6015000
11
#6020000
b1111 )
b1111 =
1+
14
b10110 *
b10110 >
b10110 3
b10110 9
01
#6025000
b100010111 B
b100010111 ,
b100010111 7
b100010111 G
b100010110 !
b100010110 <
b100010110 @
b100100111 6
11
#6030000
b0 )
b0 =
0+
04
01
#6035000
11
#6040000
b1111 )
b1111 =
1+
14
b10111 *
b10111 >
b10111 3
b10111 9
01
#6045000
b100011000 B
b100011000 ,
b100011000 7
b100011000 G
b100010111 !
b100010111 <
b100010111 @
b100101000 6
11
#6050000
b0 )
b0 =
0+
04
01
#6055000
11
#6060000
b1111 )
b1111 =
1+
14
b11000 *
b11000 >
b11000 3
b11000 9
01
#6065000
b100011001 B
b100011001 ,
b100011001 7
b100011001 G
b100011000 !
b100011000 <
b100011000 @
b100101001 6
11
#6070000
b0 )
b0 =
0+
04
01
#6075000
11
#6080000
b1111 )
b1111 =
1+
14
b11001 *
b11001 >
b11001 3
b11001 9
01
#6085000
b100011010 B
b100011010 ,
b100011010 7
b100011010 G
b100011001 !
b100011001 <
b100011001 @
b100101010 6
11
#6090000
b0 )
b0 =
0+
04
01
#6095000
11
#6100000
b1111 )
b1111 =
1+
14
b11010 *
b11010 >
b11010 3
b11010 9
01
#6105000
b100011011 B
b100011011 ,
b100011011 7
b100011011 G
b100011010 !
b100011010 <
b100011010 @
b100101011 6
11
#6110000
b0 )
b0 =
0+
04
01
#6115000
11
#6120000
b1111 )
b1111 =
1+
14
b11011 *
b11011 >
b11011 3
b11011 9
01
#6125000
b100011100 B
b100011100 ,
b100011100 7
b100011100 G
b100011011 !
b100011011 <
b100011011 @
b100101100 6
11
#6130000
b0 )
b0 =
0+
04
01
#6135000
11
#6140000
b1111 )
b1111 =
1+
14
b11100 *
b11100 >
b11100 3
b11100 9
01
#6145000
b100011101 B
b100011101 ,
b100011101 7
b100011101 G
b100011100 !
b100011100 <
b100011100 @
b100101101 6
11
#6150000
b0 )
b0 =
0+
04
01
#6155000
11
#6160000
b1111 )
b1111 =
1+
14
b11101 *
b11101 >
b11101 3
b11101 9
01
#6165000
b100011110 B
b100011110 ,
b100011110 7
b100011110 G
b100011101 !
b100011101 <
b100011101 @
b100101110 6
11
#6170000
b0 )
b0 =
0+
04
01
#6175000
11
#6180000
b1111 )
b1111 =
1+
14
b11110 *
b11110 >
b11110 3
b11110 9
01
#6185000
b100011111 B
b100011111 ,
b100011111 7
b100011111 G
b100011110 !
b100011110 <
b100011110 @
b100101111 6
11
#6190000
b0 )
b0 =
0+
04
01
#6195000
11
#6200000
b1111 )
b1111 =
1+
14
b11111 *
b11111 >
b11111 3
b11111 9
01
#6205000
b100100000 B
b100100000 ,
b100100000 7
b100100000 G
b100011111 !
b100011111 <
b100011111 @
b100110000 6
11
#6210000
b0 )
b0 =
0+
04
01
#6215000
11
#6220000
b1111 )
b1111 =
1+
14
b100000 *
b100000 >
b100000 3
b100000 9
01
#6225000
b100100001 B
b100100001 ,
b100100001 7
b100100001 G
b100100000 !
b100100000 <
b100100000 @
b100110001 6
11
#6230000
b0 )
b0 =
0+
04
01
#6235000
11
#6240000
b1111 )
b1111 =
1+
14
b100001 *
b100001 >
b100001 3
b100001 9
01
#6245000
b100100010 B
b100100010 ,
b100100010 7
b100100010 G
b100100001 !
b100100001 <
b100100001 @
b100110010 6
11
#6250000
b0 )
b0 =
0+
04
01
#6255000
11
#6260000
b1111 )
b1111 =
1+
14
b100010 *
b100010 >
b100010 3
b100010 9
01
#6265000
b100100011 B
b100100011 ,
b100100011 7
b100100011 G
b100100010 !
b100100010 <
b100100010 @
b100110011 6
11
#6270000
b0 )
b0 =
0+
04
01
#6275000
11
#6280000
b1111 )
b1111 =
1+
14
b100011 *
b100011 >
b100011 3
b100011 9
01
#6285000
b100100100 B
b100100100 ,
b100100100 7
b100100100 G
b100100011 !
b100100011 <
b100100011 @
b100110100 6
11
#6290000
b0 )
b0 =
0+
04
01
#6295000
11
#6300000
b1111 )
b1111 =
1+
14
b100100 *
b100100 >
b100100 3
b100100 9
01
#6305000
b100100101 B
b100100101 ,
b100100101 7
b100100101 G
b100100100 !
b100100100 <
b100100100 @
b100110101 6
11
#6310000
b0 )
b0 =
0+
04
01
#6315000
11
#6320000
b1111 )
b1111 =
1+
14
b100101 *
b100101 >
b100101 3
b100101 9
01
#6325000
b100100110 B
b100100110 ,
b100100110 7
b100100110 G
b100100101 !
b100100101 <
b100100101 @
b100110110 6
11
#6330000
b0 )
b0 =
0+
04
01
#6335000
11
#6340000
b1111 )
b1111 =
1+
14
b100110 *
b100110 >
b100110 3
b100110 9
01
#6345000
b100100111 B
b100100111 ,
b100100111 7
b100100111 G
b100100110 !
b100100110 <
b100100110 @
b100110111 6
11
#6350000
b0 )
b0 =
0+
04
01
#6355000
11
#6360000
b1111 )
b1111 =
1+
14
b100111 *
b100111 >
b100111 3
b100111 9
01
#6365000
b100101000 B
b100101000 ,
b100101000 7
b100101000 G
b100100111 !
b100100111 <
b100100111 @
b100111000 6
11
#6370000
b0 )
b0 =
0+
04
01
#6375000
11
#6380000
b1111 )
b1111 =
1+
14
b101000 *
b101000 >
b101000 3
b101000 9
01
#6385000
b100101001 B
b100101001 ,
b100101001 7
b100101001 G
b100101000 !
b100101000 <
b100101000 @
b100111001 6
11
#6390000
b0 )
b0 =
0+
04
01
#6395000
11
#6400000
b1111 )
b1111 =
1+
14
b101001 *
b101001 >
b101001 3
b101001 9
01
#6405000
b100101010 B
b100101010 ,
b100101010 7
b100101010 G
b100101001 !
b100101001 <
b100101001 @
b100111010 6
11
#6410000
b0 )
b0 =
0+
04
01
#6415000
11
#6420000
b1111 )
b1111 =
1+
14
b101010 *
b101010 >
b101010 3
b101010 9
01
#6425000
b100101011 B
b100101011 ,
b100101011 7
b100101011 G
b100101010 !
b100101010 <
b100101010 @
b100111011 6
11
#6430000
b0 )
b0 =
0+
04
01
#6435000
11
#6440000
b1111 )
b1111 =
1+
14
b101011 *
b101011 >
b101011 3
b101011 9
01
#6445000
b100101100 B
b100101100 ,
b100101100 7
b100101100 G
b100101011 !
b100101011 <
b100101011 @
b100111100 6
11
#6450000
b0 )
b0 =
0+
04
01
#6455000
11
#6460000
b1111 )
b1111 =
1+
14
b101100 *
b101100 >
b101100 3
b101100 9
01
#6465000
b100101101 B
b100101101 ,
b100101101 7
b100101101 G
b100101100 !
b100101100 <
b100101100 @
b100111101 6
11
#6470000
b0 )
b0 =
0+
04
01
#6475000
11
#6480000
b1111 )
b1111 =
1+
14
b101101 *
b101101 >
b101101 3
b101101 9
01
#6485000
b100101110 B
b100101110 ,
b100101110 7
b100101110 G
b100101101 !
b100101101 <
b100101101 @
b100111110 6
11
#6490000
b0 )
b0 =
0+
04
01
#6495000
11
#6500000
b1111 )
b1111 =
1+
14
b101110 *
b101110 >
b101110 3
b101110 9
01
#6505000
b100101111 B
b100101111 ,
b100101111 7
b100101111 G
b100101110 !
b100101110 <
b100101110 @
b100111111 6
11
#6510000
b0 )
b0 =
0+
04
01
#6515000
11
#6520000
b1111 )
b1111 =
1+
14
b101111 *
b101111 >
b101111 3
b101111 9
01
#6525000
b100110000 B
b100110000 ,
b100110000 7
b100110000 G
b100101111 !
b100101111 <
b100101111 @
b101000000 6
11
#6530000
b0 )
b0 =
0+
04
01
#6535000
11
#6540000
b1111 )
b1111 =
1+
14
b110000 *
b110000 >
b110000 3
b110000 9
01
#6545000
b100110001 B
b100110001 ,
b100110001 7
b100110001 G
b100110000 !
b100110000 <
b100110000 @
b101000001 6
11
#6550000
b0 )
b0 =
0+
04
01
#6555000
11
#6560000
b1111 )
b1111 =
1+
14
b110001 *
b110001 >
b110001 3
b110001 9
01
#6565000
b100110010 B
b100110010 ,
b100110010 7
b100110010 G
b100110001 !
b100110001 <
b100110001 @
b101000010 6
11
#6570000
b0 )
b0 =
0+
04
01
#6575000
11
#6580000
b1111 )
b1111 =
1+
14
b110010 *
b110010 >
b110010 3
b110010 9
01
#6585000
b100110011 B
b100110011 ,
b100110011 7
b100110011 G
b100110010 !
b100110010 <
b100110010 @
b101000011 6
11
#6590000
b0 )
b0 =
0+
04
01
#6595000
11
#6600000
b1111 )
b1111 =
1+
14
b110011 *
b110011 >
b110011 3
b110011 9
01
#6605000
b100110100 B
b100110100 ,
b100110100 7
b100110100 G
b100110011 !
b100110011 <
b100110011 @
b101000100 6
11
#6610000
b0 )
b0 =
0+
04
01
#6615000
11
#6620000
b1111 )
b1111 =
1+
14
b110100 *
b110100 >
b110100 3
b110100 9
01
#6625000
b100110101 B
b100110101 ,
b100110101 7
b100110101 G
b100110100 !
b100110100 <
b100110100 @
b101000101 6
11
#6630000
b0 )
b0 =
0+
04
01
#6635000
11
#6640000
b1111 )
b1111 =
1+
14
b110101 *
b110101 >
b110101 3
b110101 9
01
#6645000
b100110110 B
b100110110 ,
b100110110 7
b100110110 G
b100110101 !
b100110101 <
b100110101 @
b101000110 6
11
#6650000
b0 )
b0 =
0+
04
01
#6655000
11
#6660000
b1111 )
b1111 =
1+
14
b110110 *
b110110 >
b110110 3
b110110 9
01
#6665000
b100110111 B
b100110111 ,
b100110111 7
b100110111 G
b100110110 !
b100110110 <
b100110110 @
b101000111 6
11
#6670000
b0 )
b0 =
0+
04
01
#6675000
11
#6680000
b1111 )
b1111 =
1+
14
b110111 *
b110111 >
b110111 3
b110111 9
01
#6685000
b100111000 B
b100111000 ,
b100111000 7
b100111000 G
b100110111 !
b100110111 <
b100110111 @
b101001000 6
11
#6690000
b0 )
b0 =
0+
04
01
#6695000
11
#6700000
b1111 )
b1111 =
1+
14
b111000 *
b111000 >
b111000 3
b111000 9
01
#6705000
b100111001 B
b100111001 ,
b100111001 7
b100111001 G
b100111000 !
b100111000 <
b100111000 @
b101001001 6
11
#6710000
b0 )
b0 =
0+
04
01
#6715000
11
#6720000
b1111 )
b1111 =
1+
14
b111001 *
b111001 >
b111001 3
b111001 9
01
#6725000
b100111010 B
b100111010 ,
b100111010 7
b100111010 G
b100111001 !
b100111001 <
b100111001 @
b101001010 6
11
#6730000
b0 )
b0 =
0+
04
01
#6735000
11
#6740000
b1111 )
b1111 =
1+
14
b111010 *
b111010 >
b111010 3
b111010 9
01
#6745000
b100111011 B
b100111011 ,
b100111011 7
b100111011 G
b100111010 !
b100111010 <
b100111010 @
b101001011 6
11
#6750000
b0 )
b0 =
0+
04
01
#6755000
11
#6760000
b1111 )
b1111 =
1+
14
b111011 *
b111011 >
b111011 3
b111011 9
01
#6765000
b100111100 B
b100111100 ,
b100111100 7
b100111100 G
b100111011 !
b100111011 <
b100111011 @
b101001100 6
11
#6770000
b0 )
b0 =
0+
04
01
#6775000
11
#6780000
b1111 )
b1111 =
1+
14
b111100 *
b111100 >
b111100 3
b111100 9
01
#6785000
b100111101 B
b100111101 ,
b100111101 7
b100111101 G
b100111100 !
b100111100 <
b100111100 @
b101001101 6
11
#6790000
b0 )
b0 =
0+
04
01
#6795000
11
#6800000
b1111 )
b1111 =
1+
14
b111101 *
b111101 >
b111101 3
b111101 9
01
#6805000
b100111110 B
b100111110 ,
b100111110 7
b100111110 G
b100111101 !
b100111101 <
b100111101 @
b101001110 6
11
#6810000
b0 )
b0 =
0+
04
01
#6815000
11
#6820000
b1111 )
b1111 =
1+
14
b111110 *
b111110 >
b111110 3
b111110 9
01
#6825000
b100111111 B
b100111111 ,
b100111111 7
b100111111 G
b100111110 !
b100111110 <
b100111110 @
b101001111 6
11
#6830000
b0 )
b0 =
0+
04
01
#6835000
11
#6840000
b1111 )
b1111 =
1+
14
b111111 *
b111111 >
b111111 3
b111111 9
01
#6845000
b101000000 B
b101000000 ,
b101000000 7
b101000000 G
b100111111 !
b100111111 <
b100111111 @
b101010000 6
11
#6850000
b0 )
b0 =
0+
04
01
#6855000
11
#6860000
b1111 )
b1111 =
1+
14
b1000000 *
b1000000 >
b1000000 3
b1000000 9
01
#6865000
b101000001 B
b101000001 ,
b101000001 7
b101000001 G
b101000000 !
b101000000 <
b101000000 @
b101010001 6
11
#6870000
b0 )
b0 =
0+
04
01
#6875000
11
#6880000
b1111 )
b1111 =
1+
14
b1000001 *
b1000001 >
b1000001 3
b1000001 9
01
#6885000
b101000010 B
b101000010 ,
b101000010 7
b101000010 G
b101000001 !
b101000001 <
b101000001 @
b101010010 6
11
#6890000
b0 )
b0 =
0+
04
01
#6895000
11
#6900000
b1111 )
b1111 =
1+
14
b1000010 *
b1000010 >
b1000010 3
b1000010 9
01
#6905000
b101000011 B
b101000011 ,
b101000011 7
b101000011 G
b101000010 !
b101000010 <
b101000010 @
b101010011 6
11
#6910000
b0 )
b0 =
0+
04
01
#6915000
11
#6920000
b1111 )
b1111 =
1+
14
b1000011 *
b1000011 >
b1000011 3
b1000011 9
01
#6925000
b101000100 B
b101000100 ,
b101000100 7
b101000100 G
b101000011 !
b101000011 <
b101000011 @
b101010100 6
11
#6930000
b0 )
b0 =
0+
04
01
#6935000
11
#6940000
b1111 )
b1111 =
1+
14
b1000100 *
b1000100 >
b1000100 3
b1000100 9
01
#6945000
b101000101 B
b101000101 ,
b101000101 7
b101000101 G
b101000100 !
b101000100 <
b101000100 @
b101010101 6
11
#6950000
b0 )
b0 =
0+
04
01
#6955000
11
#6960000
b1111 )
b1111 =
1+
14
b1000101 *
b1000101 >
b1000101 3
b1000101 9
01
#6965000
b101000110 B
b101000110 ,
b101000110 7
b101000110 G
b101000101 !
b101000101 <
b101000101 @
b101010110 6
11
#6970000
b0 )
b0 =
0+
04
01
#6975000
11
#6980000
b1111 )
b1111 =
1+
14
b1000110 *
b1000110 >
b1000110 3
b1000110 9
01
#6985000
b101000111 B
b101000111 ,
b101000111 7
b101000111 G
b101000110 !
b101000110 <
b101000110 @
b101010111 6
11
#6990000
b0 )
b0 =
0+
04
01
#6995000
11
#7000000
b1111 )
b1111 =
1+
14
b1000111 *
b1000111 >
b1000111 3
b1000111 9
01
#7005000
b101001000 B
b101001000 ,
b101001000 7
b101001000 G
b101000111 !
b101000111 <
b101000111 @
b101011000 6
11
#7010000
b0 )
b0 =
0+
04
01
#7015000
11
#7020000
b1111 )
b1111 =
1+
14
b1001000 *
b1001000 >
b1001000 3
b1001000 9
01
#7025000
b101001001 B
b101001001 ,
b101001001 7
b101001001 G
b101001000 !
b101001000 <
b101001000 @
b101011001 6
11
#7030000
b0 )
b0 =
0+
04
01
#7035000
11
#7040000
b1111 )
b1111 =
1+
14
b1001001 *
b1001001 >
b1001001 3
b1001001 9
01
#7045000
b101001010 B
b101001010 ,
b101001010 7
b101001010 G
b101001001 !
b101001001 <
b101001001 @
b101011010 6
11
#7050000
b0 )
b0 =
0+
04
01
#7055000
11
#7060000
b1111 )
b1111 =
1+
14
b1001010 *
b1001010 >
b1001010 3
b1001010 9
01
#7065000
b101001011 B
b101001011 ,
b101001011 7
b101001011 G
b101001010 !
b101001010 <
b101001010 @
b101011011 6
11
#7070000
b0 )
b0 =
0+
04
01
#7075000
11
#7080000
b1111 )
b1111 =
1+
14
b1001011 *
b1001011 >
b1001011 3
b1001011 9
01
#7085000
b101001100 B
b101001100 ,
b101001100 7
b101001100 G
b101001011 !
b101001011 <
b101001011 @
b101011100 6
11
#7090000
b0 )
b0 =
0+
04
01
#7095000
11
#7100000
b1111 )
b1111 =
1+
14
b1001100 *
b1001100 >
b1001100 3
b1001100 9
01
#7105000
b101001101 B
b101001101 ,
b101001101 7
b101001101 G
b101001100 !
b101001100 <
b101001100 @
b101011101 6
11
#7110000
b0 )
b0 =
0+
04
01
#7115000
11
#7120000
b1111 )
b1111 =
1+
14
b1001101 *
b1001101 >
b1001101 3
b1001101 9
01
#7125000
b101001110 B
b101001110 ,
b101001110 7
b101001110 G
b101001101 !
b101001101 <
b101001101 @
b101011110 6
11
#7130000
b0 )
b0 =
0+
04
01
#7135000
11
#7140000
b1111 )
b1111 =
1+
14
b1001110 *
b1001110 >
b1001110 3
b1001110 9
01
#7145000
b101001111 B
b101001111 ,
b101001111 7
b101001111 G
b101001110 !
b101001110 <
b101001110 @
b101011111 6
11
#7150000
b0 )
b0 =
0+
04
01
#7155000
11
#7160000
b1111 )
b1111 =
1+
14
b1001111 *
b1001111 >
b1001111 3
b1001111 9
01
#7165000
b101010000 B
b101010000 ,
b101010000 7
b101010000 G
b101001111 !
b101001111 <
b101001111 @
b101100000 6
11
#7170000
b0 )
b0 =
0+
04
01
#7175000
11
#7180000
b1111 )
b1111 =
1+
14
b1010000 *
b1010000 >
b1010000 3
b1010000 9
01
#7185000
b101010001 B
b101010001 ,
b101010001 7
b101010001 G
b101010000 !
b101010000 <
b101010000 @
b101100001 6
11
#7190000
b0 )
b0 =
0+
04
01
#7195000
11
#7200000
b1111 )
b1111 =
1+
14
b1010001 *
b1010001 >
b1010001 3
b1010001 9
01
#7205000
b101010010 B
b101010010 ,
b101010010 7
b101010010 G
b101010001 !
b101010001 <
b101010001 @
b101100010 6
11
#7210000
b0 )
b0 =
0+
04
01
#7215000
11
#7220000
b1111 )
b1111 =
1+
14
b1010010 *
b1010010 >
b1010010 3
b1010010 9
01
#7225000
b101010011 B
b101010011 ,
b101010011 7
b101010011 G
b101010010 !
b101010010 <
b101010010 @
b101100011 6
11
#7230000
b0 )
b0 =
0+
04
01
#7235000
11
#7240000
b1111 )
b1111 =
1+
14
b1010011 *
b1010011 >
b1010011 3
b1010011 9
01
#7245000
b101010100 B
b101010100 ,
b101010100 7
b101010100 G
b101010011 !
b101010011 <
b101010011 @
b101100100 6
11
#7250000
b0 )
b0 =
0+
04
01
#7255000
11
#7260000
b1111 )
b1111 =
1+
14
b1010100 *
b1010100 >
b1010100 3
b1010100 9
01
#7265000
b101010101 B
b101010101 ,
b101010101 7
b101010101 G
b101010100 !
b101010100 <
b101010100 @
b101100101 6
11
#7270000
b0 )
b0 =
0+
04
01
#7275000
11
#7280000
b1111 )
b1111 =
1+
14
b1010101 *
b1010101 >
b1010101 3
b1010101 9
01
#7285000
b101010110 B
b101010110 ,
b101010110 7
b101010110 G
b101010101 !
b101010101 <
b101010101 @
b101100110 6
11
#7290000
b0 )
b0 =
0+
04
01
#7295000
11
#7300000
b1111 )
b1111 =
1+
14
b1010110 *
b1010110 >
b1010110 3
b1010110 9
01
#7305000
b101010111 B
b101010111 ,
b101010111 7
b101010111 G
b101010110 !
b101010110 <
b101010110 @
b101100111 6
11
#7310000
b0 )
b0 =
0+
04
01
#7315000
11
#7320000
b1111 )
b1111 =
1+
14
b1010111 *
b1010111 >
b1010111 3
b1010111 9
01
#7325000
b101011000 B
b101011000 ,
b101011000 7
b101011000 G
b101010111 !
b101010111 <
b101010111 @
b101101000 6
11
#7330000
b0 )
b0 =
0+
04
01
#7335000
11
#7340000
b1111 )
b1111 =
1+
14
b1011000 *
b1011000 >
b1011000 3
b1011000 9
01
#7345000
b101011001 B
b101011001 ,
b101011001 7
b101011001 G
b101011000 !
b101011000 <
b101011000 @
b101101001 6
11
#7350000
b0 )
b0 =
0+
04
01
#7355000
11
#7360000
b1111 )
b1111 =
1+
14
b1011001 *
b1011001 >
b1011001 3
b1011001 9
01
#7365000
b101011010 B
b101011010 ,
b101011010 7
b101011010 G
b101011001 !
b101011001 <
b101011001 @
b101101010 6
11
#7370000
b0 )
b0 =
0+
04
01
#7375000
11
#7380000
b1111 )
b1111 =
1+
14
b1011010 *
b1011010 >
b1011010 3
b1011010 9
01
#7385000
b101011011 B
b101011011 ,
b101011011 7
b101011011 G
b101011010 !
b101011010 <
b101011010 @
b101101011 6
11
#7390000
b0 )
b0 =
0+
04
01
#7395000
11
#7400000
b1111 )
b1111 =
1+
14
b1011011 *
b1011011 >
b1011011 3
b1011011 9
01
#7405000
b101011100 B
b101011100 ,
b101011100 7
b101011100 G
b101011011 !
b101011011 <
b101011011 @
b101101100 6
11
#7410000
b0 )
b0 =
0+
04
01
#7415000
11
#7420000
b1111 )
b1111 =
1+
14
b1011100 *
b1011100 >
b1011100 3
b1011100 9
01
#7425000
b101011101 B
b101011101 ,
b101011101 7
b101011101 G
b101011100 !
b101011100 <
b101011100 @
b101101101 6
11
#7430000
b0 )
b0 =
0+
04
01
#7435000
11
#7440000
b1111 )
b1111 =
1+
14
b1011101 *
b1011101 >
b1011101 3
b1011101 9
01
#7445000
b101011110 B
b101011110 ,
b101011110 7
b101011110 G
b101011101 !
b101011101 <
b101011101 @
b101101110 6
11
#7450000
b0 )
b0 =
0+
04
01
#7455000
11
#7460000
b1111 )
b1111 =
1+
14
b1011110 *
b1011110 >
b1011110 3
b1011110 9
01
#7465000
b101011111 B
b101011111 ,
b101011111 7
b101011111 G
b101011110 !
b101011110 <
b101011110 @
b101101111 6
11
#7470000
b0 )
b0 =
0+
04
01
#7475000
11
#7480000
b1111 )
b1111 =
1+
14
b1011111 *
b1011111 >
b1011111 3
b1011111 9
01
#7485000
b101100000 B
b101100000 ,
b101100000 7
b101100000 G
b101011111 !
b101011111 <
b101011111 @
b101110000 6
11
#7490000
b0 )
b0 =
0+
04
01
#7495000
11
#7500000
b1111 )
b1111 =
1+
14
b1100000 *
b1100000 >
b1100000 3
b1100000 9
01
#7505000
b101100001 B
b101100001 ,
b101100001 7
b101100001 G
b101100000 !
b101100000 <
b101100000 @
b101110001 6
11
#7510000
b0 )
b0 =
0+
04
01
#7515000
11
#7520000
b1111 )
b1111 =
1+
14
b1100001 *
b1100001 >
b1100001 3
b1100001 9
01
#7525000
b101100010 B
b101100010 ,
b101100010 7
b101100010 G
b101100001 !
b101100001 <
b101100001 @
b101110010 6
11
#7530000
b0 )
b0 =
0+
04
01
#7535000
11
#7540000
b1111 )
b1111 =
1+
14
b1100010 *
b1100010 >
b1100010 3
b1100010 9
01
#7545000
b101100011 B
b101100011 ,
b101100011 7
b101100011 G
b101100010 !
b101100010 <
b101100010 @
b101110011 6
11
#7550000
b0 )
b0 =
0+
04
01
#7555000
11
#7560000
b1111 )
b1111 =
1+
14
b1100011 *
b1100011 >
b1100011 3
b1100011 9
01
#7565000
b101100100 B
b101100100 ,
b101100100 7
b101100100 G
b101100011 !
b101100011 <
b101100011 @
b101110100 6
11
#7570000
b0 )
b0 =
0+
04
01
#7575000
11
#7580000
b1111 )
b1111 =
1+
14
b1100100 *
b1100100 >
b1100100 3
b1100100 9
01
#7585000
b101100101 B
b101100101 ,
b101100101 7
b101100101 G
b101100100 !
b101100100 <
b101100100 @
b101110101 6
11
#7590000
b0 )
b0 =
0+
04
01
#7595000
11
#7600000
b1111 )
b1111 =
1+
14
b1100101 *
b1100101 >
b1100101 3
b1100101 9
01
#7605000
b101100110 B
b101100110 ,
b101100110 7
b101100110 G
b101100101 !
b101100101 <
b101100101 @
b101110110 6
11
#7610000
b0 )
b0 =
0+
04
01
#7615000
11
#7620000
b1111 )
b1111 =
1+
14
b1100110 *
b1100110 >
b1100110 3
b1100110 9
01
#7625000
b101100111 B
b101100111 ,
b101100111 7
b101100111 G
b101100110 !
b101100110 <
b101100110 @
b101110111 6
11
#7630000
b0 )
b0 =
0+
04
01
#7635000
11
#7640000
b1111 )
b1111 =
1+
14
b1100111 *
b1100111 >
b1100111 3
b1100111 9
01
#7645000
b101101000 B
b101101000 ,
b101101000 7
b101101000 G
b101100111 !
b101100111 <
b101100111 @
b101111000 6
11
#7650000
b0 )
b0 =
0+
04
01
#7655000
11
#7660000
b1111 )
b1111 =
1+
14
b1101000 *
b1101000 >
b1101000 3
b1101000 9
01
#7665000
b101101001 B
b101101001 ,
b101101001 7
b101101001 G
b101101000 !
b101101000 <
b101101000 @
b101111001 6
11
#7670000
b0 )
b0 =
0+
04
01
#7675000
11
#7680000
b1111 )
b1111 =
1+
14
b1101001 *
b1101001 >
b1101001 3
b1101001 9
01
#7685000
b101101010 B
b101101010 ,
b101101010 7
b101101010 G
b101101001 !
b101101001 <
b101101001 @
b101111010 6
11
#7690000
b0 )
b0 =
0+
04
01
#7695000
11
#7700000
b1111 )
b1111 =
1+
14
b1101010 *
b1101010 >
b1101010 3
b1101010 9
01
#7705000
b101101011 B
b101101011 ,
b101101011 7
b101101011 G
b101101010 !
b101101010 <
b101101010 @
b101111011 6
11
#7710000
b0 )
b0 =
0+
04
01
#7715000
11
#7720000
b1111 )
b1111 =
1+
14
b1101011 *
b1101011 >
b1101011 3
b1101011 9
01
#7725000
b101101100 B
b101101100 ,
b101101100 7
b101101100 G
b101101011 !
b101101011 <
b101101011 @
b101111100 6
11
#7730000
b0 )
b0 =
0+
04
01
#7735000
11
#7740000
b1111 )
b1111 =
1+
14
b1101100 *
b1101100 >
b1101100 3
b1101100 9
01
#7745000
b101101101 B
b101101101 ,
b101101101 7
b101101101 G
b101101100 !
b101101100 <
b101101100 @
b101111101 6
11
#7750000
b0 )
b0 =
0+
04
01
#7755000
11
#7760000
b1111 )
b1111 =
1+
14
b1101101 *
b1101101 >
b1101101 3
b1101101 9
01
#7765000
b101101110 B
b101101110 ,
b101101110 7
b101101110 G
b101101101 !
b101101101 <
b101101101 @
b101111110 6
11
#7770000
b0 )
b0 =
0+
04
01
#7775000
11
#7780000
b1111 )
b1111 =
1+
14
b1101110 *
b1101110 >
b1101110 3
b1101110 9
01
#7785000
b101101111 B
b101101111 ,
b101101111 7
b101101111 G
b101101110 !
b101101110 <
b101101110 @
b101111111 6
11
#7790000
b0 )
b0 =
0+
04
01
#7795000
11
#7800000
b1111 )
b1111 =
1+
14
b1101111 *
b1101111 >
b1101111 3
b1101111 9
01
#7805000
b101110000 B
b101110000 ,
b101110000 7
b101110000 G
b101101111 !
b101101111 <
b101101111 @
b110000000 6
11
#7810000
b0 )
b0 =
0+
04
01
#7815000
11
#7820000
b1111 )
b1111 =
1+
14
b1110000 *
b1110000 >
b1110000 3
b1110000 9
01
#7825000
b101110001 B
b101110001 ,
b101110001 7
b101110001 G
b101110000 !
b101110000 <
b101110000 @
b110000001 6
11
#7830000
b0 )
b0 =
0+
04
01
#7835000
11
#7840000
b1111 )
b1111 =
1+
14
b1110001 *
b1110001 >
b1110001 3
b1110001 9
01
#7845000
b101110010 B
b101110010 ,
b101110010 7
b101110010 G
b101110001 !
b101110001 <
b101110001 @
b110000010 6
11
#7850000
b0 )
b0 =
0+
04
01
#7855000
11
#7860000
b1111 )
b1111 =
1+
14
b1110010 *
b1110010 >
b1110010 3
b1110010 9
01
#7865000
b101110011 B
b101110011 ,
b101110011 7
b101110011 G
b101110010 !
b101110010 <
b101110010 @
b110000011 6
11
#7870000
b0 )
b0 =
0+
04
01
#7875000
11
#7880000
b1111 )
b1111 =
1+
14
b1110011 *
b1110011 >
b1110011 3
b1110011 9
01
#7885000
b101110100 B
b101110100 ,
b101110100 7
b101110100 G
b101110011 !
b101110011 <
b101110011 @
b110000100 6
11
#7890000
b0 )
b0 =
0+
04
01
#7895000
11
#7900000
b1111 )
b1111 =
1+
14
b1110100 *
b1110100 >
b1110100 3
b1110100 9
01
#7905000
b101110101 B
b101110101 ,
b101110101 7
b101110101 G
b101110100 !
b101110100 <
b101110100 @
b110000101 6
11
#7910000
b0 )
b0 =
0+
04
01
#7915000
11
#7920000
b1111 )
b1111 =
1+
14
b1110101 *
b1110101 >
b1110101 3
b1110101 9
01
#7925000
b101110110 B
b101110110 ,
b101110110 7
b101110110 G
b101110101 !
b101110101 <
b101110101 @
b110000110 6
11
#7930000
b0 )
b0 =
0+
04
01
#7935000
11
#7940000
b1111 )
b1111 =
1+
14
b1110110 *
b1110110 >
b1110110 3
b1110110 9
01
#7945000
b101110111 B
b101110111 ,
b101110111 7
b101110111 G
b101110110 !
b101110110 <
b101110110 @
b110000111 6
11
#7950000
b0 )
b0 =
0+
04
01
#7955000
11
#7960000
b1111 )
b1111 =
1+
14
b1110111 *
b1110111 >
b1110111 3
b1110111 9
01
#7965000
b101111000 B
b101111000 ,
b101111000 7
b101111000 G
b101110111 !
b101110111 <
b101110111 @
b110001000 6
11
#7970000
b0 )
b0 =
0+
04
01
#7975000
11
#7980000
b1111 )
b1111 =
1+
14
b1111000 *
b1111000 >
b1111000 3
b1111000 9
01
#7985000
b101111001 B
b101111001 ,
b101111001 7
b101111001 G
b101111000 !
b101111000 <
b101111000 @
b110001001 6
11
#7990000
b0 )
b0 =
0+
04
01
#7995000
11
#8000000
b1111 )
b1111 =
1+
14
b1111001 *
b1111001 >
b1111001 3
b1111001 9
01
#8005000
b101111010 B
b101111010 ,
b101111010 7
b101111010 G
b101111001 !
b101111001 <
b101111001 @
b110001010 6
11
#8010000
b0 )
b0 =
0+
04
01
#8015000
11
#8020000
b1111 )
b1111 =
1+
14
b1111010 *
b1111010 >
b1111010 3
b1111010 9
01
#8025000
b101111011 B
b101111011 ,
b101111011 7
b101111011 G
b101111010 !
b101111010 <
b101111010 @
b110001011 6
11
#8030000
b0 )
b0 =
0+
04
01
#8035000
11
#8040000
b1111 )
b1111 =
1+
14
b1111011 *
b1111011 >
b1111011 3
b1111011 9
01
#8045000
b101111100 B
b101111100 ,
b101111100 7
b101111100 G
b101111011 !
b101111011 <
b101111011 @
b110001100 6
11
#8050000
b0 )
b0 =
0+
04
01
#8055000
11
#8060000
b1111 )
b1111 =
1+
14
b1111100 *
b1111100 >
b1111100 3
b1111100 9
01
#8065000
b101111101 B
b101111101 ,
b101111101 7
b101111101 G
b101111100 !
b101111100 <
b101111100 @
b110001101 6
11
#8070000
b0 )
b0 =
0+
04
01
#8075000
11
#8080000
b1111 )
b1111 =
1+
14
b1111101 *
b1111101 >
b1111101 3
b1111101 9
01
#8085000
b101111110 B
b101111110 ,
b101111110 7
b101111110 G
b101111101 !
b101111101 <
b101111101 @
b110001110 6
11
#8090000
b0 )
b0 =
0+
04
01
#8095000
11
#8100000
b1111 )
b1111 =
1+
14
b1111110 *
b1111110 >
b1111110 3
b1111110 9
01
#8105000
b101111111 B
b101111111 ,
b101111111 7
b101111111 G
b101111110 !
b101111110 <
b101111110 @
b110001111 6
11
#8110000
b0 )
b0 =
0+
04
01
#8115000
11
#8120000
b1111 )
b1111 =
1+
14
b1111111 *
b1111111 >
b1111111 3
b1111111 9
01
#8125000
b110000000 B
b110000000 ,
b110000000 7
b110000000 G
b101111111 !
b101111111 <
b101111111 @
b110010000 6
11
#8130000
b0 )
b0 =
0+
04
01
#8135000
11
#8140000
b1111 )
b1111 =
1+
14
b10000000 *
b10000000 >
b10000000 3
b10000000 9
01
#8145000
b110000001 B
b110000001 ,
b110000001 7
b110000001 G
b110000000 !
b110000000 <
b110000000 @
b110010001 6
11
#8150000
b0 )
b0 =
0+
04
01
#8155000
11
#8160000
b1111 )
b1111 =
1+
14
b10000001 *
b10000001 >
b10000001 3
b10000001 9
01
#8165000
b110000010 B
b110000010 ,
b110000010 7
b110000010 G
b110000001 !
b110000001 <
b110000001 @
b110010010 6
11
#8170000
b0 )
b0 =
0+
04
01
#8175000
11
#8180000
b1111 )
b1111 =
1+
14
b10000010 *
b10000010 >
b10000010 3
b10000010 9
01
#8185000
b110000011 B
b110000011 ,
b110000011 7
b110000011 G
b110000010 !
b110000010 <
b110000010 @
b110010011 6
11
#8190000
b0 )
b0 =
0+
04
01
#8195000
11
#8200000
b1111 )
b1111 =
1+
14
b10000011 *
b10000011 >
b10000011 3
b10000011 9
01
#8205000
b110000100 B
b110000100 ,
b110000100 7
b110000100 G
b110000011 !
b110000011 <
b110000011 @
b110010100 6
11
#8210000
b0 )
b0 =
0+
04
01
#8215000
11
#8220000
b1111 )
b1111 =
1+
14
b10000100 *
b10000100 >
b10000100 3
b10000100 9
01
#8225000
b110000101 B
b110000101 ,
b110000101 7
b110000101 G
b110000100 !
b110000100 <
b110000100 @
b110010101 6
11
#8230000
b0 )
b0 =
0+
04
01
#8235000
11
#8240000
b1111 )
b1111 =
1+
14
b10000101 *
b10000101 >
b10000101 3
b10000101 9
01
#8245000
b110000110 B
b110000110 ,
b110000110 7
b110000110 G
b110000101 !
b110000101 <
b110000101 @
b110010110 6
11
#8250000
b0 )
b0 =
0+
04
01
#8255000
11
#8260000
b1111 )
b1111 =
1+
14
b10000110 *
b10000110 >
b10000110 3
b10000110 9
01
#8265000
b110000111 B
b110000111 ,
b110000111 7
b110000111 G
b110000110 !
b110000110 <
b110000110 @
b110010111 6
11
#8270000
b0 )
b0 =
0+
04
01
#8275000
11
#8280000
b1111 )
b1111 =
1+
14
b10000111 *
b10000111 >
b10000111 3
b10000111 9
01
#8285000
b110001000 B
b110001000 ,
b110001000 7
b110001000 G
b110000111 !
b110000111 <
b110000111 @
b110011000 6
11
#8290000
b0 )
b0 =
0+
04
01
#8295000
11
#8300000
b1111 )
b1111 =
1+
14
b10001000 *
b10001000 >
b10001000 3
b10001000 9
01
#8305000
b110001001 B
b110001001 ,
b110001001 7
b110001001 G
b110001000 !
b110001000 <
b110001000 @
b110011001 6
11
#8310000
b0 )
b0 =
0+
04
01
#8315000
11
#8320000
b1111 )
b1111 =
1+
14
b10001001 *
b10001001 >
b10001001 3
b10001001 9
01
#8325000
b110001010 B
b110001010 ,
b110001010 7
b110001010 G
b110001001 !
b110001001 <
b110001001 @
b110011010 6
11
#8330000
b0 )
b0 =
0+
04
01
#8335000
11
#8340000
b1111 )
b1111 =
1+
14
b10001010 *
b10001010 >
b10001010 3
b10001010 9
01
#8345000
b110001011 B
b110001011 ,
b110001011 7
b110001011 G
b110001010 !
b110001010 <
b110001010 @
b110011011 6
11
#8350000
b0 )
b0 =
0+
04
01
#8355000
11
#8360000
b1111 )
b1111 =
1+
14
b10001011 *
b10001011 >
b10001011 3
b10001011 9
01
#8365000
b110001100 B
b110001100 ,
b110001100 7
b110001100 G
b110001011 !
b110001011 <
b110001011 @
b110011100 6
11
#8370000
b0 )
b0 =
0+
04
01
#8375000
11
#8380000
b1111 )
b1111 =
1+
14
b10001100 *
b10001100 >
b10001100 3
b10001100 9
01
#8385000
b110001101 B
b110001101 ,
b110001101 7
b110001101 G
b110001100 !
b110001100 <
b110001100 @
b110011101 6
11
#8390000
b0 )
b0 =
0+
04
01
#8395000
11
#8400000
b1111 )
b1111 =
1+
14
b10001101 *
b10001101 >
b10001101 3
b10001101 9
01
#8405000
b110001110 B
b110001110 ,
b110001110 7
b110001110 G
b110001101 !
b110001101 <
b110001101 @
b110011110 6
11
#8410000
b0 )
b0 =
0+
04
01
#8415000
11
#8420000
b1111 )
b1111 =
1+
14
b10001110 *
b10001110 >
b10001110 3
b10001110 9
01
#8425000
b110001111 B
b110001111 ,
b110001111 7
b110001111 G
b110001110 !
b110001110 <
b110001110 @
b110011111 6
11
#8430000
b0 )
b0 =
0+
04
01
#8435000
11
#8440000
b1111 )
b1111 =
1+
14
b10001111 *
b10001111 >
b10001111 3
b10001111 9
01
#8445000
b110010000 B
b110010000 ,
b110010000 7
b110010000 G
b110001111 !
b110001111 <
b110001111 @
b110100000 6
11
#8450000
b0 )
b0 =
0+
04
01
#8455000
11
#8460000
b1111 )
b1111 =
1+
14
b10010000 *
b10010000 >
b10010000 3
b10010000 9
01
#8465000
b110010001 B
b110010001 ,
b110010001 7
b110010001 G
b110010000 !
b110010000 <
b110010000 @
b110100001 6
11
#8470000
b0 )
b0 =
0+
04
01
#8475000
11
#8480000
b1111 )
b1111 =
1+
14
b10010001 *
b10010001 >
b10010001 3
b10010001 9
01
#8485000
b110010010 B
b110010010 ,
b110010010 7
b110010010 G
b110010001 !
b110010001 <
b110010001 @
b110100010 6
11
#8490000
b0 )
b0 =
0+
04
01
#8495000
11
#8500000
b1111 )
b1111 =
1+
14
b10010010 *
b10010010 >
b10010010 3
b10010010 9
01
#8505000
b110010011 B
b110010011 ,
b110010011 7
b110010011 G
b110010010 !
b110010010 <
b110010010 @
b110100011 6
11
#8510000
b0 )
b0 =
0+
04
01
#8515000
11
#8520000
b1111 )
b1111 =
1+
14
b10010011 *
b10010011 >
b10010011 3
b10010011 9
01
#8525000
b110010100 B
b110010100 ,
b110010100 7
b110010100 G
b110010011 !
b110010011 <
b110010011 @
b110100100 6
11
#8530000
b0 )
b0 =
0+
04
01
#8535000
11
#8540000
b1111 )
b1111 =
1+
14
b10010100 *
b10010100 >
b10010100 3
b10010100 9
01
#8545000
b110010101 B
b110010101 ,
b110010101 7
b110010101 G
b110010100 !
b110010100 <
b110010100 @
b110100101 6
11
#8550000
b0 )
b0 =
0+
04
01
#8555000
11
#8560000
b1111 )
b1111 =
1+
14
b10010101 *
b10010101 >
b10010101 3
b10010101 9
01
#8565000
b110010110 B
b110010110 ,
b110010110 7
b110010110 G
b110010101 !
b110010101 <
b110010101 @
b110100110 6
11
#8570000
b0 )
b0 =
0+
04
01
#8575000
11
#8580000
b1111 )
b1111 =
1+
14
b10010110 *
b10010110 >
b10010110 3
b10010110 9
01
#8585000
b110010111 B
b110010111 ,
b110010111 7
b110010111 G
b110010110 !
b110010110 <
b110010110 @
b110100111 6
11
#8590000
b0 )
b0 =
0+
04
01
#8595000
11
#8600000
b1111 )
b1111 =
1+
14
b10010111 *
b10010111 >
b10010111 3
b10010111 9
01
#8605000
b110011000 B
b110011000 ,
b110011000 7
b110011000 G
b110010111 !
b110010111 <
b110010111 @
b110101000 6
11
#8610000
b0 )
b0 =
0+
04
01
#8615000
11
#8620000
b1111 )
b1111 =
1+
14
b10011000 *
b10011000 >
b10011000 3
b10011000 9
01
#8625000
b110011001 B
b110011001 ,
b110011001 7
b110011001 G
b110011000 !
b110011000 <
b110011000 @
b110101001 6
11
#8630000
b0 )
b0 =
0+
04
01
#8635000
11
#8640000
b1111 )
b1111 =
1+
14
b10011001 *
b10011001 >
b10011001 3
b10011001 9
01
#8645000
b110011010 B
b110011010 ,
b110011010 7
b110011010 G
b110011001 !
b110011001 <
b110011001 @
b110101010 6
11
#8650000
b0 )
b0 =
0+
04
01
#8655000
11
#8660000
b1111 )
b1111 =
1+
14
b10011010 *
b10011010 >
b10011010 3
b10011010 9
01
#8665000
b110011011 B
b110011011 ,
b110011011 7
b110011011 G
b110011010 !
b110011010 <
b110011010 @
b110101011 6
11
#8670000
b0 )
b0 =
0+
04
01
#8675000
11
#8680000
b1111 )
b1111 =
1+
14
b10011011 *
b10011011 >
b10011011 3
b10011011 9
01
#8685000
b110011100 B
b110011100 ,
b110011100 7
b110011100 G
b110011011 !
b110011011 <
b110011011 @
b110101100 6
11
#8690000
b0 )
b0 =
0+
04
01
#8695000
11
#8700000
b1111 )
b1111 =
1+
14
b10011100 *
b10011100 >
b10011100 3
b10011100 9
01
#8705000
b110011101 B
b110011101 ,
b110011101 7
b110011101 G
b110011100 !
b110011100 <
b110011100 @
b110101101 6
11
#8710000
b0 )
b0 =
0+
04
01
#8715000
11
#8720000
b1111 )
b1111 =
1+
14
b10011101 *
b10011101 >
b10011101 3
b10011101 9
01
#8725000
b110011110 B
b110011110 ,
b110011110 7
b110011110 G
b110011101 !
b110011101 <
b110011101 @
b110101110 6
11
#8730000
b0 )
b0 =
0+
04
01
#8735000
11
#8740000
b1111 )
b1111 =
1+
14
b10011110 *
b10011110 >
b10011110 3
b10011110 9
01
#8745000
b110011111 B
b110011111 ,
b110011111 7
b110011111 G
b110011110 !
b110011110 <
b110011110 @
b110101111 6
11
#8750000
b0 )
b0 =
0+
04
01
#8755000
11
#8760000
b1111 )
b1111 =
1+
14
b10011111 *
b10011111 >
b10011111 3
b10011111 9
01
#8765000
b110100000 B
b110100000 ,
b110100000 7
b110100000 G
b110011111 !
b110011111 <
b110011111 @
b110110000 6
11
#8770000
b0 )
b0 =
0+
04
01
#8775000
11
#8780000
b1111 )
b1111 =
1+
14
b10100000 *
b10100000 >
b10100000 3
b10100000 9
01
#8785000
b110100001 B
b110100001 ,
b110100001 7
b110100001 G
b110100000 !
b110100000 <
b110100000 @
b110110001 6
11
#8790000
b0 )
b0 =
0+
04
01
#8795000
11
#8800000
b1111 )
b1111 =
1+
14
b10100001 *
b10100001 >
b10100001 3
b10100001 9
01
#8805000
b110100010 B
b110100010 ,
b110100010 7
b110100010 G
b110100001 !
b110100001 <
b110100001 @
b110110010 6
11
#8810000
b0 )
b0 =
0+
04
01
#8815000
11
#8820000
b1111 )
b1111 =
1+
14
b10100010 *
b10100010 >
b10100010 3
b10100010 9
01
#8825000
b110100011 B
b110100011 ,
b110100011 7
b110100011 G
b110100010 !
b110100010 <
b110100010 @
b110110011 6
11
#8830000
b0 )
b0 =
0+
04
01
#8835000
11
#8840000
b1111 )
b1111 =
1+
14
b10100011 *
b10100011 >
b10100011 3
b10100011 9
01
#8845000
b110100100 B
b110100100 ,
b110100100 7
b110100100 G
b110100011 !
b110100011 <
b110100011 @
b110110100 6
11
#8850000
b0 )
b0 =
0+
04
01
#8855000
11
#8860000
b1111 )
b1111 =
1+
14
b10100100 *
b10100100 >
b10100100 3
b10100100 9
01
#8865000
b110100101 B
b110100101 ,
b110100101 7
b110100101 G
b110100100 !
b110100100 <
b110100100 @
b110110101 6
11
#8870000
b0 )
b0 =
0+
04
01
#8875000
11
#8880000
b1111 )
b1111 =
1+
14
b10100101 *
b10100101 >
b10100101 3
b10100101 9
01
#8885000
b110100110 B
b110100110 ,
b110100110 7
b110100110 G
b110100101 !
b110100101 <
b110100101 @
b110110110 6
11
#8890000
b0 )
b0 =
0+
04
01
#8895000
11
#8900000
b1111 )
b1111 =
1+
14
b10100110 *
b10100110 >
b10100110 3
b10100110 9
01
#8905000
b110100111 B
b110100111 ,
b110100111 7
b110100111 G
b110100110 !
b110100110 <
b110100110 @
b110110111 6
11
#8910000
b0 )
b0 =
0+
04
01
#8915000
11
#8920000
b1111 )
b1111 =
1+
14
b10100111 *
b10100111 >
b10100111 3
b10100111 9
01
#8925000
b110101000 B
b110101000 ,
b110101000 7
b110101000 G
b110100111 !
b110100111 <
b110100111 @
b110111000 6
11
#8930000
b0 )
b0 =
0+
04
01
#8935000
11
#8940000
b1111 )
b1111 =
1+
14
b10101000 *
b10101000 >
b10101000 3
b10101000 9
01
#8945000
b110101001 B
b110101001 ,
b110101001 7
b110101001 G
b110101000 !
b110101000 <
b110101000 @
b110111001 6
11
#8950000
b0 )
b0 =
0+
04
01
#8955000
11
#8960000
b1111 )
b1111 =
1+
14
b10101001 *
b10101001 >
b10101001 3
b10101001 9
01
#8965000
b110101010 B
b110101010 ,
b110101010 7
b110101010 G
b110101001 !
b110101001 <
b110101001 @
b110111010 6
11
#8970000
b0 )
b0 =
0+
04
01
#8975000
11
#8980000
b1111 )
b1111 =
1+
14
b10101010 *
b10101010 >
b10101010 3
b10101010 9
01
#8985000
b110101011 B
b110101011 ,
b110101011 7
b110101011 G
b110101010 !
b110101010 <
b110101010 @
b110111011 6
11
#8990000
b0 )
b0 =
0+
04
01
#8995000
11
#9000000
b1111 )
b1111 =
1+
14
b10101011 *
b10101011 >
b10101011 3
b10101011 9
01
#9005000
b110101100 B
b110101100 ,
b110101100 7
b110101100 G
b110101011 !
b110101011 <
b110101011 @
b110111100 6
11
#9010000
b0 )
b0 =
0+
04
01
#9015000
11
#9020000
b1111 )
b1111 =
1+
14
b10101100 *
b10101100 >
b10101100 3
b10101100 9
01
#9025000
b110101101 B
b110101101 ,
b110101101 7
b110101101 G
b110101100 !
b110101100 <
b110101100 @
b110111101 6
11
#9030000
b0 )
b0 =
0+
04
01
#9035000
11
#9040000
b1111 )
b1111 =
1+
14
b10101101 *
b10101101 >
b10101101 3
b10101101 9
01
#9045000
b110101110 B
b110101110 ,
b110101110 7
b110101110 G
b110101101 !
b110101101 <
b110101101 @
b110111110 6
11
#9050000
b0 )
b0 =
0+
04
01
#9055000
11
#9060000
b1111 )
b1111 =
1+
14
b10101110 *
b10101110 >
b10101110 3
b10101110 9
01
#9065000
b110101111 B
b110101111 ,
b110101111 7
b110101111 G
b110101110 !
b110101110 <
b110101110 @
b110111111 6
11
#9070000
b0 )
b0 =
0+
04
01
#9075000
11
#9080000
b1111 )
b1111 =
1+
14
b10101111 *
b10101111 >
b10101111 3
b10101111 9
01
#9085000
b110110000 B
b110110000 ,
b110110000 7
b110110000 G
b110101111 !
b110101111 <
b110101111 @
b111000000 6
11
#9090000
b0 )
b0 =
0+
04
01
#9095000
11
#9100000
b1111 )
b1111 =
1+
14
b10110000 *
b10110000 >
b10110000 3
b10110000 9
01
#9105000
b110110001 B
b110110001 ,
b110110001 7
b110110001 G
b110110000 !
b110110000 <
b110110000 @
b111000001 6
11
#9110000
b0 )
b0 =
0+
04
01
#9115000
11
#9120000
b1111 )
b1111 =
1+
14
b10110001 *
b10110001 >
b10110001 3
b10110001 9
01
#9125000
b110110010 B
b110110010 ,
b110110010 7
b110110010 G
b110110001 !
b110110001 <
b110110001 @
b111000010 6
11
#9130000
b0 )
b0 =
0+
04
01
#9135000
11
#9140000
b1111 )
b1111 =
1+
14
b10110010 *
b10110010 >
b10110010 3
b10110010 9
01
#9145000
b110110011 B
b110110011 ,
b110110011 7
b110110011 G
b110110010 !
b110110010 <
b110110010 @
b111000011 6
11
#9150000
b0 )
b0 =
0+
04
01
#9155000
11
#9160000
b1111 )
b1111 =
1+
14
b10110011 *
b10110011 >
b10110011 3
b10110011 9
01
#9165000
b110110100 B
b110110100 ,
b110110100 7
b110110100 G
b110110011 !
b110110011 <
b110110011 @
b111000100 6
11
#9170000
b0 )
b0 =
0+
04
01
#9175000
11
#9180000
b1111 )
b1111 =
1+
14
b10110100 *
b10110100 >
b10110100 3
b10110100 9
01
#9185000
b110110101 B
b110110101 ,
b110110101 7
b110110101 G
b110110100 !
b110110100 <
b110110100 @
b111000101 6
11
#9190000
b0 )
b0 =
0+
04
01
#9195000
11
#9200000
b1111 )
b1111 =
1+
14
b10110101 *
b10110101 >
b10110101 3
b10110101 9
01
#9205000
b110110110 B
b110110110 ,
b110110110 7
b110110110 G
b110110101 !
b110110101 <
b110110101 @
b111000110 6
11
#9210000
b0 )
b0 =
0+
04
01
#9215000
11
#9220000
b1111 )
b1111 =
1+
14
b10110110 *
b10110110 >
b10110110 3
b10110110 9
01
#9225000
b110110111 B
b110110111 ,
b110110111 7
b110110111 G
b110110110 !
b110110110 <
b110110110 @
b111000111 6
11
#9230000
b0 )
b0 =
0+
04
01
#9235000
11
#9240000
b1111 )
b1111 =
1+
14
b10110111 *
b10110111 >
b10110111 3
b10110111 9
01
#9245000
b110111000 B
b110111000 ,
b110111000 7
b110111000 G
b110110111 !
b110110111 <
b110110111 @
b111001000 6
11
#9250000
b0 )
b0 =
0+
04
01
#9255000
11
#9260000
b1111 )
b1111 =
1+
14
b10111000 *
b10111000 >
b10111000 3
b10111000 9
01
#9265000
b110111001 B
b110111001 ,
b110111001 7
b110111001 G
b110111000 !
b110111000 <
b110111000 @
b111001001 6
11
#9270000
b0 )
b0 =
0+
04
01
#9275000
11
#9280000
b1111 )
b1111 =
1+
14
b10111001 *
b10111001 >
b10111001 3
b10111001 9
01
#9285000
b110111010 B
b110111010 ,
b110111010 7
b110111010 G
b110111001 !
b110111001 <
b110111001 @
b111001010 6
11
#9290000
b0 )
b0 =
0+
04
01
#9295000
11
#9300000
b1111 )
b1111 =
1+
14
b10111010 *
b10111010 >
b10111010 3
b10111010 9
01
#9305000
b110111011 B
b110111011 ,
b110111011 7
b110111011 G
b110111010 !
b110111010 <
b110111010 @
b111001011 6
11
#9310000
b0 )
b0 =
0+
04
01
#9315000
11
#9320000
b1111 )
b1111 =
1+
14
b10111011 *
b10111011 >
b10111011 3
b10111011 9
01
#9325000
b110111100 B
b110111100 ,
b110111100 7
b110111100 G
b110111011 !
b110111011 <
b110111011 @
b111001100 6
11
#9330000
b0 )
b0 =
0+
04
01
#9335000
11
#9340000
b1111 )
b1111 =
1+
14
b10111100 *
b10111100 >
b10111100 3
b10111100 9
01
#9345000
b110111101 B
b110111101 ,
b110111101 7
b110111101 G
b110111100 !
b110111100 <
b110111100 @
b111001101 6
11
#9350000
b0 )
b0 =
0+
04
01
#9355000
11
#9360000
b1111 )
b1111 =
1+
14
b10111101 *
b10111101 >
b10111101 3
b10111101 9
01
#9365000
b110111110 B
b110111110 ,
b110111110 7
b110111110 G
b110111101 !
b110111101 <
b110111101 @
b111001110 6
11
#9370000
b0 )
b0 =
0+
04
01
#9375000
11
#9380000
b1111 )
b1111 =
1+
14
b10111110 *
b10111110 >
b10111110 3
b10111110 9
01
#9385000
b110111111 B
b110111111 ,
b110111111 7
b110111111 G
b110111110 !
b110111110 <
b110111110 @
b111001111 6
11
#9390000
b0 )
b0 =
0+
04
01
#9395000
11
#9400000
b1111 )
b1111 =
1+
14
b10111111 *
b10111111 >
b10111111 3
b10111111 9
01
#9405000
b111000000 B
b111000000 ,
b111000000 7
b111000000 G
b110111111 !
b110111111 <
b110111111 @
b111010000 6
11
#9410000
b0 )
b0 =
0+
04
01
#9415000
11
#9420000
b1111 )
b1111 =
1+
14
b11000000 *
b11000000 >
b11000000 3
b11000000 9
01
#9425000
b111000001 B
b111000001 ,
b111000001 7
b111000001 G
b111000000 !
b111000000 <
b111000000 @
b111010001 6
11
#9430000
b0 )
b0 =
0+
04
01
#9435000
11
#9440000
b1111 )
b1111 =
1+
14
b11000001 *
b11000001 >
b11000001 3
b11000001 9
01
#9445000
b111000010 B
b111000010 ,
b111000010 7
b111000010 G
b111000001 !
b111000001 <
b111000001 @
b111010010 6
11
#9450000
b0 )
b0 =
0+
04
01
#9455000
11
#9460000
b1111 )
b1111 =
1+
14
b11000010 *
b11000010 >
b11000010 3
b11000010 9
01
#9465000
b111000011 B
b111000011 ,
b111000011 7
b111000011 G
b111000010 !
b111000010 <
b111000010 @
b111010011 6
11
#9470000
b0 )
b0 =
0+
04
01
#9475000
11
#9480000
b1111 )
b1111 =
1+
14
b11000011 *
b11000011 >
b11000011 3
b11000011 9
01
#9485000
b111000100 B
b111000100 ,
b111000100 7
b111000100 G
b111000011 !
b111000011 <
b111000011 @
b111010100 6
11
#9490000
b0 )
b0 =
0+
04
01
#9495000
11
#9500000
b1111 )
b1111 =
1+
14
b11000100 *
b11000100 >
b11000100 3
b11000100 9
01
#9505000
b111000101 B
b111000101 ,
b111000101 7
b111000101 G
b111000100 !
b111000100 <
b111000100 @
b111010101 6
11
#9510000
b0 )
b0 =
0+
04
01
#9515000
11
#9520000
b1111 )
b1111 =
1+
14
b11000101 *
b11000101 >
b11000101 3
b11000101 9
01
#9525000
b111000110 B
b111000110 ,
b111000110 7
b111000110 G
b111000101 !
b111000101 <
b111000101 @
b111010110 6
11
#9530000
b0 )
b0 =
0+
04
01
#9535000
11
#9540000
b1111 )
b1111 =
1+
14
b11000110 *
b11000110 >
b11000110 3
b11000110 9
01
#9545000
b111000111 B
b111000111 ,
b111000111 7
b111000111 G
b111000110 !
b111000110 <
b111000110 @
b111010111 6
11
#9550000
b0 )
b0 =
0+
04
01
#9555000
11
#9560000
b1111 )
b1111 =
1+
14
b11000111 *
b11000111 >
b11000111 3
b11000111 9
01
#9565000
b111001000 B
b111001000 ,
b111001000 7
b111001000 G
b111000111 !
b111000111 <
b111000111 @
b111011000 6
11
#9570000
b0 )
b0 =
0+
04
01
#9575000
11
#9580000
b1111 )
b1111 =
1+
14
b11001000 *
b11001000 >
b11001000 3
b11001000 9
01
#9585000
b111001001 B
b111001001 ,
b111001001 7
b111001001 G
b111001000 !
b111001000 <
b111001000 @
b111011001 6
11
#9590000
b0 )
b0 =
0+
04
01
#9595000
11
#9600000
b1111 )
b1111 =
1+
14
b11001001 *
b11001001 >
b11001001 3
b11001001 9
01
#9605000
b111001010 B
b111001010 ,
b111001010 7
b111001010 G
b111001001 !
b111001001 <
b111001001 @
b111011010 6
11
#9610000
b0 )
b0 =
0+
04
01
#9615000
11
#9620000
b1111 )
b1111 =
1+
14
b11001010 *
b11001010 >
b11001010 3
b11001010 9
01
#9625000
b111001011 B
b111001011 ,
b111001011 7
b111001011 G
b111001010 !
b111001010 <
b111001010 @
b111011011 6
11
#9630000
b0 )
b0 =
0+
04
01
#9635000
11
#9640000
b1111 )
b1111 =
1+
14
b11001011 *
b11001011 >
b11001011 3
b11001011 9
01
#9645000
b111001100 B
b111001100 ,
b111001100 7
b111001100 G
b111001011 !
b111001011 <
b111001011 @
b111011100 6
11
#9650000
b0 )
b0 =
0+
04
01
#9655000
11
#9660000
b1111 )
b1111 =
1+
14
b11001100 *
b11001100 >
b11001100 3
b11001100 9
01
#9665000
b111001101 B
b111001101 ,
b111001101 7
b111001101 G
b111001100 !
b111001100 <
b111001100 @
b111011101 6
11
#9670000
b0 )
b0 =
0+
04
01
#9675000
11
#9680000
b1111 )
b1111 =
1+
14
b11001101 *
b11001101 >
b11001101 3
b11001101 9
01
#9685000
b111001110 B
b111001110 ,
b111001110 7
b111001110 G
b111001101 !
b111001101 <
b111001101 @
b111011110 6
11
#9690000
b0 )
b0 =
0+
04
01
#9695000
11
#9700000
b1111 )
b1111 =
1+
14
b11001110 *
b11001110 >
b11001110 3
b11001110 9
01
#9705000
b111001111 B
b111001111 ,
b111001111 7
b111001111 G
b111001110 !
b111001110 <
b111001110 @
b111011111 6
11
#9710000
b0 )
b0 =
0+
04
01
#9715000
11
#9720000
b1111 )
b1111 =
1+
14
b11001111 *
b11001111 >
b11001111 3
b11001111 9
01
#9725000
b111010000 B
b111010000 ,
b111010000 7
b111010000 G
b111001111 !
b111001111 <
b111001111 @
b111100000 6
11
#9730000
b0 )
b0 =
0+
04
01
#9735000
11
#9740000
b1111 )
b1111 =
1+
14
b11010000 *
b11010000 >
b11010000 3
b11010000 9
01
#9745000
b111010001 B
b111010001 ,
b111010001 7
b111010001 G
b111010000 !
b111010000 <
b111010000 @
b111100001 6
11
#9750000
b0 )
b0 =
0+
04
01
#9755000
11
#9760000
b1111 )
b1111 =
1+
14
b11010001 *
b11010001 >
b11010001 3
b11010001 9
01
#9765000
b111010010 B
b111010010 ,
b111010010 7
b111010010 G
b111010001 !
b111010001 <
b111010001 @
b111100010 6
11
#9770000
b0 )
b0 =
0+
04
01
#9775000
11
#9780000
b1111 )
b1111 =
1+
14
b11010010 *
b11010010 >
b11010010 3
b11010010 9
01
#9785000
b111010011 B
b111010011 ,
b111010011 7
b111010011 G
b111010010 !
b111010010 <
b111010010 @
b111100011 6
11
#9790000
b0 )
b0 =
0+
04
01
#9795000
11
#9800000
b1111 )
b1111 =
1+
14
b11010011 *
b11010011 >
b11010011 3
b11010011 9
01
#9805000
b111010100 B
b111010100 ,
b111010100 7
b111010100 G
b111010011 !
b111010011 <
b111010011 @
b111100100 6
11
#9810000
b0 )
b0 =
0+
04
01
#9815000
11
#9820000
b1111 )
b1111 =
1+
14
b11010100 *
b11010100 >
b11010100 3
b11010100 9
01
#9825000
b111010101 B
b111010101 ,
b111010101 7
b111010101 G
b111010100 !
b111010100 <
b111010100 @
b111100101 6
11
#9830000
b0 )
b0 =
0+
04
01
#9835000
11
#9840000
b1111 )
b1111 =
1+
14
b11010101 *
b11010101 >
b11010101 3
b11010101 9
01
#9845000
b111010110 B
b111010110 ,
b111010110 7
b111010110 G
b111010101 !
b111010101 <
b111010101 @
b111100110 6
11
#9850000
b0 )
b0 =
0+
04
01
#9855000
11
#9860000
b1111 )
b1111 =
1+
14
b11010110 *
b11010110 >
b11010110 3
b11010110 9
01
#9865000
b111010111 B
b111010111 ,
b111010111 7
b111010111 G
b111010110 !
b111010110 <
b111010110 @
b111100111 6
11
#9870000
b0 )
b0 =
0+
04
01
#9875000
11
#9880000
b1111 )
b1111 =
1+
14
b11010111 *
b11010111 >
b11010111 3
b11010111 9
01
#9885000
b111011000 B
b111011000 ,
b111011000 7
b111011000 G
b111010111 !
b111010111 <
b111010111 @
b111101000 6
11
#9890000
b0 )
b0 =
0+
04
01
#9895000
11
#9900000
b1111 )
b1111 =
1+
14
b11011000 *
b11011000 >
b11011000 3
b11011000 9
01
#9905000
b111011001 B
b111011001 ,
b111011001 7
b111011001 G
b111011000 !
b111011000 <
b111011000 @
b111101001 6
11
#9910000
b0 )
b0 =
0+
04
01
#9915000
11
#9920000
b1111 )
b1111 =
1+
14
b11011001 *
b11011001 >
b11011001 3
b11011001 9
01
#9925000
b111011010 B
b111011010 ,
b111011010 7
b111011010 G
b111011001 !
b111011001 <
b111011001 @
b111101010 6
11
#9930000
b0 )
b0 =
0+
04
01
#9935000
11
#9940000
b1111 )
b1111 =
1+
14
b11011010 *
b11011010 >
b11011010 3
b11011010 9
01
#9945000
b111011011 B
b111011011 ,
b111011011 7
b111011011 G
b111011010 !
b111011010 <
b111011010 @
b111101011 6
11
#9950000
b0 )
b0 =
0+
04
01
#9955000
11
#9960000
b1111 )
b1111 =
1+
14
b11011011 *
b11011011 >
b11011011 3
b11011011 9
01
#9965000
b111011100 B
b111011100 ,
b111011100 7
b111011100 G
b111011011 !
b111011011 <
b111011011 @
b111101100 6
11
#9970000
b0 )
b0 =
0+
04
01
#9975000
11
#9980000
b1111 )
b1111 =
1+
14
b11011100 *
b11011100 >
b11011100 3
b11011100 9
01
#9985000
b111011101 B
b111011101 ,
b111011101 7
b111011101 G
b111011100 !
b111011100 <
b111011100 @
b111101101 6
11
#9990000
b0 )
b0 =
0+
04
01
#9995000
11
#10000000
b1111 )
b1111 =
1+
14
b11011101 *
b11011101 >
b11011101 3
b11011101 9
01
#10005000
b111011110 B
b111011110 ,
b111011110 7
b111011110 G
b111011101 !
b111011101 <
b111011101 @
b111101110 6
11
#10010000
b0 )
b0 =
0+
04
01
#10015000
11
#10020000
b1111 )
b1111 =
1+
14
b11011110 *
b11011110 >
b11011110 3
b11011110 9
01
#10025000
b111011111 B
b111011111 ,
b111011111 7
b111011111 G
b111011110 !
b111011110 <
b111011110 @
b111101111 6
11
#10030000
b0 )
b0 =
0+
04
01
#10035000
11
#10040000
b1111 )
b1111 =
1+
14
b11011111 *
b11011111 >
b11011111 3
b11011111 9
01
#10045000
b111100000 B
b111100000 ,
b111100000 7
b111100000 G
b111011111 !
b111011111 <
b111011111 @
b111110000 6
11
#10050000
b0 )
b0 =
0+
04
01
#10055000
11
#10060000
b1111 )
b1111 =
1+
14
b11100000 *
b11100000 >
b11100000 3
b11100000 9
01
#10065000
b111100001 B
b111100001 ,
b111100001 7
b111100001 G
b111100000 !
b111100000 <
b111100000 @
b111110001 6
11
#10070000
b0 )
b0 =
0+
04
01
#10075000
11
#10080000
b1111 )
b1111 =
1+
14
b11100001 *
b11100001 >
b11100001 3
b11100001 9
01
#10085000
b111100010 B
b111100010 ,
b111100010 7
b111100010 G
b111100001 !
b111100001 <
b111100001 @
b111110010 6
11
#10090000
b0 )
b0 =
0+
04
01
#10095000
11
#10100000
b1111 )
b1111 =
1+
14
b11100010 *
b11100010 >
b11100010 3
b11100010 9
01
#10105000
b111100011 B
b111100011 ,
b111100011 7
b111100011 G
b111100010 !
b111100010 <
b111100010 @
b111110011 6
11
#10110000
b0 )
b0 =
0+
04
01
#10115000
11
#10120000
b1111 )
b1111 =
1+
14
b11100011 *
b11100011 >
b11100011 3
b11100011 9
01
#10125000
b111100100 B
b111100100 ,
b111100100 7
b111100100 G
b111100011 !
b111100011 <
b111100011 @
b111110100 6
11
#10130000
b0 )
b0 =
0+
04
01
#10135000
11
#10140000
b1111 )
b1111 =
1+
14
b11100100 *
b11100100 >
b11100100 3
b11100100 9
01
#10145000
b111100101 B
b111100101 ,
b111100101 7
b111100101 G
b111100100 !
b111100100 <
b111100100 @
b111110101 6
11
#10150000
b0 )
b0 =
0+
04
01
#10155000
11
#10160000
b1111 )
b1111 =
1+
14
b11100101 *
b11100101 >
b11100101 3
b11100101 9
01
#10165000
b111100110 B
b111100110 ,
b111100110 7
b111100110 G
b111100101 !
b111100101 <
b111100101 @
b111110110 6
11
#10170000
b0 )
b0 =
0+
04
01
#10175000
11
#10180000
b1111 )
b1111 =
1+
14
b11100110 *
b11100110 >
b11100110 3
b11100110 9
01
#10185000
b111100111 B
b111100111 ,
b111100111 7
b111100111 G
b111100110 !
b111100110 <
b111100110 @
b111110111 6
11
#10190000
b0 )
b0 =
0+
04
01
#10195000
11
#10200000
b1111 )
b1111 =
1+
14
b11100111 *
b11100111 >
b11100111 3
b11100111 9
01
#10205000
b111101000 B
b111101000 ,
b111101000 7
b111101000 G
b111100111 !
b111100111 <
b111100111 @
b111111000 6
11
#10210000
b0 )
b0 =
0+
04
01
#10215000
11
#10220000
b1111 )
b1111 =
1+
14
b11101000 *
b11101000 >
b11101000 3
b11101000 9
01
#10225000
b111101001 B
b111101001 ,
b111101001 7
b111101001 G
b111101000 !
b111101000 <
b111101000 @
b111111001 6
11
#10230000
b0 )
b0 =
0+
04
01
#10235000
11
#10240000
b1111 )
b1111 =
1+
14
b11101001 *
b11101001 >
b11101001 3
b11101001 9
01
#10245000
b111101010 B
b111101010 ,
b111101010 7
b111101010 G
b111101001 !
b111101001 <
b111101001 @
b111111010 6
11
#10250000
b0 )
b0 =
0+
04
01
#10255000
11
#10260000
b1111 )
b1111 =
1+
14
b11101010 *
b11101010 >
b11101010 3
b11101010 9
01
#10265000
b111101011 B
b111101011 ,
b111101011 7
b111101011 G
b111101010 !
b111101010 <
b111101010 @
b111111011 6
11
#10270000
b0 )
b0 =
0+
04
01
#10275000
11
#10280000
b1111 )
b1111 =
1+
14
b11101011 *
b11101011 >
b11101011 3
b11101011 9
01
#10285000
b111101100 B
b111101100 ,
b111101100 7
b111101100 G
b111101011 !
b111101011 <
b111101011 @
b111111100 6
11
#10290000
b0 )
b0 =
0+
04
01
#10295000
11
#10300000
b1111 )
b1111 =
1+
14
b11101100 *
b11101100 >
b11101100 3
b11101100 9
01
#10305000
b111101101 B
b111101101 ,
b111101101 7
b111101101 G
b111101100 !
b111101100 <
b111101100 @
b111111101 6
11
#10310000
b0 )
b0 =
0+
04
01
#10315000
11
#10320000
b1111 )
b1111 =
1+
14
b11101101 *
b11101101 >
b11101101 3
b11101101 9
01
#10325000
b111101110 B
b111101110 ,
b111101110 7
b111101110 G
b111101101 !
b111101101 <
b111101101 @
b111111110 6
11
#10330000
b0 )
b0 =
0+
04
01
#10335000
11
#10340000
b1111 )
b1111 =
1+
14
b11101110 *
b11101110 >
b11101110 3
b11101110 9
01
#10345000
b111101111 B
b111101111 ,
b111101111 7
b111101111 G
b111101110 !
b111101110 <
b111101110 @
b111111111 6
11
#10350000
b0 )
b0 =
0+
04
01
#10355000
11
#10360000
b1111 )
b1111 =
1+
14
b11101111 *
b11101111 >
b11101111 3
b11101111 9
01
#10365000
b111110000 B
b111110000 ,
b111110000 7
b111110000 G
b111101111 !
b111101111 <
b111101111 @
b1000000000 6
11
#10370000
b0 )
b0 =
0+
04
01
#10375000
11
#10380000
b1111 )
b1111 =
1+
14
b11110000 *
b11110000 >
b11110000 3
b11110000 9
01
#10385000
b111110001 B
b111110001 ,
b111110001 7
b111110001 G
b111110000 !
b111110000 <
b111110000 @
b1000000001 6
11
#10390000
b0 )
b0 =
0+
04
01
#10395000
11
#10400000
b1111 )
b1111 =
1+
14
b11110001 *
b11110001 >
b11110001 3
b11110001 9
01
#10405000
b111110010 B
b111110010 ,
b111110010 7
b111110010 G
b111110001 !
b111110001 <
b111110001 @
b1000000010 6
11
#10410000
b0 )
b0 =
0+
04
01
#10415000
11
#10420000
b1111 )
b1111 =
1+
14
b11110010 *
b11110010 >
b11110010 3
b11110010 9
01
#10425000
b111110011 B
b111110011 ,
b111110011 7
b111110011 G
b111110010 !
b111110010 <
b111110010 @
b1000000011 6
11
#10430000
b0 )
b0 =
0+
04
01
#10435000
11
#10440000
b1111 )
b1111 =
1+
14
b11110011 *
b11110011 >
b11110011 3
b11110011 9
01
#10445000
b111110100 B
b111110100 ,
b111110100 7
b111110100 G
b111110011 !
b111110011 <
b111110011 @
b1000000100 6
11
#10450000
b0 )
b0 =
0+
04
01
#10455000
11
#10460000
b1111 )
b1111 =
1+
14
b11110100 *
b11110100 >
b11110100 3
b11110100 9
01
#10465000
b111110101 B
b111110101 ,
b111110101 7
b111110101 G
b111110100 !
b111110100 <
b111110100 @
b1000000101 6
11
#10470000
b0 )
b0 =
0+
04
01
#10475000
11
#10480000
b1111 )
b1111 =
1+
14
b11110101 *
b11110101 >
b11110101 3
b11110101 9
01
#10485000
b111110110 B
b111110110 ,
b111110110 7
b111110110 G
b111110101 !
b111110101 <
b111110101 @
b1000000110 6
11
#10490000
b0 )
b0 =
0+
04
01
#10495000
11
#10500000
b1111 )
b1111 =
1+
14
b11110110 *
b11110110 >
b11110110 3
b11110110 9
01
#10505000
b111110111 B
b111110111 ,
b111110111 7
b111110111 G
b111110110 !
b111110110 <
b111110110 @
b1000000111 6
11
#10510000
b0 )
b0 =
0+
04
01
#10515000
11
#10520000
b1111 )
b1111 =
1+
14
b11110111 *
b11110111 >
b11110111 3
b11110111 9
01
#10525000
b111111000 B
b111111000 ,
b111111000 7
b111111000 G
b111110111 !
b111110111 <
b111110111 @
b1000001000 6
11
#10530000
b0 )
b0 =
0+
04
01
#10535000
11
#10540000
b1111 )
b1111 =
1+
14
b11111000 *
b11111000 >
b11111000 3
b11111000 9
01
#10545000
b111111001 B
b111111001 ,
b111111001 7
b111111001 G
b111111000 !
b111111000 <
b111111000 @
b1000001001 6
11
#10550000
b0 )
b0 =
0+
04
01
#10555000
11
#10560000
b1111 )
b1111 =
1+
14
b11111001 *
b11111001 >
b11111001 3
b11111001 9
01
#10565000
b111111010 B
b111111010 ,
b111111010 7
b111111010 G
b111111001 !
b111111001 <
b111111001 @
b1000001010 6
11
#10570000
b0 )
b0 =
0+
04
01
#10575000
11
#10580000
b1111 )
b1111 =
1+
14
b11111010 *
b11111010 >
b11111010 3
b11111010 9
01
#10585000
b111111011 B
b111111011 ,
b111111011 7
b111111011 G
b111111010 !
b111111010 <
b111111010 @
b1000001011 6
11
#10590000
b0 )
b0 =
0+
04
01
#10595000
11
#10600000
b1111 )
b1111 =
1+
14
b11111011 *
b11111011 >
b11111011 3
b11111011 9
01
#10605000
b111111100 B
b111111100 ,
b111111100 7
b111111100 G
b111111011 !
b111111011 <
b111111011 @
b1000001100 6
11
#10610000
b0 )
b0 =
0+
04
01
#10615000
11
#10620000
b1111 )
b1111 =
1+
14
b11111100 *
b11111100 >
b11111100 3
b11111100 9
01
#10625000
b111111101 B
b111111101 ,
b111111101 7
b111111101 G
b111111100 !
b111111100 <
b111111100 @
b1000001101 6
11
#10630000
b0 )
b0 =
0+
04
01
#10635000
11
#10640000
b1111 )
b1111 =
1+
14
b11111101 *
b11111101 >
b11111101 3
b11111101 9
01
#10645000
b111111110 B
b111111110 ,
b111111110 7
b111111110 G
b111111101 !
b111111101 <
b111111101 @
b1000001110 6
11
#10650000
b0 )
b0 =
0+
04
01
#10655000
11
#10660000
b1111 )
b1111 =
1+
14
b11111110 *
b11111110 >
b11111110 3
b11111110 9
01
#10665000
b111111111 B
b111111111 ,
b111111111 7
b111111111 G
b111111110 !
b111111110 <
b111111110 @
b1000001111 6
11
#10670000
b0 )
b0 =
0+
04
01
#10675000
11
#10680000
b1111 )
b1111 =
1+
14
b11111111 *
b11111111 >
b11111111 3
b11111111 9
01
#10685000
1%
b10 D
b1000000000 B
b1000000000 ,
b1000000000 7
b1000000000 G
b111111111 !
b111111111 <
b111111111 @
b1000010000 6
11
#10690000
b0 )
b0 =
0+
04
01
#10695000
11
#10700000
b1111 )
b1111 =
1+
15
14
b0 *
b0 >
b0 3
b0 9
01
#10705000
b11 D
1"
1F
b1 A
b1000000000 #
b1000000000 ;
b1000000000 E
b1000000001 ,
b1000000001 7
b1000000001 G
b1000000000 !
b1000000000 <
b1000000000 @
b1000010001 6
11
#10710000
b0 )
b0 =
0+
05
04
01
#10715000
11
#10720000
b1111 )
b1111 =
1+
14
b1 *
b1 >
b1 3
b1 9
01
#10725000
b10 A
b1000000010 ,
b1000000010 7
b1000000010 G
b1000000001 !
b1000000001 <
b1000000001 @
b1000010010 6
11
#10730000
b0 )
b0 =
0+
04
01
#10735000
11
#10740000
b1111 )
b1111 =
1+
14
b10 *
b10 >
b10 3
b10 9
01
#10745000
b11 A
b1000000011 ,
b1000000011 7
b1000000011 G
b1000000010 !
b1000000010 <
b1000000010 @
b1000010011 6
11
#10750000
b0 )
b0 =
0+
04
01
#10755000
11
#10760000
b1111 )
b1111 =
1+
14
b11 *
b11 >
b11 3
b11 9
01
#10765000
b100 A
b1000000100 ,
b1000000100 7
b1000000100 G
b1000000011 !
b1000000011 <
b1000000011 @
b1000010100 6
11
#10770000
b0 )
b0 =
0+
04
01
#10775000
11
#10780000
b1111 )
b1111 =
1+
14
b100 *
b100 >
b100 3
b100 9
01
#10785000
b101 A
b1000000101 ,
b1000000101 7
b1000000101 G
b1000000100 !
b1000000100 <
b1000000100 @
b1000010101 6
11
#10790000
b0 )
b0 =
0+
04
01
#10795000
11
#10800000
b1111 )
b1111 =
1+
14
b101 *
b101 >
b101 3
b101 9
01
#10805000
b110 A
b1000000110 ,
b1000000110 7
b1000000110 G
b1000000101 !
b1000000101 <
b1000000101 @
b1000010110 6
11
#10810000
b0 )
b0 =
0+
04
01
#10815000
11
#10820000
b1111 )
b1111 =
1+
14
b110 *
b110 >
b110 3
b110 9
01
#10825000
b111 A
b1000000111 ,
b1000000111 7
b1000000111 G
b1000000110 !
b1000000110 <
b1000000110 @
b1000010111 6
11
#10830000
b0 )
b0 =
0+
04
01
#10835000
11
#10840000
b1111 )
b1111 =
1+
14
b111 *
b111 >
b111 3
b111 9
01
#10845000
b1000 A
b1000001000 ,
b1000001000 7
b1000001000 G
b1000000111 !
b1000000111 <
b1000000111 @
b1000011000 6
11
#10850000
b0 )
b0 =
0+
04
01
#10855000
11
#10860000
b1111 )
b1111 =
1+
14
b1000 *
b1000 >
b1000 3
b1000 9
01
#10865000
b1001 A
b1000001001 ,
b1000001001 7
b1000001001 G
b1000001000 !
b1000001000 <
b1000001000 @
b1000011001 6
11
#10870000
b0 )
b0 =
0+
04
01
#10875000
11
#10880000
b1111 )
b1111 =
1+
14
b1001 *
b1001 >
b1001 3
b1001 9
01
#10885000
b1010 A
b1000001010 ,
b1000001010 7
b1000001010 G
b1000001001 !
b1000001001 <
b1000001001 @
b1000011010 6
11
#10890000
b0 )
b0 =
0+
04
01
#10895000
11
#10900000
b1111 )
b1111 =
1+
14
b1010 *
b1010 >
b1010 3
b1010 9
01
#10905000
b1011 A
b1000001011 ,
b1000001011 7
b1000001011 G
b1000001010 !
b1000001010 <
b1000001010 @
b1000011011 6
11
#10910000
b0 )
b0 =
0+
04
01
#10915000
11
#10920000
b1111 )
b1111 =
1+
14
b1011 *
b1011 >
b1011 3
b1011 9
01
#10925000
b1100 A
b1000001100 ,
b1000001100 7
b1000001100 G
b1000001011 !
b1000001011 <
b1000001011 @
b1000011100 6
11
#10930000
b0 )
b0 =
0+
04
01
#10935000
11
#10940000
b1111 )
b1111 =
1+
14
b1100 *
b1100 >
b1100 3
b1100 9
01
#10945000
b1101 A
b1000001101 ,
b1000001101 7
b1000001101 G
b1000001100 !
b1000001100 <
b1000001100 @
b1000011101 6
11
#10950000
b0 )
b0 =
0+
04
01
#10955000
11
#10960000
b1111 )
b1111 =
1+
14
b1101 *
b1101 >
b1101 3
b1101 9
01
#10965000
b1110 A
b1000001110 ,
b1000001110 7
b1000001110 G
b1000001101 !
b1000001101 <
b1000001101 @
b1000011110 6
11
#10970000
b0 )
b0 =
0+
04
01
#10975000
11
#10980000
b1111 )
b1111 =
1+
14
b1110 *
b1110 >
b1110 3
b1110 9
01
#10985000
b1111 A
b1000001111 ,
b1000001111 7
b1000001111 G
b1000001110 !
b1000001110 <
b1000001110 @
b1000011111 6
11
#10990000
b0 )
b0 =
0+
04
01
#10995000
11
#11000000
b1111 )
b1111 =
1+
14
b1111 *
b1111 >
b1111 3
b1111 9
01
#11005000
b10000 A
b1000010000 ,
b1000010000 7
b1000010000 G
b1000001111 !
b1000001111 <
b1000001111 @
b1000100000 6
11
#11010000
b0 )
b0 =
0+
04
01
#11015000
11
#11020000
b1111 )
b1111 =
1+
14
b10000 *
b10000 >
b10000 3
b10000 9
01
#11025000
b10001 A
b1000010001 ,
b1000010001 7
b1000010001 G
b1000010000 !
b1000010000 <
b1000010000 @
b1000100001 6
11
#11030000
b0 )
b0 =
0+
04
01
#11035000
11
#11040000
b1111 )
b1111 =
1+
14
b10001 *
b10001 >
b10001 3
b10001 9
01
#11045000
b10010 A
b1000010010 ,
b1000010010 7
b1000010010 G
b1000010001 !
b1000010001 <
b1000010001 @
b1000100010 6
11
#11050000
b0 )
b0 =
0+
04
01
#11055000
11
#11060000
b1111 )
b1111 =
1+
14
b10010 *
b10010 >
b10010 3
b10010 9
01
#11065000
b10011 A
b1000010011 ,
b1000010011 7
b1000010011 G
b1000010010 !
b1000010010 <
b1000010010 @
b1000100011 6
11
#11070000
b0 )
b0 =
0+
04
01
#11075000
11
#11080000
b1111 )
b1111 =
1+
14
b10011 *
b10011 >
b10011 3
b10011 9
01
#11085000
b10100 A
b1000010100 ,
b1000010100 7
b1000010100 G
b1000010011 !
b1000010011 <
b1000010011 @
b1000100100 6
11
#11090000
b0 )
b0 =
0+
04
01
#11095000
11
#11100000
b1111 )
b1111 =
1+
14
b10100 *
b10100 >
b10100 3
b10100 9
01
#11105000
b10101 A
b1000010101 ,
b1000010101 7
b1000010101 G
b1000010100 !
b1000010100 <
b1000010100 @
b1000100101 6
11
#11110000
b0 )
b0 =
0+
04
01
#11115000
11
#11120000
b1111 )
b1111 =
1+
14
b10101 *
b10101 >
b10101 3
b10101 9
01
#11125000
b10110 A
b1000010110 ,
b1000010110 7
b1000010110 G
b1000010101 !
b1000010101 <
b1000010101 @
b1000100110 6
11
#11130000
b0 )
b0 =
0+
04
01
#11135000
11
#11140000
b1111 )
b1111 =
1+
14
b10110 *
b10110 >
b10110 3
b10110 9
01
#11145000
b10111 A
b1000010111 ,
b1000010111 7
b1000010111 G
b1000010110 !
b1000010110 <
b1000010110 @
b1000100111 6
11
#11150000
b0 )
b0 =
0+
04
01
#11155000
11
#11160000
b1111 )
b1111 =
1+
14
b10111 *
b10111 >
b10111 3
b10111 9
01
#11165000
b11000 A
b1000011000 ,
b1000011000 7
b1000011000 G
b1000010111 !
b1000010111 <
b1000010111 @
b1000101000 6
11
#11170000
b0 )
b0 =
0+
04
01
#11175000
11
#11180000
b1111 )
b1111 =
1+
14
b11000 *
b11000 >
b11000 3
b11000 9
01
#11185000
b11001 A
b1000011001 ,
b1000011001 7
b1000011001 G
b1000011000 !
b1000011000 <
b1000011000 @
b1000101001 6
11
#11190000
b0 )
b0 =
0+
04
01
#11195000
11
#11200000
b1111 )
b1111 =
1+
14
b11001 *
b11001 >
b11001 3
b11001 9
01
#11205000
b11010 A
b1000011010 ,
b1000011010 7
b1000011010 G
b1000011001 !
b1000011001 <
b1000011001 @
b1000101010 6
11
#11210000
b0 )
b0 =
0+
04
01
#11215000
11
#11220000
b1111 )
b1111 =
1+
14
b11010 *
b11010 >
b11010 3
b11010 9
01
#11225000
b11011 A
b1000011011 ,
b1000011011 7
b1000011011 G
b1000011010 !
b1000011010 <
b1000011010 @
b1000101011 6
11
#11230000
b0 )
b0 =
0+
04
01
#11235000
11
#11240000
b1111 )
b1111 =
1+
14
b11011 *
b11011 >
b11011 3
b11011 9
01
#11245000
b11100 A
b1000011100 ,
b1000011100 7
b1000011100 G
b1000011011 !
b1000011011 <
b1000011011 @
b1000101100 6
11
#11250000
b0 )
b0 =
0+
04
01
#11255000
11
#11260000
b1111 )
b1111 =
1+
14
b11100 *
b11100 >
b11100 3
b11100 9
01
#11265000
b11101 A
b1000011101 ,
b1000011101 7
b1000011101 G
b1000011100 !
b1000011100 <
b1000011100 @
b1000101101 6
11
#11270000
b0 )
b0 =
0+
04
01
#11275000
11
#11280000
b1111 )
b1111 =
1+
14
b11101 *
b11101 >
b11101 3
b11101 9
01
#11285000
b11110 A
b1000011110 ,
b1000011110 7
b1000011110 G
b1000011101 !
b1000011101 <
b1000011101 @
b1000101110 6
11
#11290000
b0 )
b0 =
0+
04
01
#11295000
11
#11300000
b1111 )
b1111 =
1+
14
b11110 *
b11110 >
b11110 3
b11110 9
01
#11305000
b11111 A
b1000011111 ,
b1000011111 7
b1000011111 G
b1000011110 !
b1000011110 <
b1000011110 @
b1000101111 6
11
#11310000
b0 )
b0 =
0+
04
01
#11315000
11
#11320000
b1111 )
b1111 =
1+
14
b11111 *
b11111 >
b11111 3
b11111 9
01
#11325000
b100000 A
b1000100000 ,
b1000100000 7
b1000100000 G
b1000011111 !
b1000011111 <
b1000011111 @
b1000110000 6
11
#11330000
b0 )
b0 =
0+
04
01
#11335000
11
#11340000
b1111 )
b1111 =
1+
14
b100000 *
b100000 >
b100000 3
b100000 9
01
#11345000
b100001 A
b1000100001 ,
b1000100001 7
b1000100001 G
b1000100000 !
b1000100000 <
b1000100000 @
b1000110001 6
11
#11350000
b0 )
b0 =
0+
04
01
#11355000
11
#11360000
b1111 )
b1111 =
1+
14
b100001 *
b100001 >
b100001 3
b100001 9
01
#11365000
b100010 A
b1000100010 ,
b1000100010 7
b1000100010 G
b1000100001 !
b1000100001 <
b1000100001 @
b1000110010 6
11
#11370000
b0 )
b0 =
0+
04
01
#11375000
11
#11380000
b1111 )
b1111 =
1+
14
b100010 *
b100010 >
b100010 3
b100010 9
01
#11385000
b100011 A
b1000100011 ,
b1000100011 7
b1000100011 G
b1000100010 !
b1000100010 <
b1000100010 @
b1000110011 6
11
#11390000
b0 )
b0 =
0+
04
01
#11395000
11
#11400000
b1111 )
b1111 =
1+
14
b100011 *
b100011 >
b100011 3
b100011 9
01
#11405000
b100100 A
b1000100100 ,
b1000100100 7
b1000100100 G
b1000100011 !
b1000100011 <
b1000100011 @
b1000110100 6
11
#11410000
b0 )
b0 =
0+
04
01
#11415000
11
#11420000
b1111 )
b1111 =
1+
14
b100100 *
b100100 >
b100100 3
b100100 9
01
#11425000
b100101 A
b1000100101 ,
b1000100101 7
b1000100101 G
b1000100100 !
b1000100100 <
b1000100100 @
b1000110101 6
11
#11430000
b0 )
b0 =
0+
04
01
#11435000
11
#11440000
b1111 )
b1111 =
1+
14
b100101 *
b100101 >
b100101 3
b100101 9
01
#11445000
b100110 A
b1000100110 ,
b1000100110 7
b1000100110 G
b1000100101 !
b1000100101 <
b1000100101 @
b1000110110 6
11
#11450000
b0 )
b0 =
0+
04
01
#11455000
11
#11460000
b1111 )
b1111 =
1+
14
b100110 *
b100110 >
b100110 3
b100110 9
01
#11465000
b100111 A
b1000100111 ,
b1000100111 7
b1000100111 G
b1000100110 !
b1000100110 <
b1000100110 @
b1000110111 6
11
#11470000
b0 )
b0 =
0+
04
01
#11475000
11
#11480000
b1111 )
b1111 =
1+
14
b100111 *
b100111 >
b100111 3
b100111 9
01
#11485000
b101000 A
b1000101000 ,
b1000101000 7
b1000101000 G
b1000100111 !
b1000100111 <
b1000100111 @
b1000111000 6
11
#11490000
b0 )
b0 =
0+
04
01
#11495000
11
#11500000
b1111 )
b1111 =
1+
14
b101000 *
b101000 >
b101000 3
b101000 9
01
#11505000
b101001 A
b1000101001 ,
b1000101001 7
b1000101001 G
b1000101000 !
b1000101000 <
b1000101000 @
b1000111001 6
11
#11510000
b0 )
b0 =
0+
04
01
#11515000
11
#11520000
b1111 )
b1111 =
1+
14
b101001 *
b101001 >
b101001 3
b101001 9
01
#11525000
b101010 A
b1000101010 ,
b1000101010 7
b1000101010 G
b1000101001 !
b1000101001 <
b1000101001 @
b1000111010 6
11
#11530000
b0 )
b0 =
0+
04
01
#11535000
11
#11540000
b1111 )
b1111 =
1+
14
b101010 *
b101010 >
b101010 3
b101010 9
01
#11545000
b101011 A
b1000101011 ,
b1000101011 7
b1000101011 G
b1000101010 !
b1000101010 <
b1000101010 @
b1000111011 6
11
#11550000
b0 )
b0 =
0+
04
01
#11555000
11
#11560000
b1111 )
b1111 =
1+
14
b101011 *
b101011 >
b101011 3
b101011 9
01
#11565000
b101100 A
b1000101100 ,
b1000101100 7
b1000101100 G
b1000101011 !
b1000101011 <
b1000101011 @
b1000111100 6
11
#11570000
b0 )
b0 =
0+
04
01
#11575000
11
#11580000
b1111 )
b1111 =
1+
14
b101100 *
b101100 >
b101100 3
b101100 9
01
#11585000
b101101 A
b1000101101 ,
b1000101101 7
b1000101101 G
b1000101100 !
b1000101100 <
b1000101100 @
b1000111101 6
11
#11590000
b0 )
b0 =
0+
04
01
#11595000
11
#11600000
b1111 )
b1111 =
1+
14
b101101 *
b101101 >
b101101 3
b101101 9
01
#11605000
b101110 A
b1000101110 ,
b1000101110 7
b1000101110 G
b1000101101 !
b1000101101 <
b1000101101 @
b1000111110 6
11
#11610000
b0 )
b0 =
0+
04
01
#11615000
11
#11620000
b1111 )
b1111 =
1+
14
b101110 *
b101110 >
b101110 3
b101110 9
01
#11625000
b101111 A
b1000101111 ,
b1000101111 7
b1000101111 G
b1000101110 !
b1000101110 <
b1000101110 @
b1000111111 6
11
#11630000
b0 )
b0 =
0+
04
01
#11635000
11
#11640000
b1111 )
b1111 =
1+
14
b101111 *
b101111 >
b101111 3
b101111 9
01
#11645000
b110000 A
b1000110000 ,
b1000110000 7
b1000110000 G
b1000101111 !
b1000101111 <
b1000101111 @
b1001000000 6
11
#11650000
b0 )
b0 =
0+
04
01
#11655000
11
#11660000
b1111 )
b1111 =
1+
14
b110000 *
b110000 >
b110000 3
b110000 9
01
#11665000
b110001 A
b1000110001 ,
b1000110001 7
b1000110001 G
b1000110000 !
b1000110000 <
b1000110000 @
b1001000001 6
11
#11670000
b0 )
b0 =
0+
04
01
#11675000
11
#11680000
b1111 )
b1111 =
1+
14
b110001 *
b110001 >
b110001 3
b110001 9
01
#11685000
b110010 A
b1000110010 ,
b1000110010 7
b1000110010 G
b1000110001 !
b1000110001 <
b1000110001 @
b1001000010 6
11
#11690000
b0 )
b0 =
0+
04
01
#11695000
11
#11700000
b1111 )
b1111 =
1+
14
b110010 *
b110010 >
b110010 3
b110010 9
01
#11705000
b110011 A
b1000110011 ,
b1000110011 7
b1000110011 G
b1000110010 !
b1000110010 <
b1000110010 @
b1001000011 6
11
#11710000
b0 )
b0 =
0+
04
01
#11715000
11
#11720000
b1111 )
b1111 =
1+
14
b110011 *
b110011 >
b110011 3
b110011 9
01
#11725000
b110100 A
b1000110100 ,
b1000110100 7
b1000110100 G
b1000110011 !
b1000110011 <
b1000110011 @
b1001000100 6
11
#11730000
b0 )
b0 =
0+
04
01
#11735000
11
#11740000
b1111 )
b1111 =
1+
14
b110100 *
b110100 >
b110100 3
b110100 9
01
#11745000
b110101 A
b1000110101 ,
b1000110101 7
b1000110101 G
b1000110100 !
b1000110100 <
b1000110100 @
b1001000101 6
11
#11750000
b0 )
b0 =
0+
04
01
#11755000
11
#11760000
b1111 )
b1111 =
1+
14
b110101 *
b110101 >
b110101 3
b110101 9
01
#11765000
b110110 A
b1000110110 ,
b1000110110 7
b1000110110 G
b1000110101 !
b1000110101 <
b1000110101 @
b1001000110 6
11
#11770000
b0 )
b0 =
0+
04
01
#11775000
11
#11780000
b1111 )
b1111 =
1+
14
b110110 *
b110110 >
b110110 3
b110110 9
01
#11785000
b110111 A
b1000110111 ,
b1000110111 7
b1000110111 G
b1000110110 !
b1000110110 <
b1000110110 @
b1001000111 6
11
#11790000
b0 )
b0 =
0+
04
01
#11795000
11
#11800000
b1111 )
b1111 =
1+
14
b110111 *
b110111 >
b110111 3
b110111 9
01
#11805000
b111000 A
b1000111000 ,
b1000111000 7
b1000111000 G
b1000110111 !
b1000110111 <
b1000110111 @
b1001001000 6
11
#11810000
b0 )
b0 =
0+
04
01
#11815000
11
#11820000
b1111 )
b1111 =
1+
14
b111000 *
b111000 >
b111000 3
b111000 9
01
#11825000
b111001 A
b1000111001 ,
b1000111001 7
b1000111001 G
b1000111000 !
b1000111000 <
b1000111000 @
b1001001001 6
11
#11830000
b0 )
b0 =
0+
04
01
#11835000
11
#11840000
b1111 )
b1111 =
1+
14
b111001 *
b111001 >
b111001 3
b111001 9
01
#11845000
b111010 A
b1000111010 ,
b1000111010 7
b1000111010 G
b1000111001 !
b1000111001 <
b1000111001 @
b1001001010 6
11
#11850000
b0 )
b0 =
0+
04
01
#11855000
11
#11860000
b1111 )
b1111 =
1+
14
b111010 *
b111010 >
b111010 3
b111010 9
01
#11865000
b111011 A
b1000111011 ,
b1000111011 7
b1000111011 G
b1000111010 !
b1000111010 <
b1000111010 @
b1001001011 6
11
#11870000
b0 )
b0 =
0+
04
01
#11875000
11
#11880000
b1111 )
b1111 =
1+
14
b111011 *
b111011 >
b111011 3
b111011 9
01
#11885000
b111100 A
b1000111100 ,
b1000111100 7
b1000111100 G
b1000111011 !
b1000111011 <
b1000111011 @
b1001001100 6
11
#11890000
b0 )
b0 =
0+
04
01
#11895000
11
#11900000
b1111 )
b1111 =
1+
14
b111100 *
b111100 >
b111100 3
b111100 9
01
#11905000
b111101 A
b1000111101 ,
b1000111101 7
b1000111101 G
b1000111100 !
b1000111100 <
b1000111100 @
b1001001101 6
11
#11910000
b0 )
b0 =
0+
04
01
#11915000
11
#11920000
b1111 )
b1111 =
1+
14
b111101 *
b111101 >
b111101 3
b111101 9
01
#11925000
b111110 A
b1000111110 ,
b1000111110 7
b1000111110 G
b1000111101 !
b1000111101 <
b1000111101 @
b1001001110 6
11
#11930000
b0 )
b0 =
0+
04
01
#11935000
11
#11940000
b1111 )
b1111 =
1+
14
b111110 *
b111110 >
b111110 3
b111110 9
01
#11945000
b111111 A
b1000111111 ,
b1000111111 7
b1000111111 G
b1000111110 !
b1000111110 <
b1000111110 @
b1001001111 6
11
#11950000
b0 )
b0 =
0+
04
01
#11955000
11
#11960000
b1111 )
b1111 =
1+
14
b111111 *
b111111 >
b111111 3
b111111 9
01
#11965000
b1000000 A
b1001000000 ,
b1001000000 7
b1001000000 G
b1000111111 !
b1000111111 <
b1000111111 @
b1001010000 6
11
#11970000
b0 )
b0 =
0+
04
01
#11975000
11
#11980000
b1111 )
b1111 =
1+
14
b1000000 *
b1000000 >
b1000000 3
b1000000 9
01
#11985000
b1000001 A
b1001000001 ,
b1001000001 7
b1001000001 G
b1001000000 !
b1001000000 <
b1001000000 @
b1001010001 6
11
#11990000
b0 )
b0 =
0+
04
01
#11995000
11
#12000000
b1111 )
b1111 =
1+
14
b1000001 *
b1000001 >
b1000001 3
b1000001 9
01
#12005000
b1000010 A
b1001000010 ,
b1001000010 7
b1001000010 G
b1001000001 !
b1001000001 <
b1001000001 @
b1001010010 6
11
#12010000
b0 )
b0 =
0+
04
01
#12015000
11
#12020000
b1111 )
b1111 =
1+
14
b1000010 *
b1000010 >
b1000010 3
b1000010 9
01
#12025000
b1000011 A
b1001000011 ,
b1001000011 7
b1001000011 G
b1001000010 !
b1001000010 <
b1001000010 @
b1001010011 6
11
#12030000
b0 )
b0 =
0+
04
01
#12035000
11
#12040000
b1111 )
b1111 =
1+
14
b1000011 *
b1000011 >
b1000011 3
b1000011 9
01
#12045000
b1000100 A
b1001000100 ,
b1001000100 7
b1001000100 G
b1001000011 !
b1001000011 <
b1001000011 @
b1001010100 6
11
#12050000
b0 )
b0 =
0+
04
01
#12055000
11
#12060000
b1111 )
b1111 =
1+
14
b1000100 *
b1000100 >
b1000100 3
b1000100 9
01
#12065000
b1000101 A
b1001000101 ,
b1001000101 7
b1001000101 G
b1001000100 !
b1001000100 <
b1001000100 @
b1001010101 6
11
#12070000
b0 )
b0 =
0+
04
01
#12075000
11
#12080000
b1111 )
b1111 =
1+
14
b1000101 *
b1000101 >
b1000101 3
b1000101 9
01
#12085000
b1000110 A
b1001000110 ,
b1001000110 7
b1001000110 G
b1001000101 !
b1001000101 <
b1001000101 @
b1001010110 6
11
#12090000
b0 )
b0 =
0+
04
01
#12095000
11
#12100000
b1111 )
b1111 =
1+
14
b1000110 *
b1000110 >
b1000110 3
b1000110 9
01
#12105000
b1000111 A
b1001000111 ,
b1001000111 7
b1001000111 G
b1001000110 !
b1001000110 <
b1001000110 @
b1001010111 6
11
#12110000
b0 )
b0 =
0+
04
01
#12115000
11
#12120000
b1111 )
b1111 =
1+
14
b1000111 *
b1000111 >
b1000111 3
b1000111 9
01
#12125000
b1001000 A
b1001001000 ,
b1001001000 7
b1001001000 G
b1001000111 !
b1001000111 <
b1001000111 @
b1001011000 6
11
#12130000
b0 )
b0 =
0+
04
01
#12135000
11
#12140000
b1111 )
b1111 =
1+
14
b1001000 *
b1001000 >
b1001000 3
b1001000 9
01
#12145000
b1001001 A
b1001001001 ,
b1001001001 7
b1001001001 G
b1001001000 !
b1001001000 <
b1001001000 @
b1001011001 6
11
#12150000
b0 )
b0 =
0+
04
01
#12155000
11
#12160000
b1111 )
b1111 =
1+
14
b1001001 *
b1001001 >
b1001001 3
b1001001 9
01
#12165000
b1001010 A
b1001001010 ,
b1001001010 7
b1001001010 G
b1001001001 !
b1001001001 <
b1001001001 @
b1001011010 6
11
#12170000
b0 )
b0 =
0+
04
01
#12175000
11
#12180000
b1111 )
b1111 =
1+
14
b1001010 *
b1001010 >
b1001010 3
b1001010 9
01
#12185000
b1001011 A
b1001001011 ,
b1001001011 7
b1001001011 G
b1001001010 !
b1001001010 <
b1001001010 @
b1001011011 6
11
#12190000
b0 )
b0 =
0+
04
01
#12195000
11
#12200000
b1111 )
b1111 =
1+
14
b1001011 *
b1001011 >
b1001011 3
b1001011 9
01
#12205000
b1001100 A
b1001001100 ,
b1001001100 7
b1001001100 G
b1001001011 !
b1001001011 <
b1001001011 @
b1001011100 6
11
#12210000
b0 )
b0 =
0+
04
01
#12215000
11
#12220000
b1111 )
b1111 =
1+
14
b1001100 *
b1001100 >
b1001100 3
b1001100 9
01
#12225000
b1001101 A
b1001001101 ,
b1001001101 7
b1001001101 G
b1001001100 !
b1001001100 <
b1001001100 @
b1001011101 6
11
#12230000
b0 )
b0 =
0+
04
01
#12235000
11
#12240000
b1111 )
b1111 =
1+
14
b1001101 *
b1001101 >
b1001101 3
b1001101 9
01
#12245000
b1001110 A
b1001001110 ,
b1001001110 7
b1001001110 G
b1001001101 !
b1001001101 <
b1001001101 @
b1001011110 6
11
#12250000
b0 )
b0 =
0+
04
01
#12255000
11
#12260000
b1111 )
b1111 =
1+
14
b1001110 *
b1001110 >
b1001110 3
b1001110 9
01
#12265000
b1001111 A
b1001001111 ,
b1001001111 7
b1001001111 G
b1001001110 !
b1001001110 <
b1001001110 @
b1001011111 6
11
#12270000
b0 )
b0 =
0+
04
01
#12275000
11
#12280000
b1111 )
b1111 =
1+
14
b1001111 *
b1001111 >
b1001111 3
b1001111 9
01
#12285000
b1010000 A
b1001010000 ,
b1001010000 7
b1001010000 G
b1001001111 !
b1001001111 <
b1001001111 @
b1001100000 6
11
#12290000
b0 )
b0 =
0+
04
01
#12295000
11
#12300000
b1111 )
b1111 =
1+
14
b1010000 *
b1010000 >
b1010000 3
b1010000 9
01
#12305000
b1010001 A
b1001010001 ,
b1001010001 7
b1001010001 G
b1001010000 !
b1001010000 <
b1001010000 @
b1001100001 6
11
#12310000
b0 )
b0 =
0+
04
01
#12315000
11
#12320000
b1111 )
b1111 =
1+
14
b1010001 *
b1010001 >
b1010001 3
b1010001 9
01
#12325000
b1010010 A
b1001010010 ,
b1001010010 7
b1001010010 G
b1001010001 !
b1001010001 <
b1001010001 @
b1001100010 6
11
#12330000
b0 )
b0 =
0+
04
01
#12335000
11
#12340000
b1111 )
b1111 =
1+
14
b1010010 *
b1010010 >
b1010010 3
b1010010 9
01
#12345000
b1010011 A
b1001010011 ,
b1001010011 7
b1001010011 G
b1001010010 !
b1001010010 <
b1001010010 @
b1001100011 6
11
#12350000
b0 )
b0 =
0+
04
01
#12355000
11
#12360000
b1111 )
b1111 =
1+
14
b1010011 *
b1010011 >
b1010011 3
b1010011 9
01
#12365000
b1010100 A
b1001010100 ,
b1001010100 7
b1001010100 G
b1001010011 !
b1001010011 <
b1001010011 @
b1001100100 6
11
#12370000
b0 )
b0 =
0+
04
01
#12375000
11
#12380000
b1111 )
b1111 =
1+
14
b1010100 *
b1010100 >
b1010100 3
b1010100 9
01
#12385000
b1010101 A
b1001010101 ,
b1001010101 7
b1001010101 G
b1001010100 !
b1001010100 <
b1001010100 @
b1001100101 6
11
#12390000
b0 )
b0 =
0+
04
01
#12395000
11
#12400000
b1111 )
b1111 =
1+
14
b1010101 *
b1010101 >
b1010101 3
b1010101 9
01
#12405000
b1010110 A
b1001010110 ,
b1001010110 7
b1001010110 G
b1001010101 !
b1001010101 <
b1001010101 @
b1001100110 6
11
#12410000
b0 )
b0 =
0+
04
01
#12415000
11
#12420000
b1111 )
b1111 =
1+
14
b1010110 *
b1010110 >
b1010110 3
b1010110 9
01
#12425000
b1010111 A
b1001010111 ,
b1001010111 7
b1001010111 G
b1001010110 !
b1001010110 <
b1001010110 @
b1001100111 6
11
#12430000
b0 )
b0 =
0+
04
01
#12435000
11
#12440000
b1111 )
b1111 =
1+
14
b1010111 *
b1010111 >
b1010111 3
b1010111 9
01
#12445000
b1011000 A
b1001011000 ,
b1001011000 7
b1001011000 G
b1001010111 !
b1001010111 <
b1001010111 @
b1001101000 6
11
#12450000
b0 )
b0 =
0+
04
01
#12455000
11
#12460000
b1111 )
b1111 =
1+
14
b1011000 *
b1011000 >
b1011000 3
b1011000 9
01
#12465000
b1011001 A
b1001011001 ,
b1001011001 7
b1001011001 G
b1001011000 !
b1001011000 <
b1001011000 @
b1001101001 6
11
#12470000
b0 )
b0 =
0+
04
01
#12475000
11
#12480000
b1111 )
b1111 =
1+
14
b1011001 *
b1011001 >
b1011001 3
b1011001 9
01
#12485000
b1011010 A
b1001011010 ,
b1001011010 7
b1001011010 G
b1001011001 !
b1001011001 <
b1001011001 @
b1001101010 6
11
#12490000
b0 )
b0 =
0+
04
01
#12495000
11
#12500000
b1111 )
b1111 =
1+
14
b1011010 *
b1011010 >
b1011010 3
b1011010 9
01
#12505000
b1011011 A
b1001011011 ,
b1001011011 7
b1001011011 G
b1001011010 !
b1001011010 <
b1001011010 @
b1001101011 6
11
#12510000
b0 )
b0 =
0+
04
01
#12515000
11
#12520000
b1111 )
b1111 =
1+
14
b1011011 *
b1011011 >
b1011011 3
b1011011 9
01
#12525000
b1011100 A
b1001011100 ,
b1001011100 7
b1001011100 G
b1001011011 !
b1001011011 <
b1001011011 @
b1001101100 6
11
#12530000
b0 )
b0 =
0+
04
01
#12535000
11
#12540000
b1111 )
b1111 =
1+
14
b1011100 *
b1011100 >
b1011100 3
b1011100 9
01
#12545000
b1011101 A
b1001011101 ,
b1001011101 7
b1001011101 G
b1001011100 !
b1001011100 <
b1001011100 @
b1001101101 6
11
#12550000
b0 )
b0 =
0+
04
01
#12555000
11
#12560000
b1111 )
b1111 =
1+
14
b1011101 *
b1011101 >
b1011101 3
b1011101 9
01
#12565000
b1011110 A
b1001011110 ,
b1001011110 7
b1001011110 G
b1001011101 !
b1001011101 <
b1001011101 @
b1001101110 6
11
#12570000
b0 )
b0 =
0+
04
01
#12575000
11
#12580000
b1111 )
b1111 =
1+
14
b1011110 *
b1011110 >
b1011110 3
b1011110 9
01
#12585000
b1011111 A
b1001011111 ,
b1001011111 7
b1001011111 G
b1001011110 !
b1001011110 <
b1001011110 @
b1001101111 6
11
#12590000
b0 )
b0 =
0+
04
01
#12595000
11
#12600000
b1111 )
b1111 =
1+
14
b1011111 *
b1011111 >
b1011111 3
b1011111 9
01
#12605000
b1100000 A
b1001100000 ,
b1001100000 7
b1001100000 G
b1001011111 !
b1001011111 <
b1001011111 @
b1001110000 6
11
#12610000
b0 )
b0 =
0+
04
01
#12615000
11
#12620000
b1111 )
b1111 =
1+
14
b1100000 *
b1100000 >
b1100000 3
b1100000 9
01
#12625000
b1100001 A
b1001100001 ,
b1001100001 7
b1001100001 G
b1001100000 !
b1001100000 <
b1001100000 @
b1001110001 6
11
#12630000
b0 )
b0 =
0+
04
01
#12635000
11
#12640000
b1111 )
b1111 =
1+
14
b1100001 *
b1100001 >
b1100001 3
b1100001 9
01
#12645000
b1100010 A
b1001100010 ,
b1001100010 7
b1001100010 G
b1001100001 !
b1001100001 <
b1001100001 @
b1001110010 6
11
#12650000
b0 )
b0 =
0+
04
01
#12655000
11
#12660000
b1111 )
b1111 =
1+
14
b1100010 *
b1100010 >
b1100010 3
b1100010 9
01
#12665000
b1100011 A
b1001100011 ,
b1001100011 7
b1001100011 G
b1001100010 !
b1001100010 <
b1001100010 @
b1001110011 6
11
#12670000
b0 )
b0 =
0+
04
01
#12675000
11
#12680000
b1111 )
b1111 =
1+
14
b1100011 *
b1100011 >
b1100011 3
b1100011 9
01
#12685000
b1100100 A
b1001100100 ,
b1001100100 7
b1001100100 G
b1001100011 !
b1001100011 <
b1001100011 @
b1001110100 6
11
#12690000
b0 )
b0 =
0+
04
01
#12695000
11
#12700000
b1111 )
b1111 =
1+
14
b1100100 *
b1100100 >
b1100100 3
b1100100 9
01
#12705000
b1100101 A
b1001100101 ,
b1001100101 7
b1001100101 G
b1001100100 !
b1001100100 <
b1001100100 @
b1001110101 6
11
#12710000
b0 )
b0 =
0+
04
01
#12715000
11
#12720000
b1111 )
b1111 =
1+
14
b1100101 *
b1100101 >
b1100101 3
b1100101 9
01
#12725000
b1100110 A
b1001100110 ,
b1001100110 7
b1001100110 G
b1001100101 !
b1001100101 <
b1001100101 @
b1001110110 6
11
#12730000
b0 )
b0 =
0+
04
01
#12735000
11
#12740000
b1111 )
b1111 =
1+
14
b1100110 *
b1100110 >
b1100110 3
b1100110 9
01
#12745000
b1100111 A
b1001100111 ,
b1001100111 7
b1001100111 G
b1001100110 !
b1001100110 <
b1001100110 @
b1001110111 6
11
#12750000
b0 )
b0 =
0+
04
01
#12755000
11
#12760000
b1111 )
b1111 =
1+
14
b1100111 *
b1100111 >
b1100111 3
b1100111 9
01
#12765000
b1101000 A
b1001101000 ,
b1001101000 7
b1001101000 G
b1001100111 !
b1001100111 <
b1001100111 @
b1001111000 6
11
#12770000
b0 )
b0 =
0+
04
01
#12775000
11
#12780000
b1111 )
b1111 =
1+
14
b1101000 *
b1101000 >
b1101000 3
b1101000 9
01
#12785000
b1101001 A
b1001101001 ,
b1001101001 7
b1001101001 G
b1001101000 !
b1001101000 <
b1001101000 @
b1001111001 6
11
#12790000
b0 )
b0 =
0+
04
01
#12795000
11
#12800000
b1111 )
b1111 =
1+
14
b1101001 *
b1101001 >
b1101001 3
b1101001 9
01
#12805000
b1101010 A
b1001101010 ,
b1001101010 7
b1001101010 G
b1001101001 !
b1001101001 <
b1001101001 @
b1001111010 6
11
#12810000
b0 )
b0 =
0+
04
01
#12815000
11
#12820000
b1111 )
b1111 =
1+
14
b1101010 *
b1101010 >
b1101010 3
b1101010 9
01
#12825000
b1101011 A
b1001101011 ,
b1001101011 7
b1001101011 G
b1001101010 !
b1001101010 <
b1001101010 @
b1001111011 6
11
#12830000
b0 )
b0 =
0+
04
01
#12835000
11
#12840000
b1111 )
b1111 =
1+
14
b1101011 *
b1101011 >
b1101011 3
b1101011 9
01
#12845000
b1101100 A
b1001101100 ,
b1001101100 7
b1001101100 G
b1001101011 !
b1001101011 <
b1001101011 @
b1001111100 6
11
#12850000
b0 )
b0 =
0+
04
01
#12855000
11
#12860000
b1111 )
b1111 =
1+
14
b1101100 *
b1101100 >
b1101100 3
b1101100 9
01
#12865000
b1101101 A
b1001101101 ,
b1001101101 7
b1001101101 G
b1001101100 !
b1001101100 <
b1001101100 @
b1001111101 6
11
#12870000
b0 )
b0 =
0+
04
01
#12875000
11
#12880000
b1111 )
b1111 =
1+
14
b1101101 *
b1101101 >
b1101101 3
b1101101 9
01
#12885000
b1101110 A
b1001101110 ,
b1001101110 7
b1001101110 G
b1001101101 !
b1001101101 <
b1001101101 @
b1001111110 6
11
#12890000
b0 )
b0 =
0+
04
01
#12895000
11
#12900000
b1111 )
b1111 =
1+
14
b1101110 *
b1101110 >
b1101110 3
b1101110 9
01
#12905000
b1101111 A
b1001101111 ,
b1001101111 7
b1001101111 G
b1001101110 !
b1001101110 <
b1001101110 @
b1001111111 6
11
#12910000
b0 )
b0 =
0+
04
01
#12915000
11
#12920000
b1111 )
b1111 =
1+
14
b1101111 *
b1101111 >
b1101111 3
b1101111 9
01
#12925000
b1110000 A
b1001110000 ,
b1001110000 7
b1001110000 G
b1001101111 !
b1001101111 <
b1001101111 @
b1010000000 6
11
#12930000
b0 )
b0 =
0+
04
01
#12935000
11
#12940000
b1111 )
b1111 =
1+
14
b1110000 *
b1110000 >
b1110000 3
b1110000 9
01
#12945000
b1110001 A
b1001110001 ,
b1001110001 7
b1001110001 G
b1001110000 !
b1001110000 <
b1001110000 @
b1010000001 6
11
#12950000
b0 )
b0 =
0+
04
01
#12955000
11
#12960000
b1111 )
b1111 =
1+
14
b1110001 *
b1110001 >
b1110001 3
b1110001 9
01
#12965000
b1110010 A
b1001110010 ,
b1001110010 7
b1001110010 G
b1001110001 !
b1001110001 <
b1001110001 @
b1010000010 6
11
#12970000
b0 )
b0 =
0+
04
01
#12975000
11
#12980000
b1111 )
b1111 =
1+
14
b1110010 *
b1110010 >
b1110010 3
b1110010 9
01
#12985000
b1110011 A
b1001110011 ,
b1001110011 7
b1001110011 G
b1001110010 !
b1001110010 <
b1001110010 @
b1010000011 6
11
#12990000
b0 )
b0 =
0+
04
01
#12995000
11
#13000000
b1111 )
b1111 =
1+
14
b1110011 *
b1110011 >
b1110011 3
b1110011 9
01
#13005000
b1110100 A
b1001110100 ,
b1001110100 7
b1001110100 G
b1001110011 !
b1001110011 <
b1001110011 @
b1010000100 6
11
#13010000
b0 )
b0 =
0+
04
01
#13015000
11
#13020000
b1111 )
b1111 =
1+
14
b1110100 *
b1110100 >
b1110100 3
b1110100 9
01
#13025000
b1110101 A
b1001110101 ,
b1001110101 7
b1001110101 G
b1001110100 !
b1001110100 <
b1001110100 @
b1010000101 6
11
#13030000
b0 )
b0 =
0+
04
01
#13035000
11
#13040000
b1111 )
b1111 =
1+
14
b1110101 *
b1110101 >
b1110101 3
b1110101 9
01
#13045000
b1110110 A
b1001110110 ,
b1001110110 7
b1001110110 G
b1001110101 !
b1001110101 <
b1001110101 @
b1010000110 6
11
#13050000
b0 )
b0 =
0+
04
01
#13055000
11
#13060000
b1111 )
b1111 =
1+
14
b1110110 *
b1110110 >
b1110110 3
b1110110 9
01
#13065000
b1110111 A
b1001110111 ,
b1001110111 7
b1001110111 G
b1001110110 !
b1001110110 <
b1001110110 @
b1010000111 6
11
#13070000
b0 )
b0 =
0+
04
01
#13075000
11
#13080000
b1111 )
b1111 =
1+
14
b1110111 *
b1110111 >
b1110111 3
b1110111 9
01
#13085000
b1111000 A
b1001111000 ,
b1001111000 7
b1001111000 G
b1001110111 !
b1001110111 <
b1001110111 @
b1010001000 6
11
#13090000
b0 )
b0 =
0+
04
01
#13095000
11
#13100000
b1111 )
b1111 =
1+
14
b1111000 *
b1111000 >
b1111000 3
b1111000 9
01
#13105000
b1111001 A
b1001111001 ,
b1001111001 7
b1001111001 G
b1001111000 !
b1001111000 <
b1001111000 @
b1010001001 6
11
#13110000
b0 )
b0 =
0+
04
01
#13115000
11
#13120000
b1111 )
b1111 =
1+
14
b1111001 *
b1111001 >
b1111001 3
b1111001 9
01
#13125000
b1111010 A
b1001111010 ,
b1001111010 7
b1001111010 G
b1001111001 !
b1001111001 <
b1001111001 @
b1010001010 6
11
#13130000
b0 )
b0 =
0+
04
01
#13135000
11
#13140000
b1111 )
b1111 =
1+
14
b1111010 *
b1111010 >
b1111010 3
b1111010 9
01
#13145000
b1111011 A
b1001111011 ,
b1001111011 7
b1001111011 G
b1001111010 !
b1001111010 <
b1001111010 @
b1010001011 6
11
#13150000
b0 )
b0 =
0+
04
01
#13155000
11
#13160000
b1111 )
b1111 =
1+
14
b1111011 *
b1111011 >
b1111011 3
b1111011 9
01
#13165000
b1111100 A
b1001111100 ,
b1001111100 7
b1001111100 G
b1001111011 !
b1001111011 <
b1001111011 @
b1010001100 6
11
#13170000
b0 )
b0 =
0+
04
01
#13175000
11
#13180000
b1111 )
b1111 =
1+
14
b1111100 *
b1111100 >
b1111100 3
b1111100 9
01
#13185000
b1111101 A
b1001111101 ,
b1001111101 7
b1001111101 G
b1001111100 !
b1001111100 <
b1001111100 @
b1010001101 6
11
#13190000
b0 )
b0 =
0+
04
01
#13195000
11
#13200000
b1111 )
b1111 =
1+
14
b1111101 *
b1111101 >
b1111101 3
b1111101 9
01
#13205000
b1111110 A
b1001111110 ,
b1001111110 7
b1001111110 G
b1001111101 !
b1001111101 <
b1001111101 @
b1010001110 6
11
#13210000
b0 )
b0 =
0+
04
01
#13215000
11
#13220000
b1111 )
b1111 =
1+
14
b1111110 *
b1111110 >
b1111110 3
b1111110 9
01
#13225000
b1111111 A
b1001111111 ,
b1001111111 7
b1001111111 G
b1001111110 !
b1001111110 <
b1001111110 @
b1010001111 6
11
#13230000
b0 )
b0 =
0+
04
01
#13235000
11
#13240000
b1111 )
b1111 =
1+
14
b1111111 *
b1111111 >
b1111111 3
b1111111 9
01
#13245000
b10000000 A
b1010000000 ,
b1010000000 7
b1010000000 G
b1001111111 !
b1001111111 <
b1001111111 @
b1010010000 6
11
#13250000
b0 )
b0 =
0+
04
01
#13255000
11
#13260000
b1111 )
b1111 =
1+
14
b10000000 *
b10000000 >
b10000000 3
b10000000 9
01
#13265000
b10000001 A
b1010000001 ,
b1010000001 7
b1010000001 G
b1010000000 !
b1010000000 <
b1010000000 @
b1010010001 6
11
#13270000
b0 )
b0 =
0+
04
01
#13275000
11
#13280000
b1111 )
b1111 =
1+
14
b10000001 *
b10000001 >
b10000001 3
b10000001 9
01
#13285000
b10000010 A
b1010000010 ,
b1010000010 7
b1010000010 G
b1010000001 !
b1010000001 <
b1010000001 @
b1010010010 6
11
#13290000
b0 )
b0 =
0+
04
01
#13295000
11
#13300000
b1111 )
b1111 =
1+
14
b10000010 *
b10000010 >
b10000010 3
b10000010 9
01
#13305000
b10000011 A
b1010000011 ,
b1010000011 7
b1010000011 G
b1010000010 !
b1010000010 <
b1010000010 @
b1010010011 6
11
#13310000
b0 )
b0 =
0+
04
01
#13315000
11
#13320000
b1111 )
b1111 =
1+
14
b10000011 *
b10000011 >
b10000011 3
b10000011 9
01
#13325000
b10000100 A
b1010000100 ,
b1010000100 7
b1010000100 G
b1010000011 !
b1010000011 <
b1010000011 @
b1010010100 6
11
#13330000
b0 )
b0 =
0+
04
01
#13335000
11
#13340000
b1111 )
b1111 =
1+
14
b10000100 *
b10000100 >
b10000100 3
b10000100 9
01
#13345000
b10000101 A
b1010000101 ,
b1010000101 7
b1010000101 G
b1010000100 !
b1010000100 <
b1010000100 @
b1010010101 6
11
#13350000
b0 )
b0 =
0+
04
01
#13355000
11
#13360000
b1111 )
b1111 =
1+
14
b10000101 *
b10000101 >
b10000101 3
b10000101 9
01
#13365000
b10000110 A
b1010000110 ,
b1010000110 7
b1010000110 G
b1010000101 !
b1010000101 <
b1010000101 @
b1010010110 6
11
#13370000
b0 )
b0 =
0+
04
01
#13375000
11
#13380000
b1111 )
b1111 =
1+
14
b10000110 *
b10000110 >
b10000110 3
b10000110 9
01
#13385000
b10000111 A
b1010000111 ,
b1010000111 7
b1010000111 G
b1010000110 !
b1010000110 <
b1010000110 @
b1010010111 6
11
#13390000
b0 )
b0 =
0+
04
01
#13395000
11
#13400000
b1111 )
b1111 =
1+
14
b10000111 *
b10000111 >
b10000111 3
b10000111 9
01
#13405000
b10001000 A
b1010001000 ,
b1010001000 7
b1010001000 G
b1010000111 !
b1010000111 <
b1010000111 @
b1010011000 6
11
#13410000
b0 )
b0 =
0+
04
01
#13415000
11
#13420000
b1111 )
b1111 =
1+
14
b10001000 *
b10001000 >
b10001000 3
b10001000 9
01
#13425000
b10001001 A
b1010001001 ,
b1010001001 7
b1010001001 G
b1010001000 !
b1010001000 <
b1010001000 @
b1010011001 6
11
#13430000
b0 )
b0 =
0+
04
01
#13435000
11
#13440000
b1111 )
b1111 =
1+
14
b10001001 *
b10001001 >
b10001001 3
b10001001 9
01
#13445000
b10001010 A
b1010001010 ,
b1010001010 7
b1010001010 G
b1010001001 !
b1010001001 <
b1010001001 @
b1010011010 6
11
#13450000
b0 )
b0 =
0+
04
01
#13455000
11
#13460000
b1111 )
b1111 =
1+
14
b10001010 *
b10001010 >
b10001010 3
b10001010 9
01
#13465000
b10001011 A
b1010001011 ,
b1010001011 7
b1010001011 G
b1010001010 !
b1010001010 <
b1010001010 @
b1010011011 6
11
#13470000
b0 )
b0 =
0+
04
01
#13475000
11
#13480000
b1111 )
b1111 =
1+
14
b10001011 *
b10001011 >
b10001011 3
b10001011 9
01
#13485000
b10001100 A
b1010001100 ,
b1010001100 7
b1010001100 G
b1010001011 !
b1010001011 <
b1010001011 @
b1010011100 6
11
#13490000
b0 )
b0 =
0+
04
01
#13495000
11
#13500000
b1111 )
b1111 =
1+
14
b10001100 *
b10001100 >
b10001100 3
b10001100 9
01
#13505000
b10001101 A
b1010001101 ,
b1010001101 7
b1010001101 G
b1010001100 !
b1010001100 <
b1010001100 @
b1010011101 6
11
#13510000
b0 )
b0 =
0+
04
01
#13515000
11
#13520000
b1111 )
b1111 =
1+
14
b10001101 *
b10001101 >
b10001101 3
b10001101 9
01
#13525000
b10001110 A
b1010001110 ,
b1010001110 7
b1010001110 G
b1010001101 !
b1010001101 <
b1010001101 @
b1010011110 6
11
#13530000
b0 )
b0 =
0+
04
01
#13535000
11
#13540000
b1111 )
b1111 =
1+
14
b10001110 *
b10001110 >
b10001110 3
b10001110 9
01
#13545000
b10001111 A
b1010001111 ,
b1010001111 7
b1010001111 G
b1010001110 !
b1010001110 <
b1010001110 @
b1010011111 6
11
#13550000
b0 )
b0 =
0+
04
01
#13555000
11
#13560000
b1111 )
b1111 =
1+
14
b10001111 *
b10001111 >
b10001111 3
b10001111 9
01
#13565000
b10010000 A
b1010010000 ,
b1010010000 7
b1010010000 G
b1010001111 !
b1010001111 <
b1010001111 @
b1010100000 6
11
#13570000
b0 )
b0 =
0+
04
01
#13575000
11
#13580000
b1111 )
b1111 =
1+
14
b10010000 *
b10010000 >
b10010000 3
b10010000 9
01
#13585000
b10010001 A
b1010010001 ,
b1010010001 7
b1010010001 G
b1010010000 !
b1010010000 <
b1010010000 @
b1010100001 6
11
#13590000
b0 )
b0 =
0+
04
01
#13595000
11
#13600000
b1111 )
b1111 =
1+
14
b10010001 *
b10010001 >
b10010001 3
b10010001 9
01
#13605000
b10010010 A
b1010010010 ,
b1010010010 7
b1010010010 G
b1010010001 !
b1010010001 <
b1010010001 @
b1010100010 6
11
#13610000
b0 )
b0 =
0+
04
01
#13615000
11
#13620000
b1111 )
b1111 =
1+
14
b10010010 *
b10010010 >
b10010010 3
b10010010 9
01
#13625000
b10010011 A
b1010010011 ,
b1010010011 7
b1010010011 G
b1010010010 !
b1010010010 <
b1010010010 @
b1010100011 6
11
#13630000
b0 )
b0 =
0+
04
01
#13635000
11
#13640000
b1111 )
b1111 =
1+
14
b10010011 *
b10010011 >
b10010011 3
b10010011 9
01
#13645000
b10010100 A
b1010010100 ,
b1010010100 7
b1010010100 G
b1010010011 !
b1010010011 <
b1010010011 @
b1010100100 6
11
#13650000
b0 )
b0 =
0+
04
01
#13655000
11
#13660000
b1111 )
b1111 =
1+
14
b10010100 *
b10010100 >
b10010100 3
b10010100 9
01
#13665000
b10010101 A
b1010010101 ,
b1010010101 7
b1010010101 G
b1010010100 !
b1010010100 <
b1010010100 @
b1010100101 6
11
#13670000
b0 )
b0 =
0+
04
01
#13675000
11
#13680000
b1111 )
b1111 =
1+
14
b10010101 *
b10010101 >
b10010101 3
b10010101 9
01
#13685000
b10010110 A
b1010010110 ,
b1010010110 7
b1010010110 G
b1010010101 !
b1010010101 <
b1010010101 @
b1010100110 6
11
#13690000
b0 )
b0 =
0+
04
01
#13695000
11
#13700000
b1111 )
b1111 =
1+
14
b10010110 *
b10010110 >
b10010110 3
b10010110 9
01
#13705000
b10010111 A
b1010010111 ,
b1010010111 7
b1010010111 G
b1010010110 !
b1010010110 <
b1010010110 @
b1010100111 6
11
#13710000
b0 )
b0 =
0+
04
01
#13715000
11
#13720000
b1111 )
b1111 =
1+
14
b10010111 *
b10010111 >
b10010111 3
b10010111 9
01
#13725000
b10011000 A
b1010011000 ,
b1010011000 7
b1010011000 G
b1010010111 !
b1010010111 <
b1010010111 @
b1010101000 6
11
#13730000
b0 )
b0 =
0+
04
01
#13735000
11
#13740000
b1111 )
b1111 =
1+
14
b10011000 *
b10011000 >
b10011000 3
b10011000 9
01
#13745000
b10011001 A
b1010011001 ,
b1010011001 7
b1010011001 G
b1010011000 !
b1010011000 <
b1010011000 @
b1010101001 6
11
#13750000
b0 )
b0 =
0+
04
01
#13755000
11
#13760000
b1111 )
b1111 =
1+
14
b10011001 *
b10011001 >
b10011001 3
b10011001 9
01
#13765000
b10011010 A
b1010011010 ,
b1010011010 7
b1010011010 G
b1010011001 !
b1010011001 <
b1010011001 @
b1010101010 6
11
#13770000
b0 )
b0 =
0+
04
01
#13775000
11
#13780000
b1111 )
b1111 =
1+
14
b10011010 *
b10011010 >
b10011010 3
b10011010 9
01
#13785000
b10011011 A
b1010011011 ,
b1010011011 7
b1010011011 G
b1010011010 !
b1010011010 <
b1010011010 @
b1010101011 6
11
#13790000
b0 )
b0 =
0+
04
01
#13795000
11
#13800000
b1111 )
b1111 =
1+
14
b10011011 *
b10011011 >
b10011011 3
b10011011 9
01
#13805000
b10011100 A
b1010011100 ,
b1010011100 7
b1010011100 G
b1010011011 !
b1010011011 <
b1010011011 @
b1010101100 6
11
#13810000
b0 )
b0 =
0+
04
01
#13815000
11
#13820000
b1111 )
b1111 =
1+
14
b10011100 *
b10011100 >
b10011100 3
b10011100 9
01
#13825000
b10011101 A
b1010011101 ,
b1010011101 7
b1010011101 G
b1010011100 !
b1010011100 <
b1010011100 @
b1010101101 6
11
#13830000
b0 )
b0 =
0+
04
01
#13835000
11
#13840000
b1111 )
b1111 =
1+
14
b10011101 *
b10011101 >
b10011101 3
b10011101 9
01
#13845000
b10011110 A
b1010011110 ,
b1010011110 7
b1010011110 G
b1010011101 !
b1010011101 <
b1010011101 @
b1010101110 6
11
#13850000
b0 )
b0 =
0+
04
01
#13855000
11
#13860000
b1111 )
b1111 =
1+
14
b10011110 *
b10011110 >
b10011110 3
b10011110 9
01
#13865000
b10011111 A
b1010011111 ,
b1010011111 7
b1010011111 G
b1010011110 !
b1010011110 <
b1010011110 @
b1010101111 6
11
#13870000
b0 )
b0 =
0+
04
01
#13875000
11
#13880000
b1111 )
b1111 =
1+
14
b10011111 *
b10011111 >
b10011111 3
b10011111 9
01
#13885000
b10100000 A
b1010100000 ,
b1010100000 7
b1010100000 G
b1010011111 !
b1010011111 <
b1010011111 @
b1010110000 6
11
#13890000
b0 )
b0 =
0+
04
01
#13895000
11
#13900000
b1111 )
b1111 =
1+
14
b10100000 *
b10100000 >
b10100000 3
b10100000 9
01
#13905000
b10100001 A
b1010100001 ,
b1010100001 7
b1010100001 G
b1010100000 !
b1010100000 <
b1010100000 @
b1010110001 6
11
#13910000
b0 )
b0 =
0+
04
01
#13915000
11
#13920000
b1111 )
b1111 =
1+
14
b10100001 *
b10100001 >
b10100001 3
b10100001 9
01
#13925000
b10100010 A
b1010100010 ,
b1010100010 7
b1010100010 G
b1010100001 !
b1010100001 <
b1010100001 @
b1010110010 6
11
#13930000
b0 )
b0 =
0+
04
01
#13935000
11
#13940000
b1111 )
b1111 =
1+
14
b10100010 *
b10100010 >
b10100010 3
b10100010 9
01
#13945000
b10100011 A
b1010100011 ,
b1010100011 7
b1010100011 G
b1010100010 !
b1010100010 <
b1010100010 @
b1010110011 6
11
#13950000
b0 )
b0 =
0+
04
01
#13955000
11
#13960000
b1111 )
b1111 =
1+
14
b10100011 *
b10100011 >
b10100011 3
b10100011 9
01
#13965000
b10100100 A
b1010100100 ,
b1010100100 7
b1010100100 G
b1010100011 !
b1010100011 <
b1010100011 @
b1010110100 6
11
#13970000
b0 )
b0 =
0+
04
01
#13975000
11
#13980000
b1111 )
b1111 =
1+
14
b10100100 *
b10100100 >
b10100100 3
b10100100 9
01
#13985000
b10100101 A
b1010100101 ,
b1010100101 7
b1010100101 G
b1010100100 !
b1010100100 <
b1010100100 @
b1010110101 6
11
#13990000
b0 )
b0 =
0+
04
01
#13995000
11
#14000000
b1111 )
b1111 =
1+
14
b10100101 *
b10100101 >
b10100101 3
b10100101 9
01
#14005000
b10100110 A
b1010100110 ,
b1010100110 7
b1010100110 G
b1010100101 !
b1010100101 <
b1010100101 @
b1010110110 6
11
#14010000
b0 )
b0 =
0+
04
01
#14015000
11
#14020000
b1111 )
b1111 =
1+
14
b10100110 *
b10100110 >
b10100110 3
b10100110 9
01
#14025000
b10100111 A
b1010100111 ,
b1010100111 7
b1010100111 G
b1010100110 !
b1010100110 <
b1010100110 @
b1010110111 6
11
#14030000
b0 )
b0 =
0+
04
01
#14035000
11
#14040000
b1111 )
b1111 =
1+
14
b10100111 *
b10100111 >
b10100111 3
b10100111 9
01
#14045000
b10101000 A
b1010101000 ,
b1010101000 7
b1010101000 G
b1010100111 !
b1010100111 <
b1010100111 @
b1010111000 6
11
#14050000
b0 )
b0 =
0+
04
01
#14055000
11
#14060000
b1111 )
b1111 =
1+
14
b10101000 *
b10101000 >
b10101000 3
b10101000 9
01
#14065000
b10101001 A
b1010101001 ,
b1010101001 7
b1010101001 G
b1010101000 !
b1010101000 <
b1010101000 @
b1010111001 6
11
#14070000
b0 )
b0 =
0+
04
01
#14075000
11
#14080000
b1111 )
b1111 =
1+
14
b10101001 *
b10101001 >
b10101001 3
b10101001 9
01
#14085000
b10101010 A
b1010101010 ,
b1010101010 7
b1010101010 G
b1010101001 !
b1010101001 <
b1010101001 @
b1010111010 6
11
#14090000
b0 )
b0 =
0+
04
01
#14095000
11
#14100000
b1111 )
b1111 =
1+
14
b10101010 *
b10101010 >
b10101010 3
b10101010 9
01
#14105000
b10101011 A
b1010101011 ,
b1010101011 7
b1010101011 G
b1010101010 !
b1010101010 <
b1010101010 @
b1010111011 6
11
#14110000
b0 )
b0 =
0+
04
01
#14115000
11
#14120000
b1111 )
b1111 =
1+
14
b10101011 *
b10101011 >
b10101011 3
b10101011 9
01
#14125000
b10101100 A
b1010101100 ,
b1010101100 7
b1010101100 G
b1010101011 !
b1010101011 <
b1010101011 @
b1010111100 6
11
#14130000
b0 )
b0 =
0+
04
01
#14135000
11
#14140000
b1111 )
b1111 =
1+
14
b10101100 *
b10101100 >
b10101100 3
b10101100 9
01
#14145000
b10101101 A
b1010101101 ,
b1010101101 7
b1010101101 G
b1010101100 !
b1010101100 <
b1010101100 @
b1010111101 6
11
#14150000
b0 )
b0 =
0+
04
01
#14155000
11
#14160000
b1111 )
b1111 =
1+
14
b10101101 *
b10101101 >
b10101101 3
b10101101 9
01
#14165000
b10101110 A
b1010101110 ,
b1010101110 7
b1010101110 G
b1010101101 !
b1010101101 <
b1010101101 @
b1010111110 6
11
#14170000
b0 )
b0 =
0+
04
01
#14175000
11
#14180000
b1111 )
b1111 =
1+
14
b10101110 *
b10101110 >
b10101110 3
b10101110 9
01
#14185000
b10101111 A
b1010101111 ,
b1010101111 7
b1010101111 G
b1010101110 !
b1010101110 <
b1010101110 @
b1010111111 6
11
#14190000
b0 )
b0 =
0+
04
01
#14195000
11
#14200000
b1111 )
b1111 =
1+
14
b10101111 *
b10101111 >
b10101111 3
b10101111 9
01
#14205000
b10110000 A
b1010110000 ,
b1010110000 7
b1010110000 G
b1010101111 !
b1010101111 <
b1010101111 @
b1011000000 6
11
#14210000
b0 )
b0 =
0+
04
01
#14215000
11
#14220000
b1111 )
b1111 =
1+
14
b10110000 *
b10110000 >
b10110000 3
b10110000 9
01
#14225000
b10110001 A
b1010110001 ,
b1010110001 7
b1010110001 G
b1010110000 !
b1010110000 <
b1010110000 @
b1011000001 6
11
#14230000
b0 )
b0 =
0+
04
01
#14235000
11
#14240000
b1111 )
b1111 =
1+
14
b10110001 *
b10110001 >
b10110001 3
b10110001 9
01
#14245000
b10110010 A
b1010110010 ,
b1010110010 7
b1010110010 G
b1010110001 !
b1010110001 <
b1010110001 @
b1011000010 6
11
#14250000
b0 )
b0 =
0+
04
01
#14255000
11
#14260000
b1111 )
b1111 =
1+
14
b10110010 *
b10110010 >
b10110010 3
b10110010 9
01
#14265000
b10110011 A
b1010110011 ,
b1010110011 7
b1010110011 G
b1010110010 !
b1010110010 <
b1010110010 @
b1011000011 6
11
#14270000
b0 )
b0 =
0+
04
01
#14275000
11
#14280000
b1111 )
b1111 =
1+
14
b10110011 *
b10110011 >
b10110011 3
b10110011 9
01
#14285000
b10110100 A
b1010110100 ,
b1010110100 7
b1010110100 G
b1010110011 !
b1010110011 <
b1010110011 @
b1011000100 6
11
#14290000
b0 )
b0 =
0+
04
01
#14295000
11
#14300000
b1111 )
b1111 =
1+
14
b10110100 *
b10110100 >
b10110100 3
b10110100 9
01
#14305000
b10110101 A
b1010110101 ,
b1010110101 7
b1010110101 G
b1010110100 !
b1010110100 <
b1010110100 @
b1011000101 6
11
#14310000
b0 )
b0 =
0+
04
01
#14315000
11
#14320000
b1111 )
b1111 =
1+
14
b10110101 *
b10110101 >
b10110101 3
b10110101 9
01
#14325000
b10110110 A
b1010110110 ,
b1010110110 7
b1010110110 G
b1010110101 !
b1010110101 <
b1010110101 @
b1011000110 6
11
#14330000
b0 )
b0 =
0+
04
01
#14335000
11
#14340000
b1111 )
b1111 =
1+
14
b10110110 *
b10110110 >
b10110110 3
b10110110 9
01
#14345000
b10110111 A
b1010110111 ,
b1010110111 7
b1010110111 G
b1010110110 !
b1010110110 <
b1010110110 @
b1011000111 6
11
#14350000
b0 )
b0 =
0+
04
01
#14355000
11
#14360000
b1111 )
b1111 =
1+
14
b10110111 *
b10110111 >
b10110111 3
b10110111 9
01
#14365000
b10111000 A
b1010111000 ,
b1010111000 7
b1010111000 G
b1010110111 !
b1010110111 <
b1010110111 @
b1011001000 6
11
#14370000
b0 )
b0 =
0+
04
01
#14375000
11
#14380000
b1111 )
b1111 =
1+
14
b10111000 *
b10111000 >
b10111000 3
b10111000 9
01
#14385000
b10111001 A
b1010111001 ,
b1010111001 7
b1010111001 G
b1010111000 !
b1010111000 <
b1010111000 @
b1011001001 6
11
#14390000
b0 )
b0 =
0+
04
01
#14395000
11
#14400000
b1111 )
b1111 =
1+
14
b10111001 *
b10111001 >
b10111001 3
b10111001 9
01
#14405000
b10111010 A
b1010111010 ,
b1010111010 7
b1010111010 G
b1010111001 !
b1010111001 <
b1010111001 @
b1011001010 6
11
#14410000
b0 )
b0 =
0+
04
01
#14415000
11
#14420000
b1111 )
b1111 =
1+
14
b10111010 *
b10111010 >
b10111010 3
b10111010 9
01
#14425000
b10111011 A
b1010111011 ,
b1010111011 7
b1010111011 G
b1010111010 !
b1010111010 <
b1010111010 @
b1011001011 6
11
#14430000
b0 )
b0 =
0+
04
01
#14435000
11
#14440000
b1111 )
b1111 =
1+
14
b10111011 *
b10111011 >
b10111011 3
b10111011 9
01
#14445000
b10111100 A
b1010111100 ,
b1010111100 7
b1010111100 G
b1010111011 !
b1010111011 <
b1010111011 @
b1011001100 6
11
#14450000
b0 )
b0 =
0+
04
01
#14455000
11
#14460000
b1111 )
b1111 =
1+
14
b10111100 *
b10111100 >
b10111100 3
b10111100 9
01
#14465000
b10111101 A
b1010111101 ,
b1010111101 7
b1010111101 G
b1010111100 !
b1010111100 <
b1010111100 @
b1011001101 6
11
#14470000
b0 )
b0 =
0+
04
01
#14475000
11
#14480000
b1111 )
b1111 =
1+
14
b10111101 *
b10111101 >
b10111101 3
b10111101 9
01
#14485000
b10111110 A
b1010111110 ,
b1010111110 7
b1010111110 G
b1010111101 !
b1010111101 <
b1010111101 @
b1011001110 6
11
#14490000
b0 )
b0 =
0+
04
01
#14495000
11
#14500000
b1111 )
b1111 =
1+
14
b10111110 *
b10111110 >
b10111110 3
b10111110 9
01
#14505000
b10111111 A
b1010111111 ,
b1010111111 7
b1010111111 G
b1010111110 !
b1010111110 <
b1010111110 @
b1011001111 6
11
#14510000
b0 )
b0 =
0+
04
01
#14515000
11
#14520000
b1111 )
b1111 =
1+
14
b10111111 *
b10111111 >
b10111111 3
b10111111 9
01
#14525000
b11000000 A
b1011000000 ,
b1011000000 7
b1011000000 G
b1010111111 !
b1010111111 <
b1010111111 @
b1011010000 6
11
#14530000
b0 )
b0 =
0+
04
01
#14535000
11
#14540000
b1111 )
b1111 =
1+
14
b11000000 *
b11000000 >
b11000000 3
b11000000 9
01
#14545000
b11000001 A
b1011000001 ,
b1011000001 7
b1011000001 G
b1011000000 !
b1011000000 <
b1011000000 @
b1011010001 6
11
#14550000
b0 )
b0 =
0+
04
01
#14555000
11
#14560000
b1111 )
b1111 =
1+
14
b11000001 *
b11000001 >
b11000001 3
b11000001 9
01
#14565000
b11000010 A
b1011000010 ,
b1011000010 7
b1011000010 G
b1011000001 !
b1011000001 <
b1011000001 @
b1011010010 6
11
#14570000
b0 )
b0 =
0+
04
01
#14575000
11
#14580000
b1111 )
b1111 =
1+
14
b11000010 *
b11000010 >
b11000010 3
b11000010 9
01
#14585000
b11000011 A
b1011000011 ,
b1011000011 7
b1011000011 G
b1011000010 !
b1011000010 <
b1011000010 @
b1011010011 6
11
#14590000
b0 )
b0 =
0+
04
01
#14595000
11
#14600000
b1111 )
b1111 =
1+
14
b11000011 *
b11000011 >
b11000011 3
b11000011 9
01
#14605000
b11000100 A
b1011000100 ,
b1011000100 7
b1011000100 G
b1011000011 !
b1011000011 <
b1011000011 @
b1011010100 6
11
#14610000
b0 )
b0 =
0+
04
01
#14615000
11
#14620000
b1111 )
b1111 =
1+
14
b11000100 *
b11000100 >
b11000100 3
b11000100 9
01
#14625000
b11000101 A
b1011000101 ,
b1011000101 7
b1011000101 G
b1011000100 !
b1011000100 <
b1011000100 @
b1011010101 6
11
#14630000
b0 )
b0 =
0+
04
01
#14635000
11
#14640000
b1111 )
b1111 =
1+
14
b11000101 *
b11000101 >
b11000101 3
b11000101 9
01
#14645000
b11000110 A
b1011000110 ,
b1011000110 7
b1011000110 G
b1011000101 !
b1011000101 <
b1011000101 @
b1011010110 6
11
#14650000
b0 )
b0 =
0+
04
01
#14655000
11
#14660000
b1111 )
b1111 =
1+
14
b11000110 *
b11000110 >
b11000110 3
b11000110 9
01
#14665000
b11000111 A
b1011000111 ,
b1011000111 7
b1011000111 G
b1011000110 !
b1011000110 <
b1011000110 @
b1011010111 6
11
#14670000
b0 )
b0 =
0+
04
01
#14675000
11
#14680000
b1111 )
b1111 =
1+
14
b11000111 *
b11000111 >
b11000111 3
b11000111 9
01
#14685000
b11001000 A
b1011001000 ,
b1011001000 7
b1011001000 G
b1011000111 !
b1011000111 <
b1011000111 @
b1011011000 6
11
#14690000
b0 )
b0 =
0+
04
01
#14695000
11
#14700000
b1111 )
b1111 =
1+
14
b11001000 *
b11001000 >
b11001000 3
b11001000 9
01
#14705000
b11001001 A
b1011001001 ,
b1011001001 7
b1011001001 G
b1011001000 !
b1011001000 <
b1011001000 @
b1011011001 6
11
#14710000
b0 )
b0 =
0+
04
01
#14715000
11
#14720000
b1111 )
b1111 =
1+
14
b11001001 *
b11001001 >
b11001001 3
b11001001 9
01
#14725000
b11001010 A
b1011001010 ,
b1011001010 7
b1011001010 G
b1011001001 !
b1011001001 <
b1011001001 @
b1011011010 6
11
#14730000
b0 )
b0 =
0+
04
01
#14735000
11
#14740000
b1111 )
b1111 =
1+
14
b11001010 *
b11001010 >
b11001010 3
b11001010 9
01
#14745000
b11001011 A
b1011001011 ,
b1011001011 7
b1011001011 G
b1011001010 !
b1011001010 <
b1011001010 @
b1011011011 6
11
#14750000
b0 )
b0 =
0+
04
01
#14755000
11
#14760000
b1111 )
b1111 =
1+
14
b11001011 *
b11001011 >
b11001011 3
b11001011 9
01
#14765000
b11001100 A
b1011001100 ,
b1011001100 7
b1011001100 G
b1011001011 !
b1011001011 <
b1011001011 @
b1011011100 6
11
#14770000
b0 )
b0 =
0+
04
01
#14775000
11
#14780000
b1111 )
b1111 =
1+
14
b11001100 *
b11001100 >
b11001100 3
b11001100 9
01
#14785000
b11001101 A
b1011001101 ,
b1011001101 7
b1011001101 G
b1011001100 !
b1011001100 <
b1011001100 @
b1011011101 6
11
#14790000
b0 )
b0 =
0+
04
01
#14795000
11
#14800000
b1111 )
b1111 =
1+
14
b11001101 *
b11001101 >
b11001101 3
b11001101 9
01
#14805000
b11001110 A
b1011001110 ,
b1011001110 7
b1011001110 G
b1011001101 !
b1011001101 <
b1011001101 @
b1011011110 6
11
#14810000
b0 )
b0 =
0+
04
01
#14815000
11
#14820000
b1111 )
b1111 =
1+
14
b11001110 *
b11001110 >
b11001110 3
b11001110 9
01
#14825000
b11001111 A
b1011001111 ,
b1011001111 7
b1011001111 G
b1011001110 !
b1011001110 <
b1011001110 @
b1011011111 6
11
#14830000
b0 )
b0 =
0+
04
01
#14835000
11
#14840000
b1111 )
b1111 =
1+
14
b11001111 *
b11001111 >
b11001111 3
b11001111 9
01
#14845000
b11010000 A
b1011010000 ,
b1011010000 7
b1011010000 G
b1011001111 !
b1011001111 <
b1011001111 @
b1011100000 6
11
#14850000
b0 )
b0 =
0+
04
01
#14855000
11
#14860000
b1111 )
b1111 =
1+
14
b11010000 *
b11010000 >
b11010000 3
b11010000 9
01
#14865000
b11010001 A
b1011010001 ,
b1011010001 7
b1011010001 G
b1011010000 !
b1011010000 <
b1011010000 @
b1011100001 6
11
#14870000
b0 )
b0 =
0+
04
01
#14875000
11
#14880000
b1111 )
b1111 =
1+
14
b11010001 *
b11010001 >
b11010001 3
b11010001 9
01
#14885000
b11010010 A
b1011010010 ,
b1011010010 7
b1011010010 G
b1011010001 !
b1011010001 <
b1011010001 @
b1011100010 6
11
#14890000
b0 )
b0 =
0+
04
01
#14895000
11
#14900000
b1111 )
b1111 =
1+
14
b11010010 *
b11010010 >
b11010010 3
b11010010 9
01
#14905000
b11010011 A
b1011010011 ,
b1011010011 7
b1011010011 G
b1011010010 !
b1011010010 <
b1011010010 @
b1011100011 6
11
#14910000
b0 )
b0 =
0+
04
01
#14915000
11
#14920000
b1111 )
b1111 =
1+
14
b11010011 *
b11010011 >
b11010011 3
b11010011 9
01
#14925000
b11010100 A
b1011010100 ,
b1011010100 7
b1011010100 G
b1011010011 !
b1011010011 <
b1011010011 @
b1011100100 6
11
#14930000
b0 )
b0 =
0+
04
01
#14935000
11
#14940000
b1111 )
b1111 =
1+
14
b11010100 *
b11010100 >
b11010100 3
b11010100 9
01
#14945000
b11010101 A
b1011010101 ,
b1011010101 7
b1011010101 G
b1011010100 !
b1011010100 <
b1011010100 @
b1011100101 6
11
#14950000
b0 )
b0 =
0+
04
01
#14955000
11
#14960000
b1111 )
b1111 =
1+
14
b11010101 *
b11010101 >
b11010101 3
b11010101 9
01
#14965000
b11010110 A
b1011010110 ,
b1011010110 7
b1011010110 G
b1011010101 !
b1011010101 <
b1011010101 @
b1011100110 6
11
#14970000
b0 )
b0 =
0+
04
01
#14975000
11
#14980000
b1111 )
b1111 =
1+
14
b11010110 *
b11010110 >
b11010110 3
b11010110 9
01
#14985000
b11010111 A
b1011010111 ,
b1011010111 7
b1011010111 G
b1011010110 !
b1011010110 <
b1011010110 @
b1011100111 6
11
#14990000
b0 )
b0 =
0+
04
01
#14995000
11
#15000000
b1111 )
b1111 =
1+
14
b11010111 *
b11010111 >
b11010111 3
b11010111 9
01
#15005000
b11011000 A
b1011011000 ,
b1011011000 7
b1011011000 G
b1011010111 !
b1011010111 <
b1011010111 @
b1011101000 6
11
#15010000
b0 )
b0 =
0+
04
01
#15015000
11
#15020000
b1111 )
b1111 =
1+
14
b11011000 *
b11011000 >
b11011000 3
b11011000 9
01
#15025000
b11011001 A
b1011011001 ,
b1011011001 7
b1011011001 G
b1011011000 !
b1011011000 <
b1011011000 @
b1011101001 6
11
#15030000
b0 )
b0 =
0+
04
01
#15035000
11
#15040000
b1111 )
b1111 =
1+
14
b11011001 *
b11011001 >
b11011001 3
b11011001 9
01
#15045000
b11011010 A
b1011011010 ,
b1011011010 7
b1011011010 G
b1011011001 !
b1011011001 <
b1011011001 @
b1011101010 6
11
#15050000
b0 )
b0 =
0+
04
01
#15055000
11
#15060000
b1111 )
b1111 =
1+
14
b11011010 *
b11011010 >
b11011010 3
b11011010 9
01
#15065000
b11011011 A
b1011011011 ,
b1011011011 7
b1011011011 G
b1011011010 !
b1011011010 <
b1011011010 @
b1011101011 6
11
#15070000
b0 )
b0 =
0+
04
01
#15075000
11
#15080000
b1111 )
b1111 =
1+
14
b11011011 *
b11011011 >
b11011011 3
b11011011 9
01
#15085000
b11011100 A
b1011011100 ,
b1011011100 7
b1011011100 G
b1011011011 !
b1011011011 <
b1011011011 @
b1011101100 6
11
#15090000
b0 )
b0 =
0+
04
01
#15095000
11
#15100000
b1111 )
b1111 =
1+
14
b11011100 *
b11011100 >
b11011100 3
b11011100 9
01
#15105000
b11011101 A
b1011011101 ,
b1011011101 7
b1011011101 G
b1011011100 !
b1011011100 <
b1011011100 @
b1011101101 6
11
#15110000
b0 )
b0 =
0+
04
01
#15115000
11
#15120000
b1111 )
b1111 =
1+
14
b11011101 *
b11011101 >
b11011101 3
b11011101 9
01
#15125000
b11011110 A
b1011011110 ,
b1011011110 7
b1011011110 G
b1011011101 !
b1011011101 <
b1011011101 @
b1011101110 6
11
#15130000
b0 )
b0 =
0+
04
01
#15135000
11
#15140000
b1111 )
b1111 =
1+
14
b11011110 *
b11011110 >
b11011110 3
b11011110 9
01
#15145000
b11011111 A
b1011011111 ,
b1011011111 7
b1011011111 G
b1011011110 !
b1011011110 <
b1011011110 @
b1011101111 6
11
#15150000
b0 )
b0 =
0+
04
01
#15155000
11
#15160000
b1111 )
b1111 =
1+
14
b11011111 *
b11011111 >
b11011111 3
b11011111 9
01
#15165000
b11100000 A
b1011100000 ,
b1011100000 7
b1011100000 G
b1011011111 !
b1011011111 <
b1011011111 @
b1011110000 6
11
#15170000
b0 )
b0 =
0+
04
01
#15175000
11
#15180000
b1111 )
b1111 =
1+
14
b11100000 *
b11100000 >
b11100000 3
b11100000 9
01
#15185000
b11100001 A
b1011100001 ,
b1011100001 7
b1011100001 G
b1011100000 !
b1011100000 <
b1011100000 @
b1011110001 6
11
#15190000
b0 )
b0 =
0+
04
01
#15195000
11
#15200000
b1111 )
b1111 =
1+
14
b11100001 *
b11100001 >
b11100001 3
b11100001 9
01
#15205000
b11100010 A
b1011100010 ,
b1011100010 7
b1011100010 G
b1011100001 !
b1011100001 <
b1011100001 @
b1011110010 6
11
#15210000
b0 )
b0 =
0+
04
01
#15215000
11
#15220000
b1111 )
b1111 =
1+
14
b11100010 *
b11100010 >
b11100010 3
b11100010 9
01
#15225000
b11100011 A
b1011100011 ,
b1011100011 7
b1011100011 G
b1011100010 !
b1011100010 <
b1011100010 @
b1011110011 6
11
#15230000
b0 )
b0 =
0+
04
01
#15235000
11
#15240000
b1111 )
b1111 =
1+
14
b11100011 *
b11100011 >
b11100011 3
b11100011 9
01
#15245000
b11100100 A
b1011100100 ,
b1011100100 7
b1011100100 G
b1011100011 !
b1011100011 <
b1011100011 @
b1011110100 6
11
#15250000
b0 )
b0 =
0+
04
01
#15255000
11
#15260000
b1111 )
b1111 =
1+
14
b11100100 *
b11100100 >
b11100100 3
b11100100 9
01
#15265000
b11100101 A
b1011100101 ,
b1011100101 7
b1011100101 G
b1011100100 !
b1011100100 <
b1011100100 @
b1011110101 6
11
#15270000
b0 )
b0 =
0+
04
01
#15275000
11
#15280000
b1111 )
b1111 =
1+
14
b11100101 *
b11100101 >
b11100101 3
b11100101 9
01
#15285000
b11100110 A
b1011100110 ,
b1011100110 7
b1011100110 G
b1011100101 !
b1011100101 <
b1011100101 @
b1011110110 6
11
#15290000
b0 )
b0 =
0+
04
01
#15295000
11
#15300000
b1111 )
b1111 =
1+
14
b11100110 *
b11100110 >
b11100110 3
b11100110 9
01
#15305000
b11100111 A
b1011100111 ,
b1011100111 7
b1011100111 G
b1011100110 !
b1011100110 <
b1011100110 @
b1011110111 6
11
#15310000
b0 )
b0 =
0+
04
01
#15315000
11
#15320000
b1111 )
b1111 =
1+
14
b11100111 *
b11100111 >
b11100111 3
b11100111 9
01
#15325000
b11101000 A
b1011101000 ,
b1011101000 7
b1011101000 G
b1011100111 !
b1011100111 <
b1011100111 @
b1011111000 6
11
#15330000
b0 )
b0 =
0+
04
01
#15335000
11
#15340000
b1111 )
b1111 =
1+
14
b11101000 *
b11101000 >
b11101000 3
b11101000 9
01
#15345000
b11101001 A
b1011101001 ,
b1011101001 7
b1011101001 G
b1011101000 !
b1011101000 <
b1011101000 @
b1011111001 6
11
#15350000
b0 )
b0 =
0+
04
01
#15355000
11
#15360000
b1111 )
b1111 =
1+
14
b11101001 *
b11101001 >
b11101001 3
b11101001 9
01
#15365000
b11101010 A
b1011101010 ,
b1011101010 7
b1011101010 G
b1011101001 !
b1011101001 <
b1011101001 @
b1011111010 6
11
#15370000
b0 )
b0 =
0+
04
01
#15375000
11
#15380000
b1111 )
b1111 =
1+
14
b11101010 *
b11101010 >
b11101010 3
b11101010 9
01
#15385000
b11101011 A
b1011101011 ,
b1011101011 7
b1011101011 G
b1011101010 !
b1011101010 <
b1011101010 @
b1011111011 6
11
#15390000
b0 )
b0 =
0+
04
01
#15395000
11
#15400000
b1111 )
b1111 =
1+
14
b11101011 *
b11101011 >
b11101011 3
b11101011 9
01
#15405000
b11101100 A
b1011101100 ,
b1011101100 7
b1011101100 G
b1011101011 !
b1011101011 <
b1011101011 @
b1011111100 6
11
#15410000
b0 )
b0 =
0+
04
01
#15415000
11
#15420000
b1111 )
b1111 =
1+
14
b11101100 *
b11101100 >
b11101100 3
b11101100 9
01
#15425000
b11101101 A
b1011101101 ,
b1011101101 7
b1011101101 G
b1011101100 !
b1011101100 <
b1011101100 @
b1011111101 6
11
#15430000
b0 )
b0 =
0+
04
01
#15435000
11
#15440000
b1111 )
b1111 =
1+
14
b11101101 *
b11101101 >
b11101101 3
b11101101 9
01
#15445000
b11101110 A
b1011101110 ,
b1011101110 7
b1011101110 G
b1011101101 !
b1011101101 <
b1011101101 @
b1011111110 6
11
#15450000
b0 )
b0 =
0+
04
01
#15455000
11
#15460000
b1111 )
b1111 =
1+
14
b11101110 *
b11101110 >
b11101110 3
b11101110 9
01
#15465000
b11101111 A
b1011101111 ,
b1011101111 7
b1011101111 G
b1011101110 !
b1011101110 <
b1011101110 @
b1011111111 6
11
#15470000
b0 )
b0 =
0+
04
01
#15475000
11
#15480000
b1111 )
b1111 =
1+
14
b11101111 *
b11101111 >
b11101111 3
b11101111 9
01
#15485000
b11110000 A
b1011110000 ,
b1011110000 7
b1011110000 G
b1011101111 !
b1011101111 <
b1011101111 @
b1100000000 6
11
#15490000
b0 )
b0 =
0+
04
01
#15495000
11
#15500000
b1111 )
b1111 =
1+
14
b11110000 *
b11110000 >
b11110000 3
b11110000 9
01
#15505000
b11110001 A
b1011110001 ,
b1011110001 7
b1011110001 G
b1011110000 !
b1011110000 <
b1011110000 @
b1100000001 6
11
#15510000
b0 )
b0 =
0+
04
01
#15515000
11
#15520000
b1111 )
b1111 =
1+
14
b11110001 *
b11110001 >
b11110001 3
b11110001 9
01
#15525000
b11110010 A
b1011110010 ,
b1011110010 7
b1011110010 G
b1011110001 !
b1011110001 <
b1011110001 @
b1100000010 6
11
#15530000
b0 )
b0 =
0+
04
01
#15535000
11
#15540000
b1111 )
b1111 =
1+
14
b11110010 *
b11110010 >
b11110010 3
b11110010 9
01
#15545000
b11110011 A
b1011110011 ,
b1011110011 7
b1011110011 G
b1011110010 !
b1011110010 <
b1011110010 @
b1100000011 6
11
#15550000
b0 )
b0 =
0+
04
01
#15555000
11
#15560000
b1111 )
b1111 =
1+
14
b11110011 *
b11110011 >
b11110011 3
b11110011 9
01
#15565000
b11110100 A
b1011110100 ,
b1011110100 7
b1011110100 G
b1011110011 !
b1011110011 <
b1011110011 @
b1100000100 6
11
#15570000
b0 )
b0 =
0+
04
01
#15575000
11
#15580000
b1111 )
b1111 =
1+
14
b11110100 *
b11110100 >
b11110100 3
b11110100 9
01
#15585000
b11110101 A
b1011110101 ,
b1011110101 7
b1011110101 G
b1011110100 !
b1011110100 <
b1011110100 @
b1100000101 6
11
#15590000
b0 )
b0 =
0+
04
01
#15595000
11
#15600000
b1111 )
b1111 =
1+
14
b11110101 *
b11110101 >
b11110101 3
b11110101 9
01
#15605000
b11110110 A
b1011110110 ,
b1011110110 7
b1011110110 G
b1011110101 !
b1011110101 <
b1011110101 @
b1100000110 6
11
#15610000
b0 )
b0 =
0+
04
01
#15615000
11
#15620000
b1111 )
b1111 =
1+
14
b11110110 *
b11110110 >
b11110110 3
b11110110 9
01
#15625000
b11110111 A
b1011110111 ,
b1011110111 7
b1011110111 G
b1011110110 !
b1011110110 <
b1011110110 @
b1100000111 6
11
#15630000
b0 )
b0 =
0+
04
01
#15635000
11
#15640000
b1111 )
b1111 =
1+
14
b11110111 *
b11110111 >
b11110111 3
b11110111 9
01
#15645000
b11111000 A
b1011111000 ,
b1011111000 7
b1011111000 G
b1011110111 !
b1011110111 <
b1011110111 @
b1100001000 6
11
#15650000
b0 )
b0 =
0+
04
01
#15655000
11
#15660000
b1111 )
b1111 =
1+
14
b11111000 *
b11111000 >
b11111000 3
b11111000 9
01
#15665000
b11111001 A
b1011111001 ,
b1011111001 7
b1011111001 G
b1011111000 !
b1011111000 <
b1011111000 @
b1100001001 6
11
#15670000
b0 )
b0 =
0+
04
01
#15675000
11
#15680000
b1111 )
b1111 =
1+
14
b11111001 *
b11111001 >
b11111001 3
b11111001 9
01
#15685000
b11111010 A
b1011111010 ,
b1011111010 7
b1011111010 G
b1011111001 !
b1011111001 <
b1011111001 @
b1100001010 6
11
#15690000
b0 )
b0 =
0+
04
01
#15695000
11
#15700000
b1111 )
b1111 =
1+
14
b11111010 *
b11111010 >
b11111010 3
b11111010 9
01
#15705000
b11111011 A
b1011111011 ,
b1011111011 7
b1011111011 G
b1011111010 !
b1011111010 <
b1011111010 @
b1100001011 6
11
#15710000
b0 )
b0 =
0+
04
01
#15715000
11
#15720000
b1111 )
b1111 =
1+
14
b11111011 *
b11111011 >
b11111011 3
b11111011 9
01
#15725000
b11111100 A
b1011111100 ,
b1011111100 7
b1011111100 G
b1011111011 !
b1011111011 <
b1011111011 @
b1100001100 6
11
#15730000
b0 )
b0 =
0+
04
01
#15735000
11
#15740000
b1111 )
b1111 =
1+
14
b11111100 *
b11111100 >
b11111100 3
b11111100 9
01
#15745000
b11111101 A
b1011111101 ,
b1011111101 7
b1011111101 G
b1011111100 !
b1011111100 <
b1011111100 @
b1100001101 6
11
#15750000
b0 )
b0 =
0+
04
01
#15755000
11
#15760000
b1111 )
b1111 =
1+
14
b11111101 *
b11111101 >
b11111101 3
b11111101 9
01
#15765000
b11111110 A
b1011111110 ,
b1011111110 7
b1011111110 G
b1011111101 !
b1011111101 <
b1011111101 @
b1100001110 6
11
#15770000
b0 )
b0 =
0+
04
01
#15775000
11
#15780000
b1111 )
b1111 =
1+
14
b11111110 *
b11111110 >
b11111110 3
b11111110 9
01
#15785000
b11111111 A
b1011111111 ,
b1011111111 7
b1011111111 G
b1011111110 !
b1011111110 <
b1011111110 @
b1100001111 6
11
#15790000
b0 )
b0 =
0+
04
01
#15795000
11
#15800000
b1111 )
b1111 =
1+
14
b11111111 *
b11111111 >
b11111111 3
b11111111 9
01
#15805000
b100000000 A
b1100000000 ,
b1100000000 7
b1100000000 G
b1011111111 !
b1011111111 <
b1011111111 @
b1100010000 6
11
#15810000
b0 )
b0 =
0+
04
01
#15815000
11
#15820000
b1111 )
b1111 =
1+
14
b0 *
b0 >
b0 3
b0 9
01
#15825000
b100000001 A
b1100000001 ,
b1100000001 7
b1100000001 G
b1100000000 !
b1100000000 <
b1100000000 @
b1100010001 6
11
#15830000
b0 )
b0 =
0+
04
01
#15835000
11
#15840000
b1111 )
b1111 =
1+
14
b1 *
b1 >
b1 3
b1 9
01
#15845000
b100000010 A
b1100000010 ,
b1100000010 7
b1100000010 G
b1100000001 !
b1100000001 <
b1100000001 @
b1100010010 6
11
#15850000
b0 )
b0 =
0+
04
01
#15855000
11
#15860000
b1111 )
b1111 =
1+
14
b10 *
b10 >
b10 3
b10 9
01
#15865000
b100000011 A
b1100000011 ,
b1100000011 7
b1100000011 G
b1100000010 !
b1100000010 <
b1100000010 @
b1100010011 6
11
#15870000
b0 )
b0 =
0+
04
01
#15875000
11
#15880000
b1111 )
b1111 =
1+
14
b11 *
b11 >
b11 3
b11 9
01
#15885000
b100000100 A
b1100000100 ,
b1100000100 7
b1100000100 G
b1100000011 !
b1100000011 <
b1100000011 @
b1100010100 6
11
#15890000
b0 )
b0 =
0+
04
01
#15895000
11
#15900000
b1111 )
b1111 =
1+
14
b100 *
b100 >
b100 3
b100 9
01
#15905000
b100000101 A
b1100000101 ,
b1100000101 7
b1100000101 G
b1100000100 !
b1100000100 <
b1100000100 @
b1100010101 6
11
#15910000
b0 )
b0 =
0+
04
01
#15915000
11
#15920000
b1111 )
b1111 =
1+
14
b101 *
b101 >
b101 3
b101 9
01
#15925000
b100000110 A
b1100000110 ,
b1100000110 7
b1100000110 G
b1100000101 !
b1100000101 <
b1100000101 @
b1100010110 6
11
#15930000
b0 )
b0 =
0+
04
01
#15935000
11
#15940000
b1111 )
b1111 =
1+
14
b110 *
b110 >
b110 3
b110 9
01
#15945000
b100000111 A
b1100000111 ,
b1100000111 7
b1100000111 G
b1100000110 !
b1100000110 <
b1100000110 @
b1100010111 6
11
#15950000
b0 )
b0 =
0+
04
01
#15955000
11
#15960000
b1111 )
b1111 =
1+
14
b111 *
b111 >
b111 3
b111 9
01
#15965000
b100001000 A
b1100001000 ,
b1100001000 7
b1100001000 G
b1100000111 !
b1100000111 <
b1100000111 @
b1100011000 6
11
#15970000
b0 )
b0 =
0+
04
01
#15975000
11
#15980000
b1111 )
b1111 =
1+
14
b1000 *
b1000 >
b1000 3
b1000 9
01
#15985000
b100001001 A
b1100001001 ,
b1100001001 7
b1100001001 G
b1100001000 !
b1100001000 <
b1100001000 @
b1100011001 6
11
#15990000
b0 )
b0 =
0+
04
01
#15995000
11
#16000000
b1111 )
b1111 =
1+
14
b1001 *
b1001 >
b1001 3
b1001 9
01
#16005000
b100001010 A
b1100001010 ,
b1100001010 7
b1100001010 G
b1100001001 !
b1100001001 <
b1100001001 @
b1100011010 6
11
#16010000
b0 )
b0 =
0+
04
01
#16015000
11
#16020000
b1111 )
b1111 =
1+
14
b1010 *
b1010 >
b1010 3
b1010 9
01
#16025000
b100001011 A
b1100001011 ,
b1100001011 7
b1100001011 G
b1100001010 !
b1100001010 <
b1100001010 @
b1100011011 6
11
#16030000
b0 )
b0 =
0+
04
01
#16035000
11
#16040000
b1111 )
b1111 =
1+
14
b1011 *
b1011 >
b1011 3
b1011 9
01
#16045000
b100001100 A
b1100001100 ,
b1100001100 7
b1100001100 G
b1100001011 !
b1100001011 <
b1100001011 @
b1100011100 6
11
#16050000
b0 )
b0 =
0+
04
01
#16055000
11
#16060000
b1111 )
b1111 =
1+
14
b1100 *
b1100 >
b1100 3
b1100 9
01
#16065000
b100001101 A
b1100001101 ,
b1100001101 7
b1100001101 G
b1100001100 !
b1100001100 <
b1100001100 @
b1100011101 6
11
#16070000
b0 )
b0 =
0+
04
01
#16075000
11
#16080000
b1111 )
b1111 =
1+
14
b1101 *
b1101 >
b1101 3
b1101 9
01
#16085000
b100001110 A
b1100001110 ,
b1100001110 7
b1100001110 G
b1100001101 !
b1100001101 <
b1100001101 @
b1100011110 6
11
#16090000
b0 )
b0 =
0+
04
01
#16095000
11
#16100000
b1111 )
b1111 =
1+
14
b1110 *
b1110 >
b1110 3
b1110 9
01
#16105000
b100001111 A
b1100001111 ,
b1100001111 7
b1100001111 G
b1100001110 !
b1100001110 <
b1100001110 @
b1100011111 6
11
#16110000
b0 )
b0 =
0+
04
01
#16115000
11
#16120000
b1111 )
b1111 =
1+
14
b1111 *
b1111 >
b1111 3
b1111 9
01
#16125000
b100010000 A
b1100010000 ,
b1100010000 7
b1100010000 G
b1100001111 !
b1100001111 <
b1100001111 @
b1100100000 6
11
#16130000
b0 )
b0 =
0+
04
01
#16135000
11
#16140000
b1111 )
b1111 =
1+
14
b10000 *
b10000 >
b10000 3
b10000 9
01
#16145000
b100010001 A
b1100010001 ,
b1100010001 7
b1100010001 G
b1100010000 !
b1100010000 <
b1100010000 @
b1100100001 6
11
#16150000
b0 )
b0 =
0+
04
01
#16155000
11
#16160000
b1111 )
b1111 =
1+
14
b10001 *
b10001 >
b10001 3
b10001 9
01
#16165000
b100010010 A
b1100010010 ,
b1100010010 7
b1100010010 G
b1100010001 !
b1100010001 <
b1100010001 @
b1100100010 6
11
#16170000
b0 )
b0 =
0+
04
01
#16175000
11
#16180000
b1111 )
b1111 =
1+
14
b10010 *
b10010 >
b10010 3
b10010 9
01
#16185000
b100010011 A
b1100010011 ,
b1100010011 7
b1100010011 G
b1100010010 !
b1100010010 <
b1100010010 @
b1100100011 6
11
#16190000
b0 )
b0 =
0+
04
01
#16195000
11
#16200000
b1111 )
b1111 =
1+
14
b10011 *
b10011 >
b10011 3
b10011 9
01
#16205000
b100010100 A
b1100010100 ,
b1100010100 7
b1100010100 G
b1100010011 !
b1100010011 <
b1100010011 @
b1100100100 6
11
#16210000
b0 )
b0 =
0+
04
01
#16215000
11
#16220000
b1111 )
b1111 =
1+
14
b10100 *
b10100 >
b10100 3
b10100 9
01
#16225000
b100010101 A
b1100010101 ,
b1100010101 7
b1100010101 G
b1100010100 !
b1100010100 <
b1100010100 @
b1100100101 6
11
#16230000
b0 )
b0 =
0+
04
01
#16235000
11
#16240000
b1111 )
b1111 =
1+
14
b10101 *
b10101 >
b10101 3
b10101 9
01
#16245000
b100010110 A
b1100010110 ,
b1100010110 7
b1100010110 G
b1100010101 !
b1100010101 <
b1100010101 @
b1100100110 6
11
#16250000
b0 )
b0 =
0+
04
01
#16255000
11
#16260000
b1111 )
b1111 =
1+
14
b10110 *
b10110 >
b10110 3
b10110 9
01
#16265000
b100010111 A
b1100010111 ,
b1100010111 7
b1100010111 G
b1100010110 !
b1100010110 <
b1100010110 @
b1100100111 6
11
#16270000
b0 )
b0 =
0+
04
01
#16275000
11
#16280000
b1111 )
b1111 =
1+
14
b10111 *
b10111 >
b10111 3
b10111 9
01
#16285000
b100011000 A
b1100011000 ,
b1100011000 7
b1100011000 G
b1100010111 !
b1100010111 <
b1100010111 @
b1100101000 6
11
#16290000
b0 )
b0 =
0+
04
01
#16295000
11
#16300000
b1111 )
b1111 =
1+
14
b11000 *
b11000 >
b11000 3
b11000 9
01
#16305000
b100011001 A
b1100011001 ,
b1100011001 7
b1100011001 G
b1100011000 !
b1100011000 <
b1100011000 @
b1100101001 6
11
#16310000
b0 )
b0 =
0+
04
01
#16315000
11
#16320000
b1111 )
b1111 =
1+
14
b11001 *
b11001 >
b11001 3
b11001 9
01
#16325000
b100011010 A
b1100011010 ,
b1100011010 7
b1100011010 G
b1100011001 !
b1100011001 <
b1100011001 @
b1100101010 6
11
#16330000
b0 )
b0 =
0+
04
01
#16335000
11
#16340000
b1111 )
b1111 =
1+
14
b11010 *
b11010 >
b11010 3
b11010 9
01
#16345000
b100011011 A
b1100011011 ,
b1100011011 7
b1100011011 G
b1100011010 !
b1100011010 <
b1100011010 @
b1100101011 6
11
#16350000
b0 )
b0 =
0+
04
01
#16355000
11
#16360000
b1111 )
b1111 =
1+
14
b11011 *
b11011 >
b11011 3
b11011 9
01
#16365000
b100011100 A
b1100011100 ,
b1100011100 7
b1100011100 G
b1100011011 !
b1100011011 <
b1100011011 @
b1100101100 6
11
#16370000
b0 )
b0 =
0+
04
01
#16375000
11
#16380000
b1111 )
b1111 =
1+
14
b11100 *
b11100 >
b11100 3
b11100 9
01
#16385000
b100011101 A
b1100011101 ,
b1100011101 7
b1100011101 G
b1100011100 !
b1100011100 <
b1100011100 @
b1100101101 6
11
#16390000
b0 )
b0 =
0+
04
01
#16395000
11
#16400000
b1111 )
b1111 =
1+
14
b11101 *
b11101 >
b11101 3
b11101 9
01
#16405000
b100011110 A
b1100011110 ,
b1100011110 7
b1100011110 G
b1100011101 !
b1100011101 <
b1100011101 @
b1100101110 6
11
#16410000
b0 )
b0 =
0+
04
01
#16415000
11
#16420000
b1111 )
b1111 =
1+
14
b11110 *
b11110 >
b11110 3
b11110 9
01
#16425000
b100011111 A
b1100011111 ,
b1100011111 7
b1100011111 G
b1100011110 !
b1100011110 <
b1100011110 @
b1100101111 6
11
#16430000
b0 )
b0 =
0+
04
01
#16435000
11
#16440000
b1111 )
b1111 =
1+
14
b11111 *
b11111 >
b11111 3
b11111 9
01
#16445000
b100100000 A
b1100100000 ,
b1100100000 7
b1100100000 G
b1100011111 !
b1100011111 <
b1100011111 @
b1100110000 6
11
#16450000
b0 )
b0 =
0+
04
01
#16455000
11
#16460000
b1111 )
b1111 =
1+
14
b100000 *
b100000 >
b100000 3
b100000 9
01
#16465000
b100100001 A
b1100100001 ,
b1100100001 7
b1100100001 G
b1100100000 !
b1100100000 <
b1100100000 @
b1100110001 6
11
#16470000
b0 )
b0 =
0+
04
01
#16475000
11
#16480000
b1111 )
b1111 =
1+
14
b100001 *
b100001 >
b100001 3
b100001 9
01
#16485000
b100100010 A
b1100100010 ,
b1100100010 7
b1100100010 G
b1100100001 !
b1100100001 <
b1100100001 @
b1100110010 6
11
#16490000
b0 )
b0 =
0+
04
01
#16495000
11
#16500000
b1111 )
b1111 =
1+
14
b100010 *
b100010 >
b100010 3
b100010 9
01
#16505000
b100100011 A
b1100100011 ,
b1100100011 7
b1100100011 G
b1100100010 !
b1100100010 <
b1100100010 @
b1100110011 6
11
#16510000
b0 )
b0 =
0+
04
01
#16515000
11
#16520000
b1111 )
b1111 =
1+
14
b100011 *
b100011 >
b100011 3
b100011 9
01
#16525000
b100100100 A
b1100100100 ,
b1100100100 7
b1100100100 G
b1100100011 !
b1100100011 <
b1100100011 @
b1100110100 6
11
#16530000
b0 )
b0 =
0+
04
01
#16535000
11
#16540000
b1111 )
b1111 =
1+
14
b100100 *
b100100 >
b100100 3
b100100 9
01
#16545000
b100100101 A
b1100100101 ,
b1100100101 7
b1100100101 G
b1100100100 !
b1100100100 <
b1100100100 @
b1100110101 6
11
#16550000
b0 )
b0 =
0+
04
01
#16555000
11
#16560000
b1111 )
b1111 =
1+
14
b100101 *
b100101 >
b100101 3
b100101 9
01
#16565000
b100100110 A
b1100100110 ,
b1100100110 7
b1100100110 G
b1100100101 !
b1100100101 <
b1100100101 @
b1100110110 6
11
#16570000
b0 )
b0 =
0+
04
01
#16575000
11
#16580000
b1111 )
b1111 =
1+
14
b100110 *
b100110 >
b100110 3
b100110 9
01
#16585000
b100100111 A
b1100100111 ,
b1100100111 7
b1100100111 G
b1100100110 !
b1100100110 <
b1100100110 @
b1100110111 6
11
#16590000
b0 )
b0 =
0+
04
01
#16595000
11
#16600000
b1111 )
b1111 =
1+
14
b100111 *
b100111 >
b100111 3
b100111 9
01
#16605000
b100101000 A
b1100101000 ,
b1100101000 7
b1100101000 G
b1100100111 !
b1100100111 <
b1100100111 @
b1100111000 6
11
#16610000
b0 )
b0 =
0+
04
01
#16615000
11
#16620000
b1111 )
b1111 =
1+
14
b101000 *
b101000 >
b101000 3
b101000 9
01
#16625000
b100101001 A
b1100101001 ,
b1100101001 7
b1100101001 G
b1100101000 !
b1100101000 <
b1100101000 @
b1100111001 6
11
#16630000
b0 )
b0 =
0+
04
01
#16635000
11
#16640000
b1111 )
b1111 =
1+
14
b101001 *
b101001 >
b101001 3
b101001 9
01
#16645000
b100101010 A
b1100101010 ,
b1100101010 7
b1100101010 G
b1100101001 !
b1100101001 <
b1100101001 @
b1100111010 6
11
#16650000
b0 )
b0 =
0+
04
01
#16655000
11
#16660000
b1111 )
b1111 =
1+
14
b101010 *
b101010 >
b101010 3
b101010 9
01
#16665000
b100101011 A
b1100101011 ,
b1100101011 7
b1100101011 G
b1100101010 !
b1100101010 <
b1100101010 @
b1100111011 6
11
#16670000
b0 )
b0 =
0+
04
01
#16675000
11
#16680000
b1111 )
b1111 =
1+
14
b101011 *
b101011 >
b101011 3
b101011 9
01
#16685000
b100101100 A
b1100101100 ,
b1100101100 7
b1100101100 G
b1100101011 !
b1100101011 <
b1100101011 @
b1100111100 6
11
#16690000
b0 )
b0 =
0+
04
01
#16695000
11
#16700000
b1111 )
b1111 =
1+
14
b101100 *
b101100 >
b101100 3
b101100 9
01
#16705000
b100101101 A
b1100101101 ,
b1100101101 7
b1100101101 G
b1100101100 !
b1100101100 <
b1100101100 @
b1100111101 6
11
#16710000
b0 )
b0 =
0+
04
01
#16715000
11
#16720000
b1111 )
b1111 =
1+
14
b101101 *
b101101 >
b101101 3
b101101 9
01
#16725000
b100101110 A
b1100101110 ,
b1100101110 7
b1100101110 G
b1100101101 !
b1100101101 <
b1100101101 @
b1100111110 6
11
#16730000
b0 )
b0 =
0+
04
01
#16735000
11
#16740000
b1111 )
b1111 =
1+
14
b101110 *
b101110 >
b101110 3
b101110 9
01
#16745000
b100101111 A
b1100101111 ,
b1100101111 7
b1100101111 G
b1100101110 !
b1100101110 <
b1100101110 @
b1100111111 6
11
#16750000
b0 )
b0 =
0+
04
01
#16755000
11
#16760000
b1111 )
b1111 =
1+
14
b101111 *
b101111 >
b101111 3
b101111 9
01
#16765000
b100110000 A
b1100110000 ,
b1100110000 7
b1100110000 G
b1100101111 !
b1100101111 <
b1100101111 @
b1101000000 6
11
#16770000
b0 )
b0 =
0+
04
01
#16775000
11
#16780000
b1111 )
b1111 =
1+
14
b110000 *
b110000 >
b110000 3
b110000 9
01
#16785000
b100110001 A
b1100110001 ,
b1100110001 7
b1100110001 G
b1100110000 !
b1100110000 <
b1100110000 @
b1101000001 6
11
#16790000
b0 )
b0 =
0+
04
01
#16795000
11
#16800000
b1111 )
b1111 =
1+
14
b110001 *
b110001 >
b110001 3
b110001 9
01
#16805000
b100110010 A
b1100110010 ,
b1100110010 7
b1100110010 G
b1100110001 !
b1100110001 <
b1100110001 @
b1101000010 6
11
#16810000
b0 )
b0 =
0+
04
01
#16815000
11
#16820000
b1111 )
b1111 =
1+
14
b110010 *
b110010 >
b110010 3
b110010 9
01
#16825000
b100110011 A
b1100110011 ,
b1100110011 7
b1100110011 G
b1100110010 !
b1100110010 <
b1100110010 @
b1101000011 6
11
#16830000
b0 )
b0 =
0+
04
01
#16835000
11
#16840000
b1111 )
b1111 =
1+
14
b110011 *
b110011 >
b110011 3
b110011 9
01
#16845000
b100110100 A
b1100110100 ,
b1100110100 7
b1100110100 G
b1100110011 !
b1100110011 <
b1100110011 @
b1101000100 6
11
#16850000
b0 )
b0 =
0+
04
01
#16855000
11
#16860000
b1111 )
b1111 =
1+
14
b110100 *
b110100 >
b110100 3
b110100 9
01
#16865000
b100110101 A
b1100110101 ,
b1100110101 7
b1100110101 G
b1100110100 !
b1100110100 <
b1100110100 @
b1101000101 6
11
#16870000
b0 )
b0 =
0+
04
01
#16875000
11
#16880000
b1111 )
b1111 =
1+
14
b110101 *
b110101 >
b110101 3
b110101 9
01
#16885000
b100110110 A
b1100110110 ,
b1100110110 7
b1100110110 G
b1100110101 !
b1100110101 <
b1100110101 @
b1101000110 6
11
#16890000
b0 )
b0 =
0+
04
01
#16895000
11
#16900000
b1111 )
b1111 =
1+
14
b110110 *
b110110 >
b110110 3
b110110 9
01
#16905000
b100110111 A
b1100110111 ,
b1100110111 7
b1100110111 G
b1100110110 !
b1100110110 <
b1100110110 @
b1101000111 6
11
#16910000
b0 )
b0 =
0+
04
01
#16915000
11
#16920000
b1111 )
b1111 =
1+
14
b110111 *
b110111 >
b110111 3
b110111 9
01
#16925000
b100111000 A
b1100111000 ,
b1100111000 7
b1100111000 G
b1100110111 !
b1100110111 <
b1100110111 @
b1101001000 6
11
#16930000
b0 )
b0 =
0+
04
01
#16935000
11
#16940000
b1111 )
b1111 =
1+
14
b111000 *
b111000 >
b111000 3
b111000 9
01
#16945000
b100111001 A
b1100111001 ,
b1100111001 7
b1100111001 G
b1100111000 !
b1100111000 <
b1100111000 @
b1101001001 6
11
#16950000
b0 )
b0 =
0+
04
01
#16955000
11
#16960000
b1111 )
b1111 =
1+
14
b111001 *
b111001 >
b111001 3
b111001 9
01
#16965000
b100111010 A
b1100111010 ,
b1100111010 7
b1100111010 G
b1100111001 !
b1100111001 <
b1100111001 @
b1101001010 6
11
#16970000
b0 )
b0 =
0+
04
01
#16975000
11
#16980000
b1111 )
b1111 =
1+
14
b111010 *
b111010 >
b111010 3
b111010 9
01
#16985000
b100111011 A
b1100111011 ,
b1100111011 7
b1100111011 G
b1100111010 !
b1100111010 <
b1100111010 @
b1101001011 6
11
#16990000
b0 )
b0 =
0+
04
01
#16995000
11
#17000000
b1111 )
b1111 =
1+
14
b111011 *
b111011 >
b111011 3
b111011 9
01
#17005000
b100111100 A
b1100111100 ,
b1100111100 7
b1100111100 G
b1100111011 !
b1100111011 <
b1100111011 @
b1101001100 6
11
#17010000
b0 )
b0 =
0+
04
01
#17015000
11
#17020000
b1111 )
b1111 =
1+
14
b111100 *
b111100 >
b111100 3
b111100 9
01
#17025000
b100111101 A
b1100111101 ,
b1100111101 7
b1100111101 G
b1100111100 !
b1100111100 <
b1100111100 @
b1101001101 6
11
#17030000
b0 )
b0 =
0+
04
01
#17035000
11
#17040000
b1111 )
b1111 =
1+
14
b111101 *
b111101 >
b111101 3
b111101 9
01
#17045000
b100111110 A
b1100111110 ,
b1100111110 7
b1100111110 G
b1100111101 !
b1100111101 <
b1100111101 @
b1101001110 6
11
#17050000
b0 )
b0 =
0+
04
01
#17055000
11
#17060000
b1111 )
b1111 =
1+
14
b111110 *
b111110 >
b111110 3
b111110 9
01
#17065000
b100111111 A
b1100111111 ,
b1100111111 7
b1100111111 G
b1100111110 !
b1100111110 <
b1100111110 @
b1101001111 6
11
#17070000
b0 )
b0 =
0+
04
01
#17075000
11
#17080000
b1111 )
b1111 =
1+
14
b111111 *
b111111 >
b111111 3
b111111 9
01
#17085000
b101000000 A
b1101000000 ,
b1101000000 7
b1101000000 G
b1100111111 !
b1100111111 <
b1100111111 @
b1101010000 6
11
#17090000
b0 )
b0 =
0+
04
01
#17095000
11
#17100000
b1111 )
b1111 =
1+
14
b1000000 *
b1000000 >
b1000000 3
b1000000 9
01
#17105000
b101000001 A
b1101000001 ,
b1101000001 7
b1101000001 G
b1101000000 !
b1101000000 <
b1101000000 @
b1101010001 6
11
#17110000
b0 )
b0 =
0+
04
01
#17115000
11
#17120000
b1111 )
b1111 =
1+
14
b1000001 *
b1000001 >
b1000001 3
b1000001 9
01
#17125000
b101000010 A
b1101000010 ,
b1101000010 7
b1101000010 G
b1101000001 !
b1101000001 <
b1101000001 @
b1101010010 6
11
#17130000
b0 )
b0 =
0+
04
01
#17135000
11
#17140000
b1111 )
b1111 =
1+
14
b1000010 *
b1000010 >
b1000010 3
b1000010 9
01
#17145000
b101000011 A
b1101000011 ,
b1101000011 7
b1101000011 G
b1101000010 !
b1101000010 <
b1101000010 @
b1101010011 6
11
#17150000
b0 )
b0 =
0+
04
01
#17155000
11
#17160000
b1111 )
b1111 =
1+
14
b1000011 *
b1000011 >
b1000011 3
b1000011 9
01
#17165000
b101000100 A
b1101000100 ,
b1101000100 7
b1101000100 G
b1101000011 !
b1101000011 <
b1101000011 @
b1101010100 6
11
#17170000
b0 )
b0 =
0+
04
01
#17175000
11
#17180000
b1111 )
b1111 =
1+
14
b1000100 *
b1000100 >
b1000100 3
b1000100 9
01
#17185000
b101000101 A
b1101000101 ,
b1101000101 7
b1101000101 G
b1101000100 !
b1101000100 <
b1101000100 @
b1101010101 6
11
#17190000
b0 )
b0 =
0+
04
01
#17195000
11
#17200000
b1111 )
b1111 =
1+
14
b1000101 *
b1000101 >
b1000101 3
b1000101 9
01
#17205000
b101000110 A
b1101000110 ,
b1101000110 7
b1101000110 G
b1101000101 !
b1101000101 <
b1101000101 @
b1101010110 6
11
#17210000
b0 )
b0 =
0+
04
01
#17215000
11
#17220000
b1111 )
b1111 =
1+
14
b1000110 *
b1000110 >
b1000110 3
b1000110 9
01
#17225000
b101000111 A
b1101000111 ,
b1101000111 7
b1101000111 G
b1101000110 !
b1101000110 <
b1101000110 @
b1101010111 6
11
#17230000
b0 )
b0 =
0+
04
01
#17235000
11
#17240000
b1111 )
b1111 =
1+
14
b1000111 *
b1000111 >
b1000111 3
b1000111 9
01
#17245000
b101001000 A
b1101001000 ,
b1101001000 7
b1101001000 G
b1101000111 !
b1101000111 <
b1101000111 @
b1101011000 6
11
#17250000
b0 )
b0 =
0+
04
01
#17255000
11
#17260000
b1111 )
b1111 =
1+
14
b1001000 *
b1001000 >
b1001000 3
b1001000 9
01
#17265000
b101001001 A
b1101001001 ,
b1101001001 7
b1101001001 G
b1101001000 !
b1101001000 <
b1101001000 @
b1101011001 6
11
#17270000
b0 )
b0 =
0+
04
01
#17275000
11
#17280000
b1111 )
b1111 =
1+
14
b1001001 *
b1001001 >
b1001001 3
b1001001 9
01
#17285000
b101001010 A
b1101001010 ,
b1101001010 7
b1101001010 G
b1101001001 !
b1101001001 <
b1101001001 @
b1101011010 6
11
#17290000
b0 )
b0 =
0+
04
01
#17295000
11
#17300000
b1111 )
b1111 =
1+
14
b1001010 *
b1001010 >
b1001010 3
b1001010 9
01
#17305000
b101001011 A
b1101001011 ,
b1101001011 7
b1101001011 G
b1101001010 !
b1101001010 <
b1101001010 @
b1101011011 6
11
#17310000
b0 )
b0 =
0+
04
01
#17315000
11
#17320000
b1111 )
b1111 =
1+
14
b1001011 *
b1001011 >
b1001011 3
b1001011 9
01
#17325000
b101001100 A
b1101001100 ,
b1101001100 7
b1101001100 G
b1101001011 !
b1101001011 <
b1101001011 @
b1101011100 6
11
#17330000
b0 )
b0 =
0+
04
01
#17335000
11
#17340000
b1111 )
b1111 =
1+
14
b1001100 *
b1001100 >
b1001100 3
b1001100 9
01
#17345000
b101001101 A
b1101001101 ,
b1101001101 7
b1101001101 G
b1101001100 !
b1101001100 <
b1101001100 @
b1101011101 6
11
#17350000
b0 )
b0 =
0+
04
01
#17355000
11
#17360000
b1111 )
b1111 =
1+
14
b1001101 *
b1001101 >
b1001101 3
b1001101 9
01
#17365000
b101001110 A
b1101001110 ,
b1101001110 7
b1101001110 G
b1101001101 !
b1101001101 <
b1101001101 @
b1101011110 6
11
#17370000
b0 )
b0 =
0+
04
01
#17375000
11
#17380000
b1111 )
b1111 =
1+
14
b1001110 *
b1001110 >
b1001110 3
b1001110 9
01
#17385000
b101001111 A
b1101001111 ,
b1101001111 7
b1101001111 G
b1101001110 !
b1101001110 <
b1101001110 @
b1101011111 6
11
#17390000
b0 )
b0 =
0+
04
01
#17395000
11
#17400000
b1111 )
b1111 =
1+
14
b1001111 *
b1001111 >
b1001111 3
b1001111 9
01
#17405000
b101010000 A
b1101010000 ,
b1101010000 7
b1101010000 G
b1101001111 !
b1101001111 <
b1101001111 @
b1101100000 6
11
#17410000
b0 )
b0 =
0+
04
01
#17415000
11
#17420000
b1111 )
b1111 =
1+
14
b1010000 *
b1010000 >
b1010000 3
b1010000 9
01
#17425000
b101010001 A
b1101010001 ,
b1101010001 7
b1101010001 G
b1101010000 !
b1101010000 <
b1101010000 @
b1101100001 6
11
#17430000
b0 )
b0 =
0+
04
01
#17435000
11
#17440000
b1111 )
b1111 =
1+
14
b1010001 *
b1010001 >
b1010001 3
b1010001 9
01
#17445000
b101010010 A
b1101010010 ,
b1101010010 7
b1101010010 G
b1101010001 !
b1101010001 <
b1101010001 @
b1101100010 6
11
#17450000
b0 )
b0 =
0+
04
01
#17455000
11
#17460000
b1111 )
b1111 =
1+
14
b1010010 *
b1010010 >
b1010010 3
b1010010 9
01
#17465000
b101010011 A
b1101010011 ,
b1101010011 7
b1101010011 G
b1101010010 !
b1101010010 <
b1101010010 @
b1101100011 6
11
#17470000
b0 )
b0 =
0+
04
01
#17475000
11
#17480000
b1111 )
b1111 =
1+
14
b1010011 *
b1010011 >
b1010011 3
b1010011 9
01
#17485000
b101010100 A
b1101010100 ,
b1101010100 7
b1101010100 G
b1101010011 !
b1101010011 <
b1101010011 @
b1101100100 6
11
#17490000
b0 )
b0 =
0+
04
01
#17495000
11
#17500000
b1111 )
b1111 =
1+
14
b1010100 *
b1010100 >
b1010100 3
b1010100 9
01
#17505000
b101010101 A
b1101010101 ,
b1101010101 7
b1101010101 G
b1101010100 !
b1101010100 <
b1101010100 @
b1101100101 6
11
#17510000
b0 )
b0 =
0+
04
01
#17515000
11
#17520000
b1111 )
b1111 =
1+
14
b1010101 *
b1010101 >
b1010101 3
b1010101 9
01
#17525000
b101010110 A
b1101010110 ,
b1101010110 7
b1101010110 G
b1101010101 !
b1101010101 <
b1101010101 @
b1101100110 6
11
#17530000
b0 )
b0 =
0+
04
01
#17535000
11
#17540000
b1111 )
b1111 =
1+
14
b1010110 *
b1010110 >
b1010110 3
b1010110 9
01
#17545000
b101010111 A
b1101010111 ,
b1101010111 7
b1101010111 G
b1101010110 !
b1101010110 <
b1101010110 @
b1101100111 6
11
#17550000
b0 )
b0 =
0+
04
01
#17555000
11
#17560000
b1111 )
b1111 =
1+
14
b1010111 *
b1010111 >
b1010111 3
b1010111 9
01
#17565000
b101011000 A
b1101011000 ,
b1101011000 7
b1101011000 G
b1101010111 !
b1101010111 <
b1101010111 @
b1101101000 6
11
#17570000
b0 )
b0 =
0+
04
01
#17575000
11
#17580000
b1111 )
b1111 =
1+
14
b1011000 *
b1011000 >
b1011000 3
b1011000 9
01
#17585000
b101011001 A
b1101011001 ,
b1101011001 7
b1101011001 G
b1101011000 !
b1101011000 <
b1101011000 @
b1101101001 6
11
#17590000
b0 )
b0 =
0+
04
01
#17595000
11
#17600000
b1111 )
b1111 =
1+
14
b1011001 *
b1011001 >
b1011001 3
b1011001 9
01
#17605000
b101011010 A
b1101011010 ,
b1101011010 7
b1101011010 G
b1101011001 !
b1101011001 <
b1101011001 @
b1101101010 6
11
#17610000
b0 )
b0 =
0+
04
01
#17615000
11
#17620000
b1111 )
b1111 =
1+
14
b1011010 *
b1011010 >
b1011010 3
b1011010 9
01
#17625000
b101011011 A
b1101011011 ,
b1101011011 7
b1101011011 G
b1101011010 !
b1101011010 <
b1101011010 @
b1101101011 6
11
#17630000
b0 )
b0 =
0+
04
01
#17635000
11
#17640000
b1111 )
b1111 =
1+
14
b1011011 *
b1011011 >
b1011011 3
b1011011 9
01
#17645000
b101011100 A
b1101011100 ,
b1101011100 7
b1101011100 G
b1101011011 !
b1101011011 <
b1101011011 @
b1101101100 6
11
#17650000
b0 )
b0 =
0+
04
01
#17655000
11
#17660000
b1111 )
b1111 =
1+
14
b1011100 *
b1011100 >
b1011100 3
b1011100 9
01
#17665000
b101011101 A
b1101011101 ,
b1101011101 7
b1101011101 G
b1101011100 !
b1101011100 <
b1101011100 @
b1101101101 6
11
#17670000
b0 )
b0 =
0+
04
01
#17675000
11
#17680000
b1111 )
b1111 =
1+
14
b1011101 *
b1011101 >
b1011101 3
b1011101 9
01
#17685000
b101011110 A
b1101011110 ,
b1101011110 7
b1101011110 G
b1101011101 !
b1101011101 <
b1101011101 @
b1101101110 6
11
#17690000
b0 )
b0 =
0+
04
01
#17695000
11
#17700000
b1111 )
b1111 =
1+
14
b1011110 *
b1011110 >
b1011110 3
b1011110 9
01
#17705000
b101011111 A
b1101011111 ,
b1101011111 7
b1101011111 G
b1101011110 !
b1101011110 <
b1101011110 @
b1101101111 6
11
#17710000
b0 )
b0 =
0+
04
01
#17715000
11
#17720000
b1111 )
b1111 =
1+
14
b1011111 *
b1011111 >
b1011111 3
b1011111 9
01
#17725000
b101100000 A
b1101100000 ,
b1101100000 7
b1101100000 G
b1101011111 !
b1101011111 <
b1101011111 @
b1101110000 6
11
#17730000
b0 )
b0 =
0+
04
01
#17735000
11
#17740000
b1111 )
b1111 =
1+
14
b1100000 *
b1100000 >
b1100000 3
b1100000 9
01
#17745000
b101100001 A
b1101100001 ,
b1101100001 7
b1101100001 G
b1101100000 !
b1101100000 <
b1101100000 @
b1101110001 6
11
#17750000
b0 )
b0 =
0+
04
01
#17755000
11
#17760000
b1111 )
b1111 =
1+
14
b1100001 *
b1100001 >
b1100001 3
b1100001 9
01
#17765000
b101100010 A
b1101100010 ,
b1101100010 7
b1101100010 G
b1101100001 !
b1101100001 <
b1101100001 @
b1101110010 6
11
#17770000
b0 )
b0 =
0+
04
01
#17775000
11
#17780000
b1111 )
b1111 =
1+
14
b1100010 *
b1100010 >
b1100010 3
b1100010 9
01
#17785000
b101100011 A
b1101100011 ,
b1101100011 7
b1101100011 G
b1101100010 !
b1101100010 <
b1101100010 @
b1101110011 6
11
#17790000
b0 )
b0 =
0+
04
01
#17795000
11
#17800000
b1111 )
b1111 =
1+
14
b1100011 *
b1100011 >
b1100011 3
b1100011 9
01
#17805000
b101100100 A
b1101100100 ,
b1101100100 7
b1101100100 G
b1101100011 !
b1101100011 <
b1101100011 @
b1101110100 6
11
#17810000
b0 )
b0 =
0+
04
01
#17815000
11
#17820000
b1111 )
b1111 =
1+
14
b1100100 *
b1100100 >
b1100100 3
b1100100 9
01
#17825000
b101100101 A
b1101100101 ,
b1101100101 7
b1101100101 G
b1101100100 !
b1101100100 <
b1101100100 @
b1101110101 6
11
#17830000
b0 )
b0 =
0+
04
01
#17835000
11
#17840000
b1111 )
b1111 =
1+
14
b1100101 *
b1100101 >
b1100101 3
b1100101 9
01
#17845000
b101100110 A
b1101100110 ,
b1101100110 7
b1101100110 G
b1101100101 !
b1101100101 <
b1101100101 @
b1101110110 6
11
#17850000
b0 )
b0 =
0+
04
01
#17855000
11
#17860000
b1111 )
b1111 =
1+
14
b1100110 *
b1100110 >
b1100110 3
b1100110 9
01
#17865000
b101100111 A
b1101100111 ,
b1101100111 7
b1101100111 G
b1101100110 !
b1101100110 <
b1101100110 @
b1101110111 6
11
#17870000
b0 )
b0 =
0+
04
01
#17875000
11
#17880000
b1111 )
b1111 =
1+
14
b1100111 *
b1100111 >
b1100111 3
b1100111 9
01
#17885000
b101101000 A
b1101101000 ,
b1101101000 7
b1101101000 G
b1101100111 !
b1101100111 <
b1101100111 @
b1101111000 6
11
#17890000
b0 )
b0 =
0+
04
01
#17895000
11
#17900000
b1111 )
b1111 =
1+
14
b1101000 *
b1101000 >
b1101000 3
b1101000 9
01
#17905000
b101101001 A
b1101101001 ,
b1101101001 7
b1101101001 G
b1101101000 !
b1101101000 <
b1101101000 @
b1101111001 6
11
#17910000
b0 )
b0 =
0+
04
01
#17915000
11
#17920000
b1111 )
b1111 =
1+
14
b1101001 *
b1101001 >
b1101001 3
b1101001 9
01
#17925000
b101101010 A
b1101101010 ,
b1101101010 7
b1101101010 G
b1101101001 !
b1101101001 <
b1101101001 @
b1101111010 6
11
#17930000
b0 )
b0 =
0+
04
01
#17935000
11
#17940000
b1111 )
b1111 =
1+
14
b1101010 *
b1101010 >
b1101010 3
b1101010 9
01
#17945000
b101101011 A
b1101101011 ,
b1101101011 7
b1101101011 G
b1101101010 !
b1101101010 <
b1101101010 @
b1101111011 6
11
#17950000
b0 )
b0 =
0+
04
01
#17955000
11
#17960000
b1111 )
b1111 =
1+
14
b1101011 *
b1101011 >
b1101011 3
b1101011 9
01
#17965000
b101101100 A
b1101101100 ,
b1101101100 7
b1101101100 G
b1101101011 !
b1101101011 <
b1101101011 @
b1101111100 6
11
#17970000
b0 )
b0 =
0+
04
01
#17975000
11
#17980000
b1111 )
b1111 =
1+
14
b1101100 *
b1101100 >
b1101100 3
b1101100 9
01
#17985000
b101101101 A
b1101101101 ,
b1101101101 7
b1101101101 G
b1101101100 !
b1101101100 <
b1101101100 @
b1101111101 6
11
#17990000
b0 )
b0 =
0+
04
01
#17995000
11
#18000000
b1111 )
b1111 =
1+
14
b1101101 *
b1101101 >
b1101101 3
b1101101 9
01
#18005000
b101101110 A
b1101101110 ,
b1101101110 7
b1101101110 G
b1101101101 !
b1101101101 <
b1101101101 @
b1101111110 6
11
#18010000
b0 )
b0 =
0+
04
01
#18015000
11
#18020000
b1111 )
b1111 =
1+
14
b1101110 *
b1101110 >
b1101110 3
b1101110 9
01
#18025000
b101101111 A
b1101101111 ,
b1101101111 7
b1101101111 G
b1101101110 !
b1101101110 <
b1101101110 @
b1101111111 6
11
#18030000
b0 )
b0 =
0+
04
01
#18035000
11
#18040000
b1111 )
b1111 =
1+
14
b1101111 *
b1101111 >
b1101111 3
b1101111 9
01
#18045000
b101110000 A
b1101110000 ,
b1101110000 7
b1101110000 G
b1101101111 !
b1101101111 <
b1101101111 @
b1110000000 6
11
#18050000
b0 )
b0 =
0+
04
01
#18055000
11
#18060000
b1111 )
b1111 =
1+
14
b1110000 *
b1110000 >
b1110000 3
b1110000 9
01
#18065000
b101110001 A
b1101110001 ,
b1101110001 7
b1101110001 G
b1101110000 !
b1101110000 <
b1101110000 @
b1110000001 6
11
#18070000
b0 )
b0 =
0+
04
01
#18075000
11
#18080000
b1111 )
b1111 =
1+
14
b1110001 *
b1110001 >
b1110001 3
b1110001 9
01
#18085000
b101110010 A
b1101110010 ,
b1101110010 7
b1101110010 G
b1101110001 !
b1101110001 <
b1101110001 @
b1110000010 6
11
#18090000
b0 )
b0 =
0+
04
01
#18095000
11
#18100000
b1111 )
b1111 =
1+
14
b1110010 *
b1110010 >
b1110010 3
b1110010 9
01
#18105000
b101110011 A
b1101110011 ,
b1101110011 7
b1101110011 G
b1101110010 !
b1101110010 <
b1101110010 @
b1110000011 6
11
#18110000
b0 )
b0 =
0+
04
01
#18115000
11
#18120000
b1111 )
b1111 =
1+
14
b1110011 *
b1110011 >
b1110011 3
b1110011 9
01
#18125000
b101110100 A
b1101110100 ,
b1101110100 7
b1101110100 G
b1101110011 !
b1101110011 <
b1101110011 @
b1110000100 6
11
#18130000
b0 )
b0 =
0+
04
01
#18135000
11
#18140000
b1111 )
b1111 =
1+
14
b1110100 *
b1110100 >
b1110100 3
b1110100 9
01
#18145000
b101110101 A
b1101110101 ,
b1101110101 7
b1101110101 G
b1101110100 !
b1101110100 <
b1101110100 @
b1110000101 6
11
#18150000
b0 )
b0 =
0+
04
01
#18155000
11
#18160000
b1111 )
b1111 =
1+
14
b1110101 *
b1110101 >
b1110101 3
b1110101 9
01
#18165000
b101110110 A
b1101110110 ,
b1101110110 7
b1101110110 G
b1101110101 !
b1101110101 <
b1101110101 @
b1110000110 6
11
#18170000
b0 )
b0 =
0+
04
01
#18175000
11
#18180000
b1111 )
b1111 =
1+
14
b1110110 *
b1110110 >
b1110110 3
b1110110 9
01
#18185000
b101110111 A
b1101110111 ,
b1101110111 7
b1101110111 G
b1101110110 !
b1101110110 <
b1101110110 @
b1110000111 6
11
#18190000
b0 )
b0 =
0+
04
01
#18195000
11
#18200000
b1111 )
b1111 =
1+
14
b1110111 *
b1110111 >
b1110111 3
b1110111 9
01
#18205000
b101111000 A
b1101111000 ,
b1101111000 7
b1101111000 G
b1101110111 !
b1101110111 <
b1101110111 @
b1110001000 6
11
#18210000
b0 )
b0 =
0+
04
01
#18215000
11
#18220000
b1111 )
b1111 =
1+
14
b1111000 *
b1111000 >
b1111000 3
b1111000 9
01
#18225000
b101111001 A
b1101111001 ,
b1101111001 7
b1101111001 G
b1101111000 !
b1101111000 <
b1101111000 @
b1110001001 6
11
#18230000
b0 )
b0 =
0+
04
01
#18235000
11
#18240000
b1111 )
b1111 =
1+
14
b1111001 *
b1111001 >
b1111001 3
b1111001 9
01
#18245000
b101111010 A
b1101111010 ,
b1101111010 7
b1101111010 G
b1101111001 !
b1101111001 <
b1101111001 @
b1110001010 6
11
#18250000
b0 )
b0 =
0+
04
01
#18255000
11
#18260000
b1111 )
b1111 =
1+
14
b1111010 *
b1111010 >
b1111010 3
b1111010 9
01
#18265000
b101111011 A
b1101111011 ,
b1101111011 7
b1101111011 G
b1101111010 !
b1101111010 <
b1101111010 @
b1110001011 6
11
#18270000
b0 )
b0 =
0+
04
01
#18275000
11
#18280000
b1111 )
b1111 =
1+
14
b1111011 *
b1111011 >
b1111011 3
b1111011 9
01
#18285000
b101111100 A
b1101111100 ,
b1101111100 7
b1101111100 G
b1101111011 !
b1101111011 <
b1101111011 @
b1110001100 6
11
#18290000
b0 )
b0 =
0+
04
01
#18295000
11
#18300000
b1111 )
b1111 =
1+
14
b1111100 *
b1111100 >
b1111100 3
b1111100 9
01
#18305000
b101111101 A
b1101111101 ,
b1101111101 7
b1101111101 G
b1101111100 !
b1101111100 <
b1101111100 @
b1110001101 6
11
#18310000
b0 )
b0 =
0+
04
01
#18315000
11
#18320000
b1111 )
b1111 =
1+
14
b1111101 *
b1111101 >
b1111101 3
b1111101 9
01
#18325000
b101111110 A
b1101111110 ,
b1101111110 7
b1101111110 G
b1101111101 !
b1101111101 <
b1101111101 @
b1110001110 6
11
#18330000
b0 )
b0 =
0+
04
01
#18335000
11
#18340000
b1111 )
b1111 =
1+
14
b1111110 *
b1111110 >
b1111110 3
b1111110 9
01
#18345000
b101111111 A
b1101111111 ,
b1101111111 7
b1101111111 G
b1101111110 !
b1101111110 <
b1101111110 @
b1110001111 6
11
#18350000
b0 )
b0 =
0+
04
01
#18355000
11
#18360000
b1111 )
b1111 =
1+
14
b1111111 *
b1111111 >
b1111111 3
b1111111 9
01
#18365000
b110000000 A
b1110000000 ,
b1110000000 7
b1110000000 G
b1101111111 !
b1101111111 <
b1101111111 @
b1110010000 6
11
#18370000
b0 )
b0 =
0+
04
01
#18375000
11
#18380000
b1111 )
b1111 =
1+
14
b10000000 *
b10000000 >
b10000000 3
b10000000 9
01
#18385000
b110000001 A
b1110000001 ,
b1110000001 7
b1110000001 G
b1110000000 !
b1110000000 <
b1110000000 @
b1110010001 6
11
#18390000
b0 )
b0 =
0+
04
01
#18395000
11
#18400000
b1111 )
b1111 =
1+
14
b10000001 *
b10000001 >
b10000001 3
b10000001 9
01
#18405000
b110000010 A
b1110000010 ,
b1110000010 7
b1110000010 G
b1110000001 !
b1110000001 <
b1110000001 @
b1110010010 6
11
#18410000
b0 )
b0 =
0+
04
01
#18415000
11
#18420000
b1111 )
b1111 =
1+
14
b10000010 *
b10000010 >
b10000010 3
b10000010 9
01
#18425000
b110000011 A
b1110000011 ,
b1110000011 7
b1110000011 G
b1110000010 !
b1110000010 <
b1110000010 @
b1110010011 6
11
#18430000
b0 )
b0 =
0+
04
01
#18435000
11
#18440000
b1111 )
b1111 =
1+
14
b10000011 *
b10000011 >
b10000011 3
b10000011 9
01
#18445000
b110000100 A
b1110000100 ,
b1110000100 7
b1110000100 G
b1110000011 !
b1110000011 <
b1110000011 @
b1110010100 6
11
#18450000
b0 )
b0 =
0+
04
01
#18455000
11
#18460000
b1111 )
b1111 =
1+
14
b10000100 *
b10000100 >
b10000100 3
b10000100 9
01
#18465000
b110000101 A
b1110000101 ,
b1110000101 7
b1110000101 G
b1110000100 !
b1110000100 <
b1110000100 @
b1110010101 6
11
#18470000
b0 )
b0 =
0+
04
01
#18475000
11
#18480000
b1111 )
b1111 =
1+
14
b10000101 *
b10000101 >
b10000101 3
b10000101 9
01
#18485000
b110000110 A
b1110000110 ,
b1110000110 7
b1110000110 G
b1110000101 !
b1110000101 <
b1110000101 @
b1110010110 6
11
#18490000
b0 )
b0 =
0+
04
01
#18495000
11
#18500000
b1111 )
b1111 =
1+
14
b10000110 *
b10000110 >
b10000110 3
b10000110 9
01
#18505000
b110000111 A
b1110000111 ,
b1110000111 7
b1110000111 G
b1110000110 !
b1110000110 <
b1110000110 @
b1110010111 6
11
#18510000
b0 )
b0 =
0+
04
01
#18515000
11
#18520000
b1111 )
b1111 =
1+
14
b10000111 *
b10000111 >
b10000111 3
b10000111 9
01
#18525000
b110001000 A
b1110001000 ,
b1110001000 7
b1110001000 G
b1110000111 !
b1110000111 <
b1110000111 @
b1110011000 6
11
#18530000
b0 )
b0 =
0+
04
01
#18535000
11
#18540000
b1111 )
b1111 =
1+
14
b10001000 *
b10001000 >
b10001000 3
b10001000 9
01
#18545000
b110001001 A
b1110001001 ,
b1110001001 7
b1110001001 G
b1110001000 !
b1110001000 <
b1110001000 @
b1110011001 6
11
#18550000
b0 )
b0 =
0+
04
01
#18555000
11
#18560000
b1111 )
b1111 =
1+
14
b10001001 *
b10001001 >
b10001001 3
b10001001 9
01
#18565000
b110001010 A
b1110001010 ,
b1110001010 7
b1110001010 G
b1110001001 !
b1110001001 <
b1110001001 @
b1110011010 6
11
#18570000
b0 )
b0 =
0+
04
01
#18575000
11
#18580000
b1111 )
b1111 =
1+
14
b10001010 *
b10001010 >
b10001010 3
b10001010 9
01
#18585000
b110001011 A
b1110001011 ,
b1110001011 7
b1110001011 G
b1110001010 !
b1110001010 <
b1110001010 @
b1110011011 6
11
#18590000
b0 )
b0 =
0+
04
01
#18595000
11
#18600000
b1111 )
b1111 =
1+
14
b10001011 *
b10001011 >
b10001011 3
b10001011 9
01
#18605000
b110001100 A
b1110001100 ,
b1110001100 7
b1110001100 G
b1110001011 !
b1110001011 <
b1110001011 @
b1110011100 6
11
#18610000
b0 )
b0 =
0+
04
01
#18615000
11
#18620000
b1111 )
b1111 =
1+
14
b10001100 *
b10001100 >
b10001100 3
b10001100 9
01
#18625000
b110001101 A
b1110001101 ,
b1110001101 7
b1110001101 G
b1110001100 !
b1110001100 <
b1110001100 @
b1110011101 6
11
#18630000
b0 )
b0 =
0+
04
01
#18635000
11
#18640000
b1111 )
b1111 =
1+
14
b10001101 *
b10001101 >
b10001101 3
b10001101 9
01
#18645000
b110001110 A
b1110001110 ,
b1110001110 7
b1110001110 G
b1110001101 !
b1110001101 <
b1110001101 @
b1110011110 6
11
#18650000
b0 )
b0 =
0+
04
01
#18655000
11
#18660000
b1111 )
b1111 =
1+
14
b10001110 *
b10001110 >
b10001110 3
b10001110 9
01
#18665000
b110001111 A
b1110001111 ,
b1110001111 7
b1110001111 G
b1110001110 !
b1110001110 <
b1110001110 @
b1110011111 6
11
#18670000
b0 )
b0 =
0+
04
01
#18675000
11
#18680000
b1111 )
b1111 =
1+
14
b10001111 *
b10001111 >
b10001111 3
b10001111 9
01
#18685000
b110010000 A
b1110010000 ,
b1110010000 7
b1110010000 G
b1110001111 !
b1110001111 <
b1110001111 @
b1110100000 6
11
#18690000
b0 )
b0 =
0+
04
01
#18695000
11
#18700000
b1111 )
b1111 =
1+
14
b10010000 *
b10010000 >
b10010000 3
b10010000 9
01
#18705000
b110010001 A
b1110010001 ,
b1110010001 7
b1110010001 G
b1110010000 !
b1110010000 <
b1110010000 @
b1110100001 6
11
#18710000
b0 )
b0 =
0+
04
01
#18715000
11
#18720000
b1111 )
b1111 =
1+
14
b10010001 *
b10010001 >
b10010001 3
b10010001 9
01
#18725000
b110010010 A
b1110010010 ,
b1110010010 7
b1110010010 G
b1110010001 !
b1110010001 <
b1110010001 @
b1110100010 6
11
#18730000
b0 )
b0 =
0+
04
01
#18735000
11
#18740000
b1111 )
b1111 =
1+
14
b10010010 *
b10010010 >
b10010010 3
b10010010 9
01
#18745000
b110010011 A
b1110010011 ,
b1110010011 7
b1110010011 G
b1110010010 !
b1110010010 <
b1110010010 @
b1110100011 6
11
#18750000
b0 )
b0 =
0+
04
01
#18755000
11
#18760000
b1111 )
b1111 =
1+
14
b10010011 *
b10010011 >
b10010011 3
b10010011 9
01
#18765000
b110010100 A
b1110010100 ,
b1110010100 7
b1110010100 G
b1110010011 !
b1110010011 <
b1110010011 @
b1110100100 6
11
#18770000
b0 )
b0 =
0+
04
01
#18775000
11
#18780000
b1111 )
b1111 =
1+
14
b10010100 *
b10010100 >
b10010100 3
b10010100 9
01
#18785000
b110010101 A
b1110010101 ,
b1110010101 7
b1110010101 G
b1110010100 !
b1110010100 <
b1110010100 @
b1110100101 6
11
#18790000
b0 )
b0 =
0+
04
01
#18795000
11
#18800000
b1111 )
b1111 =
1+
14
b10010101 *
b10010101 >
b10010101 3
b10010101 9
01
#18805000
b110010110 A
b1110010110 ,
b1110010110 7
b1110010110 G
b1110010101 !
b1110010101 <
b1110010101 @
b1110100110 6
11
#18810000
b0 )
b0 =
0+
04
01
#18815000
11
#18820000
b1111 )
b1111 =
1+
14
b10010110 *
b10010110 >
b10010110 3
b10010110 9
01
#18825000
b110010111 A
b1110010111 ,
b1110010111 7
b1110010111 G
b1110010110 !
b1110010110 <
b1110010110 @
b1110100111 6
11
#18830000
b0 )
b0 =
0+
04
01
#18835000
11
#18840000
b1111 )
b1111 =
1+
14
b10010111 *
b10010111 >
b10010111 3
b10010111 9
01
#18845000
b110011000 A
b1110011000 ,
b1110011000 7
b1110011000 G
b1110010111 !
b1110010111 <
b1110010111 @
b1110101000 6
11
#18850000
b0 )
b0 =
0+
04
01
#18855000
11
#18860000
b1111 )
b1111 =
1+
14
b10011000 *
b10011000 >
b10011000 3
b10011000 9
01
#18865000
b110011001 A
b1110011001 ,
b1110011001 7
b1110011001 G
b1110011000 !
b1110011000 <
b1110011000 @
b1110101001 6
11
#18870000
b0 )
b0 =
0+
04
01
#18875000
11
#18880000
b1111 )
b1111 =
1+
14
b10011001 *
b10011001 >
b10011001 3
b10011001 9
01
#18885000
b110011010 A
b1110011010 ,
b1110011010 7
b1110011010 G
b1110011001 !
b1110011001 <
b1110011001 @
b1110101010 6
11
#18890000
b0 )
b0 =
0+
04
01
#18895000
11
#18900000
b1111 )
b1111 =
1+
14
b10011010 *
b10011010 >
b10011010 3
b10011010 9
01
#18905000
b110011011 A
b1110011011 ,
b1110011011 7
b1110011011 G
b1110011010 !
b1110011010 <
b1110011010 @
b1110101011 6
11
#18910000
b0 )
b0 =
0+
04
01
#18915000
11
#18920000
b1111 )
b1111 =
1+
14
b10011011 *
b10011011 >
b10011011 3
b10011011 9
01
#18925000
b110011100 A
b1110011100 ,
b1110011100 7
b1110011100 G
b1110011011 !
b1110011011 <
b1110011011 @
b1110101100 6
11
#18930000
b0 )
b0 =
0+
04
01
#18935000
11
#18940000
b1111 )
b1111 =
1+
14
b10011100 *
b10011100 >
b10011100 3
b10011100 9
01
#18945000
b110011101 A
b1110011101 ,
b1110011101 7
b1110011101 G
b1110011100 !
b1110011100 <
b1110011100 @
b1110101101 6
11
#18950000
b0 )
b0 =
0+
04
01
#18955000
11
#18960000
b1111 )
b1111 =
1+
14
b10011101 *
b10011101 >
b10011101 3
b10011101 9
01
#18965000
b110011110 A
b1110011110 ,
b1110011110 7
b1110011110 G
b1110011101 !
b1110011101 <
b1110011101 @
b1110101110 6
11
#18970000
b0 )
b0 =
0+
04
01
#18975000
11
#18980000
b1111 )
b1111 =
1+
14
b10011110 *
b10011110 >
b10011110 3
b10011110 9
01
#18985000
b110011111 A
b1110011111 ,
b1110011111 7
b1110011111 G
b1110011110 !
b1110011110 <
b1110011110 @
b1110101111 6
11
#18990000
b0 )
b0 =
0+
04
01
#18995000
11
#19000000
b1111 )
b1111 =
1+
14
b10011111 *
b10011111 >
b10011111 3
b10011111 9
01
#19005000
b110100000 A
b1110100000 ,
b1110100000 7
b1110100000 G
b1110011111 !
b1110011111 <
b1110011111 @
b1110110000 6
11
#19010000
b0 )
b0 =
0+
04
01
#19015000
11
#19020000
b1111 )
b1111 =
1+
14
b10100000 *
b10100000 >
b10100000 3
b10100000 9
01
#19025000
b110100001 A
b1110100001 ,
b1110100001 7
b1110100001 G
b1110100000 !
b1110100000 <
b1110100000 @
b1110110001 6
11
#19030000
b0 )
b0 =
0+
04
01
#19035000
11
#19040000
b1111 )
b1111 =
1+
14
b10100001 *
b10100001 >
b10100001 3
b10100001 9
01
#19045000
b110100010 A
b1110100010 ,
b1110100010 7
b1110100010 G
b1110100001 !
b1110100001 <
b1110100001 @
b1110110010 6
11
#19050000
b0 )
b0 =
0+
04
01
#19055000
11
#19060000
b1111 )
b1111 =
1+
14
b10100010 *
b10100010 >
b10100010 3
b10100010 9
01
#19065000
b110100011 A
b1110100011 ,
b1110100011 7
b1110100011 G
b1110100010 !
b1110100010 <
b1110100010 @
b1110110011 6
11
#19070000
b0 )
b0 =
0+
04
01
#19075000
11
#19080000
b1111 )
b1111 =
1+
14
b10100011 *
b10100011 >
b10100011 3
b10100011 9
01
#19085000
b110100100 A
b1110100100 ,
b1110100100 7
b1110100100 G
b1110100011 !
b1110100011 <
b1110100011 @
b1110110100 6
11
#19090000
b0 )
b0 =
0+
04
01
#19095000
11
#19100000
b1111 )
b1111 =
1+
14
b10100100 *
b10100100 >
b10100100 3
b10100100 9
01
#19105000
b110100101 A
b1110100101 ,
b1110100101 7
b1110100101 G
b1110100100 !
b1110100100 <
b1110100100 @
b1110110101 6
11
#19110000
b0 )
b0 =
0+
04
01
#19115000
11
#19120000
b1111 )
b1111 =
1+
14
b10100101 *
b10100101 >
b10100101 3
b10100101 9
01
#19125000
b110100110 A
b1110100110 ,
b1110100110 7
b1110100110 G
b1110100101 !
b1110100101 <
b1110100101 @
b1110110110 6
11
#19130000
b0 )
b0 =
0+
04
01
#19135000
11
#19140000
b1111 )
b1111 =
1+
14
b10100110 *
b10100110 >
b10100110 3
b10100110 9
01
#19145000
b110100111 A
b1110100111 ,
b1110100111 7
b1110100111 G
b1110100110 !
b1110100110 <
b1110100110 @
b1110110111 6
11
#19150000
b0 )
b0 =
0+
04
01
#19155000
11
#19160000
b1111 )
b1111 =
1+
14
b10100111 *
b10100111 >
b10100111 3
b10100111 9
01
#19165000
b110101000 A
b1110101000 ,
b1110101000 7
b1110101000 G
b1110100111 !
b1110100111 <
b1110100111 @
b1110111000 6
11
#19170000
b0 )
b0 =
0+
04
01
#19175000
11
#19180000
b1111 )
b1111 =
1+
14
b10101000 *
b10101000 >
b10101000 3
b10101000 9
01
#19185000
b110101001 A
b1110101001 ,
b1110101001 7
b1110101001 G
b1110101000 !
b1110101000 <
b1110101000 @
b1110111001 6
11
#19190000
b0 )
b0 =
0+
04
01
#19195000
11
#19200000
b1111 )
b1111 =
1+
14
b10101001 *
b10101001 >
b10101001 3
b10101001 9
01
#19205000
b110101010 A
b1110101010 ,
b1110101010 7
b1110101010 G
b1110101001 !
b1110101001 <
b1110101001 @
b1110111010 6
11
#19210000
b0 )
b0 =
0+
04
01
#19215000
11
#19220000
b1111 )
b1111 =
1+
14
b10101010 *
b10101010 >
b10101010 3
b10101010 9
01
#19225000
b110101011 A
b1110101011 ,
b1110101011 7
b1110101011 G
b1110101010 !
b1110101010 <
b1110101010 @
b1110111011 6
11
#19230000
b0 )
b0 =
0+
04
01
#19235000
11
#19240000
b1111 )
b1111 =
1+
14
b10101011 *
b10101011 >
b10101011 3
b10101011 9
01
#19245000
b110101100 A
b1110101100 ,
b1110101100 7
b1110101100 G
b1110101011 !
b1110101011 <
b1110101011 @
b1110111100 6
11
#19250000
b0 )
b0 =
0+
04
01
#19255000
11
#19260000
b1111 )
b1111 =
1+
14
b10101100 *
b10101100 >
b10101100 3
b10101100 9
01
#19265000
b110101101 A
b1110101101 ,
b1110101101 7
b1110101101 G
b1110101100 !
b1110101100 <
b1110101100 @
b1110111101 6
11
#19270000
b0 )
b0 =
0+
04
01
#19275000
11
#19280000
b1111 )
b1111 =
1+
14
b10101101 *
b10101101 >
b10101101 3
b10101101 9
01
#19285000
b110101110 A
b1110101110 ,
b1110101110 7
b1110101110 G
b1110101101 !
b1110101101 <
b1110101101 @
b1110111110 6
11
#19290000
b0 )
b0 =
0+
04
01
#19295000
11
#19300000
b1111 )
b1111 =
1+
14
b10101110 *
b10101110 >
b10101110 3
b10101110 9
01
#19305000
b110101111 A
b1110101111 ,
b1110101111 7
b1110101111 G
b1110101110 !
b1110101110 <
b1110101110 @
b1110111111 6
11
#19310000
b0 )
b0 =
0+
04
01
#19315000
11
#19320000
b1111 )
b1111 =
1+
14
b10101111 *
b10101111 >
b10101111 3
b10101111 9
01
#19325000
b110110000 A
b1110110000 ,
b1110110000 7
b1110110000 G
b1110101111 !
b1110101111 <
b1110101111 @
b1111000000 6
11
#19330000
b0 )
b0 =
0+
04
01
#19335000
11
#19340000
b1111 )
b1111 =
1+
14
b10110000 *
b10110000 >
b10110000 3
b10110000 9
01
#19345000
b110110001 A
b1110110001 ,
b1110110001 7
b1110110001 G
b1110110000 !
b1110110000 <
b1110110000 @
b1111000001 6
11
#19350000
b0 )
b0 =
0+
04
01
#19355000
11
#19360000
b1111 )
b1111 =
1+
14
b10110001 *
b10110001 >
b10110001 3
b10110001 9
01
#19365000
b110110010 A
b1110110010 ,
b1110110010 7
b1110110010 G
b1110110001 !
b1110110001 <
b1110110001 @
b1111000010 6
11
#19370000
b0 )
b0 =
0+
04
01
#19375000
11
#19380000
b1111 )
b1111 =
1+
14
b10110010 *
b10110010 >
b10110010 3
b10110010 9
01
#19385000
b110110011 A
b1110110011 ,
b1110110011 7
b1110110011 G
b1110110010 !
b1110110010 <
b1110110010 @
b1111000011 6
11
#19390000
b0 )
b0 =
0+
04
01
#19395000
11
#19400000
b1111 )
b1111 =
1+
14
b10110011 *
b10110011 >
b10110011 3
b10110011 9
01
#19405000
b110110100 A
b1110110100 ,
b1110110100 7
b1110110100 G
b1110110011 !
b1110110011 <
b1110110011 @
b1111000100 6
11
#19410000
b0 )
b0 =
0+
04
01
#19415000
11
#19420000
b1111 )
b1111 =
1+
14
b10110100 *
b10110100 >
b10110100 3
b10110100 9
01
#19425000
b110110101 A
b1110110101 ,
b1110110101 7
b1110110101 G
b1110110100 !
b1110110100 <
b1110110100 @
b1111000101 6
11
#19430000
b0 )
b0 =
0+
04
01
#19435000
11
#19440000
b1111 )
b1111 =
1+
14
b10110101 *
b10110101 >
b10110101 3
b10110101 9
01
#19445000
b110110110 A
b1110110110 ,
b1110110110 7
b1110110110 G
b1110110101 !
b1110110101 <
b1110110101 @
b1111000110 6
11
#19450000
b0 )
b0 =
0+
04
01
#19455000
11
#19460000
b1111 )
b1111 =
1+
14
b10110110 *
b10110110 >
b10110110 3
b10110110 9
01
#19465000
b110110111 A
b1110110111 ,
b1110110111 7
b1110110111 G
b1110110110 !
b1110110110 <
b1110110110 @
b1111000111 6
11
#19470000
b0 )
b0 =
0+
04
01
#19475000
11
#19480000
b1111 )
b1111 =
1+
14
b10110111 *
b10110111 >
b10110111 3
b10110111 9
01
#19485000
b110111000 A
b1110111000 ,
b1110111000 7
b1110111000 G
b1110110111 !
b1110110111 <
b1110110111 @
b1111001000 6
11
#19490000
b0 )
b0 =
0+
04
01
#19495000
11
#19500000
b1111 )
b1111 =
1+
14
b10111000 *
b10111000 >
b10111000 3
b10111000 9
01
#19505000
b110111001 A
b1110111001 ,
b1110111001 7
b1110111001 G
b1110111000 !
b1110111000 <
b1110111000 @
b1111001001 6
11
#19510000
b0 )
b0 =
0+
04
01
#19515000
11
#19520000
b1111 )
b1111 =
1+
14
b10111001 *
b10111001 >
b10111001 3
b10111001 9
01
#19525000
b110111010 A
b1110111010 ,
b1110111010 7
b1110111010 G
b1110111001 !
b1110111001 <
b1110111001 @
b1111001010 6
11
#19530000
b0 )
b0 =
0+
04
01
#19535000
11
#19540000
b1111 )
b1111 =
1+
14
b10111010 *
b10111010 >
b10111010 3
b10111010 9
01
#19545000
b110111011 A
b1110111011 ,
b1110111011 7
b1110111011 G
b1110111010 !
b1110111010 <
b1110111010 @
b1111001011 6
11
#19550000
b0 )
b0 =
0+
04
01
#19555000
11
#19560000
b1111 )
b1111 =
1+
14
b10111011 *
b10111011 >
b10111011 3
b10111011 9
01
#19565000
b110111100 A
b1110111100 ,
b1110111100 7
b1110111100 G
b1110111011 !
b1110111011 <
b1110111011 @
b1111001100 6
11
#19570000
b0 )
b0 =
0+
04
01
#19575000
11
#19580000
b1111 )
b1111 =
1+
14
b10111100 *
b10111100 >
b10111100 3
b10111100 9
01
#19585000
b110111101 A
b1110111101 ,
b1110111101 7
b1110111101 G
b1110111100 !
b1110111100 <
b1110111100 @
b1111001101 6
11
#19590000
b0 )
b0 =
0+
04
01
#19595000
11
#19600000
b1111 )
b1111 =
1+
14
b10111101 *
b10111101 >
b10111101 3
b10111101 9
01
#19605000
b110111110 A
b1110111110 ,
b1110111110 7
b1110111110 G
b1110111101 !
b1110111101 <
b1110111101 @
b1111001110 6
11
#19610000
b0 )
b0 =
0+
04
01
#19615000
11
#19620000
b1111 )
b1111 =
1+
14
b10111110 *
b10111110 >
b10111110 3
b10111110 9
01
#19625000
b110111111 A
b1110111111 ,
b1110111111 7
b1110111111 G
b1110111110 !
b1110111110 <
b1110111110 @
b1111001111 6
11
#19630000
b0 )
b0 =
0+
04
01
#19635000
11
#19640000
b1111 )
b1111 =
1+
14
b10111111 *
b10111111 >
b10111111 3
b10111111 9
01
#19645000
b111000000 A
b1111000000 ,
b1111000000 7
b1111000000 G
b1110111111 !
b1110111111 <
b1110111111 @
b1111010000 6
11
#19650000
b0 )
b0 =
0+
04
01
#19655000
11
#19660000
b1111 )
b1111 =
1+
14
b11000000 *
b11000000 >
b11000000 3
b11000000 9
01
#19665000
b111000001 A
b1111000001 ,
b1111000001 7
b1111000001 G
b1111000000 !
b1111000000 <
b1111000000 @
b1111010001 6
11
#19670000
b0 )
b0 =
0+
04
01
#19675000
11
#19680000
b1111 )
b1111 =
1+
14
b11000001 *
b11000001 >
b11000001 3
b11000001 9
01
#19685000
b111000010 A
b1111000010 ,
b1111000010 7
b1111000010 G
b1111000001 !
b1111000001 <
b1111000001 @
b1111010010 6
11
#19690000
b0 )
b0 =
0+
04
01
#19695000
11
#19700000
b1111 )
b1111 =
1+
14
b11000010 *
b11000010 >
b11000010 3
b11000010 9
01
#19705000
b111000011 A
b1111000011 ,
b1111000011 7
b1111000011 G
b1111000010 !
b1111000010 <
b1111000010 @
b1111010011 6
11
#19710000
b0 )
b0 =
0+
04
01
#19715000
11
#19720000
b1111 )
b1111 =
1+
14
b11000011 *
b11000011 >
b11000011 3
b11000011 9
01
#19725000
b111000100 A
b1111000100 ,
b1111000100 7
b1111000100 G
b1111000011 !
b1111000011 <
b1111000011 @
b1111010100 6
11
#19730000
b0 )
b0 =
0+
04
01
#19735000
11
#19740000
b1111 )
b1111 =
1+
14
b11000100 *
b11000100 >
b11000100 3
b11000100 9
01
#19745000
b111000101 A
b1111000101 ,
b1111000101 7
b1111000101 G
b1111000100 !
b1111000100 <
b1111000100 @
b1111010101 6
11
#19750000
b0 )
b0 =
0+
04
01
#19755000
11
#19760000
b1111 )
b1111 =
1+
14
b11000101 *
b11000101 >
b11000101 3
b11000101 9
01
#19765000
b111000110 A
b1111000110 ,
b1111000110 7
b1111000110 G
b1111000101 !
b1111000101 <
b1111000101 @
b1111010110 6
11
#19770000
b0 )
b0 =
0+
04
01
#19775000
11
#19780000
b1111 )
b1111 =
1+
14
b11000110 *
b11000110 >
b11000110 3
b11000110 9
01
#19785000
b111000111 A
b1111000111 ,
b1111000111 7
b1111000111 G
b1111000110 !
b1111000110 <
b1111000110 @
b1111010111 6
11
#19790000
b0 )
b0 =
0+
04
01
#19795000
11
#19800000
b1111 )
b1111 =
1+
14
b11000111 *
b11000111 >
b11000111 3
b11000111 9
01
#19805000
b111001000 A
b1111001000 ,
b1111001000 7
b1111001000 G
b1111000111 !
b1111000111 <
b1111000111 @
b1111011000 6
11
#19810000
b0 )
b0 =
0+
04
01
#19815000
11
#19820000
b1111 )
b1111 =
1+
14
b11001000 *
b11001000 >
b11001000 3
b11001000 9
01
#19825000
b111001001 A
b1111001001 ,
b1111001001 7
b1111001001 G
b1111001000 !
b1111001000 <
b1111001000 @
b1111011001 6
11
#19830000
b0 )
b0 =
0+
04
01
#19835000
11
#19840000
b1111 )
b1111 =
1+
14
b11001001 *
b11001001 >
b11001001 3
b11001001 9
01
#19845000
b111001010 A
b1111001010 ,
b1111001010 7
b1111001010 G
b1111001001 !
b1111001001 <
b1111001001 @
b1111011010 6
11
#19850000
b0 )
b0 =
0+
04
01
#19855000
11
#19860000
b1111 )
b1111 =
1+
14
b11001010 *
b11001010 >
b11001010 3
b11001010 9
01
#19865000
b111001011 A
b1111001011 ,
b1111001011 7
b1111001011 G
b1111001010 !
b1111001010 <
b1111001010 @
b1111011011 6
11
#19870000
b0 )
b0 =
0+
04
01
#19875000
11
#19880000
b1111 )
b1111 =
1+
14
b11001011 *
b11001011 >
b11001011 3
b11001011 9
01
#19885000
b111001100 A
b1111001100 ,
b1111001100 7
b1111001100 G
b1111001011 !
b1111001011 <
b1111001011 @
b1111011100 6
11
#19890000
b0 )
b0 =
0+
04
01
#19895000
11
#19900000
b1111 )
b1111 =
1+
14
b11001100 *
b11001100 >
b11001100 3
b11001100 9
01
#19905000
b111001101 A
b1111001101 ,
b1111001101 7
b1111001101 G
b1111001100 !
b1111001100 <
b1111001100 @
b1111011101 6
11
#19910000
b0 )
b0 =
0+
04
01
#19915000
11
#19920000
b1111 )
b1111 =
1+
14
b11001101 *
b11001101 >
b11001101 3
b11001101 9
01
#19925000
b111001110 A
b1111001110 ,
b1111001110 7
b1111001110 G
b1111001101 !
b1111001101 <
b1111001101 @
b1111011110 6
11
#19930000
b0 )
b0 =
0+
04
01
#19935000
11
#19940000
b1111 )
b1111 =
1+
14
b11001110 *
b11001110 >
b11001110 3
b11001110 9
01
#19945000
b111001111 A
b1111001111 ,
b1111001111 7
b1111001111 G
b1111001110 !
b1111001110 <
b1111001110 @
b1111011111 6
11
#19950000
b0 )
b0 =
0+
04
01
#19955000
11
#19960000
b1111 )
b1111 =
1+
14
b11001111 *
b11001111 >
b11001111 3
b11001111 9
01
#19965000
b111010000 A
b1111010000 ,
b1111010000 7
b1111010000 G
b1111001111 !
b1111001111 <
b1111001111 @
b1111100000 6
11
#19970000
b0 )
b0 =
0+
04
01
#19975000
11
#19980000
b1111 )
b1111 =
1+
14
b11010000 *
b11010000 >
b11010000 3
b11010000 9
01
#19985000
b111010001 A
b1111010001 ,
b1111010001 7
b1111010001 G
b1111010000 !
b1111010000 <
b1111010000 @
b1111100001 6
11
#19990000
b0 )
b0 =
0+
04
01
#19995000
11
#20000000
b1111 )
b1111 =
1+
14
b11010001 *
b11010001 >
b11010001 3
b11010001 9
01
#20005000
b111010010 A
b1111010010 ,
b1111010010 7
b1111010010 G
b1111010001 !
b1111010001 <
b1111010001 @
b1111100010 6
11
#20010000
b0 )
b0 =
0+
04
01
#20015000
11
#20020000
b1111 )
b1111 =
1+
14
b11010010 *
b11010010 >
b11010010 3
b11010010 9
01
#20025000
b111010011 A
b1111010011 ,
b1111010011 7
b1111010011 G
b1111010010 !
b1111010010 <
b1111010010 @
b1111100011 6
11
#20030000
b0 )
b0 =
0+
04
01
#20035000
11
#20040000
b1111 )
b1111 =
1+
14
b11010011 *
b11010011 >
b11010011 3
b11010011 9
01
#20045000
b111010100 A
b1111010100 ,
b1111010100 7
b1111010100 G
b1111010011 !
b1111010011 <
b1111010011 @
b1111100100 6
11
#20050000
b0 )
b0 =
0+
04
01
#20055000
11
#20060000
b1111 )
b1111 =
1+
14
b11010100 *
b11010100 >
b11010100 3
b11010100 9
01
#20065000
b111010101 A
b1111010101 ,
b1111010101 7
b1111010101 G
b1111010100 !
b1111010100 <
b1111010100 @
b1111100101 6
11
#20070000
b0 )
b0 =
0+
04
01
#20075000
11
#20080000
b1111 )
b1111 =
1+
14
b11010101 *
b11010101 >
b11010101 3
b11010101 9
01
#20085000
b111010110 A
b1111010110 ,
b1111010110 7
b1111010110 G
b1111010101 !
b1111010101 <
b1111010101 @
b1111100110 6
11
#20090000
b0 )
b0 =
0+
04
01
#20095000
11
#20100000
b1111 )
b1111 =
1+
14
b11010110 *
b11010110 >
b11010110 3
b11010110 9
01
#20105000
b111010111 A
b1111010111 ,
b1111010111 7
b1111010111 G
b1111010110 !
b1111010110 <
b1111010110 @
b1111100111 6
11
#20110000
b0 )
b0 =
0+
04
01
#20115000
11
#20120000
b1111 )
b1111 =
1+
14
b11010111 *
b11010111 >
b11010111 3
b11010111 9
01
#20125000
b111011000 A
b1111011000 ,
b1111011000 7
b1111011000 G
b1111010111 !
b1111010111 <
b1111010111 @
b1111101000 6
11
#20130000
b0 )
b0 =
0+
04
01
#20135000
11
#20140000
b1111 )
b1111 =
1+
14
b11011000 *
b11011000 >
b11011000 3
b11011000 9
01
#20145000
b111011001 A
b1111011001 ,
b1111011001 7
b1111011001 G
b1111011000 !
b1111011000 <
b1111011000 @
b1111101001 6
11
#20150000
b0 )
b0 =
0+
04
01
#20155000
11
#20160000
b1111 )
b1111 =
1+
14
b11011001 *
b11011001 >
b11011001 3
b11011001 9
01
#20165000
b111011010 A
b1111011010 ,
b1111011010 7
b1111011010 G
b1111011001 !
b1111011001 <
b1111011001 @
b1111101010 6
11
#20170000
b0 )
b0 =
0+
04
01
#20175000
11
#20180000
b1111 )
b1111 =
1+
14
b11011010 *
b11011010 >
b11011010 3
b11011010 9
01
#20185000
b111011011 A
b1111011011 ,
b1111011011 7
b1111011011 G
b1111011010 !
b1111011010 <
b1111011010 @
b1111101011 6
11
#20190000
b0 )
b0 =
0+
04
01
#20195000
11
#20200000
b1111 )
b1111 =
1+
14
b11011011 *
b11011011 >
b11011011 3
b11011011 9
01
#20205000
b111011100 A
b1111011100 ,
b1111011100 7
b1111011100 G
b1111011011 !
b1111011011 <
b1111011011 @
b1111101100 6
11
#20210000
b0 )
b0 =
0+
04
01
#20215000
11
#20220000
b1111 )
b1111 =
1+
14
b11011100 *
b11011100 >
b11011100 3
b11011100 9
01
#20225000
b111011101 A
b1111011101 ,
b1111011101 7
b1111011101 G
b1111011100 !
b1111011100 <
b1111011100 @
b1111101101 6
11
#20230000
b0 )
b0 =
0+
04
01
#20235000
11
#20240000
b1111 )
b1111 =
1+
14
b11011101 *
b11011101 >
b11011101 3
b11011101 9
01
#20245000
b111011110 A
b1111011110 ,
b1111011110 7
b1111011110 G
b1111011101 !
b1111011101 <
b1111011101 @
b1111101110 6
11
#20250000
b0 )
b0 =
0+
04
01
#20255000
11
#20260000
b1111 )
b1111 =
1+
14
b11011110 *
b11011110 >
b11011110 3
b11011110 9
01
#20265000
b111011111 A
b1111011111 ,
b1111011111 7
b1111011111 G
b1111011110 !
b1111011110 <
b1111011110 @
b1111101111 6
11
#20270000
b0 )
b0 =
0+
04
01
#20275000
11
#20280000
b1111 )
b1111 =
1+
14
b11011111 *
b11011111 >
b11011111 3
b11011111 9
01
#20285000
b111100000 A
b1111100000 ,
b1111100000 7
b1111100000 G
b1111011111 !
b1111011111 <
b1111011111 @
b1111110000 6
11
#20290000
b0 )
b0 =
0+
04
01
#20295000
11
#20300000
b1111 )
b1111 =
1+
14
b11100000 *
b11100000 >
b11100000 3
b11100000 9
01
#20305000
b111100001 A
b1111100001 ,
b1111100001 7
b1111100001 G
b1111100000 !
b1111100000 <
b1111100000 @
b1111110001 6
11
#20310000
b0 )
b0 =
0+
04
01
#20315000
11
#20320000
b1111 )
b1111 =
1+
14
b11100001 *
b11100001 >
b11100001 3
b11100001 9
01
#20325000
b111100010 A
b1111100010 ,
b1111100010 7
b1111100010 G
b1111100001 !
b1111100001 <
b1111100001 @
b1111110010 6
11
#20330000
b0 )
b0 =
0+
04
01
#20335000
11
#20340000
b1111 )
b1111 =
1+
14
b11100010 *
b11100010 >
b11100010 3
b11100010 9
01
#20345000
b111100011 A
b1111100011 ,
b1111100011 7
b1111100011 G
b1111100010 !
b1111100010 <
b1111100010 @
b1111110011 6
11
#20350000
b0 )
b0 =
0+
04
01
#20355000
11
#20360000
b1111 )
b1111 =
1+
14
b11100011 *
b11100011 >
b11100011 3
b11100011 9
01
#20365000
b111100100 A
b1111100100 ,
b1111100100 7
b1111100100 G
b1111100011 !
b1111100011 <
b1111100011 @
b1111110100 6
11
#20370000
b0 )
b0 =
0+
04
01
#20375000
11
#20380000
b1111 )
b1111 =
1+
14
b11100100 *
b11100100 >
b11100100 3
b11100100 9
01
#20385000
b111100101 A
b1111100101 ,
b1111100101 7
b1111100101 G
b1111100100 !
b1111100100 <
b1111100100 @
b1111110101 6
11
#20390000
b0 )
b0 =
0+
04
01
#20395000
11
#20400000
b1111 )
b1111 =
1+
14
b11100101 *
b11100101 >
b11100101 3
b11100101 9
01
#20405000
b111100110 A
b1111100110 ,
b1111100110 7
b1111100110 G
b1111100101 !
b1111100101 <
b1111100101 @
b1111110110 6
11
#20410000
b0 )
b0 =
0+
04
01
#20415000
11
#20420000
b1111 )
b1111 =
1+
14
b11100110 *
b11100110 >
b11100110 3
b11100110 9
01
#20425000
b111100111 A
b1111100111 ,
b1111100111 7
b1111100111 G
b1111100110 !
b1111100110 <
b1111100110 @
b1111110111 6
11
#20430000
b0 )
b0 =
0+
04
01
#20435000
11
#20440000
b1111 )
b1111 =
1+
14
b11100111 *
b11100111 >
b11100111 3
b11100111 9
01
#20445000
b111101000 A
b1111101000 ,
b1111101000 7
b1111101000 G
b1111100111 !
b1111100111 <
b1111100111 @
b1111111000 6
11
#20450000
b0 )
b0 =
0+
04
01
#20455000
11
#20460000
b1111 )
b1111 =
1+
14
b11101000 *
b11101000 >
b11101000 3
b11101000 9
01
#20465000
b111101001 A
b1111101001 ,
b1111101001 7
b1111101001 G
b1111101000 !
b1111101000 <
b1111101000 @
b1111111001 6
11
#20470000
b0 )
b0 =
0+
04
01
#20475000
11
#20480000
b1111 )
b1111 =
1+
14
b11101001 *
b11101001 >
b11101001 3
b11101001 9
01
#20485000
b111101010 A
b1111101010 ,
b1111101010 7
b1111101010 G
b1111101001 !
b1111101001 <
b1111101001 @
b1111111010 6
11
#20490000
b0 )
b0 =
0+
04
01
#20495000
11
#20500000
b1111 )
b1111 =
1+
14
b11101010 *
b11101010 >
b11101010 3
b11101010 9
01
#20505000
b111101011 A
b1111101011 ,
b1111101011 7
b1111101011 G
b1111101010 !
b1111101010 <
b1111101010 @
b1111111011 6
11
#20510000
b0 )
b0 =
0+
04
01
#20515000
11
#20520000
b1111 )
b1111 =
1+
14
b11101011 *
b11101011 >
b11101011 3
b11101011 9
01
#20525000
b111101100 A
b1111101100 ,
b1111101100 7
b1111101100 G
b1111101011 !
b1111101011 <
b1111101011 @
b1111111100 6
11
#20530000
b0 )
b0 =
0+
04
01
#20535000
11
#20540000
b1111 )
b1111 =
1+
14
b11101100 *
b11101100 >
b11101100 3
b11101100 9
01
#20545000
b111101101 A
b1111101101 ,
b1111101101 7
b1111101101 G
b1111101100 !
b1111101100 <
b1111101100 @
b1111111101 6
11
#20550000
b0 )
b0 =
0+
04
01
#20555000
11
#20560000
b1111 )
b1111 =
1+
14
b11101101 *
b11101101 >
b11101101 3
b11101101 9
01
#20565000
b111101110 A
b1111101110 ,
b1111101110 7
b1111101110 G
b1111101101 !
b1111101101 <
b1111101101 @
b1111111110 6
11
#20570000
b0 )
b0 =
0+
04
01
#20575000
11
#20580000
b1111 )
b1111 =
1+
14
b11101110 *
b11101110 >
b11101110 3
b11101110 9
01
#20585000
b111101111 A
b1111101111 ,
b1111101111 7
b1111101111 G
b1111101110 !
b1111101110 <
b1111101110 @
b1111111111 6
11
#20590000
b0 )
b0 =
0+
04
01
#20595000
11
#20600000
b1111 )
b1111 =
1+
14
b11101111 *
b11101111 >
b11101111 3
b11101111 9
01
#20605000
b111110000 A
b1111110000 ,
b1111110000 7
b1111110000 G
b1111101111 !
b1111101111 <
b1111101111 @
b10000000000 6
11
#20610000
b0 )
b0 =
0+
04
01
#20615000
11
#20620000
b1111 )
b1111 =
1+
14
b11110000 *
b11110000 >
b11110000 3
b11110000 9
01
#20625000
b111110001 A
b1111110001 ,
b1111110001 7
b1111110001 G
b1111110000 !
b1111110000 <
b1111110000 @
b10000000001 6
11
#20630000
b0 )
b0 =
0+
04
01
#20635000
11
#20640000
b1111 )
b1111 =
1+
14
b11110001 *
b11110001 >
b11110001 3
b11110001 9
01
#20645000
b111110010 A
b1111110010 ,
b1111110010 7
b1111110010 G
b1111110001 !
b1111110001 <
b1111110001 @
b10000000010 6
11
#20650000
b0 )
b0 =
0+
04
01
#20655000
11
#20660000
b1111 )
b1111 =
1+
14
b11110010 *
b11110010 >
b11110010 3
b11110010 9
01
#20665000
b111110011 A
b1111110011 ,
b1111110011 7
b1111110011 G
b1111110010 !
b1111110010 <
b1111110010 @
b10000000011 6
11
#20670000
b0 )
b0 =
0+
04
01
#20675000
11
#20680000
b1111 )
b1111 =
1+
14
b11110011 *
b11110011 >
b11110011 3
b11110011 9
01
#20685000
b111110100 A
b1111110100 ,
b1111110100 7
b1111110100 G
b1111110011 !
b1111110011 <
b1111110011 @
b10000000100 6
11
#20690000
b0 )
b0 =
0+
04
01
#20695000
11
#20700000
b1111 )
b1111 =
1+
14
b11110100 *
b11110100 >
b11110100 3
b11110100 9
01
#20705000
b111110101 A
b1111110101 ,
b1111110101 7
b1111110101 G
b1111110100 !
b1111110100 <
b1111110100 @
b10000000101 6
11
#20710000
b0 )
b0 =
0+
04
01
#20715000
11
#20720000
b1111 )
b1111 =
1+
14
b11110101 *
b11110101 >
b11110101 3
b11110101 9
01
#20725000
b111110110 A
b1111110110 ,
b1111110110 7
b1111110110 G
b1111110101 !
b1111110101 <
b1111110101 @
b10000000110 6
11
#20730000
b0 )
b0 =
0+
04
01
#20735000
11
#20740000
b1111 )
b1111 =
1+
14
b11110110 *
b11110110 >
b11110110 3
b11110110 9
01
#20745000
b111110111 A
b1111110111 ,
b1111110111 7
b1111110111 G
b1111110110 !
b1111110110 <
b1111110110 @
b10000000111 6
11
#20750000
b0 )
b0 =
0+
04
01
#20755000
11
#20760000
b1111 )
b1111 =
1+
14
b11110111 *
b11110111 >
b11110111 3
b11110111 9
01
#20765000
b111111000 A
b1111111000 ,
b1111111000 7
b1111111000 G
b1111110111 !
b1111110111 <
b1111110111 @
b10000001000 6
11
#20770000
b0 )
b0 =
0+
04
01
#20775000
11
#20780000
b1111 )
b1111 =
1+
14
b11111000 *
b11111000 >
b11111000 3
b11111000 9
01
#20785000
b111111001 A
b1111111001 ,
b1111111001 7
b1111111001 G
b1111111000 !
b1111111000 <
b1111111000 @
b10000001001 6
11
#20790000
b0 )
b0 =
0+
04
01
#20795000
11
#20800000
b1111 )
b1111 =
1+
14
b11111001 *
b11111001 >
b11111001 3
b11111001 9
01
#20805000
b111111010 A
b1111111010 ,
b1111111010 7
b1111111010 G
b1111111001 !
b1111111001 <
b1111111001 @
b10000001010 6
11
#20810000
b0 )
b0 =
0+
04
01
#20815000
11
#20820000
b1111 )
b1111 =
1+
14
b11111010 *
b11111010 >
b11111010 3
b11111010 9
01
#20825000
b111111011 A
b1111111011 ,
b1111111011 7
b1111111011 G
b1111111010 !
b1111111010 <
b1111111010 @
b10000001011 6
11
#20830000
b0 )
b0 =
0+
04
01
#20835000
11
#20840000
b1111 )
b1111 =
1+
14
b11111011 *
b11111011 >
b11111011 3
b11111011 9
01
#20845000
b111111100 A
b1111111100 ,
b1111111100 7
b1111111100 G
b1111111011 !
b1111111011 <
b1111111011 @
b10000001100 6
11
#20850000
b0 )
b0 =
0+
04
01
#20855000
11
#20860000
b1111 )
b1111 =
1+
14
b11111100 *
b11111100 >
b11111100 3
b11111100 9
01
#20865000
b111111101 A
b1111111101 ,
b1111111101 7
b1111111101 G
b1111111100 !
b1111111100 <
b1111111100 @
b10000001101 6
11
#20870000
b0 )
b0 =
0+
04
01
#20875000
11
#20880000
b1111 )
b1111 =
1+
14
b11111101 *
b11111101 >
b11111101 3
b11111101 9
01
#20885000
b111111110 A
b1111111110 ,
b1111111110 7
b1111111110 G
b1111111101 !
b1111111101 <
b1111111101 @
b10000001110 6
11
#20890000
b0 )
b0 =
0+
04
01
#20895000
11
#20900000
b1111 )
b1111 =
1+
14
b11111110 *
b11111110 >
b11111110 3
b11111110 9
01
#20905000
b111111111 A
b1111111111 ,
b1111111111 7
b1111111111 G
b1111111110 !
b1111111110 <
b1111111110 @
b10000001111 6
11
#20910000
b0 )
b0 =
0+
04
01
#20915000
11
#20920000
b1111 )
b1111 =
1+
14
b11111111 *
b11111111 >
b11111111 3
b11111111 9
01
#20925000
b0 )
b0 =
0+
0(
08
b100 D
1&
1'
1?
b1000000000 A
b0 ,
b0 7
b0 G
b1111111111 !
b1111111111 <
b1111111111 @
b10000010000 6
11
#20930000
b10000010000 K
b1111111111 J
b1000000000 I
b0 H
04
01
#20935000
11
#20940000
15
14
b11101110 *
b11101110 >
b11101110 3
b11101110 9
01
#20945000
11
#20950000
05
04
01
#20955000
11
#20960000
15
14
01
#20965000
11
#20970000
05
04
01
#20975000
11
#20980000
15
14
01
#20985000
11
#20990000
05
04
01
#20995000
11
#21000000
1/
10
01
#21005000
0%
0&
0'
0?
0"
0F
b0 D
11
#21010000
0/
00
01
#21015000
11
#21020000
1/
01
#21025000
1(
18
b0 A
b0 B
b0 #
b0 ;
b0 E
b0 !
b0 <
b0 @
b1 D
11
#21030000
0/
01
#21035000
11
#21040000
b1111 )
b1111 =
1+
14
b0 *
b0 >
b0 3
b0 9
01
#21045000
b1 B
b1 ,
b1 7
b1 G
b10000010001 6
11
#21050000
b0 )
b0 =
0+
04
01
#21055000
11
#21060000
b1111 )
b1111 =
1+
14
b1 *
b1 >
b1 3
b1 9
01
#21065000
b10 B
b10 ,
b10 7
b10 G
b1 !
b1 <
b1 @
b10000010010 6
11
#21070000
b0 )
b0 =
0+
04
01
#21075000
11
#21080000
b1111 )
b1111 =
1+
14
b10 *
b10 >
b10 3
b10 9
01
#21085000
b11 B
b11 ,
b11 7
b11 G
b10 !
b10 <
b10 @
b10000010011 6
11
#21090000
b0 )
b0 =
0+
04
01
#21095000
11
#21100000
b1111 )
b1111 =
1+
14
b11 *
b11 >
b11 3
b11 9
01
#21105000
b100 B
b100 ,
b100 7
b100 G
b11 !
b11 <
b11 @
b10000010100 6
11
#21110000
b0 )
b0 =
0+
04
01
#21115000
11
#21120000
b1111 )
b1111 =
1+
14
b100 *
b100 >
b100 3
b100 9
01
#21125000
b101 B
b101 ,
b101 7
b101 G
b100 !
b100 <
b100 @
b10000010101 6
11
#21130000
b0 )
b0 =
0+
04
01
#21135000
11
#21140000
b1111 )
b1111 =
1+
14
b101 *
b101 >
b101 3
b101 9
01
#21145000
b110 B
b110 ,
b110 7
b110 G
b101 !
b101 <
b101 @
b10000010110 6
11
#21150000
b0 )
b0 =
0+
04
01
#21155000
11
#21160000
b1111 )
b1111 =
1+
14
b110 *
b110 >
b110 3
b110 9
01
#21165000
b111 B
b111 ,
b111 7
b111 G
b110 !
b110 <
b110 @
b10000010111 6
11
#21170000
b0 )
b0 =
0+
04
01
#21175000
11
#21180000
b1111 )
b1111 =
1+
14
b111 *
b111 >
b111 3
b111 9
01
#21185000
b1000 B
b1000 ,
b1000 7
b1000 G
b111 !
b111 <
b111 @
b10000011000 6
11
#21190000
b0 )
b0 =
0+
04
01
#21195000
11
#21200000
b1111 )
b1111 =
1+
14
b1000 *
b1000 >
b1000 3
b1000 9
01
#21205000
b1001 B
b1001 ,
b1001 7
b1001 G
b1000 !
b1000 <
b1000 @
b10000011001 6
11
#21210000
b0 )
b0 =
0+
04
01
#21215000
11
#21220000
b1111 )
b1111 =
1+
14
b1001 *
b1001 >
b1001 3
b1001 9
01
#21225000
b1010 B
b1010 ,
b1010 7
b1010 G
b1001 !
b1001 <
b1001 @
b10000011010 6
11
#21230000
b0 )
b0 =
0+
04
01
#21235000
11
#21240000
b1111 )
b1111 =
1+
14
b1010 *
b1010 >
b1010 3
b1010 9
01
#21245000
b1011 B
b1011 ,
b1011 7
b1011 G
b1010 !
b1010 <
b1010 @
b10000011011 6
11
#21250000
b0 )
b0 =
0+
04
01
#21255000
11
#21260000
b1111 )
b1111 =
1+
14
b1011 *
b1011 >
b1011 3
b1011 9
01
#21265000
b1100 B
b1100 ,
b1100 7
b1100 G
b1011 !
b1011 <
b1011 @
b10000011100 6
11
#21270000
b0 )
b0 =
0+
04
01
#21275000
11
#21280000
b1111 )
b1111 =
1+
14
b1100 *
b1100 >
b1100 3
b1100 9
01
#21285000
b1101 B
b1101 ,
b1101 7
b1101 G
b1100 !
b1100 <
b1100 @
b10000011101 6
11
#21290000
b0 )
b0 =
0+
04
01
#21295000
11
#21300000
b1111 )
b1111 =
1+
14
b1101 *
b1101 >
b1101 3
b1101 9
01
#21305000
b1110 B
b1110 ,
b1110 7
b1110 G
b1101 !
b1101 <
b1101 @
b10000011110 6
11
#21310000
b0 )
b0 =
0+
04
01
#21315000
11
#21320000
b1111 )
b1111 =
1+
14
b1110 *
b1110 >
b1110 3
b1110 9
01
#21325000
b1111 B
b1111 ,
b1111 7
b1111 G
b1110 !
b1110 <
b1110 @
b10000011111 6
11
#21330000
b0 )
b0 =
0+
04
01
#21335000
11
#21340000
b1111 )
b1111 =
1+
14
b1111 *
b1111 >
b1111 3
b1111 9
01
#21345000
b10000 B
b10000 ,
b10000 7
b10000 G
b1111 !
b1111 <
b1111 @
b10000100000 6
11
#21350000
b0 )
b0 =
0+
04
01
#21355000
11
#21360000
b1111 )
b1111 =
1+
14
b10000 *
b10000 >
b10000 3
b10000 9
01
#21365000
b10001 B
b10001 ,
b10001 7
b10001 G
b10000 !
b10000 <
b10000 @
b10000100001 6
11
#21370000
b0 )
b0 =
0+
04
01
#21375000
11
#21380000
b1111 )
b1111 =
1+
14
b10001 *
b10001 >
b10001 3
b10001 9
01
#21385000
b10010 B
b10010 ,
b10010 7
b10010 G
b10001 !
b10001 <
b10001 @
b10000100010 6
11
#21390000
b0 )
b0 =
0+
04
01
#21395000
11
#21400000
b1111 )
b1111 =
1+
14
b10010 *
b10010 >
b10010 3
b10010 9
01
#21405000
b10011 B
b10011 ,
b10011 7
b10011 G
b10010 !
b10010 <
b10010 @
b10000100011 6
11
#21410000
b0 )
b0 =
0+
04
01
#21415000
11
#21420000
b1111 )
b1111 =
1+
14
b10011 *
b10011 >
b10011 3
b10011 9
01
#21425000
b10100 B
b10100 ,
b10100 7
b10100 G
b10011 !
b10011 <
b10011 @
b10000100100 6
11
#21430000
b0 )
b0 =
0+
04
01
#21435000
11
#21440000
b1111 )
b1111 =
1+
14
b10100 *
b10100 >
b10100 3
b10100 9
01
#21445000
b10101 B
b10101 ,
b10101 7
b10101 G
b10100 !
b10100 <
b10100 @
b10000100101 6
11
#21450000
b0 )
b0 =
0+
04
01
#21455000
11
#21460000
b1111 )
b1111 =
1+
14
b10101 *
b10101 >
b10101 3
b10101 9
01
#21465000
b10110 B
b10110 ,
b10110 7
b10110 G
b10101 !
b10101 <
b10101 @
b10000100110 6
11
#21470000
b0 )
b0 =
0+
04
01
#21475000
11
#21480000
b1111 )
b1111 =
1+
14
b10110 *
b10110 >
b10110 3
b10110 9
01
#21485000
b10111 B
b10111 ,
b10111 7
b10111 G
b10110 !
b10110 <
b10110 @
b10000100111 6
11
#21490000
b0 )
b0 =
0+
04
01
#21495000
11
#21500000
b1111 )
b1111 =
1+
14
b10111 *
b10111 >
b10111 3
b10111 9
01
#21505000
b11000 B
b11000 ,
b11000 7
b11000 G
b10111 !
b10111 <
b10111 @
b10000101000 6
11
#21510000
b0 )
b0 =
0+
04
01
#21515000
11
#21520000
b1111 )
b1111 =
1+
14
b11000 *
b11000 >
b11000 3
b11000 9
01
#21525000
b11001 B
b11001 ,
b11001 7
b11001 G
b11000 !
b11000 <
b11000 @
b10000101001 6
11
#21530000
b0 )
b0 =
0+
04
01
#21535000
11
#21540000
b1111 )
b1111 =
1+
14
b11001 *
b11001 >
b11001 3
b11001 9
01
#21545000
b11010 B
b11010 ,
b11010 7
b11010 G
b11001 !
b11001 <
b11001 @
b10000101010 6
11
#21550000
b0 )
b0 =
0+
04
01
#21555000
11
#21560000
b1111 )
b1111 =
1+
14
b11010 *
b11010 >
b11010 3
b11010 9
01
#21565000
b11011 B
b11011 ,
b11011 7
b11011 G
b11010 !
b11010 <
b11010 @
b10000101011 6
11
#21570000
b0 )
b0 =
0+
04
01
#21575000
11
#21580000
b1111 )
b1111 =
1+
14
b11011 *
b11011 >
b11011 3
b11011 9
01
#21585000
b11100 B
b11100 ,
b11100 7
b11100 G
b11011 !
b11011 <
b11011 @
b10000101100 6
11
#21590000
b0 )
b0 =
0+
04
01
#21595000
11
#21600000
b1111 )
b1111 =
1+
14
b11100 *
b11100 >
b11100 3
b11100 9
01
#21605000
b11101 B
b11101 ,
b11101 7
b11101 G
b11100 !
b11100 <
b11100 @
b10000101101 6
11
#21610000
b0 )
b0 =
0+
04
01
#21615000
11
#21620000
b1111 )
b1111 =
1+
14
b11101 *
b11101 >
b11101 3
b11101 9
01
#21625000
b11110 B
b11110 ,
b11110 7
b11110 G
b11101 !
b11101 <
b11101 @
b10000101110 6
11
#21630000
b0 )
b0 =
0+
04
01
#21635000
11
#21640000
b1111 )
b1111 =
1+
14
b11110 *
b11110 >
b11110 3
b11110 9
01
#21645000
b11111 B
b11111 ,
b11111 7
b11111 G
b11110 !
b11110 <
b11110 @
b10000101111 6
11
#21650000
b0 )
b0 =
0+
04
01
#21655000
11
#21660000
b1111 )
b1111 =
1+
14
b11111 *
b11111 >
b11111 3
b11111 9
01
#21665000
b100000 B
b100000 ,
b100000 7
b100000 G
b11111 !
b11111 <
b11111 @
b10000110000 6
11
#21670000
b0 )
b0 =
0+
04
01
#21675000
11
#21680000
b1111 )
b1111 =
1+
14
b100000 *
b100000 >
b100000 3
b100000 9
01
#21685000
b100001 B
b100001 ,
b100001 7
b100001 G
b100000 !
b100000 <
b100000 @
b10000110001 6
11
#21690000
b0 )
b0 =
0+
04
01
#21695000
11
#21700000
b1111 )
b1111 =
1+
14
b100001 *
b100001 >
b100001 3
b100001 9
01
#21705000
b100010 B
b100010 ,
b100010 7
b100010 G
b100001 !
b100001 <
b100001 @
b10000110010 6
11
#21710000
b0 )
b0 =
0+
04
01
#21715000
11
#21720000
b1111 )
b1111 =
1+
14
b100010 *
b100010 >
b100010 3
b100010 9
01
#21725000
b100011 B
b100011 ,
b100011 7
b100011 G
b100010 !
b100010 <
b100010 @
b10000110011 6
11
#21730000
b0 )
b0 =
0+
04
01
#21735000
11
#21740000
b1111 )
b1111 =
1+
14
b100011 *
b100011 >
b100011 3
b100011 9
01
#21745000
b100100 B
b100100 ,
b100100 7
b100100 G
b100011 !
b100011 <
b100011 @
b10000110100 6
11
#21750000
b0 )
b0 =
0+
04
01
#21755000
11
#21760000
b1111 )
b1111 =
1+
14
b100100 *
b100100 >
b100100 3
b100100 9
01
#21765000
b100101 B
b100101 ,
b100101 7
b100101 G
b100100 !
b100100 <
b100100 @
b10000110101 6
11
#21770000
b0 )
b0 =
0+
04
01
#21775000
11
#21780000
b1111 )
b1111 =
1+
14
b100101 *
b100101 >
b100101 3
b100101 9
01
#21785000
b100110 B
b100110 ,
b100110 7
b100110 G
b100101 !
b100101 <
b100101 @
b10000110110 6
11
#21790000
b0 )
b0 =
0+
04
01
#21795000
11
#21800000
b1111 )
b1111 =
1+
14
b100110 *
b100110 >
b100110 3
b100110 9
01
#21805000
b100111 B
b100111 ,
b100111 7
b100111 G
b100110 !
b100110 <
b100110 @
b10000110111 6
11
#21810000
b0 )
b0 =
0+
04
01
#21815000
11
#21820000
b1111 )
b1111 =
1+
14
b100111 *
b100111 >
b100111 3
b100111 9
01
#21825000
b101000 B
b101000 ,
b101000 7
b101000 G
b100111 !
b100111 <
b100111 @
b10000111000 6
11
#21830000
b0 )
b0 =
0+
04
01
#21835000
11
#21840000
b1111 )
b1111 =
1+
14
b101000 *
b101000 >
b101000 3
b101000 9
01
#21845000
b101001 B
b101001 ,
b101001 7
b101001 G
b101000 !
b101000 <
b101000 @
b10000111001 6
11
#21850000
b0 )
b0 =
0+
04
01
#21855000
11
#21860000
b1111 )
b1111 =
1+
14
b101001 *
b101001 >
b101001 3
b101001 9
01
#21865000
b101010 B
b101010 ,
b101010 7
b101010 G
b101001 !
b101001 <
b101001 @
b10000111010 6
11
#21870000
b0 )
b0 =
0+
04
01
#21875000
11
#21880000
b1111 )
b1111 =
1+
14
b101010 *
b101010 >
b101010 3
b101010 9
01
#21885000
b101011 B
b101011 ,
b101011 7
b101011 G
b101010 !
b101010 <
b101010 @
b10000111011 6
11
#21890000
b0 )
b0 =
0+
04
01
#21895000
11
#21900000
b1111 )
b1111 =
1+
14
b101011 *
b101011 >
b101011 3
b101011 9
01
#21905000
b101100 B
b101100 ,
b101100 7
b101100 G
b101011 !
b101011 <
b101011 @
b10000111100 6
11
#21910000
b0 )
b0 =
0+
04
01
#21915000
11
#21920000
b1111 )
b1111 =
1+
14
b101100 *
b101100 >
b101100 3
b101100 9
01
#21925000
b101101 B
b101101 ,
b101101 7
b101101 G
b101100 !
b101100 <
b101100 @
b10000111101 6
11
#21930000
b0 )
b0 =
0+
04
01
#21935000
11
#21940000
b1111 )
b1111 =
1+
14
b101101 *
b101101 >
b101101 3
b101101 9
01
#21945000
b101110 B
b101110 ,
b101110 7
b101110 G
b101101 !
b101101 <
b101101 @
b10000111110 6
11
#21950000
b0 )
b0 =
0+
04
01
#21955000
11
#21960000
b1111 )
b1111 =
1+
14
b101110 *
b101110 >
b101110 3
b101110 9
01
#21965000
b101111 B
b101111 ,
b101111 7
b101111 G
b101110 !
b101110 <
b101110 @
b10000111111 6
11
#21970000
b0 )
b0 =
0+
04
01
#21975000
11
#21980000
b1111 )
b1111 =
1+
14
b101111 *
b101111 >
b101111 3
b101111 9
01
#21985000
b110000 B
b110000 ,
b110000 7
b110000 G
b101111 !
b101111 <
b101111 @
b10001000000 6
11
#21990000
b0 )
b0 =
0+
04
01
#21995000
11
#22000000
b1111 )
b1111 =
1+
14
b110000 *
b110000 >
b110000 3
b110000 9
01
#22005000
b110001 B
b110001 ,
b110001 7
b110001 G
b110000 !
b110000 <
b110000 @
b10001000001 6
11
#22010000
b0 )
b0 =
0+
04
01
#22015000
11
#22020000
b1111 )
b1111 =
1+
14
b110001 *
b110001 >
b110001 3
b110001 9
01
#22025000
b110010 B
b110010 ,
b110010 7
b110010 G
b110001 !
b110001 <
b110001 @
b10001000010 6
11
#22030000
b0 )
b0 =
0+
04
01
#22035000
11
#22040000
b1111 )
b1111 =
1+
14
b110010 *
b110010 >
b110010 3
b110010 9
01
#22045000
b110011 B
b110011 ,
b110011 7
b110011 G
b110010 !
b110010 <
b110010 @
b10001000011 6
11
#22050000
b0 )
b0 =
0+
04
01
#22055000
11
#22060000
b1111 )
b1111 =
1+
14
b110011 *
b110011 >
b110011 3
b110011 9
01
#22065000
b110100 B
b110100 ,
b110100 7
b110100 G
b110011 !
b110011 <
b110011 @
b10001000100 6
11
#22070000
b0 )
b0 =
0+
04
01
#22075000
11
#22080000
b1111 )
b1111 =
1+
14
b110100 *
b110100 >
b110100 3
b110100 9
01
#22085000
b110101 B
b110101 ,
b110101 7
b110101 G
b110100 !
b110100 <
b110100 @
b10001000101 6
11
#22090000
b0 )
b0 =
0+
04
01
#22095000
11
#22100000
b1111 )
b1111 =
1+
14
b110101 *
b110101 >
b110101 3
b110101 9
01
#22105000
b110110 B
b110110 ,
b110110 7
b110110 G
b110101 !
b110101 <
b110101 @
b10001000110 6
11
#22110000
b0 )
b0 =
0+
04
01
#22115000
11
#22120000
b1111 )
b1111 =
1+
14
b110110 *
b110110 >
b110110 3
b110110 9
01
#22125000
b110111 B
b110111 ,
b110111 7
b110111 G
b110110 !
b110110 <
b110110 @
b10001000111 6
11
#22130000
b0 )
b0 =
0+
04
01
#22135000
11
#22140000
b1111 )
b1111 =
1+
14
b110111 *
b110111 >
b110111 3
b110111 9
01
#22145000
b111000 B
b111000 ,
b111000 7
b111000 G
b110111 !
b110111 <
b110111 @
b10001001000 6
11
#22150000
b0 )
b0 =
0+
04
01
#22155000
11
#22160000
b1111 )
b1111 =
1+
14
b111000 *
b111000 >
b111000 3
b111000 9
01
#22165000
b111001 B
b111001 ,
b111001 7
b111001 G
b111000 !
b111000 <
b111000 @
b10001001001 6
11
#22170000
b0 )
b0 =
0+
04
01
#22175000
11
#22180000
b1111 )
b1111 =
1+
14
b111001 *
b111001 >
b111001 3
b111001 9
01
#22185000
b111010 B
b111010 ,
b111010 7
b111010 G
b111001 !
b111001 <
b111001 @
b10001001010 6
11
#22190000
b0 )
b0 =
0+
04
01
#22195000
11
#22200000
b1111 )
b1111 =
1+
14
b111010 *
b111010 >
b111010 3
b111010 9
01
#22205000
b111011 B
b111011 ,
b111011 7
b111011 G
b111010 !
b111010 <
b111010 @
b10001001011 6
11
#22210000
b0 )
b0 =
0+
04
01
#22215000
11
#22220000
b1111 )
b1111 =
1+
14
b111011 *
b111011 >
b111011 3
b111011 9
01
#22225000
b111100 B
b111100 ,
b111100 7
b111100 G
b111011 !
b111011 <
b111011 @
b10001001100 6
11
#22230000
b0 )
b0 =
0+
04
01
#22235000
11
#22240000
b1111 )
b1111 =
1+
14
b111100 *
b111100 >
b111100 3
b111100 9
01
#22245000
b111101 B
b111101 ,
b111101 7
b111101 G
b111100 !
b111100 <
b111100 @
b10001001101 6
11
#22250000
b0 )
b0 =
0+
04
01
#22255000
11
#22260000
b1111 )
b1111 =
1+
14
b111101 *
b111101 >
b111101 3
b111101 9
01
#22265000
b111110 B
b111110 ,
b111110 7
b111110 G
b111101 !
b111101 <
b111101 @
b10001001110 6
11
#22270000
b0 )
b0 =
0+
04
01
#22275000
11
#22280000
b1111 )
b1111 =
1+
14
b111110 *
b111110 >
b111110 3
b111110 9
01
#22285000
b111111 B
b111111 ,
b111111 7
b111111 G
b111110 !
b111110 <
b111110 @
b10001001111 6
11
#22290000
b0 )
b0 =
0+
04
01
#22295000
11
#22300000
b1111 )
b1111 =
1+
14
b111111 *
b111111 >
b111111 3
b111111 9
01
#22305000
b1000000 B
b1000000 ,
b1000000 7
b1000000 G
b111111 !
b111111 <
b111111 @
b10001010000 6
11
#22310000
b0 )
b0 =
0+
04
01
#22315000
11
#22320000
b1111 )
b1111 =
1+
14
b1000000 *
b1000000 >
b1000000 3
b1000000 9
01
#22325000
b1000001 B
b1000001 ,
b1000001 7
b1000001 G
b1000000 !
b1000000 <
b1000000 @
b10001010001 6
11
#22330000
b0 )
b0 =
0+
04
01
#22335000
11
#22340000
b1111 )
b1111 =
1+
14
b1000001 *
b1000001 >
b1000001 3
b1000001 9
01
#22345000
b1000010 B
b1000010 ,
b1000010 7
b1000010 G
b1000001 !
b1000001 <
b1000001 @
b10001010010 6
11
#22350000
b0 )
b0 =
0+
04
01
#22355000
11
#22360000
b1111 )
b1111 =
1+
14
b1000010 *
b1000010 >
b1000010 3
b1000010 9
01
#22365000
b1000011 B
b1000011 ,
b1000011 7
b1000011 G
b1000010 !
b1000010 <
b1000010 @
b10001010011 6
11
#22370000
b0 )
b0 =
0+
04
01
#22375000
11
#22380000
b1111 )
b1111 =
1+
14
b1000011 *
b1000011 >
b1000011 3
b1000011 9
01
#22385000
b1000100 B
b1000100 ,
b1000100 7
b1000100 G
b1000011 !
b1000011 <
b1000011 @
b10001010100 6
11
#22390000
b0 )
b0 =
0+
04
01
#22395000
11
#22400000
b1111 )
b1111 =
1+
14
b1000100 *
b1000100 >
b1000100 3
b1000100 9
01
#22405000
b1000101 B
b1000101 ,
b1000101 7
b1000101 G
b1000100 !
b1000100 <
b1000100 @
b10001010101 6
11
#22410000
b0 )
b0 =
0+
04
01
#22415000
11
#22420000
b1111 )
b1111 =
1+
14
b1000101 *
b1000101 >
b1000101 3
b1000101 9
01
#22425000
b1000110 B
b1000110 ,
b1000110 7
b1000110 G
b1000101 !
b1000101 <
b1000101 @
b10001010110 6
11
#22430000
b0 )
b0 =
0+
04
01
#22435000
11
#22440000
b1111 )
b1111 =
1+
14
b1000110 *
b1000110 >
b1000110 3
b1000110 9
01
#22445000
b1000111 B
b1000111 ,
b1000111 7
b1000111 G
b1000110 !
b1000110 <
b1000110 @
b10001010111 6
11
#22450000
b0 )
b0 =
0+
04
01
#22455000
11
#22460000
b1111 )
b1111 =
1+
14
b1000111 *
b1000111 >
b1000111 3
b1000111 9
01
#22465000
b1001000 B
b1001000 ,
b1001000 7
b1001000 G
b1000111 !
b1000111 <
b1000111 @
b10001011000 6
11
#22470000
b0 )
b0 =
0+
04
01
#22475000
11
#22480000
b1111 )
b1111 =
1+
14
b1001000 *
b1001000 >
b1001000 3
b1001000 9
01
#22485000
b1001001 B
b1001001 ,
b1001001 7
b1001001 G
b1001000 !
b1001000 <
b1001000 @
b10001011001 6
11
#22490000
b0 )
b0 =
0+
04
01
#22495000
11
#22500000
b1111 )
b1111 =
1+
14
b1001001 *
b1001001 >
b1001001 3
b1001001 9
01
#22505000
b1001010 B
b1001010 ,
b1001010 7
b1001010 G
b1001001 !
b1001001 <
b1001001 @
b10001011010 6
11
#22510000
b0 )
b0 =
0+
04
01
#22515000
11
#22520000
b1111 )
b1111 =
1+
14
b1001010 *
b1001010 >
b1001010 3
b1001010 9
01
#22525000
b1001011 B
b1001011 ,
b1001011 7
b1001011 G
b1001010 !
b1001010 <
b1001010 @
b10001011011 6
11
#22530000
b0 )
b0 =
0+
04
01
#22535000
11
#22540000
b1111 )
b1111 =
1+
14
b1001011 *
b1001011 >
b1001011 3
b1001011 9
01
#22545000
b1001100 B
b1001100 ,
b1001100 7
b1001100 G
b1001011 !
b1001011 <
b1001011 @
b10001011100 6
11
#22550000
b0 )
b0 =
0+
04
01
#22555000
11
#22560000
b1111 )
b1111 =
1+
14
b1001100 *
b1001100 >
b1001100 3
b1001100 9
01
#22565000
b1001101 B
b1001101 ,
b1001101 7
b1001101 G
b1001100 !
b1001100 <
b1001100 @
b10001011101 6
11
#22570000
b0 )
b0 =
0+
04
01
#22575000
11
#22580000
b1111 )
b1111 =
1+
14
b1001101 *
b1001101 >
b1001101 3
b1001101 9
01
#22585000
b1001110 B
b1001110 ,
b1001110 7
b1001110 G
b1001101 !
b1001101 <
b1001101 @
b10001011110 6
11
#22590000
b0 )
b0 =
0+
04
01
#22595000
11
#22600000
b1111 )
b1111 =
1+
14
b1001110 *
b1001110 >
b1001110 3
b1001110 9
01
#22605000
b1001111 B
b1001111 ,
b1001111 7
b1001111 G
b1001110 !
b1001110 <
b1001110 @
b10001011111 6
11
#22610000
b0 )
b0 =
0+
04
01
#22615000
11
#22620000
b1111 )
b1111 =
1+
14
b1001111 *
b1001111 >
b1001111 3
b1001111 9
01
#22625000
b1010000 B
b1010000 ,
b1010000 7
b1010000 G
b1001111 !
b1001111 <
b1001111 @
b10001100000 6
11
#22630000
b0 )
b0 =
0+
04
01
#22635000
11
#22640000
b1111 )
b1111 =
1+
14
b1010000 *
b1010000 >
b1010000 3
b1010000 9
01
#22645000
b1010001 B
b1010001 ,
b1010001 7
b1010001 G
b1010000 !
b1010000 <
b1010000 @
b10001100001 6
11
#22650000
b0 )
b0 =
0+
04
01
#22655000
11
#22660000
b1111 )
b1111 =
1+
14
b1010001 *
b1010001 >
b1010001 3
b1010001 9
01
#22665000
b1010010 B
b1010010 ,
b1010010 7
b1010010 G
b1010001 !
b1010001 <
b1010001 @
b10001100010 6
11
#22670000
b0 )
b0 =
0+
04
01
#22675000
11
#22680000
b1111 )
b1111 =
1+
14
b1010010 *
b1010010 >
b1010010 3
b1010010 9
01
#22685000
b1010011 B
b1010011 ,
b1010011 7
b1010011 G
b1010010 !
b1010010 <
b1010010 @
b10001100011 6
11
#22690000
b0 )
b0 =
0+
04
01
#22695000
11
#22700000
b1111 )
b1111 =
1+
14
b1010011 *
b1010011 >
b1010011 3
b1010011 9
01
#22705000
b1010100 B
b1010100 ,
b1010100 7
b1010100 G
b1010011 !
b1010011 <
b1010011 @
b10001100100 6
11
#22710000
b0 )
b0 =
0+
04
01
#22715000
11
#22720000
b1111 )
b1111 =
1+
14
b1010100 *
b1010100 >
b1010100 3
b1010100 9
01
#22725000
b1010101 B
b1010101 ,
b1010101 7
b1010101 G
b1010100 !
b1010100 <
b1010100 @
b10001100101 6
11
#22730000
b0 )
b0 =
0+
04
01
#22735000
11
#22740000
b1111 )
b1111 =
1+
14
b1010101 *
b1010101 >
b1010101 3
b1010101 9
01
#22745000
b1010110 B
b1010110 ,
b1010110 7
b1010110 G
b1010101 !
b1010101 <
b1010101 @
b10001100110 6
11
#22750000
b0 )
b0 =
0+
04
01
#22755000
11
#22760000
b1111 )
b1111 =
1+
14
b1010110 *
b1010110 >
b1010110 3
b1010110 9
01
#22765000
b1010111 B
b1010111 ,
b1010111 7
b1010111 G
b1010110 !
b1010110 <
b1010110 @
b10001100111 6
11
#22770000
b0 )
b0 =
0+
04
01
#22775000
11
#22780000
b1111 )
b1111 =
1+
14
b1010111 *
b1010111 >
b1010111 3
b1010111 9
01
#22785000
b1011000 B
b1011000 ,
b1011000 7
b1011000 G
b1010111 !
b1010111 <
b1010111 @
b10001101000 6
11
#22790000
b0 )
b0 =
0+
04
01
#22795000
11
#22800000
b1111 )
b1111 =
1+
14
b1011000 *
b1011000 >
b1011000 3
b1011000 9
01
#22805000
b1011001 B
b1011001 ,
b1011001 7
b1011001 G
b1011000 !
b1011000 <
b1011000 @
b10001101001 6
11
#22810000
b0 )
b0 =
0+
04
01
#22815000
11
#22820000
b1111 )
b1111 =
1+
14
b1011001 *
b1011001 >
b1011001 3
b1011001 9
01
#22825000
b1011010 B
b1011010 ,
b1011010 7
b1011010 G
b1011001 !
b1011001 <
b1011001 @
b10001101010 6
11
#22830000
b0 )
b0 =
0+
04
01
#22835000
11
#22840000
b1111 )
b1111 =
1+
14
b1011010 *
b1011010 >
b1011010 3
b1011010 9
01
#22845000
b1011011 B
b1011011 ,
b1011011 7
b1011011 G
b1011010 !
b1011010 <
b1011010 @
b10001101011 6
11
#22850000
b0 )
b0 =
0+
04
01
#22855000
11
#22860000
b1111 )
b1111 =
1+
14
b1011011 *
b1011011 >
b1011011 3
b1011011 9
01
#22865000
b1011100 B
b1011100 ,
b1011100 7
b1011100 G
b1011011 !
b1011011 <
b1011011 @
b10001101100 6
11
#22870000
b0 )
b0 =
0+
04
01
#22875000
11
#22880000
b1111 )
b1111 =
1+
14
b1011100 *
b1011100 >
b1011100 3
b1011100 9
01
#22885000
b1011101 B
b1011101 ,
b1011101 7
b1011101 G
b1011100 !
b1011100 <
b1011100 @
b10001101101 6
11
#22890000
b0 )
b0 =
0+
04
01
#22895000
11
#22900000
b1111 )
b1111 =
1+
14
b1011101 *
b1011101 >
b1011101 3
b1011101 9
01
#22905000
b1011110 B
b1011110 ,
b1011110 7
b1011110 G
b1011101 !
b1011101 <
b1011101 @
b10001101110 6
11
#22910000
b0 )
b0 =
0+
04
01
#22915000
11
#22920000
b1111 )
b1111 =
1+
14
b1011110 *
b1011110 >
b1011110 3
b1011110 9
01
#22925000
b1011111 B
b1011111 ,
b1011111 7
b1011111 G
b1011110 !
b1011110 <
b1011110 @
b10001101111 6
11
#22930000
b0 )
b0 =
0+
04
01
#22935000
11
#22940000
b1111 )
b1111 =
1+
14
b1011111 *
b1011111 >
b1011111 3
b1011111 9
01
#22945000
b1100000 B
b1100000 ,
b1100000 7
b1100000 G
b1011111 !
b1011111 <
b1011111 @
b10001110000 6
11
#22950000
b0 )
b0 =
0+
04
01
#22955000
11
#22960000
b1111 )
b1111 =
1+
14
b1100000 *
b1100000 >
b1100000 3
b1100000 9
01
#22965000
b1100001 B
b1100001 ,
b1100001 7
b1100001 G
b1100000 !
b1100000 <
b1100000 @
b10001110001 6
11
#22970000
b0 )
b0 =
0+
04
01
#22975000
11
#22980000
b1111 )
b1111 =
1+
14
b1100001 *
b1100001 >
b1100001 3
b1100001 9
01
#22985000
b1100010 B
b1100010 ,
b1100010 7
b1100010 G
b1100001 !
b1100001 <
b1100001 @
b10001110010 6
11
#22990000
b0 )
b0 =
0+
04
01
#22995000
11
#23000000
b1111 )
b1111 =
1+
14
b1100010 *
b1100010 >
b1100010 3
b1100010 9
01
#23005000
b1100011 B
b1100011 ,
b1100011 7
b1100011 G
b1100010 !
b1100010 <
b1100010 @
b10001110011 6
11
#23010000
b0 )
b0 =
0+
04
01
#23015000
11
#23020000
b1111 )
b1111 =
1+
14
b1100011 *
b1100011 >
b1100011 3
b1100011 9
01
#23025000
b1100100 B
b1100100 ,
b1100100 7
b1100100 G
b1100011 !
b1100011 <
b1100011 @
b10001110100 6
11
#23030000
b0 )
b0 =
0+
04
01
#23035000
11
#23040000
b1111 )
b1111 =
1+
14
b1100100 *
b1100100 >
b1100100 3
b1100100 9
01
#23045000
b1100101 B
b1100101 ,
b1100101 7
b1100101 G
b1100100 !
b1100100 <
b1100100 @
b10001110101 6
11
#23050000
b0 )
b0 =
0+
04
01
#23055000
11
#23060000
b1111 )
b1111 =
1+
14
b1100101 *
b1100101 >
b1100101 3
b1100101 9
01
#23065000
b1100110 B
b1100110 ,
b1100110 7
b1100110 G
b1100101 !
b1100101 <
b1100101 @
b10001110110 6
11
#23070000
b0 )
b0 =
0+
04
01
#23075000
11
#23080000
b1111 )
b1111 =
1+
14
b1100110 *
b1100110 >
b1100110 3
b1100110 9
01
#23085000
b1100111 B
b1100111 ,
b1100111 7
b1100111 G
b1100110 !
b1100110 <
b1100110 @
b10001110111 6
11
#23090000
b0 )
b0 =
0+
04
01
#23095000
11
#23100000
b1111 )
b1111 =
1+
14
b1100111 *
b1100111 >
b1100111 3
b1100111 9
01
#23105000
b1101000 B
b1101000 ,
b1101000 7
b1101000 G
b1100111 !
b1100111 <
b1100111 @
b10001111000 6
11
#23110000
b0 )
b0 =
0+
04
01
#23115000
11
#23120000
b1111 )
b1111 =
1+
14
b1101000 *
b1101000 >
b1101000 3
b1101000 9
01
#23125000
b1101001 B
b1101001 ,
b1101001 7
b1101001 G
b1101000 !
b1101000 <
b1101000 @
b10001111001 6
11
#23130000
b0 )
b0 =
0+
04
01
#23135000
11
#23140000
b1111 )
b1111 =
1+
14
b1101001 *
b1101001 >
b1101001 3
b1101001 9
01
#23145000
b1101010 B
b1101010 ,
b1101010 7
b1101010 G
b1101001 !
b1101001 <
b1101001 @
b10001111010 6
11
#23150000
b0 )
b0 =
0+
04
01
#23155000
11
#23160000
b1111 )
b1111 =
1+
14
b1101010 *
b1101010 >
b1101010 3
b1101010 9
01
#23165000
b1101011 B
b1101011 ,
b1101011 7
b1101011 G
b1101010 !
b1101010 <
b1101010 @
b10001111011 6
11
#23170000
b0 )
b0 =
0+
04
01
#23175000
11
#23180000
b1111 )
b1111 =
1+
14
b1101011 *
b1101011 >
b1101011 3
b1101011 9
01
#23185000
b1101100 B
b1101100 ,
b1101100 7
b1101100 G
b1101011 !
b1101011 <
b1101011 @
b10001111100 6
11
#23190000
b0 )
b0 =
0+
04
01
#23195000
11
#23200000
b1111 )
b1111 =
1+
14
b1101100 *
b1101100 >
b1101100 3
b1101100 9
01
#23205000
b1101101 B
b1101101 ,
b1101101 7
b1101101 G
b1101100 !
b1101100 <
b1101100 @
b10001111101 6
11
#23210000
b0 )
b0 =
0+
04
01
#23215000
11
#23220000
b1111 )
b1111 =
1+
14
b1101101 *
b1101101 >
b1101101 3
b1101101 9
01
#23225000
b1101110 B
b1101110 ,
b1101110 7
b1101110 G
b1101101 !
b1101101 <
b1101101 @
b10001111110 6
11
#23230000
b0 )
b0 =
0+
04
01
#23235000
11
#23240000
b1111 )
b1111 =
1+
14
b1101110 *
b1101110 >
b1101110 3
b1101110 9
01
#23245000
b1101111 B
b1101111 ,
b1101111 7
b1101111 G
b1101110 !
b1101110 <
b1101110 @
b10001111111 6
11
#23250000
b0 )
b0 =
0+
04
01
#23255000
11
#23260000
b1111 )
b1111 =
1+
14
b1101111 *
b1101111 >
b1101111 3
b1101111 9
01
#23265000
b1110000 B
b1110000 ,
b1110000 7
b1110000 G
b1101111 !
b1101111 <
b1101111 @
b10010000000 6
11
#23270000
b0 )
b0 =
0+
04
01
#23275000
11
#23280000
b1111 )
b1111 =
1+
14
b1110000 *
b1110000 >
b1110000 3
b1110000 9
01
#23285000
b1110001 B
b1110001 ,
b1110001 7
b1110001 G
b1110000 !
b1110000 <
b1110000 @
b10010000001 6
11
#23290000
b0 )
b0 =
0+
04
01
#23295000
11
#23300000
b1111 )
b1111 =
1+
14
b1110001 *
b1110001 >
b1110001 3
b1110001 9
01
#23305000
b1110010 B
b1110010 ,
b1110010 7
b1110010 G
b1110001 !
b1110001 <
b1110001 @
b10010000010 6
11
#23310000
b0 )
b0 =
0+
04
01
#23315000
11
#23320000
b1111 )
b1111 =
1+
14
b1110010 *
b1110010 >
b1110010 3
b1110010 9
01
#23325000
b1110011 B
b1110011 ,
b1110011 7
b1110011 G
b1110010 !
b1110010 <
b1110010 @
b10010000011 6
11
#23330000
b0 )
b0 =
0+
04
01
#23335000
11
#23340000
b1111 )
b1111 =
1+
14
b1110011 *
b1110011 >
b1110011 3
b1110011 9
01
#23345000
b1110100 B
b1110100 ,
b1110100 7
b1110100 G
b1110011 !
b1110011 <
b1110011 @
b10010000100 6
11
#23350000
b0 )
b0 =
0+
04
01
#23355000
11
#23360000
b1111 )
b1111 =
1+
14
b1110100 *
b1110100 >
b1110100 3
b1110100 9
01
#23365000
b1110101 B
b1110101 ,
b1110101 7
b1110101 G
b1110100 !
b1110100 <
b1110100 @
b10010000101 6
11
#23370000
b0 )
b0 =
0+
04
01
#23375000
11
#23380000
b1111 )
b1111 =
1+
14
b1110101 *
b1110101 >
b1110101 3
b1110101 9
01
#23385000
b1110110 B
b1110110 ,
b1110110 7
b1110110 G
b1110101 !
b1110101 <
b1110101 @
b10010000110 6
11
#23390000
b0 )
b0 =
0+
04
01
#23395000
11
#23400000
b1111 )
b1111 =
1+
14
b1110110 *
b1110110 >
b1110110 3
b1110110 9
01
#23405000
b1110111 B
b1110111 ,
b1110111 7
b1110111 G
b1110110 !
b1110110 <
b1110110 @
b10010000111 6
11
#23410000
b0 )
b0 =
0+
04
01
#23415000
11
#23420000
b1111 )
b1111 =
1+
14
b1110111 *
b1110111 >
b1110111 3
b1110111 9
01
#23425000
b1111000 B
b1111000 ,
b1111000 7
b1111000 G
b1110111 !
b1110111 <
b1110111 @
b10010001000 6
11
#23430000
b0 )
b0 =
0+
04
01
#23435000
11
#23440000
b1111 )
b1111 =
1+
14
b1111000 *
b1111000 >
b1111000 3
b1111000 9
01
#23445000
b1111001 B
b1111001 ,
b1111001 7
b1111001 G
b1111000 !
b1111000 <
b1111000 @
b10010001001 6
11
#23450000
b0 )
b0 =
0+
04
01
#23455000
11
#23460000
b1111 )
b1111 =
1+
14
b1111001 *
b1111001 >
b1111001 3
b1111001 9
01
#23465000
b1111010 B
b1111010 ,
b1111010 7
b1111010 G
b1111001 !
b1111001 <
b1111001 @
b10010001010 6
11
#23470000
b0 )
b0 =
0+
04
01
#23475000
11
#23480000
b1111 )
b1111 =
1+
14
b1111010 *
b1111010 >
b1111010 3
b1111010 9
01
#23485000
b1111011 B
b1111011 ,
b1111011 7
b1111011 G
b1111010 !
b1111010 <
b1111010 @
b10010001011 6
11
#23490000
b0 )
b0 =
0+
04
01
#23495000
11
#23500000
b1111 )
b1111 =
1+
14
b1111011 *
b1111011 >
b1111011 3
b1111011 9
01
#23505000
b1111100 B
b1111100 ,
b1111100 7
b1111100 G
b1111011 !
b1111011 <
b1111011 @
b10010001100 6
11
#23510000
b0 )
b0 =
0+
04
01
#23515000
11
#23520000
b1111 )
b1111 =
1+
14
b1111100 *
b1111100 >
b1111100 3
b1111100 9
01
#23525000
b1111101 B
b1111101 ,
b1111101 7
b1111101 G
b1111100 !
b1111100 <
b1111100 @
b10010001101 6
11
#23530000
b0 )
b0 =
0+
04
01
#23535000
11
#23540000
b1111 )
b1111 =
1+
14
b1111101 *
b1111101 >
b1111101 3
b1111101 9
01
#23545000
b1111110 B
b1111110 ,
b1111110 7
b1111110 G
b1111101 !
b1111101 <
b1111101 @
b10010001110 6
11
#23550000
b0 )
b0 =
0+
04
01
#23555000
11
#23560000
b1111 )
b1111 =
1+
14
b1111110 *
b1111110 >
b1111110 3
b1111110 9
01
#23565000
b1111111 B
b1111111 ,
b1111111 7
b1111111 G
b1111110 !
b1111110 <
b1111110 @
b10010001111 6
11
#23570000
b0 )
b0 =
0+
04
01
#23575000
11
#23580000
b1111 )
b1111 =
1+
14
b1111111 *
b1111111 >
b1111111 3
b1111111 9
01
#23585000
b10000000 B
b10000000 ,
b10000000 7
b10000000 G
b1111111 !
b1111111 <
b1111111 @
b10010010000 6
11
#23590000
b0 )
b0 =
0+
04
01
#23595000
11
#23600000
b1111 )
b1111 =
1+
14
b10000000 *
b10000000 >
b10000000 3
b10000000 9
01
#23605000
b10000001 B
b10000001 ,
b10000001 7
b10000001 G
b10000000 !
b10000000 <
b10000000 @
b10010010001 6
11
#23610000
b0 )
b0 =
0+
04
01
#23615000
11
#23620000
b1111 )
b1111 =
1+
14
b10000001 *
b10000001 >
b10000001 3
b10000001 9
01
#23625000
b10000010 B
b10000010 ,
b10000010 7
b10000010 G
b10000001 !
b10000001 <
b10000001 @
b10010010010 6
11
#23630000
b0 )
b0 =
0+
04
01
#23635000
11
#23640000
b1111 )
b1111 =
1+
14
b10000010 *
b10000010 >
b10000010 3
b10000010 9
01
#23645000
b10000011 B
b10000011 ,
b10000011 7
b10000011 G
b10000010 !
b10000010 <
b10000010 @
b10010010011 6
11
#23650000
b0 )
b0 =
0+
04
01
#23655000
11
#23660000
b1111 )
b1111 =
1+
14
b10000011 *
b10000011 >
b10000011 3
b10000011 9
01
#23665000
b10000100 B
b10000100 ,
b10000100 7
b10000100 G
b10000011 !
b10000011 <
b10000011 @
b10010010100 6
11
#23670000
b0 )
b0 =
0+
04
01
#23675000
11
#23680000
b1111 )
b1111 =
1+
14
b10000100 *
b10000100 >
b10000100 3
b10000100 9
01
#23685000
b10000101 B
b10000101 ,
b10000101 7
b10000101 G
b10000100 !
b10000100 <
b10000100 @
b10010010101 6
11
#23690000
b0 )
b0 =
0+
04
01
#23695000
11
#23700000
b1111 )
b1111 =
1+
14
b10000101 *
b10000101 >
b10000101 3
b10000101 9
01
#23705000
b10000110 B
b10000110 ,
b10000110 7
b10000110 G
b10000101 !
b10000101 <
b10000101 @
b10010010110 6
11
#23710000
b0 )
b0 =
0+
04
01
#23715000
11
#23720000
b1111 )
b1111 =
1+
14
b10000110 *
b10000110 >
b10000110 3
b10000110 9
01
#23725000
b10000111 B
b10000111 ,
b10000111 7
b10000111 G
b10000110 !
b10000110 <
b10000110 @
b10010010111 6
11
#23730000
b0 )
b0 =
0+
04
01
#23735000
11
#23740000
b1111 )
b1111 =
1+
14
b10000111 *
b10000111 >
b10000111 3
b10000111 9
01
#23745000
b10001000 B
b10001000 ,
b10001000 7
b10001000 G
b10000111 !
b10000111 <
b10000111 @
b10010011000 6
11
#23750000
b0 )
b0 =
0+
04
01
#23755000
11
#23760000
b1111 )
b1111 =
1+
14
b10001000 *
b10001000 >
b10001000 3
b10001000 9
01
#23765000
b10001001 B
b10001001 ,
b10001001 7
b10001001 G
b10001000 !
b10001000 <
b10001000 @
b10010011001 6
11
#23770000
b0 )
b0 =
0+
04
01
#23775000
11
#23780000
b1111 )
b1111 =
1+
14
b10001001 *
b10001001 >
b10001001 3
b10001001 9
01
#23785000
b10001010 B
b10001010 ,
b10001010 7
b10001010 G
b10001001 !
b10001001 <
b10001001 @
b10010011010 6
11
#23790000
b0 )
b0 =
0+
04
01
#23795000
11
#23800000
b1111 )
b1111 =
1+
14
b10001010 *
b10001010 >
b10001010 3
b10001010 9
01
#23805000
b10001011 B
b10001011 ,
b10001011 7
b10001011 G
b10001010 !
b10001010 <
b10001010 @
b10010011011 6
11
#23810000
b0 )
b0 =
0+
04
01
#23815000
11
#23820000
b1111 )
b1111 =
1+
14
b10001011 *
b10001011 >
b10001011 3
b10001011 9
01
#23825000
b10001100 B
b10001100 ,
b10001100 7
b10001100 G
b10001011 !
b10001011 <
b10001011 @
b10010011100 6
11
#23830000
b0 )
b0 =
0+
04
01
#23835000
11
#23840000
b1111 )
b1111 =
1+
14
b10001100 *
b10001100 >
b10001100 3
b10001100 9
01
#23845000
b10001101 B
b10001101 ,
b10001101 7
b10001101 G
b10001100 !
b10001100 <
b10001100 @
b10010011101 6
11
#23850000
b0 )
b0 =
0+
04
01
#23855000
11
#23860000
b1111 )
b1111 =
1+
14
b10001101 *
b10001101 >
b10001101 3
b10001101 9
01
#23865000
b10001110 B
b10001110 ,
b10001110 7
b10001110 G
b10001101 !
b10001101 <
b10001101 @
b10010011110 6
11
#23870000
b0 )
b0 =
0+
04
01
#23875000
11
#23880000
b1111 )
b1111 =
1+
14
b10001110 *
b10001110 >
b10001110 3
b10001110 9
01
#23885000
b10001111 B
b10001111 ,
b10001111 7
b10001111 G
b10001110 !
b10001110 <
b10001110 @
b10010011111 6
11
#23890000
b0 )
b0 =
0+
04
01
#23895000
11
#23900000
b1111 )
b1111 =
1+
14
b10001111 *
b10001111 >
b10001111 3
b10001111 9
01
#23905000
b10010000 B
b10010000 ,
b10010000 7
b10010000 G
b10001111 !
b10001111 <
b10001111 @
b10010100000 6
11
#23910000
b0 )
b0 =
0+
04
01
#23915000
11
#23920000
b1111 )
b1111 =
1+
14
b10010000 *
b10010000 >
b10010000 3
b10010000 9
01
#23925000
b10010001 B
b10010001 ,
b10010001 7
b10010001 G
b10010000 !
b10010000 <
b10010000 @
b10010100001 6
11
#23930000
b0 )
b0 =
0+
04
01
#23935000
11
#23940000
b1111 )
b1111 =
1+
14
b10010001 *
b10010001 >
b10010001 3
b10010001 9
01
#23945000
b10010010 B
b10010010 ,
b10010010 7
b10010010 G
b10010001 !
b10010001 <
b10010001 @
b10010100010 6
11
#23950000
b0 )
b0 =
0+
04
01
#23955000
11
#23960000
b1111 )
b1111 =
1+
14
b10010010 *
b10010010 >
b10010010 3
b10010010 9
01
#23965000
b10010011 B
b10010011 ,
b10010011 7
b10010011 G
b10010010 !
b10010010 <
b10010010 @
b10010100011 6
11
#23970000
b0 )
b0 =
0+
04
01
#23975000
11
#23980000
b1111 )
b1111 =
1+
14
b10010011 *
b10010011 >
b10010011 3
b10010011 9
01
#23985000
b10010100 B
b10010100 ,
b10010100 7
b10010100 G
b10010011 !
b10010011 <
b10010011 @
b10010100100 6
11
#23990000
b0 )
b0 =
0+
04
01
#23995000
11
#24000000
b1111 )
b1111 =
1+
14
b10010100 *
b10010100 >
b10010100 3
b10010100 9
01
#24005000
b10010101 B
b10010101 ,
b10010101 7
b10010101 G
b10010100 !
b10010100 <
b10010100 @
b10010100101 6
11
#24010000
b0 )
b0 =
0+
04
01
#24015000
11
#24020000
b1111 )
b1111 =
1+
14
b10010101 *
b10010101 >
b10010101 3
b10010101 9
01
#24025000
b10010110 B
b10010110 ,
b10010110 7
b10010110 G
b10010101 !
b10010101 <
b10010101 @
b10010100110 6
11
#24030000
b0 )
b0 =
0+
04
01
#24035000
11
#24040000
b1111 )
b1111 =
1+
14
b10010110 *
b10010110 >
b10010110 3
b10010110 9
01
#24045000
b10010111 B
b10010111 ,
b10010111 7
b10010111 G
b10010110 !
b10010110 <
b10010110 @
b10010100111 6
11
#24050000
b0 )
b0 =
0+
04
01
#24055000
11
#24060000
b1111 )
b1111 =
1+
14
b10010111 *
b10010111 >
b10010111 3
b10010111 9
01
#24065000
b10011000 B
b10011000 ,
b10011000 7
b10011000 G
b10010111 !
b10010111 <
b10010111 @
b10010101000 6
11
#24070000
b0 )
b0 =
0+
04
01
#24075000
11
#24080000
b1111 )
b1111 =
1+
14
b10011000 *
b10011000 >
b10011000 3
b10011000 9
01
#24085000
b10011001 B
b10011001 ,
b10011001 7
b10011001 G
b10011000 !
b10011000 <
b10011000 @
b10010101001 6
11
#24090000
b0 )
b0 =
0+
04
01
#24095000
11
#24100000
b1111 )
b1111 =
1+
14
b10011001 *
b10011001 >
b10011001 3
b10011001 9
01
#24105000
b10011010 B
b10011010 ,
b10011010 7
b10011010 G
b10011001 !
b10011001 <
b10011001 @
b10010101010 6
11
#24110000
b0 )
b0 =
0+
04
01
#24115000
11
#24120000
b1111 )
b1111 =
1+
14
b10011010 *
b10011010 >
b10011010 3
b10011010 9
01
#24125000
b10011011 B
b10011011 ,
b10011011 7
b10011011 G
b10011010 !
b10011010 <
b10011010 @
b10010101011 6
11
#24130000
b0 )
b0 =
0+
04
01
#24135000
11
#24140000
b1111 )
b1111 =
1+
14
b10011011 *
b10011011 >
b10011011 3
b10011011 9
01
#24145000
b10011100 B
b10011100 ,
b10011100 7
b10011100 G
b10011011 !
b10011011 <
b10011011 @
b10010101100 6
11
#24150000
b0 )
b0 =
0+
04
01
#24155000
11
#24160000
b1111 )
b1111 =
1+
14
b10011100 *
b10011100 >
b10011100 3
b10011100 9
01
#24165000
b10011101 B
b10011101 ,
b10011101 7
b10011101 G
b10011100 !
b10011100 <
b10011100 @
b10010101101 6
11
#24170000
b0 )
b0 =
0+
04
01
#24175000
11
#24180000
b1111 )
b1111 =
1+
14
b10011101 *
b10011101 >
b10011101 3
b10011101 9
01
#24185000
b10011110 B
b10011110 ,
b10011110 7
b10011110 G
b10011101 !
b10011101 <
b10011101 @
b10010101110 6
11
#24190000
b0 )
b0 =
0+
04
01
#24195000
11
#24200000
b1111 )
b1111 =
1+
14
b10011110 *
b10011110 >
b10011110 3
b10011110 9
01
#24205000
b10011111 B
b10011111 ,
b10011111 7
b10011111 G
b10011110 !
b10011110 <
b10011110 @
b10010101111 6
11
#24210000
b0 )
b0 =
0+
04
01
#24215000
11
#24220000
b1111 )
b1111 =
1+
14
b10011111 *
b10011111 >
b10011111 3
b10011111 9
01
#24225000
b10100000 B
b10100000 ,
b10100000 7
b10100000 G
b10011111 !
b10011111 <
b10011111 @
b10010110000 6
11
#24230000
b0 )
b0 =
0+
04
01
#24235000
11
#24240000
b1111 )
b1111 =
1+
14
b10100000 *
b10100000 >
b10100000 3
b10100000 9
01
#24245000
b10100001 B
b10100001 ,
b10100001 7
b10100001 G
b10100000 !
b10100000 <
b10100000 @
b10010110001 6
11
#24250000
b0 )
b0 =
0+
04
01
#24255000
11
#24260000
b1111 )
b1111 =
1+
14
b10100001 *
b10100001 >
b10100001 3
b10100001 9
01
#24265000
b10100010 B
b10100010 ,
b10100010 7
b10100010 G
b10100001 !
b10100001 <
b10100001 @
b10010110010 6
11
#24270000
b0 )
b0 =
0+
04
01
#24275000
11
#24280000
b1111 )
b1111 =
1+
14
b10100010 *
b10100010 >
b10100010 3
b10100010 9
01
#24285000
b10100011 B
b10100011 ,
b10100011 7
b10100011 G
b10100010 !
b10100010 <
b10100010 @
b10010110011 6
11
#24290000
b0 )
b0 =
0+
04
01
#24295000
11
#24300000
b1111 )
b1111 =
1+
14
b10100011 *
b10100011 >
b10100011 3
b10100011 9
01
#24305000
b10100100 B
b10100100 ,
b10100100 7
b10100100 G
b10100011 !
b10100011 <
b10100011 @
b10010110100 6
11
#24310000
b0 )
b0 =
0+
04
01
#24315000
11
#24320000
b1111 )
b1111 =
1+
14
b10100100 *
b10100100 >
b10100100 3
b10100100 9
01
#24325000
b10100101 B
b10100101 ,
b10100101 7
b10100101 G
b10100100 !
b10100100 <
b10100100 @
b10010110101 6
11
#24330000
b0 )
b0 =
0+
04
01
#24335000
11
#24340000
b1111 )
b1111 =
1+
14
b10100101 *
b10100101 >
b10100101 3
b10100101 9
01
#24345000
b10100110 B
b10100110 ,
b10100110 7
b10100110 G
b10100101 !
b10100101 <
b10100101 @
b10010110110 6
11
#24350000
b0 )
b0 =
0+
04
01
#24355000
11
#24360000
b1111 )
b1111 =
1+
14
b10100110 *
b10100110 >
b10100110 3
b10100110 9
01
#24365000
b10100111 B
b10100111 ,
b10100111 7
b10100111 G
b10100110 !
b10100110 <
b10100110 @
b10010110111 6
11
#24370000
b0 )
b0 =
0+
04
01
#24375000
11
#24380000
b1111 )
b1111 =
1+
14
b10100111 *
b10100111 >
b10100111 3
b10100111 9
01
#24385000
b10101000 B
b10101000 ,
b10101000 7
b10101000 G
b10100111 !
b10100111 <
b10100111 @
b10010111000 6
11
#24390000
b0 )
b0 =
0+
04
01
#24395000
11
#24400000
b1111 )
b1111 =
1+
14
b10101000 *
b10101000 >
b10101000 3
b10101000 9
01
#24405000
b10101001 B
b10101001 ,
b10101001 7
b10101001 G
b10101000 !
b10101000 <
b10101000 @
b10010111001 6
11
#24410000
b0 )
b0 =
0+
04
01
#24415000
11
#24420000
b1111 )
b1111 =
1+
14
b10101001 *
b10101001 >
b10101001 3
b10101001 9
01
#24425000
b10101010 B
b10101010 ,
b10101010 7
b10101010 G
b10101001 !
b10101001 <
b10101001 @
b10010111010 6
11
#24430000
b0 )
b0 =
0+
04
01
#24435000
11
#24440000
b1111 )
b1111 =
1+
14
b10101010 *
b10101010 >
b10101010 3
b10101010 9
01
#24445000
b10101011 B
b10101011 ,
b10101011 7
b10101011 G
b10101010 !
b10101010 <
b10101010 @
b10010111011 6
11
#24450000
b0 )
b0 =
0+
04
01
#24455000
11
#24460000
b1111 )
b1111 =
1+
14
b10101011 *
b10101011 >
b10101011 3
b10101011 9
01
#24465000
b10101100 B
b10101100 ,
b10101100 7
b10101100 G
b10101011 !
b10101011 <
b10101011 @
b10010111100 6
11
#24470000
b0 )
b0 =
0+
04
01
#24475000
11
#24480000
b1111 )
b1111 =
1+
14
b10101100 *
b10101100 >
b10101100 3
b10101100 9
01
#24485000
b10101101 B
b10101101 ,
b10101101 7
b10101101 G
b10101100 !
b10101100 <
b10101100 @
b10010111101 6
11
#24490000
b0 )
b0 =
0+
04
01
#24495000
11
#24500000
b1111 )
b1111 =
1+
14
b10101101 *
b10101101 >
b10101101 3
b10101101 9
01
#24505000
b10101110 B
b10101110 ,
b10101110 7
b10101110 G
b10101101 !
b10101101 <
b10101101 @
b10010111110 6
11
#24510000
b0 )
b0 =
0+
04
01
#24515000
11
#24520000
b1111 )
b1111 =
1+
14
b10101110 *
b10101110 >
b10101110 3
b10101110 9
01
#24525000
b10101111 B
b10101111 ,
b10101111 7
b10101111 G
b10101110 !
b10101110 <
b10101110 @
b10010111111 6
11
#24530000
b0 )
b0 =
0+
04
01
#24535000
11
#24540000
b1111 )
b1111 =
1+
14
b10101111 *
b10101111 >
b10101111 3
b10101111 9
01
#24545000
b10110000 B
b10110000 ,
b10110000 7
b10110000 G
b10101111 !
b10101111 <
b10101111 @
b10011000000 6
11
#24550000
b0 )
b0 =
0+
04
01
#24555000
11
#24560000
b1111 )
b1111 =
1+
14
b10110000 *
b10110000 >
b10110000 3
b10110000 9
01
#24565000
b10110001 B
b10110001 ,
b10110001 7
b10110001 G
b10110000 !
b10110000 <
b10110000 @
b10011000001 6
11
#24570000
b0 )
b0 =
0+
04
01
#24575000
11
#24580000
b1111 )
b1111 =
1+
14
b10110001 *
b10110001 >
b10110001 3
b10110001 9
01
#24585000
b10110010 B
b10110010 ,
b10110010 7
b10110010 G
b10110001 !
b10110001 <
b10110001 @
b10011000010 6
11
#24590000
b0 )
b0 =
0+
04
01
#24595000
11
#24600000
b1111 )
b1111 =
1+
14
b10110010 *
b10110010 >
b10110010 3
b10110010 9
01
#24605000
b10110011 B
b10110011 ,
b10110011 7
b10110011 G
b10110010 !
b10110010 <
b10110010 @
b10011000011 6
11
#24610000
b0 )
b0 =
0+
04
01
#24615000
11
#24620000
b1111 )
b1111 =
1+
14
b10110011 *
b10110011 >
b10110011 3
b10110011 9
01
#24625000
b10110100 B
b10110100 ,
b10110100 7
b10110100 G
b10110011 !
b10110011 <
b10110011 @
b10011000100 6
11
#24630000
b0 )
b0 =
0+
04
01
#24635000
11
#24640000
b1111 )
b1111 =
1+
14
b10110100 *
b10110100 >
b10110100 3
b10110100 9
01
#24645000
b10110101 B
b10110101 ,
b10110101 7
b10110101 G
b10110100 !
b10110100 <
b10110100 @
b10011000101 6
11
#24650000
b0 )
b0 =
0+
04
01
#24655000
11
#24660000
b1111 )
b1111 =
1+
14
b10110101 *
b10110101 >
b10110101 3
b10110101 9
01
#24665000
b10110110 B
b10110110 ,
b10110110 7
b10110110 G
b10110101 !
b10110101 <
b10110101 @
b10011000110 6
11
#24670000
b0 )
b0 =
0+
04
01
#24675000
11
#24680000
b1111 )
b1111 =
1+
14
b10110110 *
b10110110 >
b10110110 3
b10110110 9
01
#24685000
b10110111 B
b10110111 ,
b10110111 7
b10110111 G
b10110110 !
b10110110 <
b10110110 @
b10011000111 6
11
#24690000
b0 )
b0 =
0+
04
01
#24695000
11
#24700000
b1111 )
b1111 =
1+
14
b10110111 *
b10110111 >
b10110111 3
b10110111 9
01
#24705000
b10111000 B
b10111000 ,
b10111000 7
b10111000 G
b10110111 !
b10110111 <
b10110111 @
b10011001000 6
11
#24710000
b0 )
b0 =
0+
04
01
#24715000
11
#24720000
b1111 )
b1111 =
1+
14
b10111000 *
b10111000 >
b10111000 3
b10111000 9
01
#24725000
b10111001 B
b10111001 ,
b10111001 7
b10111001 G
b10111000 !
b10111000 <
b10111000 @
b10011001001 6
11
#24730000
b0 )
b0 =
0+
04
01
#24735000
11
#24740000
b1111 )
b1111 =
1+
14
b10111001 *
b10111001 >
b10111001 3
b10111001 9
01
#24745000
b10111010 B
b10111010 ,
b10111010 7
b10111010 G
b10111001 !
b10111001 <
b10111001 @
b10011001010 6
11
#24750000
b0 )
b0 =
0+
04
01
#24755000
11
#24760000
b1111 )
b1111 =
1+
14
b10111010 *
b10111010 >
b10111010 3
b10111010 9
01
#24765000
b10111011 B
b10111011 ,
b10111011 7
b10111011 G
b10111010 !
b10111010 <
b10111010 @
b10011001011 6
11
#24770000
b0 )
b0 =
0+
04
01
#24775000
11
#24780000
b1111 )
b1111 =
1+
14
b10111011 *
b10111011 >
b10111011 3
b10111011 9
01
#24785000
b10111100 B
b10111100 ,
b10111100 7
b10111100 G
b10111011 !
b10111011 <
b10111011 @
b10011001100 6
11
#24790000
b0 )
b0 =
0+
04
01
#24795000
11
#24800000
b1111 )
b1111 =
1+
14
b10111100 *
b10111100 >
b10111100 3
b10111100 9
01
#24805000
b10111101 B
b10111101 ,
b10111101 7
b10111101 G
b10111100 !
b10111100 <
b10111100 @
b10011001101 6
11
#24810000
b0 )
b0 =
0+
04
01
#24815000
11
#24820000
b1111 )
b1111 =
1+
14
b10111101 *
b10111101 >
b10111101 3
b10111101 9
01
#24825000
b10111110 B
b10111110 ,
b10111110 7
b10111110 G
b10111101 !
b10111101 <
b10111101 @
b10011001110 6
11
#24830000
b0 )
b0 =
0+
04
01
#24835000
11
#24840000
b1111 )
b1111 =
1+
14
b10111110 *
b10111110 >
b10111110 3
b10111110 9
01
#24845000
b10111111 B
b10111111 ,
b10111111 7
b10111111 G
b10111110 !
b10111110 <
b10111110 @
b10011001111 6
11
#24850000
b0 )
b0 =
0+
04
01
#24855000
11
#24860000
b1111 )
b1111 =
1+
14
b10111111 *
b10111111 >
b10111111 3
b10111111 9
01
#24865000
b11000000 B
b11000000 ,
b11000000 7
b11000000 G
b10111111 !
b10111111 <
b10111111 @
b10011010000 6
11
#24870000
b0 )
b0 =
0+
04
01
#24875000
11
#24880000
b1111 )
b1111 =
1+
14
b11000000 *
b11000000 >
b11000000 3
b11000000 9
01
#24885000
b11000001 B
b11000001 ,
b11000001 7
b11000001 G
b11000000 !
b11000000 <
b11000000 @
b10011010001 6
11
#24890000
b0 )
b0 =
0+
04
01
#24895000
11
#24900000
b1111 )
b1111 =
1+
14
b11000001 *
b11000001 >
b11000001 3
b11000001 9
01
#24905000
b11000010 B
b11000010 ,
b11000010 7
b11000010 G
b11000001 !
b11000001 <
b11000001 @
b10011010010 6
11
#24910000
b0 )
b0 =
0+
04
01
#24915000
11
#24920000
b1111 )
b1111 =
1+
14
b11000010 *
b11000010 >
b11000010 3
b11000010 9
01
#24925000
b11000011 B
b11000011 ,
b11000011 7
b11000011 G
b11000010 !
b11000010 <
b11000010 @
b10011010011 6
11
#24930000
b0 )
b0 =
0+
04
01
#24935000
11
#24940000
b1111 )
b1111 =
1+
14
b11000011 *
b11000011 >
b11000011 3
b11000011 9
01
#24945000
b11000100 B
b11000100 ,
b11000100 7
b11000100 G
b11000011 !
b11000011 <
b11000011 @
b10011010100 6
11
#24950000
b0 )
b0 =
0+
04
01
#24955000
11
#24960000
b1111 )
b1111 =
1+
14
b11000100 *
b11000100 >
b11000100 3
b11000100 9
01
#24965000
b11000101 B
b11000101 ,
b11000101 7
b11000101 G
b11000100 !
b11000100 <
b11000100 @
b10011010101 6
11
#24970000
b0 )
b0 =
0+
04
01
#24975000
11
#24980000
b1111 )
b1111 =
1+
14
b11000101 *
b11000101 >
b11000101 3
b11000101 9
01
#24985000
b11000110 B
b11000110 ,
b11000110 7
b11000110 G
b11000101 !
b11000101 <
b11000101 @
b10011010110 6
11
#24990000
b0 )
b0 =
0+
04
01
#24995000
11
#25000000
b1111 )
b1111 =
1+
14
b11000110 *
b11000110 >
b11000110 3
b11000110 9
01
#25005000
b11000111 B
b11000111 ,
b11000111 7
b11000111 G
b11000110 !
b11000110 <
b11000110 @
b10011010111 6
11
#25010000
b0 )
b0 =
0+
04
01
#25015000
11
#25020000
b1111 )
b1111 =
1+
14
b11000111 *
b11000111 >
b11000111 3
b11000111 9
01
#25025000
b11001000 B
b11001000 ,
b11001000 7
b11001000 G
b11000111 !
b11000111 <
b11000111 @
b10011011000 6
11
#25030000
b0 )
b0 =
0+
04
01
#25035000
11
#25040000
b1111 )
b1111 =
1+
14
b11001000 *
b11001000 >
b11001000 3
b11001000 9
01
#25045000
b11001001 B
b11001001 ,
b11001001 7
b11001001 G
b11001000 !
b11001000 <
b11001000 @
b10011011001 6
11
#25050000
b0 )
b0 =
0+
04
01
#25055000
11
#25060000
b1111 )
b1111 =
1+
14
b11001001 *
b11001001 >
b11001001 3
b11001001 9
01
#25065000
b11001010 B
b11001010 ,
b11001010 7
b11001010 G
b11001001 !
b11001001 <
b11001001 @
b10011011010 6
11
#25070000
b0 )
b0 =
0+
04
01
#25075000
11
#25080000
b1111 )
b1111 =
1+
14
b11001010 *
b11001010 >
b11001010 3
b11001010 9
01
#25085000
b11001011 B
b11001011 ,
b11001011 7
b11001011 G
b11001010 !
b11001010 <
b11001010 @
b10011011011 6
11
#25090000
b0 )
b0 =
0+
04
01
#25095000
11
#25100000
b1111 )
b1111 =
1+
14
b11001011 *
b11001011 >
b11001011 3
b11001011 9
01
#25105000
b11001100 B
b11001100 ,
b11001100 7
b11001100 G
b11001011 !
b11001011 <
b11001011 @
b10011011100 6
11
#25110000
b0 )
b0 =
0+
04
01
#25115000
11
#25120000
b1111 )
b1111 =
1+
14
b11001100 *
b11001100 >
b11001100 3
b11001100 9
01
#25125000
b11001101 B
b11001101 ,
b11001101 7
b11001101 G
b11001100 !
b11001100 <
b11001100 @
b10011011101 6
11
#25130000
b0 )
b0 =
0+
04
01
#25135000
11
#25140000
b1111 )
b1111 =
1+
14
b11001101 *
b11001101 >
b11001101 3
b11001101 9
01
#25145000
b11001110 B
b11001110 ,
b11001110 7
b11001110 G
b11001101 !
b11001101 <
b11001101 @
b10011011110 6
11
#25150000
b0 )
b0 =
0+
04
01
#25155000
11
#25160000
b1111 )
b1111 =
1+
14
b11001110 *
b11001110 >
b11001110 3
b11001110 9
01
#25165000
b11001111 B
b11001111 ,
b11001111 7
b11001111 G
b11001110 !
b11001110 <
b11001110 @
b10011011111 6
11
#25170000
b0 )
b0 =
0+
04
01
#25175000
11
#25180000
b1111 )
b1111 =
1+
14
b11001111 *
b11001111 >
b11001111 3
b11001111 9
01
#25185000
b11010000 B
b11010000 ,
b11010000 7
b11010000 G
b11001111 !
b11001111 <
b11001111 @
b10011100000 6
11
#25190000
b0 )
b0 =
0+
04
01
#25195000
11
#25200000
b1111 )
b1111 =
1+
14
b11010000 *
b11010000 >
b11010000 3
b11010000 9
01
#25205000
b11010001 B
b11010001 ,
b11010001 7
b11010001 G
b11010000 !
b11010000 <
b11010000 @
b10011100001 6
11
#25210000
b0 )
b0 =
0+
04
01
#25215000
11
#25220000
b1111 )
b1111 =
1+
14
b11010001 *
b11010001 >
b11010001 3
b11010001 9
01
#25225000
b11010010 B
b11010010 ,
b11010010 7
b11010010 G
b11010001 !
b11010001 <
b11010001 @
b10011100010 6
11
#25230000
b0 )
b0 =
0+
04
01
#25235000
11
#25240000
b1111 )
b1111 =
1+
14
b11010010 *
b11010010 >
b11010010 3
b11010010 9
01
#25245000
b11010011 B
b11010011 ,
b11010011 7
b11010011 G
b11010010 !
b11010010 <
b11010010 @
b10011100011 6
11
#25250000
b0 )
b0 =
0+
04
01
#25255000
11
#25260000
b1111 )
b1111 =
1+
14
b11010011 *
b11010011 >
b11010011 3
b11010011 9
01
#25265000
b11010100 B
b11010100 ,
b11010100 7
b11010100 G
b11010011 !
b11010011 <
b11010011 @
b10011100100 6
11
#25270000
b0 )
b0 =
0+
04
01
#25275000
11
#25280000
b1111 )
b1111 =
1+
14
b11010100 *
b11010100 >
b11010100 3
b11010100 9
01
#25285000
b11010101 B
b11010101 ,
b11010101 7
b11010101 G
b11010100 !
b11010100 <
b11010100 @
b10011100101 6
11
#25290000
b0 )
b0 =
0+
04
01
#25295000
11
#25300000
b1111 )
b1111 =
1+
14
b11010101 *
b11010101 >
b11010101 3
b11010101 9
01
#25305000
b11010110 B
b11010110 ,
b11010110 7
b11010110 G
b11010101 !
b11010101 <
b11010101 @
b10011100110 6
11
#25310000
b0 )
b0 =
0+
04
01
#25315000
11
#25320000
b1111 )
b1111 =
1+
14
b11010110 *
b11010110 >
b11010110 3
b11010110 9
01
#25325000
b11010111 B
b11010111 ,
b11010111 7
b11010111 G
b11010110 !
b11010110 <
b11010110 @
b10011100111 6
11
#25330000
b0 )
b0 =
0+
04
01
#25335000
11
#25340000
b1111 )
b1111 =
1+
14
b11010111 *
b11010111 >
b11010111 3
b11010111 9
01
#25345000
b11011000 B
b11011000 ,
b11011000 7
b11011000 G
b11010111 !
b11010111 <
b11010111 @
b10011101000 6
11
#25350000
b0 )
b0 =
0+
04
01
#25355000
11
#25360000
b1111 )
b1111 =
1+
14
b11011000 *
b11011000 >
b11011000 3
b11011000 9
01
#25365000
b11011001 B
b11011001 ,
b11011001 7
b11011001 G
b11011000 !
b11011000 <
b11011000 @
b10011101001 6
11
#25370000
b0 )
b0 =
0+
04
01
#25375000
11
#25380000
b1111 )
b1111 =
1+
14
b11011001 *
b11011001 >
b11011001 3
b11011001 9
01
#25385000
b11011010 B
b11011010 ,
b11011010 7
b11011010 G
b11011001 !
b11011001 <
b11011001 @
b10011101010 6
11
#25390000
b0 )
b0 =
0+
04
01
#25395000
11
#25400000
b1111 )
b1111 =
1+
14
b11011010 *
b11011010 >
b11011010 3
b11011010 9
01
#25405000
b11011011 B
b11011011 ,
b11011011 7
b11011011 G
b11011010 !
b11011010 <
b11011010 @
b10011101011 6
11
#25410000
b0 )
b0 =
0+
04
01
#25415000
11
#25420000
b1111 )
b1111 =
1+
14
b11011011 *
b11011011 >
b11011011 3
b11011011 9
01
#25425000
b11011100 B
b11011100 ,
b11011100 7
b11011100 G
b11011011 !
b11011011 <
b11011011 @
b10011101100 6
11
#25430000
b0 )
b0 =
0+
04
01
#25435000
11
#25440000
b1111 )
b1111 =
1+
14
b11011100 *
b11011100 >
b11011100 3
b11011100 9
01
#25445000
b11011101 B
b11011101 ,
b11011101 7
b11011101 G
b11011100 !
b11011100 <
b11011100 @
b10011101101 6
11
#25450000
b0 )
b0 =
0+
04
01
#25455000
11
#25460000
b1111 )
b1111 =
1+
14
b11011101 *
b11011101 >
b11011101 3
b11011101 9
01
#25465000
b11011110 B
b11011110 ,
b11011110 7
b11011110 G
b11011101 !
b11011101 <
b11011101 @
b10011101110 6
11
#25470000
b0 )
b0 =
0+
04
01
#25475000
11
#25480000
b1111 )
b1111 =
1+
14
b11011110 *
b11011110 >
b11011110 3
b11011110 9
01
#25485000
b11011111 B
b11011111 ,
b11011111 7
b11011111 G
b11011110 !
b11011110 <
b11011110 @
b10011101111 6
11
#25490000
b0 )
b0 =
0+
04
01
#25495000
11
#25500000
b1111 )
b1111 =
1+
14
b11011111 *
b11011111 >
b11011111 3
b11011111 9
01
#25505000
b11100000 B
b11100000 ,
b11100000 7
b11100000 G
b11011111 !
b11011111 <
b11011111 @
b10011110000 6
11
#25510000
b0 )
b0 =
0+
04
01
#25515000
11
#25520000
b1111 )
b1111 =
1+
14
b11100000 *
b11100000 >
b11100000 3
b11100000 9
01
#25525000
b11100001 B
b11100001 ,
b11100001 7
b11100001 G
b11100000 !
b11100000 <
b11100000 @
b10011110001 6
11
#25530000
b0 )
b0 =
0+
04
01
#25535000
11
#25540000
b1111 )
b1111 =
1+
14
b11100001 *
b11100001 >
b11100001 3
b11100001 9
01
#25545000
b11100010 B
b11100010 ,
b11100010 7
b11100010 G
b11100001 !
b11100001 <
b11100001 @
b10011110010 6
11
#25550000
b0 )
b0 =
0+
04
01
#25555000
11
#25560000
b1111 )
b1111 =
1+
14
b11100010 *
b11100010 >
b11100010 3
b11100010 9
01
#25565000
b11100011 B
b11100011 ,
b11100011 7
b11100011 G
b11100010 !
b11100010 <
b11100010 @
b10011110011 6
11
#25570000
b0 )
b0 =
0+
04
01
#25575000
11
#25580000
b1111 )
b1111 =
1+
14
b11100011 *
b11100011 >
b11100011 3
b11100011 9
01
#25585000
b11100100 B
b11100100 ,
b11100100 7
b11100100 G
b11100011 !
b11100011 <
b11100011 @
b10011110100 6
11
#25590000
b0 )
b0 =
0+
04
01
#25595000
11
#25600000
b1111 )
b1111 =
1+
14
b11100100 *
b11100100 >
b11100100 3
b11100100 9
01
#25605000
b11100101 B
b11100101 ,
b11100101 7
b11100101 G
b11100100 !
b11100100 <
b11100100 @
b10011110101 6
11
#25610000
b0 )
b0 =
0+
04
01
#25615000
11
#25620000
b1111 )
b1111 =
1+
14
b11100101 *
b11100101 >
b11100101 3
b11100101 9
01
#25625000
b11100110 B
b11100110 ,
b11100110 7
b11100110 G
b11100101 !
b11100101 <
b11100101 @
b10011110110 6
11
#25630000
b0 )
b0 =
0+
04
01
#25635000
11
#25640000
b1111 )
b1111 =
1+
14
b11100110 *
b11100110 >
b11100110 3
b11100110 9
01
#25645000
b11100111 B
b11100111 ,
b11100111 7
b11100111 G
b11100110 !
b11100110 <
b11100110 @
b10011110111 6
11
#25650000
b0 )
b0 =
0+
04
01
#25655000
11
#25660000
b1111 )
b1111 =
1+
14
b11100111 *
b11100111 >
b11100111 3
b11100111 9
01
#25665000
b11101000 B
b11101000 ,
b11101000 7
b11101000 G
b11100111 !
b11100111 <
b11100111 @
b10011111000 6
11
#25670000
b0 )
b0 =
0+
04
01
#25675000
11
#25680000
b1111 )
b1111 =
1+
14
b11101000 *
b11101000 >
b11101000 3
b11101000 9
01
#25685000
b11101001 B
b11101001 ,
b11101001 7
b11101001 G
b11101000 !
b11101000 <
b11101000 @
b10011111001 6
11
#25690000
b0 )
b0 =
0+
04
01
#25695000
11
#25700000
b1111 )
b1111 =
1+
14
b11101001 *
b11101001 >
b11101001 3
b11101001 9
01
#25705000
b11101010 B
b11101010 ,
b11101010 7
b11101010 G
b11101001 !
b11101001 <
b11101001 @
b10011111010 6
11
#25710000
b0 )
b0 =
0+
04
01
#25715000
11
#25720000
b1111 )
b1111 =
1+
14
b11101010 *
b11101010 >
b11101010 3
b11101010 9
01
#25725000
b11101011 B
b11101011 ,
b11101011 7
b11101011 G
b11101010 !
b11101010 <
b11101010 @
b10011111011 6
11
#25730000
b0 )
b0 =
0+
04
01
#25735000
11
#25740000
b1111 )
b1111 =
1+
14
b11101011 *
b11101011 >
b11101011 3
b11101011 9
01
#25745000
b11101100 B
b11101100 ,
b11101100 7
b11101100 G
b11101011 !
b11101011 <
b11101011 @
b10011111100 6
11
#25750000
b0 )
b0 =
0+
04
01
#25755000
11
#25760000
b1111 )
b1111 =
1+
14
b11101100 *
b11101100 >
b11101100 3
b11101100 9
01
#25765000
b11101101 B
b11101101 ,
b11101101 7
b11101101 G
b11101100 !
b11101100 <
b11101100 @
b10011111101 6
11
#25770000
b0 )
b0 =
0+
04
01
#25775000
11
#25780000
b1111 )
b1111 =
1+
14
b11101101 *
b11101101 >
b11101101 3
b11101101 9
01
#25785000
b11101110 B
b11101110 ,
b11101110 7
b11101110 G
b11101101 !
b11101101 <
b11101101 @
b10011111110 6
11
#25790000
b0 )
b0 =
0+
04
01
#25795000
11
#25800000
b1111 )
b1111 =
1+
14
b11101110 *
b11101110 >
b11101110 3
b11101110 9
01
#25805000
b11101111 B
b11101111 ,
b11101111 7
b11101111 G
b11101110 !
b11101110 <
b11101110 @
b10011111111 6
11
#25810000
b0 )
b0 =
0+
04
01
#25815000
11
#25820000
b1111 )
b1111 =
1+
14
b11101111 *
b11101111 >
b11101111 3
b11101111 9
01
#25825000
b11110000 B
b11110000 ,
b11110000 7
b11110000 G
b11101111 !
b11101111 <
b11101111 @
b10100000000 6
11
#25830000
b0 )
b0 =
0+
04
01
#25835000
11
#25840000
b1111 )
b1111 =
1+
14
b11110000 *
b11110000 >
b11110000 3
b11110000 9
01
#25845000
b11110001 B
b11110001 ,
b11110001 7
b11110001 G
b11110000 !
b11110000 <
b11110000 @
b10100000001 6
11
#25850000
b0 )
b0 =
0+
04
01
#25855000
11
#25860000
b1111 )
b1111 =
1+
14
b11110001 *
b11110001 >
b11110001 3
b11110001 9
01
#25865000
b11110010 B
b11110010 ,
b11110010 7
b11110010 G
b11110001 !
b11110001 <
b11110001 @
b10100000010 6
11
#25870000
b0 )
b0 =
0+
04
01
#25875000
11
#25880000
b1111 )
b1111 =
1+
14
b11110010 *
b11110010 >
b11110010 3
b11110010 9
01
#25885000
b11110011 B
b11110011 ,
b11110011 7
b11110011 G
b11110010 !
b11110010 <
b11110010 @
b10100000011 6
11
#25890000
b0 )
b0 =
0+
04
01
#25895000
11
#25900000
b1111 )
b1111 =
1+
14
b11110011 *
b11110011 >
b11110011 3
b11110011 9
01
#25905000
b11110100 B
b11110100 ,
b11110100 7
b11110100 G
b11110011 !
b11110011 <
b11110011 @
b10100000100 6
11
#25910000
b0 )
b0 =
0+
04
01
#25915000
11
#25920000
b1111 )
b1111 =
1+
14
b11110100 *
b11110100 >
b11110100 3
b11110100 9
01
#25925000
b11110101 B
b11110101 ,
b11110101 7
b11110101 G
b11110100 !
b11110100 <
b11110100 @
b10100000101 6
11
#25930000
b0 )
b0 =
0+
04
01
#25935000
11
#25940000
b1111 )
b1111 =
1+
14
b11110101 *
b11110101 >
b11110101 3
b11110101 9
01
#25945000
b11110110 B
b11110110 ,
b11110110 7
b11110110 G
b11110101 !
b11110101 <
b11110101 @
b10100000110 6
11
#25950000
b0 )
b0 =
0+
04
01
#25955000
11
#25960000
b1111 )
b1111 =
1+
14
b11110110 *
b11110110 >
b11110110 3
b11110110 9
01
#25965000
b11110111 B
b11110111 ,
b11110111 7
b11110111 G
b11110110 !
b11110110 <
b11110110 @
b10100000111 6
11
#25970000
b0 )
b0 =
0+
04
01
#25975000
11
#25980000
b1111 )
b1111 =
1+
14
b11110111 *
b11110111 >
b11110111 3
b11110111 9
01
#25985000
b11111000 B
b11111000 ,
b11111000 7
b11111000 G
b11110111 !
b11110111 <
b11110111 @
b10100001000 6
11
#25990000
b0 )
b0 =
0+
04
01
#25995000
11
#26000000
b1111 )
b1111 =
1+
14
b11111000 *
b11111000 >
b11111000 3
b11111000 9
01
#26005000
b11111001 B
b11111001 ,
b11111001 7
b11111001 G
b11111000 !
b11111000 <
b11111000 @
b10100001001 6
11
#26010000
b0 )
b0 =
0+
04
01
#26015000
11
#26020000
b1111 )
b1111 =
1+
14
b11111001 *
b11111001 >
b11111001 3
b11111001 9
01
#26025000
b11111010 B
b11111010 ,
b11111010 7
b11111010 G
b11111001 !
b11111001 <
b11111001 @
b10100001010 6
11
#26030000
b0 )
b0 =
0+
04
01
#26035000
11
#26040000
b1111 )
b1111 =
1+
14
b11111010 *
b11111010 >
b11111010 3
b11111010 9
01
#26045000
b11111011 B
b11111011 ,
b11111011 7
b11111011 G
b11111010 !
b11111010 <
b11111010 @
b10100001011 6
11
#26050000
b0 )
b0 =
0+
04
01
#26055000
11
#26060000
b1111 )
b1111 =
1+
14
b11111011 *
b11111011 >
b11111011 3
b11111011 9
01
#26065000
b11111100 B
b11111100 ,
b11111100 7
b11111100 G
b11111011 !
b11111011 <
b11111011 @
b10100001100 6
11
#26070000
b0 )
b0 =
0+
04
01
#26075000
11
#26080000
b1111 )
b1111 =
1+
14
b11111100 *
b11111100 >
b11111100 3
b11111100 9
01
#26085000
b11111101 B
b11111101 ,
b11111101 7
b11111101 G
b11111100 !
b11111100 <
b11111100 @
b10100001101 6
11
#26090000
b0 )
b0 =
0+
04
01
#26095000
11
#26100000
b1111 )
b1111 =
1+
14
b11111101 *
b11111101 >
b11111101 3
b11111101 9
01
#26105000
b11111110 B
b11111110 ,
b11111110 7
b11111110 G
b11111101 !
b11111101 <
b11111101 @
b10100001110 6
11
#26110000
b0 )
b0 =
0+
04
01
#26115000
11
#26120000
b1111 )
b1111 =
1+
14
b11111110 *
b11111110 >
b11111110 3
b11111110 9
01
#26125000
b11111111 B
b11111111 ,
b11111111 7
b11111111 G
b11111110 !
b11111110 <
b11111110 @
b10100001111 6
11
#26130000
b0 )
b0 =
0+
04
01
#26135000
11
#26140000
b1111 )
b1111 =
1+
14
b11111111 *
b11111111 >
b11111111 3
b11111111 9
01
#26145000
b100000000 B
b100000000 ,
b100000000 7
b100000000 G
b11111111 !
b11111111 <
b11111111 @
b10100010000 6
11
#26150000
b0 )
b0 =
0+
04
01
#26155000
11
#26160000
b1111 )
b1111 =
1+
14
b0 *
b0 >
b0 3
b0 9
01
#26165000
b100000001 B
b100000001 ,
b100000001 7
b100000001 G
b100000000 !
b100000000 <
b100000000 @
b10100010001 6
11
#26170000
b0 )
b0 =
0+
04
01
#26175000
11
#26180000
b1111 )
b1111 =
1+
14
b1 *
b1 >
b1 3
b1 9
01
#26185000
b100000010 B
b100000010 ,
b100000010 7
b100000010 G
b100000001 !
b100000001 <
b100000001 @
b10100010010 6
11
#26190000
b0 )
b0 =
0+
04
01
#26195000
11
#26200000
b1111 )
b1111 =
1+
14
b10 *
b10 >
b10 3
b10 9
01
#26205000
b100000011 B
b100000011 ,
b100000011 7
b100000011 G
b100000010 !
b100000010 <
b100000010 @
b10100010011 6
11
#26210000
b0 )
b0 =
0+
04
01
#26215000
11
#26220000
b1111 )
b1111 =
1+
14
b11 *
b11 >
b11 3
b11 9
01
#26225000
b100000100 B
b100000100 ,
b100000100 7
b100000100 G
b100000011 !
b100000011 <
b100000011 @
b10100010100 6
11
#26230000
b0 )
b0 =
0+
04
01
#26235000
11
#26240000
b1111 )
b1111 =
1+
14
b100 *
b100 >
b100 3
b100 9
01
#26245000
b100000101 B
b100000101 ,
b100000101 7
b100000101 G
b100000100 !
b100000100 <
b100000100 @
b10100010101 6
11
#26250000
b0 )
b0 =
0+
04
01
#26255000
11
#26260000
b1111 )
b1111 =
1+
14
b101 *
b101 >
b101 3
b101 9
01
#26265000
b100000110 B
b100000110 ,
b100000110 7
b100000110 G
b100000101 !
b100000101 <
b100000101 @
b10100010110 6
11
#26270000
b0 )
b0 =
0+
04
01
#26275000
11
#26280000
b1111 )
b1111 =
1+
14
b110 *
b110 >
b110 3
b110 9
01
#26285000
b100000111 B
b100000111 ,
b100000111 7
b100000111 G
b100000110 !
b100000110 <
b100000110 @
b10100010111 6
11
#26290000
b0 )
b0 =
0+
04
01
#26295000
11
#26300000
b1111 )
b1111 =
1+
14
b111 *
b111 >
b111 3
b111 9
01
#26305000
b100001000 B
b100001000 ,
b100001000 7
b100001000 G
b100000111 !
b100000111 <
b100000111 @
b10100011000 6
11
#26310000
b0 )
b0 =
0+
04
01
#26315000
11
#26320000
b1111 )
b1111 =
1+
14
b1000 *
b1000 >
b1000 3
b1000 9
01
#26325000
b100001001 B
b100001001 ,
b100001001 7
b100001001 G
b100001000 !
b100001000 <
b100001000 @
b10100011001 6
11
#26330000
b0 )
b0 =
0+
04
01
#26335000
11
#26340000
b1111 )
b1111 =
1+
14
b1001 *
b1001 >
b1001 3
b1001 9
01
#26345000
b100001010 B
b100001010 ,
b100001010 7
b100001010 G
b100001001 !
b100001001 <
b100001001 @
b10100011010 6
11
#26350000
b0 )
b0 =
0+
04
01
#26355000
11
#26360000
b1111 )
b1111 =
1+
14
b1010 *
b1010 >
b1010 3
b1010 9
01
#26365000
b100001011 B
b100001011 ,
b100001011 7
b100001011 G
b100001010 !
b100001010 <
b100001010 @
b10100011011 6
11
#26370000
b0 )
b0 =
0+
04
01
#26375000
11
#26380000
b1111 )
b1111 =
1+
14
b1011 *
b1011 >
b1011 3
b1011 9
01
#26385000
b100001100 B
b100001100 ,
b100001100 7
b100001100 G
b100001011 !
b100001011 <
b100001011 @
b10100011100 6
11
#26390000
b0 )
b0 =
0+
04
01
#26395000
11
#26400000
b1111 )
b1111 =
1+
14
b1100 *
b1100 >
b1100 3
b1100 9
01
#26405000
b100001101 B
b100001101 ,
b100001101 7
b100001101 G
b100001100 !
b100001100 <
b100001100 @
b10100011101 6
11
#26410000
b0 )
b0 =
0+
04
01
#26415000
11
#26420000
b1111 )
b1111 =
1+
14
b1101 *
b1101 >
b1101 3
b1101 9
01
#26425000
b100001110 B
b100001110 ,
b100001110 7
b100001110 G
b100001101 !
b100001101 <
b100001101 @
b10100011110 6
11
#26430000
b0 )
b0 =
0+
04
01
#26435000
11
#26440000
b1111 )
b1111 =
1+
14
b1110 *
b1110 >
b1110 3
b1110 9
01
#26445000
b100001111 B
b100001111 ,
b100001111 7
b100001111 G
b100001110 !
b100001110 <
b100001110 @
b10100011111 6
11
#26450000
b0 )
b0 =
0+
04
01
#26455000
11
#26460000
b1111 )
b1111 =
1+
14
b1111 *
b1111 >
b1111 3
b1111 9
01
#26465000
b100010000 B
b100010000 ,
b100010000 7
b100010000 G
b100001111 !
b100001111 <
b100001111 @
b10100100000 6
11
#26470000
b0 )
b0 =
0+
04
01
#26475000
11
#26480000
b1111 )
b1111 =
1+
14
b10000 *
b10000 >
b10000 3
b10000 9
01
#26485000
b100010001 B
b100010001 ,
b100010001 7
b100010001 G
b100010000 !
b100010000 <
b100010000 @
b10100100001 6
11
#26490000
b0 )
b0 =
0+
04
01
#26495000
11
#26500000
b1111 )
b1111 =
1+
14
b10001 *
b10001 >
b10001 3
b10001 9
01
#26505000
b100010010 B
b100010010 ,
b100010010 7
b100010010 G
b100010001 !
b100010001 <
b100010001 @
b10100100010 6
11
#26510000
b0 )
b0 =
0+
04
01
#26515000
11
#26520000
b1111 )
b1111 =
1+
14
b10010 *
b10010 >
b10010 3
b10010 9
01
#26525000
b100010011 B
b100010011 ,
b100010011 7
b100010011 G
b100010010 !
b100010010 <
b100010010 @
b10100100011 6
11
#26530000
b0 )
b0 =
0+
04
01
#26535000
11
#26540000
b1111 )
b1111 =
1+
14
b10011 *
b10011 >
b10011 3
b10011 9
01
#26545000
b100010100 B
b100010100 ,
b100010100 7
b100010100 G
b100010011 !
b100010011 <
b100010011 @
b10100100100 6
11
#26550000
b0 )
b0 =
0+
04
01
#26555000
11
#26560000
b1111 )
b1111 =
1+
14
b10100 *
b10100 >
b10100 3
b10100 9
01
#26565000
b100010101 B
b100010101 ,
b100010101 7
b100010101 G
b100010100 !
b100010100 <
b100010100 @
b10100100101 6
11
#26570000
b0 )
b0 =
0+
04
01
#26575000
11
#26580000
b1111 )
b1111 =
1+
14
b10101 *
b10101 >
b10101 3
b10101 9
01
#26585000
b100010110 B
b100010110 ,
b100010110 7
b100010110 G
b100010101 !
b100010101 <
b100010101 @
b10100100110 6
11
#26590000
b0 )
b0 =
0+
04
01
#26595000
11
#26600000
b1111 )
b1111 =
1+
14
b10110 *
b10110 >
b10110 3
b10110 9
01
#26605000
b100010111 B
b100010111 ,
b100010111 7
b100010111 G
b100010110 !
b100010110 <
b100010110 @
b10100100111 6
11
#26610000
b0 )
b0 =
0+
04
01
#26615000
11
#26620000
b1111 )
b1111 =
1+
14
b10111 *
b10111 >
b10111 3
b10111 9
01
#26625000
b100011000 B
b100011000 ,
b100011000 7
b100011000 G
b100010111 !
b100010111 <
b100010111 @
b10100101000 6
11
#26630000
b0 )
b0 =
0+
04
01
#26635000
11
#26640000
b1111 )
b1111 =
1+
14
b11000 *
b11000 >
b11000 3
b11000 9
01
#26645000
b100011001 B
b100011001 ,
b100011001 7
b100011001 G
b100011000 !
b100011000 <
b100011000 @
b10100101001 6
11
#26650000
b0 )
b0 =
0+
04
01
#26655000
11
#26660000
b1111 )
b1111 =
1+
14
b11001 *
b11001 >
b11001 3
b11001 9
01
#26665000
b100011010 B
b100011010 ,
b100011010 7
b100011010 G
b100011001 !
b100011001 <
b100011001 @
b10100101010 6
11
#26670000
b0 )
b0 =
0+
04
01
#26675000
11
#26680000
b1111 )
b1111 =
1+
14
b11010 *
b11010 >
b11010 3
b11010 9
01
#26685000
b100011011 B
b100011011 ,
b100011011 7
b100011011 G
b100011010 !
b100011010 <
b100011010 @
b10100101011 6
11
#26690000
b0 )
b0 =
0+
04
01
#26695000
11
#26700000
b1111 )
b1111 =
1+
14
b11011 *
b11011 >
b11011 3
b11011 9
01
#26705000
b100011100 B
b100011100 ,
b100011100 7
b100011100 G
b100011011 !
b100011011 <
b100011011 @
b10100101100 6
11
#26710000
b0 )
b0 =
0+
04
01
#26715000
11
#26720000
b1111 )
b1111 =
1+
14
b11100 *
b11100 >
b11100 3
b11100 9
01
#26725000
b100011101 B
b100011101 ,
b100011101 7
b100011101 G
b100011100 !
b100011100 <
b100011100 @
b10100101101 6
11
#26730000
b0 )
b0 =
0+
04
01
#26735000
11
#26740000
b1111 )
b1111 =
1+
14
b11101 *
b11101 >
b11101 3
b11101 9
01
#26745000
b100011110 B
b100011110 ,
b100011110 7
b100011110 G
b100011101 !
b100011101 <
b100011101 @
b10100101110 6
11
#26750000
b0 )
b0 =
0+
04
01
#26755000
11
#26760000
b1111 )
b1111 =
1+
14
b11110 *
b11110 >
b11110 3
b11110 9
01
#26765000
b100011111 B
b100011111 ,
b100011111 7
b100011111 G
b100011110 !
b100011110 <
b100011110 @
b10100101111 6
11
#26770000
b0 )
b0 =
0+
04
01
#26775000
11
#26780000
b1111 )
b1111 =
1+
14
b11111 *
b11111 >
b11111 3
b11111 9
01
#26785000
b100100000 B
b100100000 ,
b100100000 7
b100100000 G
b100011111 !
b100011111 <
b100011111 @
b10100110000 6
11
#26790000
b0 )
b0 =
0+
04
01
#26795000
11
#26800000
b1111 )
b1111 =
1+
14
b100000 *
b100000 >
b100000 3
b100000 9
01
#26805000
b100100001 B
b100100001 ,
b100100001 7
b100100001 G
b100100000 !
b100100000 <
b100100000 @
b10100110001 6
11
#26810000
b0 )
b0 =
0+
04
01
#26815000
11
#26820000
b1111 )
b1111 =
1+
14
b100001 *
b100001 >
b100001 3
b100001 9
01
#26825000
b100100010 B
b100100010 ,
b100100010 7
b100100010 G
b100100001 !
b100100001 <
b100100001 @
b10100110010 6
11
#26830000
b0 )
b0 =
0+
04
01
#26835000
11
#26840000
b1111 )
b1111 =
1+
14
b100010 *
b100010 >
b100010 3
b100010 9
01
#26845000
b100100011 B
b100100011 ,
b100100011 7
b100100011 G
b100100010 !
b100100010 <
b100100010 @
b10100110011 6
11
#26850000
b0 )
b0 =
0+
04
01
#26855000
11
#26860000
b1111 )
b1111 =
1+
14
b100011 *
b100011 >
b100011 3
b100011 9
01
#26865000
b100100100 B
b100100100 ,
b100100100 7
b100100100 G
b100100011 !
b100100011 <
b100100011 @
b10100110100 6
11
#26870000
b0 )
b0 =
0+
04
01
#26875000
11
#26880000
b1111 )
b1111 =
1+
14
b100100 *
b100100 >
b100100 3
b100100 9
01
#26885000
b100100101 B
b100100101 ,
b100100101 7
b100100101 G
b100100100 !
b100100100 <
b100100100 @
b10100110101 6
11
#26890000
b0 )
b0 =
0+
04
01
#26895000
11
#26900000
b1111 )
b1111 =
1+
14
b100101 *
b100101 >
b100101 3
b100101 9
01
#26905000
b100100110 B
b100100110 ,
b100100110 7
b100100110 G
b100100101 !
b100100101 <
b100100101 @
b10100110110 6
11
#26910000
b0 )
b0 =
0+
04
01
#26915000
11
#26920000
b1111 )
b1111 =
1+
14
b100110 *
b100110 >
b100110 3
b100110 9
01
#26925000
b100100111 B
b100100111 ,
b100100111 7
b100100111 G
b100100110 !
b100100110 <
b100100110 @
b10100110111 6
11
#26930000
b0 )
b0 =
0+
04
01
#26935000
11
#26940000
b1111 )
b1111 =
1+
14
b100111 *
b100111 >
b100111 3
b100111 9
01
#26945000
b100101000 B
b100101000 ,
b100101000 7
b100101000 G
b100100111 !
b100100111 <
b100100111 @
b10100111000 6
11
#26950000
b0 )
b0 =
0+
04
01
#26955000
11
#26960000
b1111 )
b1111 =
1+
14
b101000 *
b101000 >
b101000 3
b101000 9
01
#26965000
b100101001 B
b100101001 ,
b100101001 7
b100101001 G
b100101000 !
b100101000 <
b100101000 @
b10100111001 6
11
#26970000
b0 )
b0 =
0+
04
01
#26975000
11
#26980000
b1111 )
b1111 =
1+
14
b101001 *
b101001 >
b101001 3
b101001 9
01
#26985000
b100101010 B
b100101010 ,
b100101010 7
b100101010 G
b100101001 !
b100101001 <
b100101001 @
b10100111010 6
11
#26990000
b0 )
b0 =
0+
04
01
#26995000
11
#27000000
b1111 )
b1111 =
1+
14
b101010 *
b101010 >
b101010 3
b101010 9
01
#27005000
b100101011 B
b100101011 ,
b100101011 7
b100101011 G
b100101010 !
b100101010 <
b100101010 @
b10100111011 6
11
#27010000
b0 )
b0 =
0+
04
01
#27015000
11
#27020000
b1111 )
b1111 =
1+
14
b101011 *
b101011 >
b101011 3
b101011 9
01
#27025000
b100101100 B
b100101100 ,
b100101100 7
b100101100 G
b100101011 !
b100101011 <
b100101011 @
b10100111100 6
11
#27030000
b0 )
b0 =
0+
04
01
#27035000
11
#27040000
b1111 )
b1111 =
1+
14
b101100 *
b101100 >
b101100 3
b101100 9
01
#27045000
b100101101 B
b100101101 ,
b100101101 7
b100101101 G
b100101100 !
b100101100 <
b100101100 @
b10100111101 6
11
#27050000
b0 )
b0 =
0+
04
01
#27055000
11
#27060000
b1111 )
b1111 =
1+
14
b101101 *
b101101 >
b101101 3
b101101 9
01
#27065000
b100101110 B
b100101110 ,
b100101110 7
b100101110 G
b100101101 !
b100101101 <
b100101101 @
b10100111110 6
11
#27070000
b0 )
b0 =
0+
04
01
#27075000
11
#27080000
b1111 )
b1111 =
1+
14
b101110 *
b101110 >
b101110 3
b101110 9
01
#27085000
b100101111 B
b100101111 ,
b100101111 7
b100101111 G
b100101110 !
b100101110 <
b100101110 @
b10100111111 6
11
#27090000
b0 )
b0 =
0+
04
01
#27095000
11
#27100000
b1111 )
b1111 =
1+
14
b101111 *
b101111 >
b101111 3
b101111 9
01
#27105000
b100110000 B
b100110000 ,
b100110000 7
b100110000 G
b100101111 !
b100101111 <
b100101111 @
b10101000000 6
11
#27110000
b0 )
b0 =
0+
04
01
#27115000
11
#27120000
b1111 )
b1111 =
1+
14
b110000 *
b110000 >
b110000 3
b110000 9
01
#27125000
b100110001 B
b100110001 ,
b100110001 7
b100110001 G
b100110000 !
b100110000 <
b100110000 @
b10101000001 6
11
#27130000
b0 )
b0 =
0+
04
01
#27135000
11
#27140000
b1111 )
b1111 =
1+
14
b110001 *
b110001 >
b110001 3
b110001 9
01
#27145000
b100110010 B
b100110010 ,
b100110010 7
b100110010 G
b100110001 !
b100110001 <
b100110001 @
b10101000010 6
11
#27150000
b0 )
b0 =
0+
04
01
#27155000
11
#27160000
b1111 )
b1111 =
1+
14
b110010 *
b110010 >
b110010 3
b110010 9
01
#27165000
b100110011 B
b100110011 ,
b100110011 7
b100110011 G
b100110010 !
b100110010 <
b100110010 @
b10101000011 6
11
#27170000
b0 )
b0 =
0+
04
01
#27175000
11
#27180000
b1111 )
b1111 =
1+
14
b110011 *
b110011 >
b110011 3
b110011 9
01
#27185000
b100110100 B
b100110100 ,
b100110100 7
b100110100 G
b100110011 !
b100110011 <
b100110011 @
b10101000100 6
11
#27190000
b0 )
b0 =
0+
04
01
#27195000
11
#27200000
b1111 )
b1111 =
1+
14
b110100 *
b110100 >
b110100 3
b110100 9
01
#27205000
b100110101 B
b100110101 ,
b100110101 7
b100110101 G
b100110100 !
b100110100 <
b100110100 @
b10101000101 6
11
#27210000
b0 )
b0 =
0+
04
01
#27215000
11
#27220000
b1111 )
b1111 =
1+
14
b110101 *
b110101 >
b110101 3
b110101 9
01
#27225000
b100110110 B
b100110110 ,
b100110110 7
b100110110 G
b100110101 !
b100110101 <
b100110101 @
b10101000110 6
11
#27230000
b0 )
b0 =
0+
04
01
#27235000
11
#27240000
b1111 )
b1111 =
1+
14
b110110 *
b110110 >
b110110 3
b110110 9
01
#27245000
b100110111 B
b100110111 ,
b100110111 7
b100110111 G
b100110110 !
b100110110 <
b100110110 @
b10101000111 6
11
#27250000
b0 )
b0 =
0+
04
01
#27255000
11
#27260000
b1111 )
b1111 =
1+
14
b110111 *
b110111 >
b110111 3
b110111 9
01
#27265000
b100111000 B
b100111000 ,
b100111000 7
b100111000 G
b100110111 !
b100110111 <
b100110111 @
b10101001000 6
11
#27270000
b0 )
b0 =
0+
04
01
#27275000
11
#27280000
b1111 )
b1111 =
1+
14
b111000 *
b111000 >
b111000 3
b111000 9
01
#27285000
b100111001 B
b100111001 ,
b100111001 7
b100111001 G
b100111000 !
b100111000 <
b100111000 @
b10101001001 6
11
#27290000
b0 )
b0 =
0+
04
01
#27295000
11
#27300000
b1111 )
b1111 =
1+
14
b111001 *
b111001 >
b111001 3
b111001 9
01
#27305000
b100111010 B
b100111010 ,
b100111010 7
b100111010 G
b100111001 !
b100111001 <
b100111001 @
b10101001010 6
11
#27310000
b0 )
b0 =
0+
04
01
#27315000
11
#27320000
b1111 )
b1111 =
1+
14
b111010 *
b111010 >
b111010 3
b111010 9
01
#27325000
b100111011 B
b100111011 ,
b100111011 7
b100111011 G
b100111010 !
b100111010 <
b100111010 @
b10101001011 6
11
#27330000
b0 )
b0 =
0+
04
01
#27335000
11
#27340000
b1111 )
b1111 =
1+
14
b111011 *
b111011 >
b111011 3
b111011 9
01
#27345000
b100111100 B
b100111100 ,
b100111100 7
b100111100 G
b100111011 !
b100111011 <
b100111011 @
b10101001100 6
11
#27350000
b0 )
b0 =
0+
04
01
#27355000
11
#27360000
b1111 )
b1111 =
1+
14
b111100 *
b111100 >
b111100 3
b111100 9
01
#27365000
b100111101 B
b100111101 ,
b100111101 7
b100111101 G
b100111100 !
b100111100 <
b100111100 @
b10101001101 6
11
#27370000
b0 )
b0 =
0+
04
01
#27375000
11
#27380000
b1111 )
b1111 =
1+
14
b111101 *
b111101 >
b111101 3
b111101 9
01
#27385000
b100111110 B
b100111110 ,
b100111110 7
b100111110 G
b100111101 !
b100111101 <
b100111101 @
b10101001110 6
11
#27390000
b0 )
b0 =
0+
04
01
#27395000
11
#27400000
b1111 )
b1111 =
1+
14
b111110 *
b111110 >
b111110 3
b111110 9
01
#27405000
b100111111 B
b100111111 ,
b100111111 7
b100111111 G
b100111110 !
b100111110 <
b100111110 @
b10101001111 6
11
#27410000
b0 )
b0 =
0+
04
01
#27415000
11
#27420000
b1111 )
b1111 =
1+
14
b111111 *
b111111 >
b111111 3
b111111 9
01
#27425000
b101000000 B
b101000000 ,
b101000000 7
b101000000 G
b100111111 !
b100111111 <
b100111111 @
b10101010000 6
11
#27430000
b0 )
b0 =
0+
04
01
#27435000
11
#27440000
b1111 )
b1111 =
1+
14
b1000000 *
b1000000 >
b1000000 3
b1000000 9
01
#27445000
b101000001 B
b101000001 ,
b101000001 7
b101000001 G
b101000000 !
b101000000 <
b101000000 @
b10101010001 6
11
#27450000
b0 )
b0 =
0+
04
01
#27455000
11
#27460000
b1111 )
b1111 =
1+
14
b1000001 *
b1000001 >
b1000001 3
b1000001 9
01
#27465000
b101000010 B
b101000010 ,
b101000010 7
b101000010 G
b101000001 !
b101000001 <
b101000001 @
b10101010010 6
11
#27470000
b0 )
b0 =
0+
04
01
#27475000
11
#27480000
b1111 )
b1111 =
1+
14
b1000010 *
b1000010 >
b1000010 3
b1000010 9
01
#27485000
b101000011 B
b101000011 ,
b101000011 7
b101000011 G
b101000010 !
b101000010 <
b101000010 @
b10101010011 6
11
#27490000
b0 )
b0 =
0+
04
01
#27495000
11
#27500000
b1111 )
b1111 =
1+
14
b1000011 *
b1000011 >
b1000011 3
b1000011 9
01
#27505000
b101000100 B
b101000100 ,
b101000100 7
b101000100 G
b101000011 !
b101000011 <
b101000011 @
b10101010100 6
11
#27510000
b0 )
b0 =
0+
04
01
#27515000
11
#27520000
b1111 )
b1111 =
1+
14
b1000100 *
b1000100 >
b1000100 3
b1000100 9
01
#27525000
b101000101 B
b101000101 ,
b101000101 7
b101000101 G
b101000100 !
b101000100 <
b101000100 @
b10101010101 6
11
#27530000
b0 )
b0 =
0+
04
01
#27535000
11
#27540000
b1111 )
b1111 =
1+
14
b1000101 *
b1000101 >
b1000101 3
b1000101 9
01
#27545000
b101000110 B
b101000110 ,
b101000110 7
b101000110 G
b101000101 !
b101000101 <
b101000101 @
b10101010110 6
11
#27550000
b0 )
b0 =
0+
04
01
#27555000
11
#27560000
b1111 )
b1111 =
1+
14
b1000110 *
b1000110 >
b1000110 3
b1000110 9
01
#27565000
b101000111 B
b101000111 ,
b101000111 7
b101000111 G
b101000110 !
b101000110 <
b101000110 @
b10101010111 6
11
#27570000
b0 )
b0 =
0+
04
01
#27575000
11
#27580000
b1111 )
b1111 =
1+
14
b1000111 *
b1000111 >
b1000111 3
b1000111 9
01
#27585000
b101001000 B
b101001000 ,
b101001000 7
b101001000 G
b101000111 !
b101000111 <
b101000111 @
b10101011000 6
11
#27590000
b0 )
b0 =
0+
04
01
#27595000
11
#27600000
b1111 )
b1111 =
1+
14
b1001000 *
b1001000 >
b1001000 3
b1001000 9
01
#27605000
b101001001 B
b101001001 ,
b101001001 7
b101001001 G
b101001000 !
b101001000 <
b101001000 @
b10101011001 6
11
#27610000
b0 )
b0 =
0+
04
01
#27615000
11
#27620000
b1111 )
b1111 =
1+
14
b1001001 *
b1001001 >
b1001001 3
b1001001 9
01
#27625000
b101001010 B
b101001010 ,
b101001010 7
b101001010 G
b101001001 !
b101001001 <
b101001001 @
b10101011010 6
11
#27630000
b0 )
b0 =
0+
04
01
#27635000
11
#27640000
b1111 )
b1111 =
1+
14
b1001010 *
b1001010 >
b1001010 3
b1001010 9
01
#27645000
b101001011 B
b101001011 ,
b101001011 7
b101001011 G
b101001010 !
b101001010 <
b101001010 @
b10101011011 6
11
#27650000
b0 )
b0 =
0+
04
01
#27655000
11
#27660000
b1111 )
b1111 =
1+
14
b1001011 *
b1001011 >
b1001011 3
b1001011 9
01
#27665000
b101001100 B
b101001100 ,
b101001100 7
b101001100 G
b101001011 !
b101001011 <
b101001011 @
b10101011100 6
11
#27670000
b0 )
b0 =
0+
04
01
#27675000
11
#27680000
b1111 )
b1111 =
1+
14
b1001100 *
b1001100 >
b1001100 3
b1001100 9
01
#27685000
b101001101 B
b101001101 ,
b101001101 7
b101001101 G
b101001100 !
b101001100 <
b101001100 @
b10101011101 6
11
#27690000
b0 )
b0 =
0+
04
01
#27695000
11
#27700000
b1111 )
b1111 =
1+
14
b1001101 *
b1001101 >
b1001101 3
b1001101 9
01
#27705000
b101001110 B
b101001110 ,
b101001110 7
b101001110 G
b101001101 !
b101001101 <
b101001101 @
b10101011110 6
11
#27710000
b0 )
b0 =
0+
04
01
#27715000
11
#27720000
b1111 )
b1111 =
1+
14
b1001110 *
b1001110 >
b1001110 3
b1001110 9
01
#27725000
b101001111 B
b101001111 ,
b101001111 7
b101001111 G
b101001110 !
b101001110 <
b101001110 @
b10101011111 6
11
#27730000
b0 )
b0 =
0+
04
01
#27735000
11
#27740000
b1111 )
b1111 =
1+
14
b1001111 *
b1001111 >
b1001111 3
b1001111 9
01
#27745000
b101010000 B
b101010000 ,
b101010000 7
b101010000 G
b101001111 !
b101001111 <
b101001111 @
b10101100000 6
11
#27750000
b0 )
b0 =
0+
04
01
#27755000
11
#27760000
b1111 )
b1111 =
1+
14
b1010000 *
b1010000 >
b1010000 3
b1010000 9
01
#27765000
b101010001 B
b101010001 ,
b101010001 7
b101010001 G
b101010000 !
b101010000 <
b101010000 @
b10101100001 6
11
#27770000
b0 )
b0 =
0+
04
01
#27775000
11
#27780000
b1111 )
b1111 =
1+
14
b1010001 *
b1010001 >
b1010001 3
b1010001 9
01
#27785000
b101010010 B
b101010010 ,
b101010010 7
b101010010 G
b101010001 !
b101010001 <
b101010001 @
b10101100010 6
11
#27790000
b0 )
b0 =
0+
04
01
#27795000
11
#27800000
b1111 )
b1111 =
1+
14
b1010010 *
b1010010 >
b1010010 3
b1010010 9
01
#27805000
b101010011 B
b101010011 ,
b101010011 7
b101010011 G
b101010010 !
b101010010 <
b101010010 @
b10101100011 6
11
#27810000
b0 )
b0 =
0+
04
01
#27815000
11
#27820000
b1111 )
b1111 =
1+
14
b1010011 *
b1010011 >
b1010011 3
b1010011 9
01
#27825000
b101010100 B
b101010100 ,
b101010100 7
b101010100 G
b101010011 !
b101010011 <
b101010011 @
b10101100100 6
11
#27830000
b0 )
b0 =
0+
04
01
#27835000
11
#27840000
b1111 )
b1111 =
1+
14
b1010100 *
b1010100 >
b1010100 3
b1010100 9
01
#27845000
b101010101 B
b101010101 ,
b101010101 7
b101010101 G
b101010100 !
b101010100 <
b101010100 @
b10101100101 6
11
#27850000
b0 )
b0 =
0+
04
01
#27855000
11
#27860000
b1111 )
b1111 =
1+
14
b1010101 *
b1010101 >
b1010101 3
b1010101 9
01
#27865000
b101010110 B
b101010110 ,
b101010110 7
b101010110 G
b101010101 !
b101010101 <
b101010101 @
b10101100110 6
11
#27870000
b0 )
b0 =
0+
04
01
#27875000
11
#27880000
b1111 )
b1111 =
1+
14
b1010110 *
b1010110 >
b1010110 3
b1010110 9
01
#27885000
b101010111 B
b101010111 ,
b101010111 7
b101010111 G
b101010110 !
b101010110 <
b101010110 @
b10101100111 6
11
#27890000
b0 )
b0 =
0+
04
01
#27895000
11
#27900000
b1111 )
b1111 =
1+
14
b1010111 *
b1010111 >
b1010111 3
b1010111 9
01
#27905000
b101011000 B
b101011000 ,
b101011000 7
b101011000 G
b101010111 !
b101010111 <
b101010111 @
b10101101000 6
11
#27910000
b0 )
b0 =
0+
04
01
#27915000
11
#27920000
b1111 )
b1111 =
1+
14
b1011000 *
b1011000 >
b1011000 3
b1011000 9
01
#27925000
b101011001 B
b101011001 ,
b101011001 7
b101011001 G
b101011000 !
b101011000 <
b101011000 @
b10101101001 6
11
#27930000
b0 )
b0 =
0+
04
01
#27935000
11
#27940000
b1111 )
b1111 =
1+
14
b1011001 *
b1011001 >
b1011001 3
b1011001 9
01
#27945000
b101011010 B
b101011010 ,
b101011010 7
b101011010 G
b101011001 !
b101011001 <
b101011001 @
b10101101010 6
11
#27950000
b0 )
b0 =
0+
04
01
#27955000
11
#27960000
b1111 )
b1111 =
1+
14
b1011010 *
b1011010 >
b1011010 3
b1011010 9
01
#27965000
b101011011 B
b101011011 ,
b101011011 7
b101011011 G
b101011010 !
b101011010 <
b101011010 @
b10101101011 6
11
#27970000
b0 )
b0 =
0+
04
01
#27975000
11
#27980000
b1111 )
b1111 =
1+
14
b1011011 *
b1011011 >
b1011011 3
b1011011 9
01
#27985000
b101011100 B
b101011100 ,
b101011100 7
b101011100 G
b101011011 !
b101011011 <
b101011011 @
b10101101100 6
11
#27990000
b0 )
b0 =
0+
04
01
#27995000
11
#28000000
b1111 )
b1111 =
1+
14
b1011100 *
b1011100 >
b1011100 3
b1011100 9
01
#28005000
b101011101 B
b101011101 ,
b101011101 7
b101011101 G
b101011100 !
b101011100 <
b101011100 @
b10101101101 6
11
#28010000
b0 )
b0 =
0+
04
01
#28015000
11
#28020000
b1111 )
b1111 =
1+
14
b1011101 *
b1011101 >
b1011101 3
b1011101 9
01
#28025000
b101011110 B
b101011110 ,
b101011110 7
b101011110 G
b101011101 !
b101011101 <
b101011101 @
b10101101110 6
11
#28030000
b0 )
b0 =
0+
04
01
#28035000
11
#28040000
b1111 )
b1111 =
1+
14
b1011110 *
b1011110 >
b1011110 3
b1011110 9
01
#28045000
b101011111 B
b101011111 ,
b101011111 7
b101011111 G
b101011110 !
b101011110 <
b101011110 @
b10101101111 6
11
#28050000
b0 )
b0 =
0+
04
01
#28055000
11
#28060000
b1111 )
b1111 =
1+
14
b1011111 *
b1011111 >
b1011111 3
b1011111 9
01
#28065000
b101100000 B
b101100000 ,
b101100000 7
b101100000 G
b101011111 !
b101011111 <
b101011111 @
b10101110000 6
11
#28070000
b0 )
b0 =
0+
04
01
#28075000
11
#28080000
b1111 )
b1111 =
1+
14
b1100000 *
b1100000 >
b1100000 3
b1100000 9
01
#28085000
b101100001 B
b101100001 ,
b101100001 7
b101100001 G
b101100000 !
b101100000 <
b101100000 @
b10101110001 6
11
#28090000
b0 )
b0 =
0+
04
01
#28095000
11
#28100000
b1111 )
b1111 =
1+
14
b1100001 *
b1100001 >
b1100001 3
b1100001 9
01
#28105000
b101100010 B
b101100010 ,
b101100010 7
b101100010 G
b101100001 !
b101100001 <
b101100001 @
b10101110010 6
11
#28110000
b0 )
b0 =
0+
04
01
#28115000
11
#28120000
b1111 )
b1111 =
1+
14
b1100010 *
b1100010 >
b1100010 3
b1100010 9
01
#28125000
b101100011 B
b101100011 ,
b101100011 7
b101100011 G
b101100010 !
b101100010 <
b101100010 @
b10101110011 6
11
#28130000
b0 )
b0 =
0+
04
01
#28135000
11
#28140000
b1111 )
b1111 =
1+
14
b1100011 *
b1100011 >
b1100011 3
b1100011 9
01
#28145000
b101100100 B
b101100100 ,
b101100100 7
b101100100 G
b101100011 !
b101100011 <
b101100011 @
b10101110100 6
11
#28150000
b0 )
b0 =
0+
04
01
#28155000
11
#28160000
b1111 )
b1111 =
1+
14
b1100100 *
b1100100 >
b1100100 3
b1100100 9
01
#28165000
b101100101 B
b101100101 ,
b101100101 7
b101100101 G
b101100100 !
b101100100 <
b101100100 @
b10101110101 6
11
#28170000
b0 )
b0 =
0+
04
01
#28175000
11
#28180000
b1111 )
b1111 =
1+
14
b1100101 *
b1100101 >
b1100101 3
b1100101 9
01
#28185000
b101100110 B
b101100110 ,
b101100110 7
b101100110 G
b101100101 !
b101100101 <
b101100101 @
b10101110110 6
11
#28190000
b0 )
b0 =
0+
04
01
#28195000
11
#28200000
b1111 )
b1111 =
1+
14
b1100110 *
b1100110 >
b1100110 3
b1100110 9
01
#28205000
b101100111 B
b101100111 ,
b101100111 7
b101100111 G
b101100110 !
b101100110 <
b101100110 @
b10101110111 6
11
#28210000
b0 )
b0 =
0+
04
01
#28215000
11
#28220000
b1111 )
b1111 =
1+
14
b1100111 *
b1100111 >
b1100111 3
b1100111 9
01
#28225000
b101101000 B
b101101000 ,
b101101000 7
b101101000 G
b101100111 !
b101100111 <
b101100111 @
b10101111000 6
11
#28230000
b0 )
b0 =
0+
04
01
#28235000
11
#28240000
b1111 )
b1111 =
1+
14
b1101000 *
b1101000 >
b1101000 3
b1101000 9
01
#28245000
b101101001 B
b101101001 ,
b101101001 7
b101101001 G
b101101000 !
b101101000 <
b101101000 @
b10101111001 6
11
#28250000
b0 )
b0 =
0+
04
01
#28255000
11
#28260000
b1111 )
b1111 =
1+
14
b1101001 *
b1101001 >
b1101001 3
b1101001 9
01
#28265000
b101101010 B
b101101010 ,
b101101010 7
b101101010 G
b101101001 !
b101101001 <
b101101001 @
b10101111010 6
11
#28270000
b0 )
b0 =
0+
04
01
#28275000
11
#28280000
b1111 )
b1111 =
1+
14
b1101010 *
b1101010 >
b1101010 3
b1101010 9
01
#28285000
b101101011 B
b101101011 ,
b101101011 7
b101101011 G
b101101010 !
b101101010 <
b101101010 @
b10101111011 6
11
#28290000
b0 )
b0 =
0+
04
01
#28295000
11
#28300000
b1111 )
b1111 =
1+
14
b1101011 *
b1101011 >
b1101011 3
b1101011 9
01
#28305000
b101101100 B
b101101100 ,
b101101100 7
b101101100 G
b101101011 !
b101101011 <
b101101011 @
b10101111100 6
11
#28310000
b0 )
b0 =
0+
04
01
#28315000
11
#28320000
b1111 )
b1111 =
1+
14
b1101100 *
b1101100 >
b1101100 3
b1101100 9
01
#28325000
b101101101 B
b101101101 ,
b101101101 7
b101101101 G
b101101100 !
b101101100 <
b101101100 @
b10101111101 6
11
#28330000
b0 )
b0 =
0+
04
01
#28335000
11
#28340000
b1111 )
b1111 =
1+
14
b1101101 *
b1101101 >
b1101101 3
b1101101 9
01
#28345000
b101101110 B
b101101110 ,
b101101110 7
b101101110 G
b101101101 !
b101101101 <
b101101101 @
b10101111110 6
11
#28350000
b0 )
b0 =
0+
04
01
#28355000
11
#28360000
b1111 )
b1111 =
1+
14
b1101110 *
b1101110 >
b1101110 3
b1101110 9
01
#28365000
b101101111 B
b101101111 ,
b101101111 7
b101101111 G
b101101110 !
b101101110 <
b101101110 @
b10101111111 6
11
#28370000
b0 )
b0 =
0+
04
01
#28375000
11
#28380000
b1111 )
b1111 =
1+
14
b1101111 *
b1101111 >
b1101111 3
b1101111 9
01
#28385000
b101110000 B
b101110000 ,
b101110000 7
b101110000 G
b101101111 !
b101101111 <
b101101111 @
b10110000000 6
11
#28390000
b0 )
b0 =
0+
04
01
#28395000
11
#28400000
b1111 )
b1111 =
1+
14
b1110000 *
b1110000 >
b1110000 3
b1110000 9
01
#28405000
b101110001 B
b101110001 ,
b101110001 7
b101110001 G
b101110000 !
b101110000 <
b101110000 @
b10110000001 6
11
#28410000
b0 )
b0 =
0+
04
01
#28415000
11
#28420000
b1111 )
b1111 =
1+
14
b1110001 *
b1110001 >
b1110001 3
b1110001 9
01
#28425000
b101110010 B
b101110010 ,
b101110010 7
b101110010 G
b101110001 !
b101110001 <
b101110001 @
b10110000010 6
11
#28430000
b0 )
b0 =
0+
04
01
#28435000
11
#28440000
b1111 )
b1111 =
1+
14
b1110010 *
b1110010 >
b1110010 3
b1110010 9
01
#28445000
b101110011 B
b101110011 ,
b101110011 7
b101110011 G
b101110010 !
b101110010 <
b101110010 @
b10110000011 6
11
#28450000
b0 )
b0 =
0+
04
01
#28455000
11
#28460000
b1111 )
b1111 =
1+
14
b1110011 *
b1110011 >
b1110011 3
b1110011 9
01
#28465000
b101110100 B
b101110100 ,
b101110100 7
b101110100 G
b101110011 !
b101110011 <
b101110011 @
b10110000100 6
11
#28470000
b0 )
b0 =
0+
04
01
#28475000
11
#28480000
b1111 )
b1111 =
1+
14
b1110100 *
b1110100 >
b1110100 3
b1110100 9
01
#28485000
b101110101 B
b101110101 ,
b101110101 7
b101110101 G
b101110100 !
b101110100 <
b101110100 @
b10110000101 6
11
#28490000
b0 )
b0 =
0+
04
01
#28495000
11
#28500000
b1111 )
b1111 =
1+
14
b1110101 *
b1110101 >
b1110101 3
b1110101 9
01
#28505000
b101110110 B
b101110110 ,
b101110110 7
b101110110 G
b101110101 !
b101110101 <
b101110101 @
b10110000110 6
11
#28510000
b0 )
b0 =
0+
04
01
#28515000
11
#28520000
b1111 )
b1111 =
1+
14
b1110110 *
b1110110 >
b1110110 3
b1110110 9
01
#28525000
b101110111 B
b101110111 ,
b101110111 7
b101110111 G
b101110110 !
b101110110 <
b101110110 @
b10110000111 6
11
#28530000
b0 )
b0 =
0+
04
01
#28535000
11
#28540000
b1111 )
b1111 =
1+
14
b1110111 *
b1110111 >
b1110111 3
b1110111 9
01
#28545000
b101111000 B
b101111000 ,
b101111000 7
b101111000 G
b101110111 !
b101110111 <
b101110111 @
b10110001000 6
11
#28550000
b0 )
b0 =
0+
04
01
#28555000
11
#28560000
b1111 )
b1111 =
1+
14
b1111000 *
b1111000 >
b1111000 3
b1111000 9
01
#28565000
b101111001 B
b101111001 ,
b101111001 7
b101111001 G
b101111000 !
b101111000 <
b101111000 @
b10110001001 6
11
#28570000
b0 )
b0 =
0+
04
01
#28575000
11
#28580000
b1111 )
b1111 =
1+
14
b1111001 *
b1111001 >
b1111001 3
b1111001 9
01
#28585000
b101111010 B
b101111010 ,
b101111010 7
b101111010 G
b101111001 !
b101111001 <
b101111001 @
b10110001010 6
11
#28590000
b0 )
b0 =
0+
04
01
#28595000
11
#28600000
b1111 )
b1111 =
1+
14
b1111010 *
b1111010 >
b1111010 3
b1111010 9
01
#28605000
b101111011 B
b101111011 ,
b101111011 7
b101111011 G
b101111010 !
b101111010 <
b101111010 @
b10110001011 6
11
#28610000
b0 )
b0 =
0+
04
01
#28615000
11
#28620000
b1111 )
b1111 =
1+
14
b1111011 *
b1111011 >
b1111011 3
b1111011 9
01
#28625000
b101111100 B
b101111100 ,
b101111100 7
b101111100 G
b101111011 !
b101111011 <
b101111011 @
b10110001100 6
11
#28630000
b0 )
b0 =
0+
04
01
#28635000
11
#28640000
b1111 )
b1111 =
1+
14
b1111100 *
b1111100 >
b1111100 3
b1111100 9
01
#28645000
b101111101 B
b101111101 ,
b101111101 7
b101111101 G
b101111100 !
b101111100 <
b101111100 @
b10110001101 6
11
#28650000
b0 )
b0 =
0+
04
01
#28655000
11
#28660000
b1111 )
b1111 =
1+
14
b1111101 *
b1111101 >
b1111101 3
b1111101 9
01
#28665000
b101111110 B
b101111110 ,
b101111110 7
b101111110 G
b101111101 !
b101111101 <
b101111101 @
b10110001110 6
11
#28670000
b0 )
b0 =
0+
04
01
#28675000
11
#28680000
b1111 )
b1111 =
1+
14
b1111110 *
b1111110 >
b1111110 3
b1111110 9
01
#28685000
b101111111 B
b101111111 ,
b101111111 7
b101111111 G
b101111110 !
b101111110 <
b101111110 @
b10110001111 6
11
#28690000
b0 )
b0 =
0+
04
01
#28695000
11
#28700000
b1111 )
b1111 =
1+
14
b1111111 *
b1111111 >
b1111111 3
b1111111 9
01
#28705000
b110000000 B
b110000000 ,
b110000000 7
b110000000 G
b101111111 !
b101111111 <
b101111111 @
b10110010000 6
11
#28710000
b0 )
b0 =
0+
04
01
#28715000
11
#28720000
b1111 )
b1111 =
1+
14
b10000000 *
b10000000 >
b10000000 3
b10000000 9
01
#28725000
b110000001 B
b110000001 ,
b110000001 7
b110000001 G
b110000000 !
b110000000 <
b110000000 @
b10110010001 6
11
#28730000
b0 )
b0 =
0+
04
01
#28735000
11
#28740000
b1111 )
b1111 =
1+
14
b10000001 *
b10000001 >
b10000001 3
b10000001 9
01
#28745000
b110000010 B
b110000010 ,
b110000010 7
b110000010 G
b110000001 !
b110000001 <
b110000001 @
b10110010010 6
11
#28750000
b0 )
b0 =
0+
04
01
#28755000
11
#28760000
b1111 )
b1111 =
1+
14
b10000010 *
b10000010 >
b10000010 3
b10000010 9
01
#28765000
b110000011 B
b110000011 ,
b110000011 7
b110000011 G
b110000010 !
b110000010 <
b110000010 @
b10110010011 6
11
#28770000
b0 )
b0 =
0+
04
01
#28775000
11
#28780000
b1111 )
b1111 =
1+
14
b10000011 *
b10000011 >
b10000011 3
b10000011 9
01
#28785000
b110000100 B
b110000100 ,
b110000100 7
b110000100 G
b110000011 !
b110000011 <
b110000011 @
b10110010100 6
11
#28790000
b0 )
b0 =
0+
04
01
#28795000
11
#28800000
b1111 )
b1111 =
1+
14
b10000100 *
b10000100 >
b10000100 3
b10000100 9
01
#28805000
b110000101 B
b110000101 ,
b110000101 7
b110000101 G
b110000100 !
b110000100 <
b110000100 @
b10110010101 6
11
#28810000
b0 )
b0 =
0+
04
01
#28815000
11
#28820000
b1111 )
b1111 =
1+
14
b10000101 *
b10000101 >
b10000101 3
b10000101 9
01
#28825000
b110000110 B
b110000110 ,
b110000110 7
b110000110 G
b110000101 !
b110000101 <
b110000101 @
b10110010110 6
11
#28830000
b0 )
b0 =
0+
04
01
#28835000
11
#28840000
b1111 )
b1111 =
1+
14
b10000110 *
b10000110 >
b10000110 3
b10000110 9
01
#28845000
b110000111 B
b110000111 ,
b110000111 7
b110000111 G
b110000110 !
b110000110 <
b110000110 @
b10110010111 6
11
#28850000
b0 )
b0 =
0+
04
01
#28855000
11
#28860000
b1111 )
b1111 =
1+
14
b10000111 *
b10000111 >
b10000111 3
b10000111 9
01
#28865000
b110001000 B
b110001000 ,
b110001000 7
b110001000 G
b110000111 !
b110000111 <
b110000111 @
b10110011000 6
11
#28870000
b0 )
b0 =
0+
04
01
#28875000
11
#28880000
b1111 )
b1111 =
1+
14
b10001000 *
b10001000 >
b10001000 3
b10001000 9
01
#28885000
b110001001 B
b110001001 ,
b110001001 7
b110001001 G
b110001000 !
b110001000 <
b110001000 @
b10110011001 6
11
#28890000
b0 )
b0 =
0+
04
01
#28895000
11
#28900000
b1111 )
b1111 =
1+
14
b10001001 *
b10001001 >
b10001001 3
b10001001 9
01
#28905000
b110001010 B
b110001010 ,
b110001010 7
b110001010 G
b110001001 !
b110001001 <
b110001001 @
b10110011010 6
11
#28910000
b0 )
b0 =
0+
04
01
#28915000
11
#28920000
b1111 )
b1111 =
1+
14
b10001010 *
b10001010 >
b10001010 3
b10001010 9
01
#28925000
b110001011 B
b110001011 ,
b110001011 7
b110001011 G
b110001010 !
b110001010 <
b110001010 @
b10110011011 6
11
#28930000
b0 )
b0 =
0+
04
01
#28935000
11
#28940000
b1111 )
b1111 =
1+
14
b10001011 *
b10001011 >
b10001011 3
b10001011 9
01
#28945000
b110001100 B
b110001100 ,
b110001100 7
b110001100 G
b110001011 !
b110001011 <
b110001011 @
b10110011100 6
11
#28950000
b0 )
b0 =
0+
04
01
#28955000
11
#28960000
b1111 )
b1111 =
1+
14
b10001100 *
b10001100 >
b10001100 3
b10001100 9
01
#28965000
b110001101 B
b110001101 ,
b110001101 7
b110001101 G
b110001100 !
b110001100 <
b110001100 @
b10110011101 6
11
#28970000
b0 )
b0 =
0+
04
01
#28975000
11
#28980000
b1111 )
b1111 =
1+
14
b10001101 *
b10001101 >
b10001101 3
b10001101 9
01
#28985000
b110001110 B
b110001110 ,
b110001110 7
b110001110 G
b110001101 !
b110001101 <
b110001101 @
b10110011110 6
11
#28990000
b0 )
b0 =
0+
04
01
#28995000
11
#29000000
b1111 )
b1111 =
1+
14
b10001110 *
b10001110 >
b10001110 3
b10001110 9
01
#29005000
b110001111 B
b110001111 ,
b110001111 7
b110001111 G
b110001110 !
b110001110 <
b110001110 @
b10110011111 6
11
#29010000
b0 )
b0 =
0+
04
01
#29015000
11
#29020000
b1111 )
b1111 =
1+
14
b10001111 *
b10001111 >
b10001111 3
b10001111 9
01
#29025000
b110010000 B
b110010000 ,
b110010000 7
b110010000 G
b110001111 !
b110001111 <
b110001111 @
b10110100000 6
11
#29030000
b0 )
b0 =
0+
04
01
#29035000
11
#29040000
b1111 )
b1111 =
1+
14
b10010000 *
b10010000 >
b10010000 3
b10010000 9
01
#29045000
b110010001 B
b110010001 ,
b110010001 7
b110010001 G
b110010000 !
b110010000 <
b110010000 @
b10110100001 6
11
#29050000
b0 )
b0 =
0+
04
01
#29055000
11
#29060000
b1111 )
b1111 =
1+
14
b10010001 *
b10010001 >
b10010001 3
b10010001 9
01
#29065000
b110010010 B
b110010010 ,
b110010010 7
b110010010 G
b110010001 !
b110010001 <
b110010001 @
b10110100010 6
11
#29070000
b0 )
b0 =
0+
04
01
#29075000
11
#29080000
b1111 )
b1111 =
1+
14
b10010010 *
b10010010 >
b10010010 3
b10010010 9
01
#29085000
b110010011 B
b110010011 ,
b110010011 7
b110010011 G
b110010010 !
b110010010 <
b110010010 @
b10110100011 6
11
#29090000
b0 )
b0 =
0+
04
01
#29095000
11
#29100000
b1111 )
b1111 =
1+
14
b10010011 *
b10010011 >
b10010011 3
b10010011 9
01
#29105000
b110010100 B
b110010100 ,
b110010100 7
b110010100 G
b110010011 !
b110010011 <
b110010011 @
b10110100100 6
11
#29110000
b0 )
b0 =
0+
04
01
#29115000
11
#29120000
b1111 )
b1111 =
1+
14
b10010100 *
b10010100 >
b10010100 3
b10010100 9
01
#29125000
b110010101 B
b110010101 ,
b110010101 7
b110010101 G
b110010100 !
b110010100 <
b110010100 @
b10110100101 6
11
#29130000
b0 )
b0 =
0+
04
01
#29135000
11
#29140000
b1111 )
b1111 =
1+
14
b10010101 *
b10010101 >
b10010101 3
b10010101 9
01
#29145000
b110010110 B
b110010110 ,
b110010110 7
b110010110 G
b110010101 !
b110010101 <
b110010101 @
b10110100110 6
11
#29150000
b0 )
b0 =
0+
04
01
#29155000
11
#29160000
b1111 )
b1111 =
1+
14
b10010110 *
b10010110 >
b10010110 3
b10010110 9
01
#29165000
b110010111 B
b110010111 ,
b110010111 7
b110010111 G
b110010110 !
b110010110 <
b110010110 @
b10110100111 6
11
#29170000
b0 )
b0 =
0+
04
01
#29175000
11
#29180000
b1111 )
b1111 =
1+
14
b10010111 *
b10010111 >
b10010111 3
b10010111 9
01
#29185000
b110011000 B
b110011000 ,
b110011000 7
b110011000 G
b110010111 !
b110010111 <
b110010111 @
b10110101000 6
11
#29190000
b0 )
b0 =
0+
04
01
#29195000
11
#29200000
b1111 )
b1111 =
1+
14
b10011000 *
b10011000 >
b10011000 3
b10011000 9
01
#29205000
b110011001 B
b110011001 ,
b110011001 7
b110011001 G
b110011000 !
b110011000 <
b110011000 @
b10110101001 6
11
#29210000
b0 )
b0 =
0+
04
01
#29215000
11
#29220000
b1111 )
b1111 =
1+
14
b10011001 *
b10011001 >
b10011001 3
b10011001 9
01
#29225000
b110011010 B
b110011010 ,
b110011010 7
b110011010 G
b110011001 !
b110011001 <
b110011001 @
b10110101010 6
11
#29230000
b0 )
b0 =
0+
04
01
#29235000
11
#29240000
b1111 )
b1111 =
1+
14
b10011010 *
b10011010 >
b10011010 3
b10011010 9
01
#29245000
b110011011 B
b110011011 ,
b110011011 7
b110011011 G
b110011010 !
b110011010 <
b110011010 @
b10110101011 6
11
#29250000
b0 )
b0 =
0+
04
01
#29255000
11
#29260000
b1111 )
b1111 =
1+
14
b10011011 *
b10011011 >
b10011011 3
b10011011 9
01
#29265000
b110011100 B
b110011100 ,
b110011100 7
b110011100 G
b110011011 !
b110011011 <
b110011011 @
b10110101100 6
11
#29270000
b0 )
b0 =
0+
04
01
#29275000
11
#29280000
b1111 )
b1111 =
1+
14
b10011100 *
b10011100 >
b10011100 3
b10011100 9
01
#29285000
b110011101 B
b110011101 ,
b110011101 7
b110011101 G
b110011100 !
b110011100 <
b110011100 @
b10110101101 6
11
#29290000
b0 )
b0 =
0+
04
01
#29295000
11
#29300000
b1111 )
b1111 =
1+
14
b10011101 *
b10011101 >
b10011101 3
b10011101 9
01
#29305000
b110011110 B
b110011110 ,
b110011110 7
b110011110 G
b110011101 !
b110011101 <
b110011101 @
b10110101110 6
11
#29310000
b0 )
b0 =
0+
04
01
#29315000
11
#29320000
b1111 )
b1111 =
1+
14
b10011110 *
b10011110 >
b10011110 3
b10011110 9
01
#29325000
b110011111 B
b110011111 ,
b110011111 7
b110011111 G
b110011110 !
b110011110 <
b110011110 @
b10110101111 6
11
#29330000
b0 )
b0 =
0+
04
01
#29335000
11
#29340000
b1111 )
b1111 =
1+
14
b10011111 *
b10011111 >
b10011111 3
b10011111 9
01
#29345000
b110100000 B
b110100000 ,
b110100000 7
b110100000 G
b110011111 !
b110011111 <
b110011111 @
b10110110000 6
11
#29350000
b0 )
b0 =
0+
04
01
#29355000
11
#29360000
b1111 )
b1111 =
1+
14
b10100000 *
b10100000 >
b10100000 3
b10100000 9
01
#29365000
b110100001 B
b110100001 ,
b110100001 7
b110100001 G
b110100000 !
b110100000 <
b110100000 @
b10110110001 6
11
#29370000
b0 )
b0 =
0+
04
01
#29375000
11
#29380000
b1111 )
b1111 =
1+
14
b10100001 *
b10100001 >
b10100001 3
b10100001 9
01
#29385000
b110100010 B
b110100010 ,
b110100010 7
b110100010 G
b110100001 !
b110100001 <
b110100001 @
b10110110010 6
11
#29390000
b0 )
b0 =
0+
04
01
#29395000
11
#29400000
b1111 )
b1111 =
1+
14
b10100010 *
b10100010 >
b10100010 3
b10100010 9
01
#29405000
b110100011 B
b110100011 ,
b110100011 7
b110100011 G
b110100010 !
b110100010 <
b110100010 @
b10110110011 6
11
#29410000
b0 )
b0 =
0+
04
01
#29415000
11
#29420000
b1111 )
b1111 =
1+
14
b10100011 *
b10100011 >
b10100011 3
b10100011 9
01
#29425000
b110100100 B
b110100100 ,
b110100100 7
b110100100 G
b110100011 !
b110100011 <
b110100011 @
b10110110100 6
11
#29430000
b0 )
b0 =
0+
04
01
#29435000
11
#29440000
b1111 )
b1111 =
1+
14
b10100100 *
b10100100 >
b10100100 3
b10100100 9
01
#29445000
b110100101 B
b110100101 ,
b110100101 7
b110100101 G
b110100100 !
b110100100 <
b110100100 @
b10110110101 6
11
#29450000
b0 )
b0 =
0+
04
01
#29455000
11
#29460000
b1111 )
b1111 =
1+
14
b10100101 *
b10100101 >
b10100101 3
b10100101 9
01
#29465000
b110100110 B
b110100110 ,
b110100110 7
b110100110 G
b110100101 !
b110100101 <
b110100101 @
b10110110110 6
11
#29470000
b0 )
b0 =
0+
04
01
#29475000
11
#29480000
b1111 )
b1111 =
1+
14
b10100110 *
b10100110 >
b10100110 3
b10100110 9
01
#29485000
b110100111 B
b110100111 ,
b110100111 7
b110100111 G
b110100110 !
b110100110 <
b110100110 @
b10110110111 6
11
#29490000
b0 )
b0 =
0+
04
01
#29495000
11
#29500000
b1111 )
b1111 =
1+
14
b10100111 *
b10100111 >
b10100111 3
b10100111 9
01
#29505000
b110101000 B
b110101000 ,
b110101000 7
b110101000 G
b110100111 !
b110100111 <
b110100111 @
b10110111000 6
11
#29510000
b0 )
b0 =
0+
04
01
#29515000
11
#29520000
b1111 )
b1111 =
1+
14
b10101000 *
b10101000 >
b10101000 3
b10101000 9
01
#29525000
b110101001 B
b110101001 ,
b110101001 7
b110101001 G
b110101000 !
b110101000 <
b110101000 @
b10110111001 6
11
#29530000
b0 )
b0 =
0+
04
01
#29535000
11
#29540000
b1111 )
b1111 =
1+
14
b10101001 *
b10101001 >
b10101001 3
b10101001 9
01
#29545000
b110101010 B
b110101010 ,
b110101010 7
b110101010 G
b110101001 !
b110101001 <
b110101001 @
b10110111010 6
11
#29550000
b0 )
b0 =
0+
04
01
#29555000
11
#29560000
b1111 )
b1111 =
1+
14
b10101010 *
b10101010 >
b10101010 3
b10101010 9
01
#29565000
b110101011 B
b110101011 ,
b110101011 7
b110101011 G
b110101010 !
b110101010 <
b110101010 @
b10110111011 6
11
#29570000
b0 )
b0 =
0+
04
01
#29575000
11
#29580000
b1111 )
b1111 =
1+
14
b10101011 *
b10101011 >
b10101011 3
b10101011 9
01
#29585000
b110101100 B
b110101100 ,
b110101100 7
b110101100 G
b110101011 !
b110101011 <
b110101011 @
b10110111100 6
11
#29590000
b0 )
b0 =
0+
04
01
#29595000
11
#29600000
b1111 )
b1111 =
1+
14
b10101100 *
b10101100 >
b10101100 3
b10101100 9
01
#29605000
b110101101 B
b110101101 ,
b110101101 7
b110101101 G
b110101100 !
b110101100 <
b110101100 @
b10110111101 6
11
#29610000
b0 )
b0 =
0+
04
01
#29615000
11
#29620000
b1111 )
b1111 =
1+
14
b10101101 *
b10101101 >
b10101101 3
b10101101 9
01
#29625000
b110101110 B
b110101110 ,
b110101110 7
b110101110 G
b110101101 !
b110101101 <
b110101101 @
b10110111110 6
11
#29630000
b0 )
b0 =
0+
04
01
#29635000
11
#29640000
b1111 )
b1111 =
1+
14
b10101110 *
b10101110 >
b10101110 3
b10101110 9
01
#29645000
b110101111 B
b110101111 ,
b110101111 7
b110101111 G
b110101110 !
b110101110 <
b110101110 @
b10110111111 6
11
#29650000
b0 )
b0 =
0+
04
01
#29655000
11
#29660000
b1111 )
b1111 =
1+
14
b10101111 *
b10101111 >
b10101111 3
b10101111 9
01
#29665000
b110110000 B
b110110000 ,
b110110000 7
b110110000 G
b110101111 !
b110101111 <
b110101111 @
b10111000000 6
11
#29670000
b0 )
b0 =
0+
04
01
#29675000
11
#29680000
b1111 )
b1111 =
1+
14
b10110000 *
b10110000 >
b10110000 3
b10110000 9
01
#29685000
b110110001 B
b110110001 ,
b110110001 7
b110110001 G
b110110000 !
b110110000 <
b110110000 @
b10111000001 6
11
#29690000
b0 )
b0 =
0+
04
01
#29695000
11
#29700000
b1111 )
b1111 =
1+
14
b10110001 *
b10110001 >
b10110001 3
b10110001 9
01
#29705000
b110110010 B
b110110010 ,
b110110010 7
b110110010 G
b110110001 !
b110110001 <
b110110001 @
b10111000010 6
11
#29710000
b0 )
b0 =
0+
04
01
#29715000
11
#29720000
b1111 )
b1111 =
1+
14
b10110010 *
b10110010 >
b10110010 3
b10110010 9
01
#29725000
b110110011 B
b110110011 ,
b110110011 7
b110110011 G
b110110010 !
b110110010 <
b110110010 @
b10111000011 6
11
#29730000
b0 )
b0 =
0+
04
01
#29735000
11
#29740000
b1111 )
b1111 =
1+
14
b10110011 *
b10110011 >
b10110011 3
b10110011 9
01
#29745000
b110110100 B
b110110100 ,
b110110100 7
b110110100 G
b110110011 !
b110110011 <
b110110011 @
b10111000100 6
11
#29750000
b0 )
b0 =
0+
04
01
#29755000
11
#29760000
b1111 )
b1111 =
1+
14
b10110100 *
b10110100 >
b10110100 3
b10110100 9
01
#29765000
b110110101 B
b110110101 ,
b110110101 7
b110110101 G
b110110100 !
b110110100 <
b110110100 @
b10111000101 6
11
#29770000
b0 )
b0 =
0+
04
01
#29775000
11
#29780000
b1111 )
b1111 =
1+
14
b10110101 *
b10110101 >
b10110101 3
b10110101 9
01
#29785000
b110110110 B
b110110110 ,
b110110110 7
b110110110 G
b110110101 !
b110110101 <
b110110101 @
b10111000110 6
11
#29790000
b0 )
b0 =
0+
04
01
#29795000
11
#29800000
b1111 )
b1111 =
1+
14
b10110110 *
b10110110 >
b10110110 3
b10110110 9
01
#29805000
b110110111 B
b110110111 ,
b110110111 7
b110110111 G
b110110110 !
b110110110 <
b110110110 @
b10111000111 6
11
#29810000
b0 )
b0 =
0+
04
01
#29815000
11
#29820000
b1111 )
b1111 =
1+
14
b10110111 *
b10110111 >
b10110111 3
b10110111 9
01
#29825000
b110111000 B
b110111000 ,
b110111000 7
b110111000 G
b110110111 !
b110110111 <
b110110111 @
b10111001000 6
11
#29830000
b0 )
b0 =
0+
04
01
#29835000
11
#29840000
b1111 )
b1111 =
1+
14
b10111000 *
b10111000 >
b10111000 3
b10111000 9
01
#29845000
b110111001 B
b110111001 ,
b110111001 7
b110111001 G
b110111000 !
b110111000 <
b110111000 @
b10111001001 6
11
#29850000
b0 )
b0 =
0+
04
01
#29855000
11
#29860000
b1111 )
b1111 =
1+
14
b10111001 *
b10111001 >
b10111001 3
b10111001 9
01
#29865000
b110111010 B
b110111010 ,
b110111010 7
b110111010 G
b110111001 !
b110111001 <
b110111001 @
b10111001010 6
11
#29870000
b0 )
b0 =
0+
04
01
#29875000
11
#29880000
b1111 )
b1111 =
1+
14
b10111010 *
b10111010 >
b10111010 3
b10111010 9
01
#29885000
b110111011 B
b110111011 ,
b110111011 7
b110111011 G
b110111010 !
b110111010 <
b110111010 @
b10111001011 6
11
#29890000
b0 )
b0 =
0+
04
01
#29895000
11
#29900000
b1111 )
b1111 =
1+
14
b10111011 *
b10111011 >
b10111011 3
b10111011 9
01
#29905000
b110111100 B
b110111100 ,
b110111100 7
b110111100 G
b110111011 !
b110111011 <
b110111011 @
b10111001100 6
11
#29910000
b0 )
b0 =
0+
04
01
#29915000
11
#29920000
b1111 )
b1111 =
1+
14
b10111100 *
b10111100 >
b10111100 3
b10111100 9
01
#29925000
b110111101 B
b110111101 ,
b110111101 7
b110111101 G
b110111100 !
b110111100 <
b110111100 @
b10111001101 6
11
#29930000
b0 )
b0 =
0+
04
01
#29935000
11
#29940000
b1111 )
b1111 =
1+
14
b10111101 *
b10111101 >
b10111101 3
b10111101 9
01
#29945000
b110111110 B
b110111110 ,
b110111110 7
b110111110 G
b110111101 !
b110111101 <
b110111101 @
b10111001110 6
11
#29950000
b0 )
b0 =
0+
04
01
#29955000
11
#29960000
b1111 )
b1111 =
1+
14
b10111110 *
b10111110 >
b10111110 3
b10111110 9
01
#29965000
b110111111 B
b110111111 ,
b110111111 7
b110111111 G
b110111110 !
b110111110 <
b110111110 @
b10111001111 6
11
#29970000
b0 )
b0 =
0+
04
01
#29975000
11
#29980000
b1111 )
b1111 =
1+
14
b10111111 *
b10111111 >
b10111111 3
b10111111 9
01
#29985000
b111000000 B
b111000000 ,
b111000000 7
b111000000 G
b110111111 !
b110111111 <
b110111111 @
b10111010000 6
11
#29990000
b0 )
b0 =
0+
04
01
#29995000
11
#30000000
b1111 )
b1111 =
1+
14
b11000000 *
b11000000 >
b11000000 3
b11000000 9
01
#30005000
b111000001 B
b111000001 ,
b111000001 7
b111000001 G
b111000000 !
b111000000 <
b111000000 @
b10111010001 6
11
#30010000
b0 )
b0 =
0+
04
01
#30015000
11
#30020000
b1111 )
b1111 =
1+
14
b11000001 *
b11000001 >
b11000001 3
b11000001 9
01
#30025000
b111000010 B
b111000010 ,
b111000010 7
b111000010 G
b111000001 !
b111000001 <
b111000001 @
b10111010010 6
11
#30030000
b0 )
b0 =
0+
04
01
#30035000
11
#30040000
b1111 )
b1111 =
1+
14
b11000010 *
b11000010 >
b11000010 3
b11000010 9
01
#30045000
b111000011 B
b111000011 ,
b111000011 7
b111000011 G
b111000010 !
b111000010 <
b111000010 @
b10111010011 6
11
#30050000
b0 )
b0 =
0+
04
01
#30055000
11
#30060000
b1111 )
b1111 =
1+
14
b11000011 *
b11000011 >
b11000011 3
b11000011 9
01
#30065000
b111000100 B
b111000100 ,
b111000100 7
b111000100 G
b111000011 !
b111000011 <
b111000011 @
b10111010100 6
11
#30070000
b0 )
b0 =
0+
04
01
#30075000
11
#30080000
b1111 )
b1111 =
1+
14
b11000100 *
b11000100 >
b11000100 3
b11000100 9
01
#30085000
b111000101 B
b111000101 ,
b111000101 7
b111000101 G
b111000100 !
b111000100 <
b111000100 @
b10111010101 6
11
#30090000
b0 )
b0 =
0+
04
01
#30095000
11
#30100000
b1111 )
b1111 =
1+
14
b11000101 *
b11000101 >
b11000101 3
b11000101 9
01
#30105000
b111000110 B
b111000110 ,
b111000110 7
b111000110 G
b111000101 !
b111000101 <
b111000101 @
b10111010110 6
11
#30110000
b0 )
b0 =
0+
04
01
#30115000
11
#30120000
b1111 )
b1111 =
1+
14
b11000110 *
b11000110 >
b11000110 3
b11000110 9
01
#30125000
b111000111 B
b111000111 ,
b111000111 7
b111000111 G
b111000110 !
b111000110 <
b111000110 @
b10111010111 6
11
#30130000
b0 )
b0 =
0+
04
01
#30135000
11
#30140000
b1111 )
b1111 =
1+
14
b11000111 *
b11000111 >
b11000111 3
b11000111 9
01
#30145000
b111001000 B
b111001000 ,
b111001000 7
b111001000 G
b111000111 !
b111000111 <
b111000111 @
b10111011000 6
11
#30150000
b0 )
b0 =
0+
04
01
#30155000
11
#30160000
b1111 )
b1111 =
1+
14
b11001000 *
b11001000 >
b11001000 3
b11001000 9
01
#30165000
b111001001 B
b111001001 ,
b111001001 7
b111001001 G
b111001000 !
b111001000 <
b111001000 @
b10111011001 6
11
#30170000
b0 )
b0 =
0+
04
01
#30175000
11
#30180000
b1111 )
b1111 =
1+
14
b11001001 *
b11001001 >
b11001001 3
b11001001 9
01
#30185000
b111001010 B
b111001010 ,
b111001010 7
b111001010 G
b111001001 !
b111001001 <
b111001001 @
b10111011010 6
11
#30190000
b0 )
b0 =
0+
04
01
#30195000
11
#30200000
b1111 )
b1111 =
1+
14
b11001010 *
b11001010 >
b11001010 3
b11001010 9
01
#30205000
b111001011 B
b111001011 ,
b111001011 7
b111001011 G
b111001010 !
b111001010 <
b111001010 @
b10111011011 6
11
#30210000
b0 )
b0 =
0+
04
01
#30215000
11
#30220000
b1111 )
b1111 =
1+
14
b11001011 *
b11001011 >
b11001011 3
b11001011 9
01
#30225000
b111001100 B
b111001100 ,
b111001100 7
b111001100 G
b111001011 !
b111001011 <
b111001011 @
b10111011100 6
11
#30230000
b0 )
b0 =
0+
04
01
#30235000
11
#30240000
b1111 )
b1111 =
1+
14
b11001100 *
b11001100 >
b11001100 3
b11001100 9
01
#30245000
b111001101 B
b111001101 ,
b111001101 7
b111001101 G
b111001100 !
b111001100 <
b111001100 @
b10111011101 6
11
#30250000
b0 )
b0 =
0+
04
01
#30255000
11
#30260000
b1111 )
b1111 =
1+
14
b11001101 *
b11001101 >
b11001101 3
b11001101 9
01
#30265000
b111001110 B
b111001110 ,
b111001110 7
b111001110 G
b111001101 !
b111001101 <
b111001101 @
b10111011110 6
11
#30270000
b0 )
b0 =
0+
04
01
#30275000
11
#30280000
b1111 )
b1111 =
1+
14
b11001110 *
b11001110 >
b11001110 3
b11001110 9
01
#30285000
b111001111 B
b111001111 ,
b111001111 7
b111001111 G
b111001110 !
b111001110 <
b111001110 @
b10111011111 6
11
#30290000
b0 )
b0 =
0+
04
01
#30295000
11
#30300000
b1111 )
b1111 =
1+
14
b11001111 *
b11001111 >
b11001111 3
b11001111 9
01
#30305000
b111010000 B
b111010000 ,
b111010000 7
b111010000 G
b111001111 !
b111001111 <
b111001111 @
b10111100000 6
11
#30310000
b0 )
b0 =
0+
04
01
#30315000
11
#30320000
b1111 )
b1111 =
1+
14
b11010000 *
b11010000 >
b11010000 3
b11010000 9
01
#30325000
b111010001 B
b111010001 ,
b111010001 7
b111010001 G
b111010000 !
b111010000 <
b111010000 @
b10111100001 6
11
#30330000
b0 )
b0 =
0+
04
01
#30335000
11
#30340000
b1111 )
b1111 =
1+
14
b11010001 *
b11010001 >
b11010001 3
b11010001 9
01
#30345000
b111010010 B
b111010010 ,
b111010010 7
b111010010 G
b111010001 !
b111010001 <
b111010001 @
b10111100010 6
11
#30350000
b0 )
b0 =
0+
04
01
#30355000
11
#30360000
b1111 )
b1111 =
1+
14
b11010010 *
b11010010 >
b11010010 3
b11010010 9
01
#30365000
b111010011 B
b111010011 ,
b111010011 7
b111010011 G
b111010010 !
b111010010 <
b111010010 @
b10111100011 6
11
#30370000
b0 )
b0 =
0+
04
01
#30375000
11
#30380000
b1111 )
b1111 =
1+
14
b11010011 *
b11010011 >
b11010011 3
b11010011 9
01
#30385000
b111010100 B
b111010100 ,
b111010100 7
b111010100 G
b111010011 !
b111010011 <
b111010011 @
b10111100100 6
11
#30390000
b0 )
b0 =
0+
04
01
#30395000
11
#30400000
b1111 )
b1111 =
1+
14
b11010100 *
b11010100 >
b11010100 3
b11010100 9
01
#30405000
b111010101 B
b111010101 ,
b111010101 7
b111010101 G
b111010100 !
b111010100 <
b111010100 @
b10111100101 6
11
#30410000
b0 )
b0 =
0+
04
01
#30415000
11
#30420000
b1111 )
b1111 =
1+
14
b11010101 *
b11010101 >
b11010101 3
b11010101 9
01
#30425000
b111010110 B
b111010110 ,
b111010110 7
b111010110 G
b111010101 !
b111010101 <
b111010101 @
b10111100110 6
11
#30430000
b0 )
b0 =
0+
04
01
#30435000
11
#30440000
b1111 )
b1111 =
1+
14
b11010110 *
b11010110 >
b11010110 3
b11010110 9
01
#30445000
b111010111 B
b111010111 ,
b111010111 7
b111010111 G
b111010110 !
b111010110 <
b111010110 @
b10111100111 6
11
#30450000
b0 )
b0 =
0+
04
01
#30455000
11
#30460000
b1111 )
b1111 =
1+
14
b11010111 *
b11010111 >
b11010111 3
b11010111 9
01
#30465000
b111011000 B
b111011000 ,
b111011000 7
b111011000 G
b111010111 !
b111010111 <
b111010111 @
b10111101000 6
11
#30470000
b0 )
b0 =
0+
04
01
#30475000
11
#30480000
b1111 )
b1111 =
1+
14
b11011000 *
b11011000 >
b11011000 3
b11011000 9
01
#30485000
b111011001 B
b111011001 ,
b111011001 7
b111011001 G
b111011000 !
b111011000 <
b111011000 @
b10111101001 6
11
#30490000
b0 )
b0 =
0+
04
01
#30495000
11
#30500000
b1111 )
b1111 =
1+
14
b11011001 *
b11011001 >
b11011001 3
b11011001 9
01
#30505000
b111011010 B
b111011010 ,
b111011010 7
b111011010 G
b111011001 !
b111011001 <
b111011001 @
b10111101010 6
11
#30510000
b0 )
b0 =
0+
04
01
#30515000
11
#30520000
b1111 )
b1111 =
1+
14
b11011010 *
b11011010 >
b11011010 3
b11011010 9
01
#30525000
b111011011 B
b111011011 ,
b111011011 7
b111011011 G
b111011010 !
b111011010 <
b111011010 @
b10111101011 6
11
#30530000
b0 )
b0 =
0+
04
01
#30535000
11
#30540000
b1111 )
b1111 =
1+
14
b11011011 *
b11011011 >
b11011011 3
b11011011 9
01
#30545000
b111011100 B
b111011100 ,
b111011100 7
b111011100 G
b111011011 !
b111011011 <
b111011011 @
b10111101100 6
11
#30550000
b0 )
b0 =
0+
04
01
#30555000
11
#30560000
b1111 )
b1111 =
1+
14
b11011100 *
b11011100 >
b11011100 3
b11011100 9
01
#30565000
b111011101 B
b111011101 ,
b111011101 7
b111011101 G
b111011100 !
b111011100 <
b111011100 @
b10111101101 6
11
#30570000
b0 )
b0 =
0+
04
01
#30575000
11
#30580000
b1111 )
b1111 =
1+
14
b11011101 *
b11011101 >
b11011101 3
b11011101 9
01
#30585000
b111011110 B
b111011110 ,
b111011110 7
b111011110 G
b111011101 !
b111011101 <
b111011101 @
b10111101110 6
11
#30590000
b0 )
b0 =
0+
04
01
#30595000
11
#30600000
b1111 )
b1111 =
1+
14
b11011110 *
b11011110 >
b11011110 3
b11011110 9
01
#30605000
b111011111 B
b111011111 ,
b111011111 7
b111011111 G
b111011110 !
b111011110 <
b111011110 @
b10111101111 6
11
#30610000
b0 )
b0 =
0+
04
01
#30615000
11
#30620000
b1111 )
b1111 =
1+
14
b11011111 *
b11011111 >
b11011111 3
b11011111 9
01
#30625000
b111100000 B
b111100000 ,
b111100000 7
b111100000 G
b111011111 !
b111011111 <
b111011111 @
b10111110000 6
11
#30630000
b0 )
b0 =
0+
04
01
#30635000
11
#30640000
b1111 )
b1111 =
1+
14
b11100000 *
b11100000 >
b11100000 3
b11100000 9
01
#30645000
b111100001 B
b111100001 ,
b111100001 7
b111100001 G
b111100000 !
b111100000 <
b111100000 @
b10111110001 6
11
#30650000
b0 )
b0 =
0+
04
01
#30655000
11
#30660000
b1111 )
b1111 =
1+
14
b11100001 *
b11100001 >
b11100001 3
b11100001 9
01
#30665000
b111100010 B
b111100010 ,
b111100010 7
b111100010 G
b111100001 !
b111100001 <
b111100001 @
b10111110010 6
11
#30670000
b0 )
b0 =
0+
04
01
#30675000
11
#30680000
b1111 )
b1111 =
1+
14
b11100010 *
b11100010 >
b11100010 3
b11100010 9
01
#30685000
b111100011 B
b111100011 ,
b111100011 7
b111100011 G
b111100010 !
b111100010 <
b111100010 @
b10111110011 6
11
#30690000
b0 )
b0 =
0+
04
01
#30695000
11
#30700000
b1111 )
b1111 =
1+
14
b11100011 *
b11100011 >
b11100011 3
b11100011 9
01
#30705000
b111100100 B
b111100100 ,
b111100100 7
b111100100 G
b111100011 !
b111100011 <
b111100011 @
b10111110100 6
11
#30710000
b0 )
b0 =
0+
04
01
#30715000
11
#30720000
b1111 )
b1111 =
1+
14
b11100100 *
b11100100 >
b11100100 3
b11100100 9
01
#30725000
b111100101 B
b111100101 ,
b111100101 7
b111100101 G
b111100100 !
b111100100 <
b111100100 @
b10111110101 6
11
#30730000
b0 )
b0 =
0+
04
01
#30735000
11
#30740000
b1111 )
b1111 =
1+
14
b11100101 *
b11100101 >
b11100101 3
b11100101 9
01
#30745000
b111100110 B
b111100110 ,
b111100110 7
b111100110 G
b111100101 !
b111100101 <
b111100101 @
b10111110110 6
11
#30750000
b0 )
b0 =
0+
04
01
#30755000
11
#30760000
b1111 )
b1111 =
1+
14
b11100110 *
b11100110 >
b11100110 3
b11100110 9
01
#30765000
b111100111 B
b111100111 ,
b111100111 7
b111100111 G
b111100110 !
b111100110 <
b111100110 @
b10111110111 6
11
#30770000
b0 )
b0 =
0+
04
01
#30775000
11
#30780000
b1111 )
b1111 =
1+
14
b11100111 *
b11100111 >
b11100111 3
b11100111 9
01
#30785000
b111101000 B
b111101000 ,
b111101000 7
b111101000 G
b111100111 !
b111100111 <
b111100111 @
b10111111000 6
11
#30790000
b0 )
b0 =
0+
04
01
#30795000
11
#30800000
b1111 )
b1111 =
1+
14
b11101000 *
b11101000 >
b11101000 3
b11101000 9
01
#30805000
b111101001 B
b111101001 ,
b111101001 7
b111101001 G
b111101000 !
b111101000 <
b111101000 @
b10111111001 6
11
#30810000
b0 )
b0 =
0+
04
01
#30815000
11
#30820000
b1111 )
b1111 =
1+
14
b11101001 *
b11101001 >
b11101001 3
b11101001 9
01
#30825000
b111101010 B
b111101010 ,
b111101010 7
b111101010 G
b111101001 !
b111101001 <
b111101001 @
b10111111010 6
11
#30830000
b0 )
b0 =
0+
04
01
#30835000
11
#30840000
b1111 )
b1111 =
1+
14
b11101010 *
b11101010 >
b11101010 3
b11101010 9
01
#30845000
b111101011 B
b111101011 ,
b111101011 7
b111101011 G
b111101010 !
b111101010 <
b111101010 @
b10111111011 6
11
#30850000
b0 )
b0 =
0+
04
01
#30855000
11
#30860000
b1111 )
b1111 =
1+
14
b11101011 *
b11101011 >
b11101011 3
b11101011 9
01
#30865000
b111101100 B
b111101100 ,
b111101100 7
b111101100 G
b111101011 !
b111101011 <
b111101011 @
b10111111100 6
11
#30870000
b0 )
b0 =
0+
04
01
#30875000
11
#30880000
b1111 )
b1111 =
1+
14
b11101100 *
b11101100 >
b11101100 3
b11101100 9
01
#30885000
b111101101 B
b111101101 ,
b111101101 7
b111101101 G
b111101100 !
b111101100 <
b111101100 @
b10111111101 6
11
#30890000
b0 )
b0 =
0+
04
01
#30895000
11
#30900000
b1111 )
b1111 =
1+
14
b11101101 *
b11101101 >
b11101101 3
b11101101 9
01
#30905000
b111101110 B
b111101110 ,
b111101110 7
b111101110 G
b111101101 !
b111101101 <
b111101101 @
b10111111110 6
11
#30910000
b0 )
b0 =
0+
04
01
#30915000
11
#30920000
b1111 )
b1111 =
1+
14
b11101110 *
b11101110 >
b11101110 3
b11101110 9
01
#30925000
b111101111 B
b111101111 ,
b111101111 7
b111101111 G
b111101110 !
b111101110 <
b111101110 @
b10111111111 6
11
#30930000
b0 )
b0 =
0+
04
01
#30935000
11
#30940000
b1111 )
b1111 =
1+
14
b11101111 *
b11101111 >
b11101111 3
b11101111 9
01
#30945000
b111110000 B
b111110000 ,
b111110000 7
b111110000 G
b111101111 !
b111101111 <
b111101111 @
b11000000000 6
11
#30950000
b0 )
b0 =
0+
04
01
#30955000
11
#30960000
b1111 )
b1111 =
1+
14
b11110000 *
b11110000 >
b11110000 3
b11110000 9
01
#30965000
b111110001 B
b111110001 ,
b111110001 7
b111110001 G
b111110000 !
b111110000 <
b111110000 @
b11000000001 6
11
#30970000
b0 )
b0 =
0+
04
01
#30975000
11
#30980000
b1111 )
b1111 =
1+
14
b11110001 *
b11110001 >
b11110001 3
b11110001 9
01
#30985000
b111110010 B
b111110010 ,
b111110010 7
b111110010 G
b111110001 !
b111110001 <
b111110001 @
b11000000010 6
11
#30990000
b0 )
b0 =
0+
04
01
#30995000
11
#31000000
b1111 )
b1111 =
1+
14
b11110010 *
b11110010 >
b11110010 3
b11110010 9
01
#31005000
b111110011 B
b111110011 ,
b111110011 7
b111110011 G
b111110010 !
b111110010 <
b111110010 @
b11000000011 6
11
#31010000
b0 )
b0 =
0+
04
01
#31015000
11
#31020000
b1111 )
b1111 =
1+
14
b11110011 *
b11110011 >
b11110011 3
b11110011 9
01
#31025000
b111110100 B
b111110100 ,
b111110100 7
b111110100 G
b111110011 !
b111110011 <
b111110011 @
b11000000100 6
11
#31030000
b0 )
b0 =
0+
04
01
#31035000
11
#31040000
b1111 )
b1111 =
1+
14
b11110100 *
b11110100 >
b11110100 3
b11110100 9
01
#31045000
b111110101 B
b111110101 ,
b111110101 7
b111110101 G
b111110100 !
b111110100 <
b111110100 @
b11000000101 6
11
#31050000
b0 )
b0 =
0+
04
01
#31055000
11
#31060000
b1111 )
b1111 =
1+
14
b11110101 *
b11110101 >
b11110101 3
b11110101 9
01
#31065000
b111110110 B
b111110110 ,
b111110110 7
b111110110 G
b111110101 !
b111110101 <
b111110101 @
b11000000110 6
11
#31070000
b0 )
b0 =
0+
04
01
#31075000
11
#31080000
b1111 )
b1111 =
1+
14
b11110110 *
b11110110 >
b11110110 3
b11110110 9
01
#31085000
b111110111 B
b111110111 ,
b111110111 7
b111110111 G
b111110110 !
b111110110 <
b111110110 @
b11000000111 6
11
#31090000
b0 )
b0 =
0+
04
01
#31095000
11
#31100000
b1111 )
b1111 =
1+
14
b11110111 *
b11110111 >
b11110111 3
b11110111 9
01
#31105000
b111111000 B
b111111000 ,
b111111000 7
b111111000 G
b111110111 !
b111110111 <
b111110111 @
b11000001000 6
11
#31110000
b0 )
b0 =
0+
04
01
#31115000
11
#31120000
b1111 )
b1111 =
1+
14
b11111000 *
b11111000 >
b11111000 3
b11111000 9
01
#31125000
b111111001 B
b111111001 ,
b111111001 7
b111111001 G
b111111000 !
b111111000 <
b111111000 @
b11000001001 6
11
#31130000
b0 )
b0 =
0+
04
01
#31135000
11
#31140000
b1111 )
b1111 =
1+
14
b11111001 *
b11111001 >
b11111001 3
b11111001 9
01
#31145000
b111111010 B
b111111010 ,
b111111010 7
b111111010 G
b111111001 !
b111111001 <
b111111001 @
b11000001010 6
11
#31150000
b0 )
b0 =
0+
04
01
#31155000
11
#31160000
b1111 )
b1111 =
1+
14
b11111010 *
b11111010 >
b11111010 3
b11111010 9
01
#31165000
b111111011 B
b111111011 ,
b111111011 7
b111111011 G
b111111010 !
b111111010 <
b111111010 @
b11000001011 6
11
#31170000
b0 )
b0 =
0+
04
01
#31175000
11
#31180000
b1111 )
b1111 =
1+
14
b11111011 *
b11111011 >
b11111011 3
b11111011 9
01
#31185000
b111111100 B
b111111100 ,
b111111100 7
b111111100 G
b111111011 !
b111111011 <
b111111011 @
b11000001100 6
11
#31190000
b0 )
b0 =
0+
04
01
#31195000
11
#31200000
b1111 )
b1111 =
1+
14
b11111100 *
b11111100 >
b11111100 3
b11111100 9
01
#31205000
b111111101 B
b111111101 ,
b111111101 7
b111111101 G
b111111100 !
b111111100 <
b111111100 @
b11000001101 6
11
#31210000
b0 )
b0 =
0+
04
01
#31215000
11
#31220000
b1111 )
b1111 =
1+
14
b11111101 *
b11111101 >
b11111101 3
b11111101 9
01
#31225000
b111111110 B
b111111110 ,
b111111110 7
b111111110 G
b111111101 !
b111111101 <
b111111101 @
b11000001110 6
11
#31230000
b0 )
b0 =
0+
04
01
#31235000
11
#31240000
b1111 )
b1111 =
1+
14
b11111110 *
b11111110 >
b11111110 3
b11111110 9
01
#31245000
b111111111 B
b111111111 ,
b111111111 7
b111111111 G
b111111110 !
b111111110 <
b111111110 @
b11000001111 6
11
#31250000
b0 )
b0 =
0+
04
01
#31255000
11
#31260000
b1111 )
b1111 =
1+
14
b11111111 *
b11111111 >
b11111111 3
b11111111 9
01
#31265000
1%
b10 D
b1000000000 B
b1000000000 ,
b1000000000 7
b1000000000 G
b111111111 !
b111111111 <
b111111111 @
b11000010000 6
11
#31270000
b0 )
b0 =
0+
04
01
#31275000
11
#31280000
b1111 )
b1111 =
1+
15
14
b0 *
b0 >
b0 3
b0 9
01
#31285000
b11 D
1"
1F
b1 A
b1000000000 #
b1000000000 ;
b1000000000 E
b1000000001 ,
b1000000001 7
b1000000001 G
b1000000000 !
b1000000000 <
b1000000000 @
b11000010001 6
11
#31290000
b0 )
b0 =
0+
05
04
01
#31295000
11
#31300000
b1111 )
b1111 =
1+
14
b1 *
b1 >
b1 3
b1 9
01
#31305000
b10 A
b1000000010 ,
b1000000010 7
b1000000010 G
b1000000001 !
b1000000001 <
b1000000001 @
b11000010010 6
11
#31310000
b0 )
b0 =
0+
04
01
#31315000
11
#31320000
b1111 )
b1111 =
1+
14
b10 *
b10 >
b10 3
b10 9
01
#31325000
b11 A
b1000000011 ,
b1000000011 7
b1000000011 G
b1000000010 !
b1000000010 <
b1000000010 @
b11000010011 6
11
#31330000
b0 )
b0 =
0+
04
01
#31335000
11
#31340000
b1111 )
b1111 =
1+
14
b11 *
b11 >
b11 3
b11 9
01
#31345000
b100 A
b1000000100 ,
b1000000100 7
b1000000100 G
b1000000011 !
b1000000011 <
b1000000011 @
b11000010100 6
11
#31350000
b0 )
b0 =
0+
04
01
#31355000
11
#31360000
b1111 )
b1111 =
1+
14
b100 *
b100 >
b100 3
b100 9
01
#31365000
b101 A
b1000000101 ,
b1000000101 7
b1000000101 G
b1000000100 !
b1000000100 <
b1000000100 @
b11000010101 6
11
#31370000
b0 )
b0 =
0+
04
01
#31375000
11
#31380000
b1111 )
b1111 =
1+
14
b101 *
b101 >
b101 3
b101 9
01
#31385000
b110 A
b1000000110 ,
b1000000110 7
b1000000110 G
b1000000101 !
b1000000101 <
b1000000101 @
b11000010110 6
11
#31390000
b0 )
b0 =
0+
04
01
#31395000
11
#31400000
b1111 )
b1111 =
1+
14
b110 *
b110 >
b110 3
b110 9
01
#31405000
b111 A
b1000000111 ,
b1000000111 7
b1000000111 G
b1000000110 !
b1000000110 <
b1000000110 @
b11000010111 6
11
#31410000
b0 )
b0 =
0+
04
01
#31415000
11
#31420000
b1111 )
b1111 =
1+
14
b111 *
b111 >
b111 3
b111 9
01
#31425000
b1000 A
b1000001000 ,
b1000001000 7
b1000001000 G
b1000000111 !
b1000000111 <
b1000000111 @
b11000011000 6
11
#31430000
b0 )
b0 =
0+
04
01
#31435000
11
#31440000
b1111 )
b1111 =
1+
14
b1000 *
b1000 >
b1000 3
b1000 9
01
#31445000
b1001 A
b1000001001 ,
b1000001001 7
b1000001001 G
b1000001000 !
b1000001000 <
b1000001000 @
b11000011001 6
11
#31450000
b0 )
b0 =
0+
04
01
#31455000
11
#31460000
b1111 )
b1111 =
1+
14
b1001 *
b1001 >
b1001 3
b1001 9
01
#31465000
b1010 A
b1000001010 ,
b1000001010 7
b1000001010 G
b1000001001 !
b1000001001 <
b1000001001 @
b11000011010 6
11
#31470000
b0 )
b0 =
0+
04
01
#31475000
11
#31480000
b1111 )
b1111 =
1+
14
b1010 *
b1010 >
b1010 3
b1010 9
01
#31485000
b1011 A
b1000001011 ,
b1000001011 7
b1000001011 G
b1000001010 !
b1000001010 <
b1000001010 @
b11000011011 6
11
#31490000
b0 )
b0 =
0+
04
01
#31495000
11
#31500000
b1111 )
b1111 =
1+
14
b1011 *
b1011 >
b1011 3
b1011 9
01
#31505000
b1100 A
b1000001100 ,
b1000001100 7
b1000001100 G
b1000001011 !
b1000001011 <
b1000001011 @
b11000011100 6
11
#31510000
b0 )
b0 =
0+
04
01
#31515000
11
#31520000
b1111 )
b1111 =
1+
14
b1100 *
b1100 >
b1100 3
b1100 9
01
#31525000
b1101 A
b1000001101 ,
b1000001101 7
b1000001101 G
b1000001100 !
b1000001100 <
b1000001100 @
b11000011101 6
11
#31530000
b0 )
b0 =
0+
04
01
#31535000
11
#31540000
b1111 )
b1111 =
1+
14
b1101 *
b1101 >
b1101 3
b1101 9
01
#31545000
b1110 A
b1000001110 ,
b1000001110 7
b1000001110 G
b1000001101 !
b1000001101 <
b1000001101 @
b11000011110 6
11
#31550000
b0 )
b0 =
0+
04
01
#31555000
11
#31560000
b1111 )
b1111 =
1+
14
b1110 *
b1110 >
b1110 3
b1110 9
01
#31565000
b1111 A
b1000001111 ,
b1000001111 7
b1000001111 G
b1000001110 !
b1000001110 <
b1000001110 @
b11000011111 6
11
#31570000
b0 )
b0 =
0+
04
01
#31575000
11
#31580000
b1111 )
b1111 =
1+
14
b1111 *
b1111 >
b1111 3
b1111 9
01
#31585000
b10000 A
b1000010000 ,
b1000010000 7
b1000010000 G
b1000001111 !
b1000001111 <
b1000001111 @
b11000100000 6
11
#31590000
b0 )
b0 =
0+
04
01
#31595000
11
#31600000
b1111 )
b1111 =
1+
14
b10000 *
b10000 >
b10000 3
b10000 9
01
#31605000
b10001 A
b1000010001 ,
b1000010001 7
b1000010001 G
b1000010000 !
b1000010000 <
b1000010000 @
b11000100001 6
11
#31610000
b0 )
b0 =
0+
04
01
#31615000
11
#31620000
b1111 )
b1111 =
1+
14
b10001 *
b10001 >
b10001 3
b10001 9
01
#31625000
b10010 A
b1000010010 ,
b1000010010 7
b1000010010 G
b1000010001 !
b1000010001 <
b1000010001 @
b11000100010 6
11
#31630000
b0 )
b0 =
0+
04
01
#31635000
11
#31640000
b1111 )
b1111 =
1+
14
b10010 *
b10010 >
b10010 3
b10010 9
01
#31645000
b10011 A
b1000010011 ,
b1000010011 7
b1000010011 G
b1000010010 !
b1000010010 <
b1000010010 @
b11000100011 6
11
#31650000
b0 )
b0 =
0+
04
01
#31655000
11
#31660000
b1111 )
b1111 =
1+
14
b10011 *
b10011 >
b10011 3
b10011 9
01
#31665000
b10100 A
b1000010100 ,
b1000010100 7
b1000010100 G
b1000010011 !
b1000010011 <
b1000010011 @
b11000100100 6
11
#31670000
b0 )
b0 =
0+
04
01
#31675000
11
#31680000
b1111 )
b1111 =
1+
14
b10100 *
b10100 >
b10100 3
b10100 9
01
#31685000
b10101 A
b1000010101 ,
b1000010101 7
b1000010101 G
b1000010100 !
b1000010100 <
b1000010100 @
b11000100101 6
11
#31690000
b0 )
b0 =
0+
04
01
#31695000
11
#31700000
b1111 )
b1111 =
1+
14
b10101 *
b10101 >
b10101 3
b10101 9
01
#31705000
b10110 A
b1000010110 ,
b1000010110 7
b1000010110 G
b1000010101 !
b1000010101 <
b1000010101 @
b11000100110 6
11
#31710000
b0 )
b0 =
0+
04
01
#31715000
11
#31720000
b1111 )
b1111 =
1+
14
b10110 *
b10110 >
b10110 3
b10110 9
01
#31725000
b10111 A
b1000010111 ,
b1000010111 7
b1000010111 G
b1000010110 !
b1000010110 <
b1000010110 @
b11000100111 6
11
#31730000
b0 )
b0 =
0+
04
01
#31735000
11
#31740000
b1111 )
b1111 =
1+
14
b10111 *
b10111 >
b10111 3
b10111 9
01
#31745000
b11000 A
b1000011000 ,
b1000011000 7
b1000011000 G
b1000010111 !
b1000010111 <
b1000010111 @
b11000101000 6
11
#31750000
b0 )
b0 =
0+
04
01
#31755000
11
#31760000
b1111 )
b1111 =
1+
14
b11000 *
b11000 >
b11000 3
b11000 9
01
#31765000
b11001 A
b1000011001 ,
b1000011001 7
b1000011001 G
b1000011000 !
b1000011000 <
b1000011000 @
b11000101001 6
11
#31770000
b0 )
b0 =
0+
04
01
#31775000
11
#31780000
b1111 )
b1111 =
1+
14
b11001 *
b11001 >
b11001 3
b11001 9
01
#31785000
b11010 A
b1000011010 ,
b1000011010 7
b1000011010 G
b1000011001 !
b1000011001 <
b1000011001 @
b11000101010 6
11
#31790000
b0 )
b0 =
0+
04
01
#31795000
11
#31800000
b1111 )
b1111 =
1+
14
b11010 *
b11010 >
b11010 3
b11010 9
01
#31805000
b11011 A
b1000011011 ,
b1000011011 7
b1000011011 G
b1000011010 !
b1000011010 <
b1000011010 @
b11000101011 6
11
#31810000
b0 )
b0 =
0+
04
01
#31815000
11
#31820000
b1111 )
b1111 =
1+
14
b11011 *
b11011 >
b11011 3
b11011 9
01
#31825000
b11100 A
b1000011100 ,
b1000011100 7
b1000011100 G
b1000011011 !
b1000011011 <
b1000011011 @
b11000101100 6
11
#31830000
b0 )
b0 =
0+
04
01
#31835000
11
#31840000
b1111 )
b1111 =
1+
14
b11100 *
b11100 >
b11100 3
b11100 9
01
#31845000
b11101 A
b1000011101 ,
b1000011101 7
b1000011101 G
b1000011100 !
b1000011100 <
b1000011100 @
b11000101101 6
11
#31850000
b0 )
b0 =
0+
04
01
#31855000
11
#31860000
b1111 )
b1111 =
1+
14
b11101 *
b11101 >
b11101 3
b11101 9
01
#31865000
b11110 A
b1000011110 ,
b1000011110 7
b1000011110 G
b1000011101 !
b1000011101 <
b1000011101 @
b11000101110 6
11
#31870000
b0 )
b0 =
0+
04
01
#31875000
11
#31880000
b1111 )
b1111 =
1+
14
b11110 *
b11110 >
b11110 3
b11110 9
01
#31885000
b11111 A
b1000011111 ,
b1000011111 7
b1000011111 G
b1000011110 !
b1000011110 <
b1000011110 @
b11000101111 6
11
#31890000
b0 )
b0 =
0+
04
01
#31895000
11
#31900000
b1111 )
b1111 =
1+
14
b11111 *
b11111 >
b11111 3
b11111 9
01
#31905000
b100000 A
b1000100000 ,
b1000100000 7
b1000100000 G
b1000011111 !
b1000011111 <
b1000011111 @
b11000110000 6
11
#31910000
b0 )
b0 =
0+
04
01
#31915000
11
#31920000
b1111 )
b1111 =
1+
14
b100000 *
b100000 >
b100000 3
b100000 9
01
#31925000
b100001 A
b1000100001 ,
b1000100001 7
b1000100001 G
b1000100000 !
b1000100000 <
b1000100000 @
b11000110001 6
11
#31930000
b0 )
b0 =
0+
04
01
#31935000
11
#31940000
b1111 )
b1111 =
1+
14
b100001 *
b100001 >
b100001 3
b100001 9
01
#31945000
b100010 A
b1000100010 ,
b1000100010 7
b1000100010 G
b1000100001 !
b1000100001 <
b1000100001 @
b11000110010 6
11
#31950000
b0 )
b0 =
0+
04
01
#31955000
11
#31960000
b1111 )
b1111 =
1+
14
b100010 *
b100010 >
b100010 3
b100010 9
01
#31965000
b100011 A
b1000100011 ,
b1000100011 7
b1000100011 G
b1000100010 !
b1000100010 <
b1000100010 @
b11000110011 6
11
#31970000
b0 )
b0 =
0+
04
01
#31975000
11
#31980000
b1111 )
b1111 =
1+
14
b100011 *
b100011 >
b100011 3
b100011 9
01
#31985000
b100100 A
b1000100100 ,
b1000100100 7
b1000100100 G
b1000100011 !
b1000100011 <
b1000100011 @
b11000110100 6
11
#31990000
b0 )
b0 =
0+
04
01
#31995000
11
#32000000
b1111 )
b1111 =
1+
14
b100100 *
b100100 >
b100100 3
b100100 9
01
#32005000
b100101 A
b1000100101 ,
b1000100101 7
b1000100101 G
b1000100100 !
b1000100100 <
b1000100100 @
b11000110101 6
11
#32010000
b0 )
b0 =
0+
04
01
#32015000
11
#32020000
b1111 )
b1111 =
1+
14
b100101 *
b100101 >
b100101 3
b100101 9
01
#32025000
b100110 A
b1000100110 ,
b1000100110 7
b1000100110 G
b1000100101 !
b1000100101 <
b1000100101 @
b11000110110 6
11
#32030000
b0 )
b0 =
0+
04
01
#32035000
11
#32040000
b1111 )
b1111 =
1+
14
b100110 *
b100110 >
b100110 3
b100110 9
01
#32045000
b100111 A
b1000100111 ,
b1000100111 7
b1000100111 G
b1000100110 !
b1000100110 <
b1000100110 @
b11000110111 6
11
#32050000
b0 )
b0 =
0+
04
01
#32055000
11
#32060000
b1111 )
b1111 =
1+
14
b100111 *
b100111 >
b100111 3
b100111 9
01
#32065000
b101000 A
b1000101000 ,
b1000101000 7
b1000101000 G
b1000100111 !
b1000100111 <
b1000100111 @
b11000111000 6
11
#32070000
b0 )
b0 =
0+
04
01
#32075000
11
#32080000
b1111 )
b1111 =
1+
14
b101000 *
b101000 >
b101000 3
b101000 9
01
#32085000
b101001 A
b1000101001 ,
b1000101001 7
b1000101001 G
b1000101000 !
b1000101000 <
b1000101000 @
b11000111001 6
11
#32090000
b0 )
b0 =
0+
04
01
#32095000
11
#32100000
b1111 )
b1111 =
1+
14
b101001 *
b101001 >
b101001 3
b101001 9
01
#32105000
b101010 A
b1000101010 ,
b1000101010 7
b1000101010 G
b1000101001 !
b1000101001 <
b1000101001 @
b11000111010 6
11
#32110000
b0 )
b0 =
0+
04
01
#32115000
11
#32120000
b1111 )
b1111 =
1+
14
b101010 *
b101010 >
b101010 3
b101010 9
01
#32125000
b101011 A
b1000101011 ,
b1000101011 7
b1000101011 G
b1000101010 !
b1000101010 <
b1000101010 @
b11000111011 6
11
#32130000
b0 )
b0 =
0+
04
01
#32135000
11
#32140000
b1111 )
b1111 =
1+
14
b101011 *
b101011 >
b101011 3
b101011 9
01
#32145000
b101100 A
b1000101100 ,
b1000101100 7
b1000101100 G
b1000101011 !
b1000101011 <
b1000101011 @
b11000111100 6
11
#32150000
b0 )
b0 =
0+
04
01
#32155000
11
#32160000
b1111 )
b1111 =
1+
14
b101100 *
b101100 >
b101100 3
b101100 9
01
#32165000
b101101 A
b1000101101 ,
b1000101101 7
b1000101101 G
b1000101100 !
b1000101100 <
b1000101100 @
b11000111101 6
11
#32170000
b0 )
b0 =
0+
04
01
#32175000
11
#32180000
b1111 )
b1111 =
1+
14
b101101 *
b101101 >
b101101 3
b101101 9
01
#32185000
b101110 A
b1000101110 ,
b1000101110 7
b1000101110 G
b1000101101 !
b1000101101 <
b1000101101 @
b11000111110 6
11
#32190000
b0 )
b0 =
0+
04
01
#32195000
11
#32200000
b1111 )
b1111 =
1+
14
b101110 *
b101110 >
b101110 3
b101110 9
01
#32205000
b101111 A
b1000101111 ,
b1000101111 7
b1000101111 G
b1000101110 !
b1000101110 <
b1000101110 @
b11000111111 6
11
#32210000
b0 )
b0 =
0+
04
01
#32215000
11
#32220000
b1111 )
b1111 =
1+
14
b101111 *
b101111 >
b101111 3
b101111 9
01
#32225000
b110000 A
b1000110000 ,
b1000110000 7
b1000110000 G
b1000101111 !
b1000101111 <
b1000101111 @
b11001000000 6
11
#32230000
b0 )
b0 =
0+
04
01
#32235000
11
#32240000
b1111 )
b1111 =
1+
14
b110000 *
b110000 >
b110000 3
b110000 9
01
#32245000
b110001 A
b1000110001 ,
b1000110001 7
b1000110001 G
b1000110000 !
b1000110000 <
b1000110000 @
b11001000001 6
11
#32250000
b0 )
b0 =
0+
04
01
#32255000
11
#32260000
b1111 )
b1111 =
1+
14
b110001 *
b110001 >
b110001 3
b110001 9
01
#32265000
b110010 A
b1000110010 ,
b1000110010 7
b1000110010 G
b1000110001 !
b1000110001 <
b1000110001 @
b11001000010 6
11
#32270000
b0 )
b0 =
0+
04
01
#32275000
11
#32280000
b1111 )
b1111 =
1+
14
b110010 *
b110010 >
b110010 3
b110010 9
01
#32285000
b110011 A
b1000110011 ,
b1000110011 7
b1000110011 G
b1000110010 !
b1000110010 <
b1000110010 @
b11001000011 6
11
#32290000
b0 )
b0 =
0+
04
01
#32295000
11
#32300000
b1111 )
b1111 =
1+
14
b110011 *
b110011 >
b110011 3
b110011 9
01
#32305000
b110100 A
b1000110100 ,
b1000110100 7
b1000110100 G
b1000110011 !
b1000110011 <
b1000110011 @
b11001000100 6
11
#32310000
b0 )
b0 =
0+
04
01
#32315000
11
#32320000
b1111 )
b1111 =
1+
14
b110100 *
b110100 >
b110100 3
b110100 9
01
#32325000
b110101 A
b1000110101 ,
b1000110101 7
b1000110101 G
b1000110100 !
b1000110100 <
b1000110100 @
b11001000101 6
11
#32330000
b0 )
b0 =
0+
04
01
#32335000
11
#32340000
b1111 )
b1111 =
1+
14
b110101 *
b110101 >
b110101 3
b110101 9
01
#32345000
b110110 A
b1000110110 ,
b1000110110 7
b1000110110 G
b1000110101 !
b1000110101 <
b1000110101 @
b11001000110 6
11
#32350000
b0 )
b0 =
0+
04
01
#32355000
11
#32360000
b1111 )
b1111 =
1+
14
b110110 *
b110110 >
b110110 3
b110110 9
01
#32365000
b110111 A
b1000110111 ,
b1000110111 7
b1000110111 G
b1000110110 !
b1000110110 <
b1000110110 @
b11001000111 6
11
#32370000
b0 )
b0 =
0+
04
01
#32375000
11
#32380000
b1111 )
b1111 =
1+
14
b110111 *
b110111 >
b110111 3
b110111 9
01
#32385000
b111000 A
b1000111000 ,
b1000111000 7
b1000111000 G
b1000110111 !
b1000110111 <
b1000110111 @
b11001001000 6
11
#32390000
b0 )
b0 =
0+
04
01
#32395000
11
#32400000
b1111 )
b1111 =
1+
14
b111000 *
b111000 >
b111000 3
b111000 9
01
#32405000
b111001 A
b1000111001 ,
b1000111001 7
b1000111001 G
b1000111000 !
b1000111000 <
b1000111000 @
b11001001001 6
11
#32410000
b0 )
b0 =
0+
04
01
#32415000
11
#32420000
b1111 )
b1111 =
1+
14
b111001 *
b111001 >
b111001 3
b111001 9
01
#32425000
b111010 A
b1000111010 ,
b1000111010 7
b1000111010 G
b1000111001 !
b1000111001 <
b1000111001 @
b11001001010 6
11
#32430000
b0 )
b0 =
0+
04
01
#32435000
11
#32440000
b1111 )
b1111 =
1+
14
b111010 *
b111010 >
b111010 3
b111010 9
01
#32445000
b111011 A
b1000111011 ,
b1000111011 7
b1000111011 G
b1000111010 !
b1000111010 <
b1000111010 @
b11001001011 6
11
#32450000
b0 )
b0 =
0+
04
01
#32455000
11
#32460000
b1111 )
b1111 =
1+
14
b111011 *
b111011 >
b111011 3
b111011 9
01
#32465000
b111100 A
b1000111100 ,
b1000111100 7
b1000111100 G
b1000111011 !
b1000111011 <
b1000111011 @
b11001001100 6
11
#32470000
b0 )
b0 =
0+
04
01
#32475000
11
#32480000
b1111 )
b1111 =
1+
14
b111100 *
b111100 >
b111100 3
b111100 9
01
#32485000
b111101 A
b1000111101 ,
b1000111101 7
b1000111101 G
b1000111100 !
b1000111100 <
b1000111100 @
b11001001101 6
11
#32490000
b0 )
b0 =
0+
04
01
#32495000
11
#32500000
b1111 )
b1111 =
1+
14
b111101 *
b111101 >
b111101 3
b111101 9
01
#32505000
b111110 A
b1000111110 ,
b1000111110 7
b1000111110 G
b1000111101 !
b1000111101 <
b1000111101 @
b11001001110 6
11
#32510000
b0 )
b0 =
0+
04
01
#32515000
11
#32520000
b1111 )
b1111 =
1+
14
b111110 *
b111110 >
b111110 3
b111110 9
01
#32525000
b111111 A
b1000111111 ,
b1000111111 7
b1000111111 G
b1000111110 !
b1000111110 <
b1000111110 @
b11001001111 6
11
#32530000
b0 )
b0 =
0+
04
01
#32535000
11
#32540000
b1111 )
b1111 =
1+
14
b111111 *
b111111 >
b111111 3
b111111 9
01
#32545000
b1000000 A
b1001000000 ,
b1001000000 7
b1001000000 G
b1000111111 !
b1000111111 <
b1000111111 @
b11001010000 6
11
#32550000
b0 )
b0 =
0+
04
01
#32555000
11
#32560000
b1111 )
b1111 =
1+
14
b1000000 *
b1000000 >
b1000000 3
b1000000 9
01
#32565000
b1000001 A
b1001000001 ,
b1001000001 7
b1001000001 G
b1001000000 !
b1001000000 <
b1001000000 @
b11001010001 6
11
#32570000
b0 )
b0 =
0+
04
01
#32575000
11
#32580000
b1111 )
b1111 =
1+
14
b1000001 *
b1000001 >
b1000001 3
b1000001 9
01
#32585000
b1000010 A
b1001000010 ,
b1001000010 7
b1001000010 G
b1001000001 !
b1001000001 <
b1001000001 @
b11001010010 6
11
#32590000
b0 )
b0 =
0+
04
01
#32595000
11
#32600000
b1111 )
b1111 =
1+
14
b1000010 *
b1000010 >
b1000010 3
b1000010 9
01
#32605000
b1000011 A
b1001000011 ,
b1001000011 7
b1001000011 G
b1001000010 !
b1001000010 <
b1001000010 @
b11001010011 6
11
#32610000
b0 )
b0 =
0+
04
01
#32615000
11
#32620000
b1111 )
b1111 =
1+
14
b1000011 *
b1000011 >
b1000011 3
b1000011 9
01
#32625000
b1000100 A
b1001000100 ,
b1001000100 7
b1001000100 G
b1001000011 !
b1001000011 <
b1001000011 @
b11001010100 6
11
#32630000
b0 )
b0 =
0+
04
01
#32635000
11
#32640000
b1111 )
b1111 =
1+
14
b1000100 *
b1000100 >
b1000100 3
b1000100 9
01
#32645000
b1000101 A
b1001000101 ,
b1001000101 7
b1001000101 G
b1001000100 !
b1001000100 <
b1001000100 @
b11001010101 6
11
#32650000
b0 )
b0 =
0+
04
01
#32655000
11
#32660000
b1111 )
b1111 =
1+
14
b1000101 *
b1000101 >
b1000101 3
b1000101 9
01
#32665000
b1000110 A
b1001000110 ,
b1001000110 7
b1001000110 G
b1001000101 !
b1001000101 <
b1001000101 @
b11001010110 6
11
#32670000
b0 )
b0 =
0+
04
01
#32675000
11
#32680000
b1111 )
b1111 =
1+
14
b1000110 *
b1000110 >
b1000110 3
b1000110 9
01
#32685000
b1000111 A
b1001000111 ,
b1001000111 7
b1001000111 G
b1001000110 !
b1001000110 <
b1001000110 @
b11001010111 6
11
#32690000
b0 )
b0 =
0+
04
01
#32695000
11
#32700000
b1111 )
b1111 =
1+
14
b1000111 *
b1000111 >
b1000111 3
b1000111 9
01
#32705000
b1001000 A
b1001001000 ,
b1001001000 7
b1001001000 G
b1001000111 !
b1001000111 <
b1001000111 @
b11001011000 6
11
#32710000
b0 )
b0 =
0+
04
01
#32715000
11
#32720000
b1111 )
b1111 =
1+
14
b1001000 *
b1001000 >
b1001000 3
b1001000 9
01
#32725000
b1001001 A
b1001001001 ,
b1001001001 7
b1001001001 G
b1001001000 !
b1001001000 <
b1001001000 @
b11001011001 6
11
#32730000
b0 )
b0 =
0+
04
01
#32735000
11
#32740000
b1111 )
b1111 =
1+
14
b1001001 *
b1001001 >
b1001001 3
b1001001 9
01
#32745000
b1001010 A
b1001001010 ,
b1001001010 7
b1001001010 G
b1001001001 !
b1001001001 <
b1001001001 @
b11001011010 6
11
#32750000
b0 )
b0 =
0+
04
01
#32755000
11
#32760000
b1111 )
b1111 =
1+
14
b1001010 *
b1001010 >
b1001010 3
b1001010 9
01
#32765000
b1001011 A
b1001001011 ,
b1001001011 7
b1001001011 G
b1001001010 !
b1001001010 <
b1001001010 @
b11001011011 6
11
#32770000
b0 )
b0 =
0+
04
01
#32775000
11
#32780000
b1111 )
b1111 =
1+
14
b1001011 *
b1001011 >
b1001011 3
b1001011 9
01
#32785000
b1001100 A
b1001001100 ,
b1001001100 7
b1001001100 G
b1001001011 !
b1001001011 <
b1001001011 @
b11001011100 6
11
#32790000
b0 )
b0 =
0+
04
01
#32795000
11
#32800000
b1111 )
b1111 =
1+
14
b1001100 *
b1001100 >
b1001100 3
b1001100 9
01
#32805000
b1001101 A
b1001001101 ,
b1001001101 7
b1001001101 G
b1001001100 !
b1001001100 <
b1001001100 @
b11001011101 6
11
#32810000
b0 )
b0 =
0+
04
01
#32815000
11
#32820000
b1111 )
b1111 =
1+
14
b1001101 *
b1001101 >
b1001101 3
b1001101 9
01
#32825000
b1001110 A
b1001001110 ,
b1001001110 7
b1001001110 G
b1001001101 !
b1001001101 <
b1001001101 @
b11001011110 6
11
#32830000
b0 )
b0 =
0+
04
01
#32835000
11
#32840000
b1111 )
b1111 =
1+
14
b1001110 *
b1001110 >
b1001110 3
b1001110 9
01
#32845000
b1001111 A
b1001001111 ,
b1001001111 7
b1001001111 G
b1001001110 !
b1001001110 <
b1001001110 @
b11001011111 6
11
#32850000
b0 )
b0 =
0+
04
01
#32855000
11
#32860000
b1111 )
b1111 =
1+
14
b1001111 *
b1001111 >
b1001111 3
b1001111 9
01
#32865000
b1010000 A
b1001010000 ,
b1001010000 7
b1001010000 G
b1001001111 !
b1001001111 <
b1001001111 @
b11001100000 6
11
#32870000
b0 )
b0 =
0+
04
01
#32875000
11
#32880000
b1111 )
b1111 =
1+
14
b1010000 *
b1010000 >
b1010000 3
b1010000 9
01
#32885000
b1010001 A
b1001010001 ,
b1001010001 7
b1001010001 G
b1001010000 !
b1001010000 <
b1001010000 @
b11001100001 6
11
#32890000
b0 )
b0 =
0+
04
01
#32895000
11
#32900000
b1111 )
b1111 =
1+
14
b1010001 *
b1010001 >
b1010001 3
b1010001 9
01
#32905000
b1010010 A
b1001010010 ,
b1001010010 7
b1001010010 G
b1001010001 !
b1001010001 <
b1001010001 @
b11001100010 6
11
#32910000
b0 )
b0 =
0+
04
01
#32915000
11
#32920000
b1111 )
b1111 =
1+
14
b1010010 *
b1010010 >
b1010010 3
b1010010 9
01
#32925000
b1010011 A
b1001010011 ,
b1001010011 7
b1001010011 G
b1001010010 !
b1001010010 <
b1001010010 @
b11001100011 6
11
#32930000
b0 )
b0 =
0+
04
01
#32935000
11
#32940000
b1111 )
b1111 =
1+
14
b1010011 *
b1010011 >
b1010011 3
b1010011 9
01
#32945000
b1010100 A
b1001010100 ,
b1001010100 7
b1001010100 G
b1001010011 !
b1001010011 <
b1001010011 @
b11001100100 6
11
#32950000
b0 )
b0 =
0+
04
01
#32955000
11
#32960000
b1111 )
b1111 =
1+
14
b1010100 *
b1010100 >
b1010100 3
b1010100 9
01
#32965000
b1010101 A
b1001010101 ,
b1001010101 7
b1001010101 G
b1001010100 !
b1001010100 <
b1001010100 @
b11001100101 6
11
#32970000
b0 )
b0 =
0+
04
01
#32975000
11
#32980000
b1111 )
b1111 =
1+
14
b1010101 *
b1010101 >
b1010101 3
b1010101 9
01
#32985000
b1010110 A
b1001010110 ,
b1001010110 7
b1001010110 G
b1001010101 !
b1001010101 <
b1001010101 @
b11001100110 6
11
#32990000
b0 )
b0 =
0+
04
01
#32995000
11
#33000000
b1111 )
b1111 =
1+
14
b1010110 *
b1010110 >
b1010110 3
b1010110 9
01
#33005000
b1010111 A
b1001010111 ,
b1001010111 7
b1001010111 G
b1001010110 !
b1001010110 <
b1001010110 @
b11001100111 6
11
#33010000
b0 )
b0 =
0+
04
01
#33015000
11
#33020000
b1111 )
b1111 =
1+
14
b1010111 *
b1010111 >
b1010111 3
b1010111 9
01
#33025000
b1011000 A
b1001011000 ,
b1001011000 7
b1001011000 G
b1001010111 !
b1001010111 <
b1001010111 @
b11001101000 6
11
#33030000
b0 )
b0 =
0+
04
01
#33035000
11
#33040000
b1111 )
b1111 =
1+
14
b1011000 *
b1011000 >
b1011000 3
b1011000 9
01
#33045000
b1011001 A
b1001011001 ,
b1001011001 7
b1001011001 G
b1001011000 !
b1001011000 <
b1001011000 @
b11001101001 6
11
#33050000
b0 )
b0 =
0+
04
01
#33055000
11
#33060000
b1111 )
b1111 =
1+
14
b1011001 *
b1011001 >
b1011001 3
b1011001 9
01
#33065000
b1011010 A
b1001011010 ,
b1001011010 7
b1001011010 G
b1001011001 !
b1001011001 <
b1001011001 @
b11001101010 6
11
#33070000
b0 )
b0 =
0+
04
01
#33075000
11
#33080000
b1111 )
b1111 =
1+
14
b1011010 *
b1011010 >
b1011010 3
b1011010 9
01
#33085000
b1011011 A
b1001011011 ,
b1001011011 7
b1001011011 G
b1001011010 !
b1001011010 <
b1001011010 @
b11001101011 6
11
#33090000
b0 )
b0 =
0+
04
01
#33095000
11
#33100000
b1111 )
b1111 =
1+
14
b1011011 *
b1011011 >
b1011011 3
b1011011 9
01
#33105000
b1011100 A
b1001011100 ,
b1001011100 7
b1001011100 G
b1001011011 !
b1001011011 <
b1001011011 @
b11001101100 6
11
#33110000
b0 )
b0 =
0+
04
01
#33115000
11
#33120000
b1111 )
b1111 =
1+
14
b1011100 *
b1011100 >
b1011100 3
b1011100 9
01
#33125000
b1011101 A
b1001011101 ,
b1001011101 7
b1001011101 G
b1001011100 !
b1001011100 <
b1001011100 @
b11001101101 6
11
#33130000
b0 )
b0 =
0+
04
01
#33135000
11
#33140000
b1111 )
b1111 =
1+
14
b1011101 *
b1011101 >
b1011101 3
b1011101 9
01
#33145000
b1011110 A
b1001011110 ,
b1001011110 7
b1001011110 G
b1001011101 !
b1001011101 <
b1001011101 @
b11001101110 6
11
#33150000
b0 )
b0 =
0+
04
01
#33155000
11
#33160000
b1111 )
b1111 =
1+
14
b1011110 *
b1011110 >
b1011110 3
b1011110 9
01
#33165000
b1011111 A
b1001011111 ,
b1001011111 7
b1001011111 G
b1001011110 !
b1001011110 <
b1001011110 @
b11001101111 6
11
#33170000
b0 )
b0 =
0+
04
01
#33175000
11
#33180000
b1111 )
b1111 =
1+
14
b1011111 *
b1011111 >
b1011111 3
b1011111 9
01
#33185000
b1100000 A
b1001100000 ,
b1001100000 7
b1001100000 G
b1001011111 !
b1001011111 <
b1001011111 @
b11001110000 6
11
#33190000
b0 )
b0 =
0+
04
01
#33195000
11
#33200000
b1111 )
b1111 =
1+
14
b1100000 *
b1100000 >
b1100000 3
b1100000 9
01
#33205000
b1100001 A
b1001100001 ,
b1001100001 7
b1001100001 G
b1001100000 !
b1001100000 <
b1001100000 @
b11001110001 6
11
#33210000
b0 )
b0 =
0+
04
01
#33215000
11
#33220000
b1111 )
b1111 =
1+
14
b1100001 *
b1100001 >
b1100001 3
b1100001 9
01
#33225000
b1100010 A
b1001100010 ,
b1001100010 7
b1001100010 G
b1001100001 !
b1001100001 <
b1001100001 @
b11001110010 6
11
#33230000
b0 )
b0 =
0+
04
01
#33235000
11
#33240000
b1111 )
b1111 =
1+
14
b1100010 *
b1100010 >
b1100010 3
b1100010 9
01
#33245000
b1100011 A
b1001100011 ,
b1001100011 7
b1001100011 G
b1001100010 !
b1001100010 <
b1001100010 @
b11001110011 6
11
#33250000
b0 )
b0 =
0+
04
01
#33255000
11
#33260000
b1111 )
b1111 =
1+
14
b1100011 *
b1100011 >
b1100011 3
b1100011 9
01
#33265000
b1100100 A
b1001100100 ,
b1001100100 7
b1001100100 G
b1001100011 !
b1001100011 <
b1001100011 @
b11001110100 6
11
#33270000
b0 )
b0 =
0+
04
01
#33275000
11
#33280000
b1111 )
b1111 =
1+
14
b1100100 *
b1100100 >
b1100100 3
b1100100 9
01
#33285000
b1100101 A
b1001100101 ,
b1001100101 7
b1001100101 G
b1001100100 !
b1001100100 <
b1001100100 @
b11001110101 6
11
#33290000
b0 )
b0 =
0+
04
01
#33295000
11
#33300000
b1111 )
b1111 =
1+
14
b1100101 *
b1100101 >
b1100101 3
b1100101 9
01
#33305000
b1100110 A
b1001100110 ,
b1001100110 7
b1001100110 G
b1001100101 !
b1001100101 <
b1001100101 @
b11001110110 6
11
#33310000
b0 )
b0 =
0+
04
01
#33315000
11
#33320000
b1111 )
b1111 =
1+
14
b1100110 *
b1100110 >
b1100110 3
b1100110 9
01
#33325000
b1100111 A
b1001100111 ,
b1001100111 7
b1001100111 G
b1001100110 !
b1001100110 <
b1001100110 @
b11001110111 6
11
#33330000
b0 )
b0 =
0+
04
01
#33335000
11
#33340000
b1111 )
b1111 =
1+
14
b1100111 *
b1100111 >
b1100111 3
b1100111 9
01
#33345000
b1101000 A
b1001101000 ,
b1001101000 7
b1001101000 G
b1001100111 !
b1001100111 <
b1001100111 @
b11001111000 6
11
#33350000
b0 )
b0 =
0+
04
01
#33355000
11
#33360000
b1111 )
b1111 =
1+
14
b1101000 *
b1101000 >
b1101000 3
b1101000 9
01
#33365000
b1101001 A
b1001101001 ,
b1001101001 7
b1001101001 G
b1001101000 !
b1001101000 <
b1001101000 @
b11001111001 6
11
#33370000
b0 )
b0 =
0+
04
01
#33375000
11
#33380000
b1111 )
b1111 =
1+
14
b1101001 *
b1101001 >
b1101001 3
b1101001 9
01
#33385000
b1101010 A
b1001101010 ,
b1001101010 7
b1001101010 G
b1001101001 !
b1001101001 <
b1001101001 @
b11001111010 6
11
#33390000
b0 )
b0 =
0+
04
01
#33395000
11
#33400000
b1111 )
b1111 =
1+
14
b1101010 *
b1101010 >
b1101010 3
b1101010 9
01
#33405000
b1101011 A
b1001101011 ,
b1001101011 7
b1001101011 G
b1001101010 !
b1001101010 <
b1001101010 @
b11001111011 6
11
#33410000
b0 )
b0 =
0+
04
01
#33415000
11
#33420000
b1111 )
b1111 =
1+
14
b1101011 *
b1101011 >
b1101011 3
b1101011 9
01
#33425000
b1101100 A
b1001101100 ,
b1001101100 7
b1001101100 G
b1001101011 !
b1001101011 <
b1001101011 @
b11001111100 6
11
#33430000
b0 )
b0 =
0+
04
01
#33435000
11
#33440000
b1111 )
b1111 =
1+
14
b1101100 *
b1101100 >
b1101100 3
b1101100 9
01
#33445000
b1101101 A
b1001101101 ,
b1001101101 7
b1001101101 G
b1001101100 !
b1001101100 <
b1001101100 @
b11001111101 6
11
#33450000
b0 )
b0 =
0+
04
01
#33455000
11
#33460000
b1111 )
b1111 =
1+
14
b1101101 *
b1101101 >
b1101101 3
b1101101 9
01
#33465000
b1101110 A
b1001101110 ,
b1001101110 7
b1001101110 G
b1001101101 !
b1001101101 <
b1001101101 @
b11001111110 6
11
#33470000
b0 )
b0 =
0+
04
01
#33475000
11
#33480000
b1111 )
b1111 =
1+
14
b1101110 *
b1101110 >
b1101110 3
b1101110 9
01
#33485000
b1101111 A
b1001101111 ,
b1001101111 7
b1001101111 G
b1001101110 !
b1001101110 <
b1001101110 @
b11001111111 6
11
#33490000
b0 )
b0 =
0+
04
01
#33495000
11
#33500000
b1111 )
b1111 =
1+
14
b1101111 *
b1101111 >
b1101111 3
b1101111 9
01
#33505000
b1110000 A
b1001110000 ,
b1001110000 7
b1001110000 G
b1001101111 !
b1001101111 <
b1001101111 @
b11010000000 6
11
#33510000
b0 )
b0 =
0+
04
01
#33515000
11
#33520000
b1111 )
b1111 =
1+
14
b1110000 *
b1110000 >
b1110000 3
b1110000 9
01
#33525000
b1110001 A
b1001110001 ,
b1001110001 7
b1001110001 G
b1001110000 !
b1001110000 <
b1001110000 @
b11010000001 6
11
#33530000
b0 )
b0 =
0+
04
01
#33535000
11
#33540000
b1111 )
b1111 =
1+
14
b1110001 *
b1110001 >
b1110001 3
b1110001 9
01
#33545000
b1110010 A
b1001110010 ,
b1001110010 7
b1001110010 G
b1001110001 !
b1001110001 <
b1001110001 @
b11010000010 6
11
#33550000
b0 )
b0 =
0+
04
01
#33555000
11
#33560000
b1111 )
b1111 =
1+
14
b1110010 *
b1110010 >
b1110010 3
b1110010 9
01
#33565000
b1110011 A
b1001110011 ,
b1001110011 7
b1001110011 G
b1001110010 !
b1001110010 <
b1001110010 @
b11010000011 6
11
#33570000
b0 )
b0 =
0+
04
01
#33575000
11
#33580000
b1111 )
b1111 =
1+
14
b1110011 *
b1110011 >
b1110011 3
b1110011 9
01
#33585000
b1110100 A
b1001110100 ,
b1001110100 7
b1001110100 G
b1001110011 !
b1001110011 <
b1001110011 @
b11010000100 6
11
#33590000
b0 )
b0 =
0+
04
01
#33595000
11
#33600000
b1111 )
b1111 =
1+
14
b1110100 *
b1110100 >
b1110100 3
b1110100 9
01
#33605000
b1110101 A
b1001110101 ,
b1001110101 7
b1001110101 G
b1001110100 !
b1001110100 <
b1001110100 @
b11010000101 6
11
#33610000
b0 )
b0 =
0+
04
01
#33615000
11
#33620000
b1111 )
b1111 =
1+
14
b1110101 *
b1110101 >
b1110101 3
b1110101 9
01
#33625000
b1110110 A
b1001110110 ,
b1001110110 7
b1001110110 G
b1001110101 !
b1001110101 <
b1001110101 @
b11010000110 6
11
#33630000
b0 )
b0 =
0+
04
01
#33635000
11
#33640000
b1111 )
b1111 =
1+
14
b1110110 *
b1110110 >
b1110110 3
b1110110 9
01
#33645000
b1110111 A
b1001110111 ,
b1001110111 7
b1001110111 G
b1001110110 !
b1001110110 <
b1001110110 @
b11010000111 6
11
#33650000
b0 )
b0 =
0+
04
01
#33655000
11
#33660000
b1111 )
b1111 =
1+
14
b1110111 *
b1110111 >
b1110111 3
b1110111 9
01
#33665000
b1111000 A
b1001111000 ,
b1001111000 7
b1001111000 G
b1001110111 !
b1001110111 <
b1001110111 @
b11010001000 6
11
#33670000
b0 )
b0 =
0+
04
01
#33675000
11
#33680000
b1111 )
b1111 =
1+
14
b1111000 *
b1111000 >
b1111000 3
b1111000 9
01
#33685000
b1111001 A
b1001111001 ,
b1001111001 7
b1001111001 G
b1001111000 !
b1001111000 <
b1001111000 @
b11010001001 6
11
#33690000
b0 )
b0 =
0+
04
01
#33695000
11
#33700000
b1111 )
b1111 =
1+
14
b1111001 *
b1111001 >
b1111001 3
b1111001 9
01
#33705000
b1111010 A
b1001111010 ,
b1001111010 7
b1001111010 G
b1001111001 !
b1001111001 <
b1001111001 @
b11010001010 6
11
#33710000
b0 )
b0 =
0+
04
01
#33715000
11
#33720000
b1111 )
b1111 =
1+
14
b1111010 *
b1111010 >
b1111010 3
b1111010 9
01
#33725000
b1111011 A
b1001111011 ,
b1001111011 7
b1001111011 G
b1001111010 !
b1001111010 <
b1001111010 @
b11010001011 6
11
#33730000
b0 )
b0 =
0+
04
01
#33735000
11
#33740000
b1111 )
b1111 =
1+
14
b1111011 *
b1111011 >
b1111011 3
b1111011 9
01
#33745000
b1111100 A
b1001111100 ,
b1001111100 7
b1001111100 G
b1001111011 !
b1001111011 <
b1001111011 @
b11010001100 6
11
#33750000
b0 )
b0 =
0+
04
01
#33755000
11
#33760000
b1111 )
b1111 =
1+
14
b1111100 *
b1111100 >
b1111100 3
b1111100 9
01
#33765000
b1111101 A
b1001111101 ,
b1001111101 7
b1001111101 G
b1001111100 !
b1001111100 <
b1001111100 @
b11010001101 6
11
#33770000
b0 )
b0 =
0+
04
01
#33775000
11
#33780000
b1111 )
b1111 =
1+
14
b1111101 *
b1111101 >
b1111101 3
b1111101 9
01
#33785000
b1111110 A
b1001111110 ,
b1001111110 7
b1001111110 G
b1001111101 !
b1001111101 <
b1001111101 @
b11010001110 6
11
#33790000
b0 )
b0 =
0+
04
01
#33795000
11
#33800000
b1111 )
b1111 =
1+
14
b1111110 *
b1111110 >
b1111110 3
b1111110 9
01
#33805000
b1111111 A
b1001111111 ,
b1001111111 7
b1001111111 G
b1001111110 !
b1001111110 <
b1001111110 @
b11010001111 6
11
#33810000
b0 )
b0 =
0+
04
01
#33815000
11
#33820000
b1111 )
b1111 =
1+
14
b1111111 *
b1111111 >
b1111111 3
b1111111 9
01
#33825000
b10000000 A
b1010000000 ,
b1010000000 7
b1010000000 G
b1001111111 !
b1001111111 <
b1001111111 @
b11010010000 6
11
#33830000
b0 )
b0 =
0+
04
01
#33835000
11
#33840000
b1111 )
b1111 =
1+
14
b10000000 *
b10000000 >
b10000000 3
b10000000 9
01
#33845000
b10000001 A
b1010000001 ,
b1010000001 7
b1010000001 G
b1010000000 !
b1010000000 <
b1010000000 @
b11010010001 6
11
#33850000
b0 )
b0 =
0+
04
01
#33855000
11
#33860000
b1111 )
b1111 =
1+
14
b10000001 *
b10000001 >
b10000001 3
b10000001 9
01
#33865000
b10000010 A
b1010000010 ,
b1010000010 7
b1010000010 G
b1010000001 !
b1010000001 <
b1010000001 @
b11010010010 6
11
#33870000
b0 )
b0 =
0+
04
01
#33875000
11
#33880000
b1111 )
b1111 =
1+
14
b10000010 *
b10000010 >
b10000010 3
b10000010 9
01
#33885000
b10000011 A
b1010000011 ,
b1010000011 7
b1010000011 G
b1010000010 !
b1010000010 <
b1010000010 @
b11010010011 6
11
#33890000
b0 )
b0 =
0+
04
01
#33895000
11
#33900000
b1111 )
b1111 =
1+
14
b10000011 *
b10000011 >
b10000011 3
b10000011 9
01
#33905000
b10000100 A
b1010000100 ,
b1010000100 7
b1010000100 G
b1010000011 !
b1010000011 <
b1010000011 @
b11010010100 6
11
#33910000
b0 )
b0 =
0+
04
01
#33915000
11
#33920000
b1111 )
b1111 =
1+
14
b10000100 *
b10000100 >
b10000100 3
b10000100 9
01
#33925000
b10000101 A
b1010000101 ,
b1010000101 7
b1010000101 G
b1010000100 !
b1010000100 <
b1010000100 @
b11010010101 6
11
#33930000
b0 )
b0 =
0+
04
01
#33935000
11
#33940000
b1111 )
b1111 =
1+
14
b10000101 *
b10000101 >
b10000101 3
b10000101 9
01
#33945000
b10000110 A
b1010000110 ,
b1010000110 7
b1010000110 G
b1010000101 !
b1010000101 <
b1010000101 @
b11010010110 6
11
#33950000
b0 )
b0 =
0+
04
01
#33955000
11
#33960000
b1111 )
b1111 =
1+
14
b10000110 *
b10000110 >
b10000110 3
b10000110 9
01
#33965000
b10000111 A
b1010000111 ,
b1010000111 7
b1010000111 G
b1010000110 !
b1010000110 <
b1010000110 @
b11010010111 6
11
#33970000
b0 )
b0 =
0+
04
01
#33975000
11
#33980000
b1111 )
b1111 =
1+
14
b10000111 *
b10000111 >
b10000111 3
b10000111 9
01
#33985000
b10001000 A
b1010001000 ,
b1010001000 7
b1010001000 G
b1010000111 !
b1010000111 <
b1010000111 @
b11010011000 6
11
#33990000
b0 )
b0 =
0+
04
01
#33995000
11
#34000000
b1111 )
b1111 =
1+
14
b10001000 *
b10001000 >
b10001000 3
b10001000 9
01
#34005000
b10001001 A
b1010001001 ,
b1010001001 7
b1010001001 G
b1010001000 !
b1010001000 <
b1010001000 @
b11010011001 6
11
#34010000
b0 )
b0 =
0+
04
01
#34015000
11
#34020000
b1111 )
b1111 =
1+
14
b10001001 *
b10001001 >
b10001001 3
b10001001 9
01
#34025000
b10001010 A
b1010001010 ,
b1010001010 7
b1010001010 G
b1010001001 !
b1010001001 <
b1010001001 @
b11010011010 6
11
#34030000
b0 )
b0 =
0+
04
01
#34035000
11
#34040000
b1111 )
b1111 =
1+
14
b10001010 *
b10001010 >
b10001010 3
b10001010 9
01
#34045000
b10001011 A
b1010001011 ,
b1010001011 7
b1010001011 G
b1010001010 !
b1010001010 <
b1010001010 @
b11010011011 6
11
#34050000
b0 )
b0 =
0+
04
01
#34055000
11
#34060000
b1111 )
b1111 =
1+
14
b10001011 *
b10001011 >
b10001011 3
b10001011 9
01
#34065000
b10001100 A
b1010001100 ,
b1010001100 7
b1010001100 G
b1010001011 !
b1010001011 <
b1010001011 @
b11010011100 6
11
#34070000
b0 )
b0 =
0+
04
01
#34075000
11
#34080000
b1111 )
b1111 =
1+
14
b10001100 *
b10001100 >
b10001100 3
b10001100 9
01
#34085000
b10001101 A
b1010001101 ,
b1010001101 7
b1010001101 G
b1010001100 !
b1010001100 <
b1010001100 @
b11010011101 6
11
#34090000
b0 )
b0 =
0+
04
01
#34095000
11
#34100000
b1111 )
b1111 =
1+
14
b10001101 *
b10001101 >
b10001101 3
b10001101 9
01
#34105000
b10001110 A
b1010001110 ,
b1010001110 7
b1010001110 G
b1010001101 !
b1010001101 <
b1010001101 @
b11010011110 6
11
#34110000
b0 )
b0 =
0+
04
01
#34115000
11
#34120000
b1111 )
b1111 =
1+
14
b10001110 *
b10001110 >
b10001110 3
b10001110 9
01
#34125000
b10001111 A
b1010001111 ,
b1010001111 7
b1010001111 G
b1010001110 !
b1010001110 <
b1010001110 @
b11010011111 6
11
#34130000
b0 )
b0 =
0+
04
01
#34135000
11
#34140000
b1111 )
b1111 =
1+
14
b10001111 *
b10001111 >
b10001111 3
b10001111 9
01
#34145000
b10010000 A
b1010010000 ,
b1010010000 7
b1010010000 G
b1010001111 !
b1010001111 <
b1010001111 @
b11010100000 6
11
#34150000
b0 )
b0 =
0+
04
01
#34155000
11
#34160000
b1111 )
b1111 =
1+
14
b10010000 *
b10010000 >
b10010000 3
b10010000 9
01
#34165000
b10010001 A
b1010010001 ,
b1010010001 7
b1010010001 G
b1010010000 !
b1010010000 <
b1010010000 @
b11010100001 6
11
#34170000
b0 )
b0 =
0+
04
01
#34175000
11
#34180000
b1111 )
b1111 =
1+
14
b10010001 *
b10010001 >
b10010001 3
b10010001 9
01
#34185000
b10010010 A
b1010010010 ,
b1010010010 7
b1010010010 G
b1010010001 !
b1010010001 <
b1010010001 @
b11010100010 6
11
#34190000
b0 )
b0 =
0+
04
01
#34195000
11
#34200000
b1111 )
b1111 =
1+
14
b10010010 *
b10010010 >
b10010010 3
b10010010 9
01
#34205000
b10010011 A
b1010010011 ,
b1010010011 7
b1010010011 G
b1010010010 !
b1010010010 <
b1010010010 @
b11010100011 6
11
#34210000
b0 )
b0 =
0+
04
01
#34215000
11
#34220000
b1111 )
b1111 =
1+
14
b10010011 *
b10010011 >
b10010011 3
b10010011 9
01
#34225000
b10010100 A
b1010010100 ,
b1010010100 7
b1010010100 G
b1010010011 !
b1010010011 <
b1010010011 @
b11010100100 6
11
#34230000
b0 )
b0 =
0+
04
01
#34235000
11
#34240000
b1111 )
b1111 =
1+
14
b10010100 *
b10010100 >
b10010100 3
b10010100 9
01
#34245000
b10010101 A
b1010010101 ,
b1010010101 7
b1010010101 G
b1010010100 !
b1010010100 <
b1010010100 @
b11010100101 6
11
#34250000
b0 )
b0 =
0+
04
01
#34255000
11
#34260000
b1111 )
b1111 =
1+
14
b10010101 *
b10010101 >
b10010101 3
b10010101 9
01
#34265000
b10010110 A
b1010010110 ,
b1010010110 7
b1010010110 G
b1010010101 !
b1010010101 <
b1010010101 @
b11010100110 6
11
#34270000
b0 )
b0 =
0+
04
01
#34275000
11
#34280000
b1111 )
b1111 =
1+
14
b10010110 *
b10010110 >
b10010110 3
b10010110 9
01
#34285000
b10010111 A
b1010010111 ,
b1010010111 7
b1010010111 G
b1010010110 !
b1010010110 <
b1010010110 @
b11010100111 6
11
#34290000
b0 )
b0 =
0+
04
01
#34295000
11
#34300000
b1111 )
b1111 =
1+
14
b10010111 *
b10010111 >
b10010111 3
b10010111 9
01
#34305000
b10011000 A
b1010011000 ,
b1010011000 7
b1010011000 G
b1010010111 !
b1010010111 <
b1010010111 @
b11010101000 6
11
#34310000
b0 )
b0 =
0+
04
01
#34315000
11
#34320000
b1111 )
b1111 =
1+
14
b10011000 *
b10011000 >
b10011000 3
b10011000 9
01
#34325000
b10011001 A
b1010011001 ,
b1010011001 7
b1010011001 G
b1010011000 !
b1010011000 <
b1010011000 @
b11010101001 6
11
#34330000
b0 )
b0 =
0+
04
01
#34335000
11
#34340000
b1111 )
b1111 =
1+
14
b10011001 *
b10011001 >
b10011001 3
b10011001 9
01
#34345000
b10011010 A
b1010011010 ,
b1010011010 7
b1010011010 G
b1010011001 !
b1010011001 <
b1010011001 @
b11010101010 6
11
#34350000
b0 )
b0 =
0+
04
01
#34355000
11
#34360000
b1111 )
b1111 =
1+
14
b10011010 *
b10011010 >
b10011010 3
b10011010 9
01
#34365000
b10011011 A
b1010011011 ,
b1010011011 7
b1010011011 G
b1010011010 !
b1010011010 <
b1010011010 @
b11010101011 6
11
#34370000
b0 )
b0 =
0+
04
01
#34375000
11
#34380000
b1111 )
b1111 =
1+
14
b10011011 *
b10011011 >
b10011011 3
b10011011 9
01
#34385000
b10011100 A
b1010011100 ,
b1010011100 7
b1010011100 G
b1010011011 !
b1010011011 <
b1010011011 @
b11010101100 6
11
#34390000
b0 )
b0 =
0+
04
01
#34395000
11
#34400000
b1111 )
b1111 =
1+
14
b10011100 *
b10011100 >
b10011100 3
b10011100 9
01
#34405000
b10011101 A
b1010011101 ,
b1010011101 7
b1010011101 G
b1010011100 !
b1010011100 <
b1010011100 @
b11010101101 6
11
#34410000
b0 )
b0 =
0+
04
01
#34415000
11
#34420000
b1111 )
b1111 =
1+
14
b10011101 *
b10011101 >
b10011101 3
b10011101 9
01
#34425000
b10011110 A
b1010011110 ,
b1010011110 7
b1010011110 G
b1010011101 !
b1010011101 <
b1010011101 @
b11010101110 6
11
#34430000
b0 )
b0 =
0+
04
01
#34435000
11
#34440000
b1111 )
b1111 =
1+
14
b10011110 *
b10011110 >
b10011110 3
b10011110 9
01
#34445000
b10011111 A
b1010011111 ,
b1010011111 7
b1010011111 G
b1010011110 !
b1010011110 <
b1010011110 @
b11010101111 6
11
#34450000
b0 )
b0 =
0+
04
01
#34455000
11
#34460000
b1111 )
b1111 =
1+
14
b10011111 *
b10011111 >
b10011111 3
b10011111 9
01
#34465000
b10100000 A
b1010100000 ,
b1010100000 7
b1010100000 G
b1010011111 !
b1010011111 <
b1010011111 @
b11010110000 6
11
#34470000
b0 )
b0 =
0+
04
01
#34475000
11
#34480000
b1111 )
b1111 =
1+
14
b10100000 *
b10100000 >
b10100000 3
b10100000 9
01
#34485000
b10100001 A
b1010100001 ,
b1010100001 7
b1010100001 G
b1010100000 !
b1010100000 <
b1010100000 @
b11010110001 6
11
#34490000
b0 )
b0 =
0+
04
01
#34495000
11
#34500000
b1111 )
b1111 =
1+
14
b10100001 *
b10100001 >
b10100001 3
b10100001 9
01
#34505000
b10100010 A
b1010100010 ,
b1010100010 7
b1010100010 G
b1010100001 !
b1010100001 <
b1010100001 @
b11010110010 6
11
#34510000
b0 )
b0 =
0+
04
01
#34515000
11
#34520000
b1111 )
b1111 =
1+
14
b10100010 *
b10100010 >
b10100010 3
b10100010 9
01
#34525000
b10100011 A
b1010100011 ,
b1010100011 7
b1010100011 G
b1010100010 !
b1010100010 <
b1010100010 @
b11010110011 6
11
#34530000
b0 )
b0 =
0+
04
01
#34535000
11
#34540000
b1111 )
b1111 =
1+
14
b10100011 *
b10100011 >
b10100011 3
b10100011 9
01
#34545000
b10100100 A
b1010100100 ,
b1010100100 7
b1010100100 G
b1010100011 !
b1010100011 <
b1010100011 @
b11010110100 6
11
#34550000
b0 )
b0 =
0+
04
01
#34555000
11
#34560000
b1111 )
b1111 =
1+
14
b10100100 *
b10100100 >
b10100100 3
b10100100 9
01
#34565000
b10100101 A
b1010100101 ,
b1010100101 7
b1010100101 G
b1010100100 !
b1010100100 <
b1010100100 @
b11010110101 6
11
#34570000
b0 )
b0 =
0+
04
01
#34575000
11
#34580000
b1111 )
b1111 =
1+
14
b10100101 *
b10100101 >
b10100101 3
b10100101 9
01
#34585000
b10100110 A
b1010100110 ,
b1010100110 7
b1010100110 G
b1010100101 !
b1010100101 <
b1010100101 @
b11010110110 6
11
#34590000
b0 )
b0 =
0+
04
01
#34595000
11
#34600000
b1111 )
b1111 =
1+
14
b10100110 *
b10100110 >
b10100110 3
b10100110 9
01
#34605000
b10100111 A
b1010100111 ,
b1010100111 7
b1010100111 G
b1010100110 !
b1010100110 <
b1010100110 @
b11010110111 6
11
#34610000
b0 )
b0 =
0+
04
01
#34615000
11
#34620000
b1111 )
b1111 =
1+
14
b10100111 *
b10100111 >
b10100111 3
b10100111 9
01
#34625000
b10101000 A
b1010101000 ,
b1010101000 7
b1010101000 G
b1010100111 !
b1010100111 <
b1010100111 @
b11010111000 6
11
#34630000
b0 )
b0 =
0+
04
01
#34635000
11
#34640000
b1111 )
b1111 =
1+
14
b10101000 *
b10101000 >
b10101000 3
b10101000 9
01
#34645000
b10101001 A
b1010101001 ,
b1010101001 7
b1010101001 G
b1010101000 !
b1010101000 <
b1010101000 @
b11010111001 6
11
#34650000
b0 )
b0 =
0+
04
01
#34655000
11
#34660000
b1111 )
b1111 =
1+
14
b10101001 *
b10101001 >
b10101001 3
b10101001 9
01
#34665000
b10101010 A
b1010101010 ,
b1010101010 7
b1010101010 G
b1010101001 !
b1010101001 <
b1010101001 @
b11010111010 6
11
#34670000
b0 )
b0 =
0+
04
01
#34675000
11
#34680000
b1111 )
b1111 =
1+
14
b10101010 *
b10101010 >
b10101010 3
b10101010 9
01
#34685000
b10101011 A
b1010101011 ,
b1010101011 7
b1010101011 G
b1010101010 !
b1010101010 <
b1010101010 @
b11010111011 6
11
#34690000
b0 )
b0 =
0+
04
01
#34695000
11
#34700000
b1111 )
b1111 =
1+
14
b10101011 *
b10101011 >
b10101011 3
b10101011 9
01
#34705000
b10101100 A
b1010101100 ,
b1010101100 7
b1010101100 G
b1010101011 !
b1010101011 <
b1010101011 @
b11010111100 6
11
#34710000
b0 )
b0 =
0+
04
01
#34715000
11
#34720000
b1111 )
b1111 =
1+
14
b10101100 *
b10101100 >
b10101100 3
b10101100 9
01
#34725000
b10101101 A
b1010101101 ,
b1010101101 7
b1010101101 G
b1010101100 !
b1010101100 <
b1010101100 @
b11010111101 6
11
#34730000
b0 )
b0 =
0+
04
01
#34735000
11
#34740000
b1111 )
b1111 =
1+
14
b10101101 *
b10101101 >
b10101101 3
b10101101 9
01
#34745000
b10101110 A
b1010101110 ,
b1010101110 7
b1010101110 G
b1010101101 !
b1010101101 <
b1010101101 @
b11010111110 6
11
#34750000
b0 )
b0 =
0+
04
01
#34755000
11
#34760000
b1111 )
b1111 =
1+
14
b10101110 *
b10101110 >
b10101110 3
b10101110 9
01
#34765000
b10101111 A
b1010101111 ,
b1010101111 7
b1010101111 G
b1010101110 !
b1010101110 <
b1010101110 @
b11010111111 6
11
#34770000
b0 )
b0 =
0+
04
01
#34775000
11
#34780000
b1111 )
b1111 =
1+
14
b10101111 *
b10101111 >
b10101111 3
b10101111 9
01
#34785000
b10110000 A
b1010110000 ,
b1010110000 7
b1010110000 G
b1010101111 !
b1010101111 <
b1010101111 @
b11011000000 6
11
#34790000
b0 )
b0 =
0+
04
01
#34795000
11
#34800000
b1111 )
b1111 =
1+
14
b10110000 *
b10110000 >
b10110000 3
b10110000 9
01
#34805000
b10110001 A
b1010110001 ,
b1010110001 7
b1010110001 G
b1010110000 !
b1010110000 <
b1010110000 @
b11011000001 6
11
#34810000
b0 )
b0 =
0+
04
01
#34815000
11
#34820000
b1111 )
b1111 =
1+
14
b10110001 *
b10110001 >
b10110001 3
b10110001 9
01
#34825000
b10110010 A
b1010110010 ,
b1010110010 7
b1010110010 G
b1010110001 !
b1010110001 <
b1010110001 @
b11011000010 6
11
#34830000
b0 )
b0 =
0+
04
01
#34835000
11
#34840000
b1111 )
b1111 =
1+
14
b10110010 *
b10110010 >
b10110010 3
b10110010 9
01
#34845000
b10110011 A
b1010110011 ,
b1010110011 7
b1010110011 G
b1010110010 !
b1010110010 <
b1010110010 @
b11011000011 6
11
#34850000
b0 )
b0 =
0+
04
01
#34855000
11
#34860000
b1111 )
b1111 =
1+
14
b10110011 *
b10110011 >
b10110011 3
b10110011 9
01
#34865000
b10110100 A
b1010110100 ,
b1010110100 7
b1010110100 G
b1010110011 !
b1010110011 <
b1010110011 @
b11011000100 6
11
#34870000
b0 )
b0 =
0+
04
01
#34875000
11
#34880000
b1111 )
b1111 =
1+
14
b10110100 *
b10110100 >
b10110100 3
b10110100 9
01
#34885000
b10110101 A
b1010110101 ,
b1010110101 7
b1010110101 G
b1010110100 !
b1010110100 <
b1010110100 @
b11011000101 6
11
#34890000
b0 )
b0 =
0+
04
01
#34895000
11
#34900000
b1111 )
b1111 =
1+
14
b10110101 *
b10110101 >
b10110101 3
b10110101 9
01
#34905000
b10110110 A
b1010110110 ,
b1010110110 7
b1010110110 G
b1010110101 !
b1010110101 <
b1010110101 @
b11011000110 6
11
#34910000
b0 )
b0 =
0+
04
01
#34915000
11
#34920000
b1111 )
b1111 =
1+
14
b10110110 *
b10110110 >
b10110110 3
b10110110 9
01
#34925000
b10110111 A
b1010110111 ,
b1010110111 7
b1010110111 G
b1010110110 !
b1010110110 <
b1010110110 @
b11011000111 6
11
#34930000
b0 )
b0 =
0+
04
01
#34935000
11
#34940000
b1111 )
b1111 =
1+
14
b10110111 *
b10110111 >
b10110111 3
b10110111 9
01
#34945000
b10111000 A
b1010111000 ,
b1010111000 7
b1010111000 G
b1010110111 !
b1010110111 <
b1010110111 @
b11011001000 6
11
#34950000
b0 )
b0 =
0+
04
01
#34955000
11
#34960000
b1111 )
b1111 =
1+
14
b10111000 *
b10111000 >
b10111000 3
b10111000 9
01
#34965000
b10111001 A
b1010111001 ,
b1010111001 7
b1010111001 G
b1010111000 !
b1010111000 <
b1010111000 @
b11011001001 6
11
#34970000
b0 )
b0 =
0+
04
01
#34975000
11
#34980000
b1111 )
b1111 =
1+
14
b10111001 *
b10111001 >
b10111001 3
b10111001 9
01
#34985000
b10111010 A
b1010111010 ,
b1010111010 7
b1010111010 G
b1010111001 !
b1010111001 <
b1010111001 @
b11011001010 6
11
#34990000
b0 )
b0 =
0+
04
01
#34995000
11
#35000000
b1111 )
b1111 =
1+
14
b10111010 *
b10111010 >
b10111010 3
b10111010 9
01
#35005000
b10111011 A
b1010111011 ,
b1010111011 7
b1010111011 G
b1010111010 !
b1010111010 <
b1010111010 @
b11011001011 6
11
#35010000
b0 )
b0 =
0+
04
01
#35015000
11
#35020000
b1111 )
b1111 =
1+
14
b10111011 *
b10111011 >
b10111011 3
b10111011 9
01
#35025000
b10111100 A
b1010111100 ,
b1010111100 7
b1010111100 G
b1010111011 !
b1010111011 <
b1010111011 @
b11011001100 6
11
#35030000
b0 )
b0 =
0+
04
01
#35035000
11
#35040000
b1111 )
b1111 =
1+
14
b10111100 *
b10111100 >
b10111100 3
b10111100 9
01
#35045000
b10111101 A
b1010111101 ,
b1010111101 7
b1010111101 G
b1010111100 !
b1010111100 <
b1010111100 @
b11011001101 6
11
#35050000
b0 )
b0 =
0+
04
01
#35055000
11
#35060000
b1111 )
b1111 =
1+
14
b10111101 *
b10111101 >
b10111101 3
b10111101 9
01
#35065000
b10111110 A
b1010111110 ,
b1010111110 7
b1010111110 G
b1010111101 !
b1010111101 <
b1010111101 @
b11011001110 6
11
#35070000
b0 )
b0 =
0+
04
01
#35075000
11
#35080000
b1111 )
b1111 =
1+
14
b10111110 *
b10111110 >
b10111110 3
b10111110 9
01
#35085000
b10111111 A
b1010111111 ,
b1010111111 7
b1010111111 G
b1010111110 !
b1010111110 <
b1010111110 @
b11011001111 6
11
#35090000
b0 )
b0 =
0+
04
01
#35095000
11
#35100000
b1111 )
b1111 =
1+
14
b10111111 *
b10111111 >
b10111111 3
b10111111 9
01
#35105000
b11000000 A
b1011000000 ,
b1011000000 7
b1011000000 G
b1010111111 !
b1010111111 <
b1010111111 @
b11011010000 6
11
#35110000
b0 )
b0 =
0+
04
01
#35115000
11
#35120000
b1111 )
b1111 =
1+
14
b11000000 *
b11000000 >
b11000000 3
b11000000 9
01
#35125000
b11000001 A
b1011000001 ,
b1011000001 7
b1011000001 G
b1011000000 !
b1011000000 <
b1011000000 @
b11011010001 6
11
#35130000
b0 )
b0 =
0+
04
01
#35135000
11
#35140000
b1111 )
b1111 =
1+
14
b11000001 *
b11000001 >
b11000001 3
b11000001 9
01
#35145000
b11000010 A
b1011000010 ,
b1011000010 7
b1011000010 G
b1011000001 !
b1011000001 <
b1011000001 @
b11011010010 6
11
#35150000
b0 )
b0 =
0+
04
01
#35155000
11
#35160000
b1111 )
b1111 =
1+
14
b11000010 *
b11000010 >
b11000010 3
b11000010 9
01
#35165000
b11000011 A
b1011000011 ,
b1011000011 7
b1011000011 G
b1011000010 !
b1011000010 <
b1011000010 @
b11011010011 6
11
#35170000
b0 )
b0 =
0+
04
01
#35175000
11
#35180000
b1111 )
b1111 =
1+
14
b11000011 *
b11000011 >
b11000011 3
b11000011 9
01
#35185000
b11000100 A
b1011000100 ,
b1011000100 7
b1011000100 G
b1011000011 !
b1011000011 <
b1011000011 @
b11011010100 6
11
#35190000
b0 )
b0 =
0+
04
01
#35195000
11
#35200000
b1111 )
b1111 =
1+
14
b11000100 *
b11000100 >
b11000100 3
b11000100 9
01
#35205000
b11000101 A
b1011000101 ,
b1011000101 7
b1011000101 G
b1011000100 !
b1011000100 <
b1011000100 @
b11011010101 6
11
#35210000
b0 )
b0 =
0+
04
01
#35215000
11
#35220000
b1111 )
b1111 =
1+
14
b11000101 *
b11000101 >
b11000101 3
b11000101 9
01
#35225000
b11000110 A
b1011000110 ,
b1011000110 7
b1011000110 G
b1011000101 !
b1011000101 <
b1011000101 @
b11011010110 6
11
#35230000
b0 )
b0 =
0+
04
01
#35235000
11
#35240000
b1111 )
b1111 =
1+
14
b11000110 *
b11000110 >
b11000110 3
b11000110 9
01
#35245000
b11000111 A
b1011000111 ,
b1011000111 7
b1011000111 G
b1011000110 !
b1011000110 <
b1011000110 @
b11011010111 6
11
#35250000
b0 )
b0 =
0+
04
01
#35255000
11
#35260000
b1111 )
b1111 =
1+
14
b11000111 *
b11000111 >
b11000111 3
b11000111 9
01
#35265000
b11001000 A
b1011001000 ,
b1011001000 7
b1011001000 G
b1011000111 !
b1011000111 <
b1011000111 @
b11011011000 6
11
#35270000
b0 )
b0 =
0+
04
01
#35275000
11
#35280000
b1111 )
b1111 =
1+
14
b11001000 *
b11001000 >
b11001000 3
b11001000 9
01
#35285000
b11001001 A
b1011001001 ,
b1011001001 7
b1011001001 G
b1011001000 !
b1011001000 <
b1011001000 @
b11011011001 6
11
#35290000
b0 )
b0 =
0+
04
01
#35295000
11
#35300000
b1111 )
b1111 =
1+
14
b11001001 *
b11001001 >
b11001001 3
b11001001 9
01
#35305000
b11001010 A
b1011001010 ,
b1011001010 7
b1011001010 G
b1011001001 !
b1011001001 <
b1011001001 @
b11011011010 6
11
#35310000
b0 )
b0 =
0+
04
01
#35315000
11
#35320000
b1111 )
b1111 =
1+
14
b11001010 *
b11001010 >
b11001010 3
b11001010 9
01
#35325000
b11001011 A
b1011001011 ,
b1011001011 7
b1011001011 G
b1011001010 !
b1011001010 <
b1011001010 @
b11011011011 6
11
#35330000
b0 )
b0 =
0+
04
01
#35335000
11
#35340000
b1111 )
b1111 =
1+
14
b11001011 *
b11001011 >
b11001011 3
b11001011 9
01
#35345000
b11001100 A
b1011001100 ,
b1011001100 7
b1011001100 G
b1011001011 !
b1011001011 <
b1011001011 @
b11011011100 6
11
#35350000
b0 )
b0 =
0+
04
01
#35355000
11
#35360000
b1111 )
b1111 =
1+
14
b11001100 *
b11001100 >
b11001100 3
b11001100 9
01
#35365000
b11001101 A
b1011001101 ,
b1011001101 7
b1011001101 G
b1011001100 !
b1011001100 <
b1011001100 @
b11011011101 6
11
#35370000
b0 )
b0 =
0+
04
01
#35375000
11
#35380000
b1111 )
b1111 =
1+
14
b11001101 *
b11001101 >
b11001101 3
b11001101 9
01
#35385000
b11001110 A
b1011001110 ,
b1011001110 7
b1011001110 G
b1011001101 !
b1011001101 <
b1011001101 @
b11011011110 6
11
#35390000
b0 )
b0 =
0+
04
01
#35395000
11
#35400000
b1111 )
b1111 =
1+
14
b11001110 *
b11001110 >
b11001110 3
b11001110 9
01
#35405000
b11001111 A
b1011001111 ,
b1011001111 7
b1011001111 G
b1011001110 !
b1011001110 <
b1011001110 @
b11011011111 6
11
#35410000
b0 )
b0 =
0+
04
01
#35415000
11
#35420000
b1111 )
b1111 =
1+
14
b11001111 *
b11001111 >
b11001111 3
b11001111 9
01
#35425000
b11010000 A
b1011010000 ,
b1011010000 7
b1011010000 G
b1011001111 !
b1011001111 <
b1011001111 @
b11011100000 6
11
#35430000
b0 )
b0 =
0+
04
01
#35435000
11
#35440000
b1111 )
b1111 =
1+
14
b11010000 *
b11010000 >
b11010000 3
b11010000 9
01
#35445000
b11010001 A
b1011010001 ,
b1011010001 7
b1011010001 G
b1011010000 !
b1011010000 <
b1011010000 @
b11011100001 6
11
#35450000
b0 )
b0 =
0+
04
01
#35455000
11
#35460000
b1111 )
b1111 =
1+
14
b11010001 *
b11010001 >
b11010001 3
b11010001 9
01
#35465000
b11010010 A
b1011010010 ,
b1011010010 7
b1011010010 G
b1011010001 !
b1011010001 <
b1011010001 @
b11011100010 6
11
#35470000
b0 )
b0 =
0+
04
01
#35475000
11
#35480000
b1111 )
b1111 =
1+
14
b11010010 *
b11010010 >
b11010010 3
b11010010 9
01
#35485000
b11010011 A
b1011010011 ,
b1011010011 7
b1011010011 G
b1011010010 !
b1011010010 <
b1011010010 @
b11011100011 6
11
#35490000
b0 )
b0 =
0+
04
01
#35495000
11
#35500000
b1111 )
b1111 =
1+
14
b11010011 *
b11010011 >
b11010011 3
b11010011 9
01
#35505000
b11010100 A
b1011010100 ,
b1011010100 7
b1011010100 G
b1011010011 !
b1011010011 <
b1011010011 @
b11011100100 6
11
#35510000
b0 )
b0 =
0+
04
01
#35515000
11
#35520000
b1111 )
b1111 =
1+
14
b11010100 *
b11010100 >
b11010100 3
b11010100 9
01
#35525000
b11010101 A
b1011010101 ,
b1011010101 7
b1011010101 G
b1011010100 !
b1011010100 <
b1011010100 @
b11011100101 6
11
#35530000
b0 )
b0 =
0+
04
01
#35535000
11
#35540000
b1111 )
b1111 =
1+
14
b11010101 *
b11010101 >
b11010101 3
b11010101 9
01
#35545000
b11010110 A
b1011010110 ,
b1011010110 7
b1011010110 G
b1011010101 !
b1011010101 <
b1011010101 @
b11011100110 6
11
#35550000
b0 )
b0 =
0+
04
01
#35555000
11
#35560000
b1111 )
b1111 =
1+
14
b11010110 *
b11010110 >
b11010110 3
b11010110 9
01
#35565000
b11010111 A
b1011010111 ,
b1011010111 7
b1011010111 G
b1011010110 !
b1011010110 <
b1011010110 @
b11011100111 6
11
#35570000
b0 )
b0 =
0+
04
01
#35575000
11
#35580000
b1111 )
b1111 =
1+
14
b11010111 *
b11010111 >
b11010111 3
b11010111 9
01
#35585000
b11011000 A
b1011011000 ,
b1011011000 7
b1011011000 G
b1011010111 !
b1011010111 <
b1011010111 @
b11011101000 6
11
#35590000
b0 )
b0 =
0+
04
01
#35595000
11
#35600000
b1111 )
b1111 =
1+
14
b11011000 *
b11011000 >
b11011000 3
b11011000 9
01
#35605000
b11011001 A
b1011011001 ,
b1011011001 7
b1011011001 G
b1011011000 !
b1011011000 <
b1011011000 @
b11011101001 6
11
#35610000
b0 )
b0 =
0+
04
01
#35615000
11
#35620000
b1111 )
b1111 =
1+
14
b11011001 *
b11011001 >
b11011001 3
b11011001 9
01
#35625000
b11011010 A
b1011011010 ,
b1011011010 7
b1011011010 G
b1011011001 !
b1011011001 <
b1011011001 @
b11011101010 6
11
#35630000
b0 )
b0 =
0+
04
01
#35635000
11
#35640000
b1111 )
b1111 =
1+
14
b11011010 *
b11011010 >
b11011010 3
b11011010 9
01
#35645000
b11011011 A
b1011011011 ,
b1011011011 7
b1011011011 G
b1011011010 !
b1011011010 <
b1011011010 @
b11011101011 6
11
#35650000
b0 )
b0 =
0+
04
01
#35655000
11
#35660000
b1111 )
b1111 =
1+
14
b11011011 *
b11011011 >
b11011011 3
b11011011 9
01
#35665000
b11011100 A
b1011011100 ,
b1011011100 7
b1011011100 G
b1011011011 !
b1011011011 <
b1011011011 @
b11011101100 6
11
#35670000
b0 )
b0 =
0+
04
01
#35675000
11
#35680000
b1111 )
b1111 =
1+
14
b11011100 *
b11011100 >
b11011100 3
b11011100 9
01
#35685000
b11011101 A
b1011011101 ,
b1011011101 7
b1011011101 G
b1011011100 !
b1011011100 <
b1011011100 @
b11011101101 6
11
#35690000
b0 )
b0 =
0+
04
01
#35695000
11
#35700000
b1111 )
b1111 =
1+
14
b11011101 *
b11011101 >
b11011101 3
b11011101 9
01
#35705000
b11011110 A
b1011011110 ,
b1011011110 7
b1011011110 G
b1011011101 !
b1011011101 <
b1011011101 @
b11011101110 6
11
#35710000
b0 )
b0 =
0+
04
01
#35715000
11
#35720000
b1111 )
b1111 =
1+
14
b11011110 *
b11011110 >
b11011110 3
b11011110 9
01
#35725000
b11011111 A
b1011011111 ,
b1011011111 7
b1011011111 G
b1011011110 !
b1011011110 <
b1011011110 @
b11011101111 6
11
#35730000
b0 )
b0 =
0+
04
01
#35735000
11
#35740000
b1111 )
b1111 =
1+
14
b11011111 *
b11011111 >
b11011111 3
b11011111 9
01
#35745000
b11100000 A
b1011100000 ,
b1011100000 7
b1011100000 G
b1011011111 !
b1011011111 <
b1011011111 @
b11011110000 6
11
#35750000
b0 )
b0 =
0+
04
01
#35755000
11
#35760000
b1111 )
b1111 =
1+
14
b11100000 *
b11100000 >
b11100000 3
b11100000 9
01
#35765000
b11100001 A
b1011100001 ,
b1011100001 7
b1011100001 G
b1011100000 !
b1011100000 <
b1011100000 @
b11011110001 6
11
#35770000
b0 )
b0 =
0+
04
01
#35775000
11
#35780000
b1111 )
b1111 =
1+
14
b11100001 *
b11100001 >
b11100001 3
b11100001 9
01
#35785000
b11100010 A
b1011100010 ,
b1011100010 7
b1011100010 G
b1011100001 !
b1011100001 <
b1011100001 @
b11011110010 6
11
#35790000
b0 )
b0 =
0+
04
01
#35795000
11
#35800000
b1111 )
b1111 =
1+
14
b11100010 *
b11100010 >
b11100010 3
b11100010 9
01
#35805000
b11100011 A
b1011100011 ,
b1011100011 7
b1011100011 G
b1011100010 !
b1011100010 <
b1011100010 @
b11011110011 6
11
#35810000
b0 )
b0 =
0+
04
01
#35815000
11
#35820000
b1111 )
b1111 =
1+
14
b11100011 *
b11100011 >
b11100011 3
b11100011 9
01
#35825000
b11100100 A
b1011100100 ,
b1011100100 7
b1011100100 G
b1011100011 !
b1011100011 <
b1011100011 @
b11011110100 6
11
#35830000
b0 )
b0 =
0+
04
01
#35835000
11
#35840000
b1111 )
b1111 =
1+
14
b11100100 *
b11100100 >
b11100100 3
b11100100 9
01
#35845000
b11100101 A
b1011100101 ,
b1011100101 7
b1011100101 G
b1011100100 !
b1011100100 <
b1011100100 @
b11011110101 6
11
#35850000
b0 )
b0 =
0+
04
01
#35855000
11
#35860000
b1111 )
b1111 =
1+
14
b11100101 *
b11100101 >
b11100101 3
b11100101 9
01
#35865000
b11100110 A
b1011100110 ,
b1011100110 7
b1011100110 G
b1011100101 !
b1011100101 <
b1011100101 @
b11011110110 6
11
#35870000
b0 )
b0 =
0+
04
01
#35875000
11
#35880000
b1111 )
b1111 =
1+
14
b11100110 *
b11100110 >
b11100110 3
b11100110 9
01
#35885000
b11100111 A
b1011100111 ,
b1011100111 7
b1011100111 G
b1011100110 !
b1011100110 <
b1011100110 @
b11011110111 6
11
#35890000
b0 )
b0 =
0+
04
01
#35895000
11
#35900000
b1111 )
b1111 =
1+
14
b11100111 *
b11100111 >
b11100111 3
b11100111 9
01
#35905000
b11101000 A
b1011101000 ,
b1011101000 7
b1011101000 G
b1011100111 !
b1011100111 <
b1011100111 @
b11011111000 6
11
#35910000
b0 )
b0 =
0+
04
01
#35915000
11
#35920000
b1111 )
b1111 =
1+
14
b11101000 *
b11101000 >
b11101000 3
b11101000 9
01
#35925000
b11101001 A
b1011101001 ,
b1011101001 7
b1011101001 G
b1011101000 !
b1011101000 <
b1011101000 @
b11011111001 6
11
#35930000
b0 )
b0 =
0+
04
01
#35935000
11
#35940000
b1111 )
b1111 =
1+
14
b11101001 *
b11101001 >
b11101001 3
b11101001 9
01
#35945000
b11101010 A
b1011101010 ,
b1011101010 7
b1011101010 G
b1011101001 !
b1011101001 <
b1011101001 @
b11011111010 6
11
#35950000
b0 )
b0 =
0+
04
01
#35955000
11
#35960000
b1111 )
b1111 =
1+
14
b11101010 *
b11101010 >
b11101010 3
b11101010 9
01
#35965000
b11101011 A
b1011101011 ,
b1011101011 7
b1011101011 G
b1011101010 !
b1011101010 <
b1011101010 @
b11011111011 6
11
#35970000
b0 )
b0 =
0+
04
01
#35975000
11
#35980000
b1111 )
b1111 =
1+
14
b11101011 *
b11101011 >
b11101011 3
b11101011 9
01
#35985000
b11101100 A
b1011101100 ,
b1011101100 7
b1011101100 G
b1011101011 !
b1011101011 <
b1011101011 @
b11011111100 6
11
#35990000
b0 )
b0 =
0+
04
01
#35995000
11
#36000000
b1111 )
b1111 =
1+
14
b11101100 *
b11101100 >
b11101100 3
b11101100 9
01
#36005000
b11101101 A
b1011101101 ,
b1011101101 7
b1011101101 G
b1011101100 !
b1011101100 <
b1011101100 @
b11011111101 6
11
#36010000
b0 )
b0 =
0+
04
01
#36015000
11
#36020000
b1111 )
b1111 =
1+
14
b11101101 *
b11101101 >
b11101101 3
b11101101 9
01
#36025000
b11101110 A
b1011101110 ,
b1011101110 7
b1011101110 G
b1011101101 !
b1011101101 <
b1011101101 @
b11011111110 6
11
#36030000
b0 )
b0 =
0+
04
01
#36035000
11
#36040000
b1111 )
b1111 =
1+
14
b11101110 *
b11101110 >
b11101110 3
b11101110 9
01
#36045000
b11101111 A
b1011101111 ,
b1011101111 7
b1011101111 G
b1011101110 !
b1011101110 <
b1011101110 @
b11011111111 6
11
#36050000
b0 )
b0 =
0+
04
01
#36055000
11
#36060000
b1111 )
b1111 =
1+
14
b11101111 *
b11101111 >
b11101111 3
b11101111 9
01
#36065000
b11110000 A
b1011110000 ,
b1011110000 7
b1011110000 G
b1011101111 !
b1011101111 <
b1011101111 @
b11100000000 6
11
#36070000
b0 )
b0 =
0+
04
01
#36075000
11
#36080000
b1111 )
b1111 =
1+
14
b11110000 *
b11110000 >
b11110000 3
b11110000 9
01
#36085000
b11110001 A
b1011110001 ,
b1011110001 7
b1011110001 G
b1011110000 !
b1011110000 <
b1011110000 @
b11100000001 6
11
#36090000
b0 )
b0 =
0+
04
01
#36095000
11
#36100000
b1111 )
b1111 =
1+
14
b11110001 *
b11110001 >
b11110001 3
b11110001 9
01
#36105000
b11110010 A
b1011110010 ,
b1011110010 7
b1011110010 G
b1011110001 !
b1011110001 <
b1011110001 @
b11100000010 6
11
#36110000
b0 )
b0 =
0+
04
01
#36115000
11
#36120000
b1111 )
b1111 =
1+
14
b11110010 *
b11110010 >
b11110010 3
b11110010 9
01
#36125000
b11110011 A
b1011110011 ,
b1011110011 7
b1011110011 G
b1011110010 !
b1011110010 <
b1011110010 @
b11100000011 6
11
#36130000
b0 )
b0 =
0+
04
01
#36135000
11
#36140000
b1111 )
b1111 =
1+
14
b11110011 *
b11110011 >
b11110011 3
b11110011 9
01
#36145000
b11110100 A
b1011110100 ,
b1011110100 7
b1011110100 G
b1011110011 !
b1011110011 <
b1011110011 @
b11100000100 6
11
#36150000
b0 )
b0 =
0+
04
01
#36155000
11
#36160000
b1111 )
b1111 =
1+
14
b11110100 *
b11110100 >
b11110100 3
b11110100 9
01
#36165000
b11110101 A
b1011110101 ,
b1011110101 7
b1011110101 G
b1011110100 !
b1011110100 <
b1011110100 @
b11100000101 6
11
#36170000
b0 )
b0 =
0+
04
01
#36175000
11
#36180000
b1111 )
b1111 =
1+
14
b11110101 *
b11110101 >
b11110101 3
b11110101 9
01
#36185000
b11110110 A
b1011110110 ,
b1011110110 7
b1011110110 G
b1011110101 !
b1011110101 <
b1011110101 @
b11100000110 6
11
#36190000
b0 )
b0 =
0+
04
01
#36195000
11
#36200000
b1111 )
b1111 =
1+
14
b11110110 *
b11110110 >
b11110110 3
b11110110 9
01
#36205000
b11110111 A
b1011110111 ,
b1011110111 7
b1011110111 G
b1011110110 !
b1011110110 <
b1011110110 @
b11100000111 6
11
#36210000
b0 )
b0 =
0+
04
01
#36215000
11
#36220000
b1111 )
b1111 =
1+
14
b11110111 *
b11110111 >
b11110111 3
b11110111 9
01
#36225000
b11111000 A
b1011111000 ,
b1011111000 7
b1011111000 G
b1011110111 !
b1011110111 <
b1011110111 @
b11100001000 6
11
#36230000
b0 )
b0 =
0+
04
01
#36235000
11
#36240000
b1111 )
b1111 =
1+
14
b11111000 *
b11111000 >
b11111000 3
b11111000 9
01
#36245000
b11111001 A
b1011111001 ,
b1011111001 7
b1011111001 G
b1011111000 !
b1011111000 <
b1011111000 @
b11100001001 6
11
#36250000
b0 )
b0 =
0+
04
01
#36255000
11
#36260000
b1111 )
b1111 =
1+
14
b11111001 *
b11111001 >
b11111001 3
b11111001 9
01
#36265000
b11111010 A
b1011111010 ,
b1011111010 7
b1011111010 G
b1011111001 !
b1011111001 <
b1011111001 @
b11100001010 6
11
#36270000
b0 )
b0 =
0+
04
01
#36275000
11
#36280000
b1111 )
b1111 =
1+
14
b11111010 *
b11111010 >
b11111010 3
b11111010 9
01
#36285000
b11111011 A
b1011111011 ,
b1011111011 7
b1011111011 G
b1011111010 !
b1011111010 <
b1011111010 @
b11100001011 6
11
#36290000
b0 )
b0 =
0+
04
01
#36295000
11
#36300000
b1111 )
b1111 =
1+
14
b11111011 *
b11111011 >
b11111011 3
b11111011 9
01
#36305000
b11111100 A
b1011111100 ,
b1011111100 7
b1011111100 G
b1011111011 !
b1011111011 <
b1011111011 @
b11100001100 6
11
#36310000
b0 )
b0 =
0+
04
01
#36315000
11
#36320000
b1111 )
b1111 =
1+
14
b11111100 *
b11111100 >
b11111100 3
b11111100 9
01
#36325000
b11111101 A
b1011111101 ,
b1011111101 7
b1011111101 G
b1011111100 !
b1011111100 <
b1011111100 @
b11100001101 6
11
#36330000
b0 )
b0 =
0+
04
01
#36335000
11
#36340000
b1111 )
b1111 =
1+
14
b11111101 *
b11111101 >
b11111101 3
b11111101 9
01
#36345000
b11111110 A
b1011111110 ,
b1011111110 7
b1011111110 G
b1011111101 !
b1011111101 <
b1011111101 @
b11100001110 6
11
#36350000
b0 )
b0 =
0+
04
01
#36355000
11
#36360000
b1111 )
b1111 =
1+
14
b11111110 *
b11111110 >
b11111110 3
b11111110 9
01
#36365000
b11111111 A
b1011111111 ,
b1011111111 7
b1011111111 G
b1011111110 !
b1011111110 <
b1011111110 @
b11100001111 6
11
#36370000
b0 )
b0 =
0+
04
01
#36375000
11
#36380000
b1111 )
b1111 =
1+
14
b11111111 *
b11111111 >
b11111111 3
b11111111 9
01
#36385000
b100000000 A
b1100000000 ,
b1100000000 7
b1100000000 G
b1011111111 !
b1011111111 <
b1011111111 @
b11100010000 6
11
#36390000
b0 )
b0 =
0+
04
01
#36395000
11
#36400000
b1111 )
b1111 =
1+
14
b0 *
b0 >
b0 3
b0 9
01
#36405000
b100000001 A
b1100000001 ,
b1100000001 7
b1100000001 G
b1100000000 !
b1100000000 <
b1100000000 @
b11100010001 6
11
#36410000
b0 )
b0 =
0+
04
01
#36415000
11
#36420000
b1111 )
b1111 =
1+
14
b1 *
b1 >
b1 3
b1 9
01
#36425000
b100000010 A
b1100000010 ,
b1100000010 7
b1100000010 G
b1100000001 !
b1100000001 <
b1100000001 @
b11100010010 6
11
#36430000
b0 )
b0 =
0+
04
01
#36435000
11
#36440000
b1111 )
b1111 =
1+
14
b10 *
b10 >
b10 3
b10 9
01
#36445000
b100000011 A
b1100000011 ,
b1100000011 7
b1100000011 G
b1100000010 !
b1100000010 <
b1100000010 @
b11100010011 6
11
#36450000
b0 )
b0 =
0+
04
01
#36455000
11
#36460000
b1111 )
b1111 =
1+
14
b11 *
b11 >
b11 3
b11 9
01
#36465000
b100000100 A
b1100000100 ,
b1100000100 7
b1100000100 G
b1100000011 !
b1100000011 <
b1100000011 @
b11100010100 6
11
#36470000
b0 )
b0 =
0+
04
01
#36475000
11
#36480000
b1111 )
b1111 =
1+
14
b100 *
b100 >
b100 3
b100 9
01
#36485000
b100000101 A
b1100000101 ,
b1100000101 7
b1100000101 G
b1100000100 !
b1100000100 <
b1100000100 @
b11100010101 6
11
#36490000
b0 )
b0 =
0+
04
01
#36495000
11
#36500000
b1111 )
b1111 =
1+
14
b101 *
b101 >
b101 3
b101 9
01
#36505000
b100000110 A
b1100000110 ,
b1100000110 7
b1100000110 G
b1100000101 !
b1100000101 <
b1100000101 @
b11100010110 6
11
#36510000
b0 )
b0 =
0+
04
01
#36515000
11
#36520000
b1111 )
b1111 =
1+
14
b110 *
b110 >
b110 3
b110 9
01
#36525000
b100000111 A
b1100000111 ,
b1100000111 7
b1100000111 G
b1100000110 !
b1100000110 <
b1100000110 @
b11100010111 6
11
#36530000
b0 )
b0 =
0+
04
01
#36535000
11
#36540000
b1111 )
b1111 =
1+
14
b111 *
b111 >
b111 3
b111 9
01
#36545000
b100001000 A
b1100001000 ,
b1100001000 7
b1100001000 G
b1100000111 !
b1100000111 <
b1100000111 @
b11100011000 6
11
#36550000
b0 )
b0 =
0+
04
01
#36555000
11
#36560000
b1111 )
b1111 =
1+
14
b1000 *
b1000 >
b1000 3
b1000 9
01
#36565000
b100001001 A
b1100001001 ,
b1100001001 7
b1100001001 G
b1100001000 !
b1100001000 <
b1100001000 @
b11100011001 6
11
#36570000
b0 )
b0 =
0+
04
01
#36575000
11
#36580000
b1111 )
b1111 =
1+
14
b1001 *
b1001 >
b1001 3
b1001 9
01
#36585000
b100001010 A
b1100001010 ,
b1100001010 7
b1100001010 G
b1100001001 !
b1100001001 <
b1100001001 @
b11100011010 6
11
#36590000
b0 )
b0 =
0+
04
01
#36595000
11
#36600000
b1111 )
b1111 =
1+
14
b1010 *
b1010 >
b1010 3
b1010 9
01
#36605000
b100001011 A
b1100001011 ,
b1100001011 7
b1100001011 G
b1100001010 !
b1100001010 <
b1100001010 @
b11100011011 6
11
#36610000
b0 )
b0 =
0+
04
01
#36615000
11
#36620000
b1111 )
b1111 =
1+
14
b1011 *
b1011 >
b1011 3
b1011 9
01
#36625000
b100001100 A
b1100001100 ,
b1100001100 7
b1100001100 G
b1100001011 !
b1100001011 <
b1100001011 @
b11100011100 6
11
#36630000
b0 )
b0 =
0+
04
01
#36635000
11
#36640000
b1111 )
b1111 =
1+
14
b1100 *
b1100 >
b1100 3
b1100 9
01
#36645000
b100001101 A
b1100001101 ,
b1100001101 7
b1100001101 G
b1100001100 !
b1100001100 <
b1100001100 @
b11100011101 6
11
#36650000
b0 )
b0 =
0+
04
01
#36655000
11
#36660000
b1111 )
b1111 =
1+
14
b1101 *
b1101 >
b1101 3
b1101 9
01
#36665000
b100001110 A
b1100001110 ,
b1100001110 7
b1100001110 G
b1100001101 !
b1100001101 <
b1100001101 @
b11100011110 6
11
#36670000
b0 )
b0 =
0+
04
01
#36675000
11
#36680000
b1111 )
b1111 =
1+
14
b1110 *
b1110 >
b1110 3
b1110 9
01
#36685000
b100001111 A
b1100001111 ,
b1100001111 7
b1100001111 G
b1100001110 !
b1100001110 <
b1100001110 @
b11100011111 6
11
#36690000
b0 )
b0 =
0+
04
01
#36695000
11
#36700000
b1111 )
b1111 =
1+
14
b1111 *
b1111 >
b1111 3
b1111 9
01
#36705000
b100010000 A
b1100010000 ,
b1100010000 7
b1100010000 G
b1100001111 !
b1100001111 <
b1100001111 @
b11100100000 6
11
#36710000
b0 )
b0 =
0+
04
01
#36715000
11
#36720000
b1111 )
b1111 =
1+
14
b10000 *
b10000 >
b10000 3
b10000 9
01
#36725000
b100010001 A
b1100010001 ,
b1100010001 7
b1100010001 G
b1100010000 !
b1100010000 <
b1100010000 @
b11100100001 6
11
#36730000
b0 )
b0 =
0+
04
01
#36735000
11
#36740000
b1111 )
b1111 =
1+
14
b10001 *
b10001 >
b10001 3
b10001 9
01
#36745000
b100010010 A
b1100010010 ,
b1100010010 7
b1100010010 G
b1100010001 !
b1100010001 <
b1100010001 @
b11100100010 6
11
#36750000
b0 )
b0 =
0+
04
01
#36755000
11
#36760000
b1111 )
b1111 =
1+
14
b10010 *
b10010 >
b10010 3
b10010 9
01
#36765000
b100010011 A
b1100010011 ,
b1100010011 7
b1100010011 G
b1100010010 !
b1100010010 <
b1100010010 @
b11100100011 6
11
#36770000
b0 )
b0 =
0+
04
01
#36775000
11
#36780000
b1111 )
b1111 =
1+
14
b10011 *
b10011 >
b10011 3
b10011 9
01
#36785000
b100010100 A
b1100010100 ,
b1100010100 7
b1100010100 G
b1100010011 !
b1100010011 <
b1100010011 @
b11100100100 6
11
#36790000
b0 )
b0 =
0+
04
01
#36795000
11
#36800000
b1111 )
b1111 =
1+
14
b10100 *
b10100 >
b10100 3
b10100 9
01
#36805000
b100010101 A
b1100010101 ,
b1100010101 7
b1100010101 G
b1100010100 !
b1100010100 <
b1100010100 @
b11100100101 6
11
#36810000
b0 )
b0 =
0+
04
01
#36815000
11
#36820000
b1111 )
b1111 =
1+
14
b10101 *
b10101 >
b10101 3
b10101 9
01
#36825000
b100010110 A
b1100010110 ,
b1100010110 7
b1100010110 G
b1100010101 !
b1100010101 <
b1100010101 @
b11100100110 6
11
#36830000
b0 )
b0 =
0+
04
01
#36835000
11
#36840000
b1111 )
b1111 =
1+
14
b10110 *
b10110 >
b10110 3
b10110 9
01
#36845000
b100010111 A
b1100010111 ,
b1100010111 7
b1100010111 G
b1100010110 !
b1100010110 <
b1100010110 @
b11100100111 6
11
#36850000
b0 )
b0 =
0+
04
01
#36855000
11
#36860000
b1111 )
b1111 =
1+
14
b10111 *
b10111 >
b10111 3
b10111 9
01
#36865000
b100011000 A
b1100011000 ,
b1100011000 7
b1100011000 G
b1100010111 !
b1100010111 <
b1100010111 @
b11100101000 6
11
#36870000
b0 )
b0 =
0+
04
01
#36875000
11
#36880000
b1111 )
b1111 =
1+
14
b11000 *
b11000 >
b11000 3
b11000 9
01
#36885000
b100011001 A
b1100011001 ,
b1100011001 7
b1100011001 G
b1100011000 !
b1100011000 <
b1100011000 @
b11100101001 6
11
#36890000
b0 )
b0 =
0+
04
01
#36895000
11
#36900000
b1111 )
b1111 =
1+
14
b11001 *
b11001 >
b11001 3
b11001 9
01
#36905000
b100011010 A
b1100011010 ,
b1100011010 7
b1100011010 G
b1100011001 !
b1100011001 <
b1100011001 @
b11100101010 6
11
#36910000
b0 )
b0 =
0+
04
01
#36915000
11
#36920000
b1111 )
b1111 =
1+
14
b11010 *
b11010 >
b11010 3
b11010 9
01
#36925000
b100011011 A
b1100011011 ,
b1100011011 7
b1100011011 G
b1100011010 !
b1100011010 <
b1100011010 @
b11100101011 6
11
#36930000
b0 )
b0 =
0+
04
01
#36935000
11
#36940000
b1111 )
b1111 =
1+
14
b11011 *
b11011 >
b11011 3
b11011 9
01
#36945000
b100011100 A
b1100011100 ,
b1100011100 7
b1100011100 G
b1100011011 !
b1100011011 <
b1100011011 @
b11100101100 6
11
#36950000
b0 )
b0 =
0+
04
01
#36955000
11
#36960000
b1111 )
b1111 =
1+
14
b11100 *
b11100 >
b11100 3
b11100 9
01
#36965000
b100011101 A
b1100011101 ,
b1100011101 7
b1100011101 G
b1100011100 !
b1100011100 <
b1100011100 @
b11100101101 6
11
#36970000
b0 )
b0 =
0+
04
01
#36975000
11
#36980000
b1111 )
b1111 =
1+
14
b11101 *
b11101 >
b11101 3
b11101 9
01
#36985000
b100011110 A
b1100011110 ,
b1100011110 7
b1100011110 G
b1100011101 !
b1100011101 <
b1100011101 @
b11100101110 6
11
#36990000
b0 )
b0 =
0+
04
01
#36995000
11
#37000000
b1111 )
b1111 =
1+
14
b11110 *
b11110 >
b11110 3
b11110 9
01
#37005000
b100011111 A
b1100011111 ,
b1100011111 7
b1100011111 G
b1100011110 !
b1100011110 <
b1100011110 @
b11100101111 6
11
#37010000
b0 )
b0 =
0+
04
01
#37015000
11
#37020000
b1111 )
b1111 =
1+
14
b11111 *
b11111 >
b11111 3
b11111 9
01
#37025000
b100100000 A
b1100100000 ,
b1100100000 7
b1100100000 G
b1100011111 !
b1100011111 <
b1100011111 @
b11100110000 6
11
#37030000
b0 )
b0 =
0+
04
01
#37035000
11
#37040000
b1111 )
b1111 =
1+
14
b100000 *
b100000 >
b100000 3
b100000 9
01
#37045000
b100100001 A
b1100100001 ,
b1100100001 7
b1100100001 G
b1100100000 !
b1100100000 <
b1100100000 @
b11100110001 6
11
#37050000
b0 )
b0 =
0+
04
01
#37055000
11
#37060000
b1111 )
b1111 =
1+
14
b100001 *
b100001 >
b100001 3
b100001 9
01
#37065000
b100100010 A
b1100100010 ,
b1100100010 7
b1100100010 G
b1100100001 !
b1100100001 <
b1100100001 @
b11100110010 6
11
#37070000
b0 )
b0 =
0+
04
01
#37075000
11
#37080000
b1111 )
b1111 =
1+
14
b100010 *
b100010 >
b100010 3
b100010 9
01
#37085000
b100100011 A
b1100100011 ,
b1100100011 7
b1100100011 G
b1100100010 !
b1100100010 <
b1100100010 @
b11100110011 6
11
#37090000
b0 )
b0 =
0+
04
01
#37095000
11
#37100000
b1111 )
b1111 =
1+
14
b100011 *
b100011 >
b100011 3
b100011 9
01
#37105000
b100100100 A
b1100100100 ,
b1100100100 7
b1100100100 G
b1100100011 !
b1100100011 <
b1100100011 @
b11100110100 6
11
#37110000
b0 )
b0 =
0+
04
01
#37115000
11
#37120000
b1111 )
b1111 =
1+
14
b100100 *
b100100 >
b100100 3
b100100 9
01
#37125000
b100100101 A
b1100100101 ,
b1100100101 7
b1100100101 G
b1100100100 !
b1100100100 <
b1100100100 @
b11100110101 6
11
#37130000
b0 )
b0 =
0+
04
01
#37135000
11
#37140000
b1111 )
b1111 =
1+
14
b100101 *
b100101 >
b100101 3
b100101 9
01
#37145000
b100100110 A
b1100100110 ,
b1100100110 7
b1100100110 G
b1100100101 !
b1100100101 <
b1100100101 @
b11100110110 6
11
#37150000
b0 )
b0 =
0+
04
01
#37155000
11
#37160000
b1111 )
b1111 =
1+
14
b100110 *
b100110 >
b100110 3
b100110 9
01
#37165000
b100100111 A
b1100100111 ,
b1100100111 7
b1100100111 G
b1100100110 !
b1100100110 <
b1100100110 @
b11100110111 6
11
#37170000
b0 )
b0 =
0+
04
01
#37175000
11
#37180000
b1111 )
b1111 =
1+
14
b100111 *
b100111 >
b100111 3
b100111 9
01
#37185000
b100101000 A
b1100101000 ,
b1100101000 7
b1100101000 G
b1100100111 !
b1100100111 <
b1100100111 @
b11100111000 6
11
#37190000
b0 )
b0 =
0+
04
01
#37195000
11
#37200000
b1111 )
b1111 =
1+
14
b101000 *
b101000 >
b101000 3
b101000 9
01
#37205000
b100101001 A
b1100101001 ,
b1100101001 7
b1100101001 G
b1100101000 !
b1100101000 <
b1100101000 @
b11100111001 6
11
#37210000
b0 )
b0 =
0+
04
01
#37215000
11
#37220000
b1111 )
b1111 =
1+
14
b101001 *
b101001 >
b101001 3
b101001 9
01
#37225000
b100101010 A
b1100101010 ,
b1100101010 7
b1100101010 G
b1100101001 !
b1100101001 <
b1100101001 @
b11100111010 6
11
#37230000
b0 )
b0 =
0+
04
01
#37235000
11
#37240000
b1111 )
b1111 =
1+
14
b101010 *
b101010 >
b101010 3
b101010 9
01
#37245000
b100101011 A
b1100101011 ,
b1100101011 7
b1100101011 G
b1100101010 !
b1100101010 <
b1100101010 @
b11100111011 6
11
#37250000
b0 )
b0 =
0+
04
01
#37255000
11
#37260000
b1111 )
b1111 =
1+
14
b101011 *
b101011 >
b101011 3
b101011 9
01
#37265000
b100101100 A
b1100101100 ,
b1100101100 7
b1100101100 G
b1100101011 !
b1100101011 <
b1100101011 @
b11100111100 6
11
#37270000
b0 )
b0 =
0+
04
01
#37275000
11
#37280000
b1111 )
b1111 =
1+
14
b101100 *
b101100 >
b101100 3
b101100 9
01
#37285000
b100101101 A
b1100101101 ,
b1100101101 7
b1100101101 G
b1100101100 !
b1100101100 <
b1100101100 @
b11100111101 6
11
#37290000
b0 )
b0 =
0+
04
01
#37295000
11
#37300000
b1111 )
b1111 =
1+
14
b101101 *
b101101 >
b101101 3
b101101 9
01
#37305000
b100101110 A
b1100101110 ,
b1100101110 7
b1100101110 G
b1100101101 !
b1100101101 <
b1100101101 @
b11100111110 6
11
#37310000
b0 )
b0 =
0+
04
01
#37315000
11
#37320000
b1111 )
b1111 =
1+
14
b101110 *
b101110 >
b101110 3
b101110 9
01
#37325000
b100101111 A
b1100101111 ,
b1100101111 7
b1100101111 G
b1100101110 !
b1100101110 <
b1100101110 @
b11100111111 6
11
#37330000
b0 )
b0 =
0+
04
01
#37335000
11
#37340000
b1111 )
b1111 =
1+
14
b101111 *
b101111 >
b101111 3
b101111 9
01
#37345000
b100110000 A
b1100110000 ,
b1100110000 7
b1100110000 G
b1100101111 !
b1100101111 <
b1100101111 @
b11101000000 6
11
#37350000
b0 )
b0 =
0+
04
01
#37355000
11
#37360000
b1111 )
b1111 =
1+
14
b110000 *
b110000 >
b110000 3
b110000 9
01
#37365000
b100110001 A
b1100110001 ,
b1100110001 7
b1100110001 G
b1100110000 !
b1100110000 <
b1100110000 @
b11101000001 6
11
#37370000
b0 )
b0 =
0+
04
01
#37375000
11
#37380000
b1111 )
b1111 =
1+
14
b110001 *
b110001 >
b110001 3
b110001 9
01
#37385000
b100110010 A
b1100110010 ,
b1100110010 7
b1100110010 G
b1100110001 !
b1100110001 <
b1100110001 @
b11101000010 6
11
#37390000
b0 )
b0 =
0+
04
01
#37395000
11
#37400000
b1111 )
b1111 =
1+
14
b110010 *
b110010 >
b110010 3
b110010 9
01
#37405000
b100110011 A
b1100110011 ,
b1100110011 7
b1100110011 G
b1100110010 !
b1100110010 <
b1100110010 @
b11101000011 6
11
#37410000
b0 )
b0 =
0+
04
01
#37415000
11
#37420000
b1111 )
b1111 =
1+
14
b110011 *
b110011 >
b110011 3
b110011 9
01
#37425000
b100110100 A
b1100110100 ,
b1100110100 7
b1100110100 G
b1100110011 !
b1100110011 <
b1100110011 @
b11101000100 6
11
#37430000
b0 )
b0 =
0+
04
01
#37435000
11
#37440000
b1111 )
b1111 =
1+
14
b110100 *
b110100 >
b110100 3
b110100 9
01
#37445000
b100110101 A
b1100110101 ,
b1100110101 7
b1100110101 G
b1100110100 !
b1100110100 <
b1100110100 @
b11101000101 6
11
#37450000
b0 )
b0 =
0+
04
01
#37455000
11
#37460000
b1111 )
b1111 =
1+
14
b110101 *
b110101 >
b110101 3
b110101 9
01
#37465000
b100110110 A
b1100110110 ,
b1100110110 7
b1100110110 G
b1100110101 !
b1100110101 <
b1100110101 @
b11101000110 6
11
#37470000
b0 )
b0 =
0+
04
01
#37475000
11
#37480000
b1111 )
b1111 =
1+
14
b110110 *
b110110 >
b110110 3
b110110 9
01
#37485000
b100110111 A
b1100110111 ,
b1100110111 7
b1100110111 G
b1100110110 !
b1100110110 <
b1100110110 @
b11101000111 6
11
#37490000
b0 )
b0 =
0+
04
01
#37495000
11
#37500000
b1111 )
b1111 =
1+
14
b110111 *
b110111 >
b110111 3
b110111 9
01
#37505000
b100111000 A
b1100111000 ,
b1100111000 7
b1100111000 G
b1100110111 !
b1100110111 <
b1100110111 @
b11101001000 6
11
#37510000
b0 )
b0 =
0+
04
01
#37515000
11
#37520000
b1111 )
b1111 =
1+
14
b111000 *
b111000 >
b111000 3
b111000 9
01
#37525000
b100111001 A
b1100111001 ,
b1100111001 7
b1100111001 G
b1100111000 !
b1100111000 <
b1100111000 @
b11101001001 6
11
#37530000
b0 )
b0 =
0+
04
01
#37535000
11
#37540000
b1111 )
b1111 =
1+
14
b111001 *
b111001 >
b111001 3
b111001 9
01
#37545000
b100111010 A
b1100111010 ,
b1100111010 7
b1100111010 G
b1100111001 !
b1100111001 <
b1100111001 @
b11101001010 6
11
#37550000
b0 )
b0 =
0+
04
01
#37555000
11
#37560000
b1111 )
b1111 =
1+
14
b111010 *
b111010 >
b111010 3
b111010 9
01
#37565000
b100111011 A
b1100111011 ,
b1100111011 7
b1100111011 G
b1100111010 !
b1100111010 <
b1100111010 @
b11101001011 6
11
#37570000
b0 )
b0 =
0+
04
01
#37575000
11
#37580000
b1111 )
b1111 =
1+
14
b111011 *
b111011 >
b111011 3
b111011 9
01
#37585000
b100111100 A
b1100111100 ,
b1100111100 7
b1100111100 G
b1100111011 !
b1100111011 <
b1100111011 @
b11101001100 6
11
#37590000
b0 )
b0 =
0+
04
01
#37595000
11
#37600000
b1111 )
b1111 =
1+
14
b111100 *
b111100 >
b111100 3
b111100 9
01
#37605000
b100111101 A
b1100111101 ,
b1100111101 7
b1100111101 G
b1100111100 !
b1100111100 <
b1100111100 @
b11101001101 6
11
#37610000
b0 )
b0 =
0+
04
01
#37615000
11
#37620000
b1111 )
b1111 =
1+
14
b111101 *
b111101 >
b111101 3
b111101 9
01
#37625000
b100111110 A
b1100111110 ,
b1100111110 7
b1100111110 G
b1100111101 !
b1100111101 <
b1100111101 @
b11101001110 6
11
#37630000
b0 )
b0 =
0+
04
01
#37635000
11
#37640000
b1111 )
b1111 =
1+
14
b111110 *
b111110 >
b111110 3
b111110 9
01
#37645000
b100111111 A
b1100111111 ,
b1100111111 7
b1100111111 G
b1100111110 !
b1100111110 <
b1100111110 @
b11101001111 6
11
#37650000
b0 )
b0 =
0+
04
01
#37655000
11
#37660000
b1111 )
b1111 =
1+
14
b111111 *
b111111 >
b111111 3
b111111 9
01
#37665000
b101000000 A
b1101000000 ,
b1101000000 7
b1101000000 G
b1100111111 !
b1100111111 <
b1100111111 @
b11101010000 6
11
#37670000
b0 )
b0 =
0+
04
01
#37675000
11
#37680000
b1111 )
b1111 =
1+
14
b1000000 *
b1000000 >
b1000000 3
b1000000 9
01
#37685000
b101000001 A
b1101000001 ,
b1101000001 7
b1101000001 G
b1101000000 !
b1101000000 <
b1101000000 @
b11101010001 6
11
#37690000
b0 )
b0 =
0+
04
01
#37695000
11
#37700000
b1111 )
b1111 =
1+
14
b1000001 *
b1000001 >
b1000001 3
b1000001 9
01
#37705000
b101000010 A
b1101000010 ,
b1101000010 7
b1101000010 G
b1101000001 !
b1101000001 <
b1101000001 @
b11101010010 6
11
#37710000
b0 )
b0 =
0+
04
01
#37715000
11
#37720000
b1111 )
b1111 =
1+
14
b1000010 *
b1000010 >
b1000010 3
b1000010 9
01
#37725000
b101000011 A
b1101000011 ,
b1101000011 7
b1101000011 G
b1101000010 !
b1101000010 <
b1101000010 @
b11101010011 6
11
#37730000
b0 )
b0 =
0+
04
01
#37735000
11
#37740000
b1111 )
b1111 =
1+
14
b1000011 *
b1000011 >
b1000011 3
b1000011 9
01
#37745000
b101000100 A
b1101000100 ,
b1101000100 7
b1101000100 G
b1101000011 !
b1101000011 <
b1101000011 @
b11101010100 6
11
#37750000
b0 )
b0 =
0+
04
01
#37755000
11
#37760000
b1111 )
b1111 =
1+
14
b1000100 *
b1000100 >
b1000100 3
b1000100 9
01
#37765000
b101000101 A
b1101000101 ,
b1101000101 7
b1101000101 G
b1101000100 !
b1101000100 <
b1101000100 @
b11101010101 6
11
#37770000
b0 )
b0 =
0+
04
01
#37775000
11
#37780000
b1111 )
b1111 =
1+
14
b1000101 *
b1000101 >
b1000101 3
b1000101 9
01
#37785000
b101000110 A
b1101000110 ,
b1101000110 7
b1101000110 G
b1101000101 !
b1101000101 <
b1101000101 @
b11101010110 6
11
#37790000
b0 )
b0 =
0+
04
01
#37795000
11
#37800000
b1111 )
b1111 =
1+
14
b1000110 *
b1000110 >
b1000110 3
b1000110 9
01
#37805000
b101000111 A
b1101000111 ,
b1101000111 7
b1101000111 G
b1101000110 !
b1101000110 <
b1101000110 @
b11101010111 6
11
#37810000
b0 )
b0 =
0+
04
01
#37815000
11
#37820000
b1111 )
b1111 =
1+
14
b1000111 *
b1000111 >
b1000111 3
b1000111 9
01
#37825000
b101001000 A
b1101001000 ,
b1101001000 7
b1101001000 G
b1101000111 !
b1101000111 <
b1101000111 @
b11101011000 6
11
#37830000
b0 )
b0 =
0+
04
01
#37835000
11
#37840000
b1111 )
b1111 =
1+
14
b1001000 *
b1001000 >
b1001000 3
b1001000 9
01
#37845000
b101001001 A
b1101001001 ,
b1101001001 7
b1101001001 G
b1101001000 !
b1101001000 <
b1101001000 @
b11101011001 6
11
#37850000
b0 )
b0 =
0+
04
01
#37855000
11
#37860000
b1111 )
b1111 =
1+
14
b1001001 *
b1001001 >
b1001001 3
b1001001 9
01
#37865000
b101001010 A
b1101001010 ,
b1101001010 7
b1101001010 G
b1101001001 !
b1101001001 <
b1101001001 @
b11101011010 6
11
#37870000
b0 )
b0 =
0+
04
01
#37875000
11
#37880000
b1111 )
b1111 =
1+
14
b1001010 *
b1001010 >
b1001010 3
b1001010 9
01
#37885000
b101001011 A
b1101001011 ,
b1101001011 7
b1101001011 G
b1101001010 !
b1101001010 <
b1101001010 @
b11101011011 6
11
#37890000
b0 )
b0 =
0+
04
01
#37895000
11
#37900000
b1111 )
b1111 =
1+
14
b1001011 *
b1001011 >
b1001011 3
b1001011 9
01
#37905000
b101001100 A
b1101001100 ,
b1101001100 7
b1101001100 G
b1101001011 !
b1101001011 <
b1101001011 @
b11101011100 6
11
#37910000
b0 )
b0 =
0+
04
01
#37915000
11
#37920000
b1111 )
b1111 =
1+
14
b1001100 *
b1001100 >
b1001100 3
b1001100 9
01
#37925000
b101001101 A
b1101001101 ,
b1101001101 7
b1101001101 G
b1101001100 !
b1101001100 <
b1101001100 @
b11101011101 6
11
#37930000
b0 )
b0 =
0+
04
01
#37935000
11
#37940000
b1111 )
b1111 =
1+
14
b1001101 *
b1001101 >
b1001101 3
b1001101 9
01
#37945000
b101001110 A
b1101001110 ,
b1101001110 7
b1101001110 G
b1101001101 !
b1101001101 <
b1101001101 @
b11101011110 6
11
#37950000
b0 )
b0 =
0+
04
01
#37955000
11
#37960000
b1111 )
b1111 =
1+
14
b1001110 *
b1001110 >
b1001110 3
b1001110 9
01
#37965000
b101001111 A
b1101001111 ,
b1101001111 7
b1101001111 G
b1101001110 !
b1101001110 <
b1101001110 @
b11101011111 6
11
#37970000
b0 )
b0 =
0+
04
01
#37975000
11
#37980000
b1111 )
b1111 =
1+
14
b1001111 *
b1001111 >
b1001111 3
b1001111 9
01
#37985000
b101010000 A
b1101010000 ,
b1101010000 7
b1101010000 G
b1101001111 !
b1101001111 <
b1101001111 @
b11101100000 6
11
#37990000
b0 )
b0 =
0+
04
01
#37995000
11
#38000000
b1111 )
b1111 =
1+
14
b1010000 *
b1010000 >
b1010000 3
b1010000 9
01
#38005000
b101010001 A
b1101010001 ,
b1101010001 7
b1101010001 G
b1101010000 !
b1101010000 <
b1101010000 @
b11101100001 6
11
#38010000
b0 )
b0 =
0+
04
01
#38015000
11
#38020000
b1111 )
b1111 =
1+
14
b1010001 *
b1010001 >
b1010001 3
b1010001 9
01
#38025000
b101010010 A
b1101010010 ,
b1101010010 7
b1101010010 G
b1101010001 !
b1101010001 <
b1101010001 @
b11101100010 6
11
#38030000
b0 )
b0 =
0+
04
01
#38035000
11
#38040000
b1111 )
b1111 =
1+
14
b1010010 *
b1010010 >
b1010010 3
b1010010 9
01
#38045000
b101010011 A
b1101010011 ,
b1101010011 7
b1101010011 G
b1101010010 !
b1101010010 <
b1101010010 @
b11101100011 6
11
#38050000
b0 )
b0 =
0+
04
01
#38055000
11
#38060000
b1111 )
b1111 =
1+
14
b1010011 *
b1010011 >
b1010011 3
b1010011 9
01
#38065000
b101010100 A
b1101010100 ,
b1101010100 7
b1101010100 G
b1101010011 !
b1101010011 <
b1101010011 @
b11101100100 6
11
#38070000
b0 )
b0 =
0+
04
01
#38075000
11
#38080000
b1111 )
b1111 =
1+
14
b1010100 *
b1010100 >
b1010100 3
b1010100 9
01
#38085000
b101010101 A
b1101010101 ,
b1101010101 7
b1101010101 G
b1101010100 !
b1101010100 <
b1101010100 @
b11101100101 6
11
#38090000
b0 )
b0 =
0+
04
01
#38095000
11
#38100000
b1111 )
b1111 =
1+
14
b1010101 *
b1010101 >
b1010101 3
b1010101 9
01
#38105000
b101010110 A
b1101010110 ,
b1101010110 7
b1101010110 G
b1101010101 !
b1101010101 <
b1101010101 @
b11101100110 6
11
#38110000
b0 )
b0 =
0+
04
01
#38115000
11
#38120000
b1111 )
b1111 =
1+
14
b1010110 *
b1010110 >
b1010110 3
b1010110 9
01
#38125000
b101010111 A
b1101010111 ,
b1101010111 7
b1101010111 G
b1101010110 !
b1101010110 <
b1101010110 @
b11101100111 6
11
#38130000
b0 )
b0 =
0+
04
01
#38135000
11
#38140000
b1111 )
b1111 =
1+
14
b1010111 *
b1010111 >
b1010111 3
b1010111 9
01
#38145000
b101011000 A
b1101011000 ,
b1101011000 7
b1101011000 G
b1101010111 !
b1101010111 <
b1101010111 @
b11101101000 6
11
#38150000
b0 )
b0 =
0+
04
01
#38155000
11
#38160000
b1111 )
b1111 =
1+
14
b1011000 *
b1011000 >
b1011000 3
b1011000 9
01
#38165000
b101011001 A
b1101011001 ,
b1101011001 7
b1101011001 G
b1101011000 !
b1101011000 <
b1101011000 @
b11101101001 6
11
#38170000
b0 )
b0 =
0+
04
01
#38175000
11
#38180000
b1111 )
b1111 =
1+
14
b1011001 *
b1011001 >
b1011001 3
b1011001 9
01
#38185000
b101011010 A
b1101011010 ,
b1101011010 7
b1101011010 G
b1101011001 !
b1101011001 <
b1101011001 @
b11101101010 6
11
#38190000
b0 )
b0 =
0+
04
01
#38195000
11
#38200000
b1111 )
b1111 =
1+
14
b1011010 *
b1011010 >
b1011010 3
b1011010 9
01
#38205000
b101011011 A
b1101011011 ,
b1101011011 7
b1101011011 G
b1101011010 !
b1101011010 <
b1101011010 @
b11101101011 6
11
#38210000
b0 )
b0 =
0+
04
01
#38215000
11
#38220000
b1111 )
b1111 =
1+
14
b1011011 *
b1011011 >
b1011011 3
b1011011 9
01
#38225000
b101011100 A
b1101011100 ,
b1101011100 7
b1101011100 G
b1101011011 !
b1101011011 <
b1101011011 @
b11101101100 6
11
#38230000
b0 )
b0 =
0+
04
01
#38235000
11
#38240000
b1111 )
b1111 =
1+
14
b1011100 *
b1011100 >
b1011100 3
b1011100 9
01
#38245000
b101011101 A
b1101011101 ,
b1101011101 7
b1101011101 G
b1101011100 !
b1101011100 <
b1101011100 @
b11101101101 6
11
#38250000
b0 )
b0 =
0+
04
01
#38255000
11
#38260000
b1111 )
b1111 =
1+
14
b1011101 *
b1011101 >
b1011101 3
b1011101 9
01
#38265000
b101011110 A
b1101011110 ,
b1101011110 7
b1101011110 G
b1101011101 !
b1101011101 <
b1101011101 @
b11101101110 6
11
#38270000
b0 )
b0 =
0+
04
01
#38275000
11
#38280000
b1111 )
b1111 =
1+
14
b1011110 *
b1011110 >
b1011110 3
b1011110 9
01
#38285000
b101011111 A
b1101011111 ,
b1101011111 7
b1101011111 G
b1101011110 !
b1101011110 <
b1101011110 @
b11101101111 6
11
#38290000
b0 )
b0 =
0+
04
01
#38295000
11
#38300000
b1111 )
b1111 =
1+
14
b1011111 *
b1011111 >
b1011111 3
b1011111 9
01
#38305000
b101100000 A
b1101100000 ,
b1101100000 7
b1101100000 G
b1101011111 !
b1101011111 <
b1101011111 @
b11101110000 6
11
#38310000
b0 )
b0 =
0+
04
01
#38315000
11
#38320000
b1111 )
b1111 =
1+
14
b1100000 *
b1100000 >
b1100000 3
b1100000 9
01
#38325000
b101100001 A
b1101100001 ,
b1101100001 7
b1101100001 G
b1101100000 !
b1101100000 <
b1101100000 @
b11101110001 6
11
#38330000
b0 )
b0 =
0+
04
01
#38335000
11
#38340000
b1111 )
b1111 =
1+
14
b1100001 *
b1100001 >
b1100001 3
b1100001 9
01
#38345000
b101100010 A
b1101100010 ,
b1101100010 7
b1101100010 G
b1101100001 !
b1101100001 <
b1101100001 @
b11101110010 6
11
#38350000
b0 )
b0 =
0+
04
01
#38355000
11
#38360000
b1111 )
b1111 =
1+
14
b1100010 *
b1100010 >
b1100010 3
b1100010 9
01
#38365000
b101100011 A
b1101100011 ,
b1101100011 7
b1101100011 G
b1101100010 !
b1101100010 <
b1101100010 @
b11101110011 6
11
#38370000
b0 )
b0 =
0+
04
01
#38375000
11
#38380000
b1111 )
b1111 =
1+
14
b1100011 *
b1100011 >
b1100011 3
b1100011 9
01
#38385000
b101100100 A
b1101100100 ,
b1101100100 7
b1101100100 G
b1101100011 !
b1101100011 <
b1101100011 @
b11101110100 6
11
#38390000
b0 )
b0 =
0+
04
01
#38395000
11
#38400000
b1111 )
b1111 =
1+
14
b1100100 *
b1100100 >
b1100100 3
b1100100 9
01
#38405000
b101100101 A
b1101100101 ,
b1101100101 7
b1101100101 G
b1101100100 !
b1101100100 <
b1101100100 @
b11101110101 6
11
#38410000
b0 )
b0 =
0+
04
01
#38415000
11
#38420000
b1111 )
b1111 =
1+
14
b1100101 *
b1100101 >
b1100101 3
b1100101 9
01
#38425000
b101100110 A
b1101100110 ,
b1101100110 7
b1101100110 G
b1101100101 !
b1101100101 <
b1101100101 @
b11101110110 6
11
#38430000
b0 )
b0 =
0+
04
01
#38435000
11
#38440000
b1111 )
b1111 =
1+
14
b1100110 *
b1100110 >
b1100110 3
b1100110 9
01
#38445000
b101100111 A
b1101100111 ,
b1101100111 7
b1101100111 G
b1101100110 !
b1101100110 <
b1101100110 @
b11101110111 6
11
#38450000
b0 )
b0 =
0+
04
01
#38455000
11
#38460000
b1111 )
b1111 =
1+
14
b1100111 *
b1100111 >
b1100111 3
b1100111 9
01
#38465000
b101101000 A
b1101101000 ,
b1101101000 7
b1101101000 G
b1101100111 !
b1101100111 <
b1101100111 @
b11101111000 6
11
#38470000
b0 )
b0 =
0+
04
01
#38475000
11
#38480000
b1111 )
b1111 =
1+
14
b1101000 *
b1101000 >
b1101000 3
b1101000 9
01
#38485000
b101101001 A
b1101101001 ,
b1101101001 7
b1101101001 G
b1101101000 !
b1101101000 <
b1101101000 @
b11101111001 6
11
#38490000
b0 )
b0 =
0+
04
01
#38495000
11
#38500000
b1111 )
b1111 =
1+
14
b1101001 *
b1101001 >
b1101001 3
b1101001 9
01
#38505000
b101101010 A
b1101101010 ,
b1101101010 7
b1101101010 G
b1101101001 !
b1101101001 <
b1101101001 @
b11101111010 6
11
#38510000
b0 )
b0 =
0+
04
01
#38515000
11
#38520000
b1111 )
b1111 =
1+
14
b1101010 *
b1101010 >
b1101010 3
b1101010 9
01
#38525000
b101101011 A
b1101101011 ,
b1101101011 7
b1101101011 G
b1101101010 !
b1101101010 <
b1101101010 @
b11101111011 6
11
#38530000
b0 )
b0 =
0+
04
01
#38535000
11
#38540000
b1111 )
b1111 =
1+
14
b1101011 *
b1101011 >
b1101011 3
b1101011 9
01
#38545000
b101101100 A
b1101101100 ,
b1101101100 7
b1101101100 G
b1101101011 !
b1101101011 <
b1101101011 @
b11101111100 6
11
#38550000
b0 )
b0 =
0+
04
01
#38555000
11
#38560000
b1111 )
b1111 =
1+
14
b1101100 *
b1101100 >
b1101100 3
b1101100 9
01
#38565000
b101101101 A
b1101101101 ,
b1101101101 7
b1101101101 G
b1101101100 !
b1101101100 <
b1101101100 @
b11101111101 6
11
#38570000
b0 )
b0 =
0+
04
01
#38575000
11
#38580000
b1111 )
b1111 =
1+
14
b1101101 *
b1101101 >
b1101101 3
b1101101 9
01
#38585000
b101101110 A
b1101101110 ,
b1101101110 7
b1101101110 G
b1101101101 !
b1101101101 <
b1101101101 @
b11101111110 6
11
#38590000
b0 )
b0 =
0+
04
01
#38595000
11
#38600000
b1111 )
b1111 =
1+
14
b1101110 *
b1101110 >
b1101110 3
b1101110 9
01
#38605000
b101101111 A
b1101101111 ,
b1101101111 7
b1101101111 G
b1101101110 !
b1101101110 <
b1101101110 @
b11101111111 6
11
#38610000
b0 )
b0 =
0+
04
01
#38615000
11
#38620000
b1111 )
b1111 =
1+
14
b1101111 *
b1101111 >
b1101111 3
b1101111 9
01
#38625000
b101110000 A
b1101110000 ,
b1101110000 7
b1101110000 G
b1101101111 !
b1101101111 <
b1101101111 @
b11110000000 6
11
#38630000
b0 )
b0 =
0+
04
01
#38635000
11
#38640000
b1111 )
b1111 =
1+
14
b1110000 *
b1110000 >
b1110000 3
b1110000 9
01
#38645000
b101110001 A
b1101110001 ,
b1101110001 7
b1101110001 G
b1101110000 !
b1101110000 <
b1101110000 @
b11110000001 6
11
#38650000
b0 )
b0 =
0+
04
01
#38655000
11
#38660000
b1111 )
b1111 =
1+
14
b1110001 *
b1110001 >
b1110001 3
b1110001 9
01
#38665000
b101110010 A
b1101110010 ,
b1101110010 7
b1101110010 G
b1101110001 !
b1101110001 <
b1101110001 @
b11110000010 6
11
#38670000
b0 )
b0 =
0+
04
01
#38675000
11
#38680000
b1111 )
b1111 =
1+
14
b1110010 *
b1110010 >
b1110010 3
b1110010 9
01
#38685000
b101110011 A
b1101110011 ,
b1101110011 7
b1101110011 G
b1101110010 !
b1101110010 <
b1101110010 @
b11110000011 6
11
#38690000
b0 )
b0 =
0+
04
01
#38695000
11
#38700000
b1111 )
b1111 =
1+
14
b1110011 *
b1110011 >
b1110011 3
b1110011 9
01
#38705000
b101110100 A
b1101110100 ,
b1101110100 7
b1101110100 G
b1101110011 !
b1101110011 <
b1101110011 @
b11110000100 6
11
#38710000
b0 )
b0 =
0+
04
01
#38715000
11
#38720000
b1111 )
b1111 =
1+
14
b1110100 *
b1110100 >
b1110100 3
b1110100 9
01
#38725000
b101110101 A
b1101110101 ,
b1101110101 7
b1101110101 G
b1101110100 !
b1101110100 <
b1101110100 @
b11110000101 6
11
#38730000
b0 )
b0 =
0+
04
01
#38735000
11
#38740000
b1111 )
b1111 =
1+
14
b1110101 *
b1110101 >
b1110101 3
b1110101 9
01
#38745000
b101110110 A
b1101110110 ,
b1101110110 7
b1101110110 G
b1101110101 !
b1101110101 <
b1101110101 @
b11110000110 6
11
#38750000
b0 )
b0 =
0+
04
01
#38755000
11
#38760000
b1111 )
b1111 =
1+
14
b1110110 *
b1110110 >
b1110110 3
b1110110 9
01
#38765000
b101110111 A
b1101110111 ,
b1101110111 7
b1101110111 G
b1101110110 !
b1101110110 <
b1101110110 @
b11110000111 6
11
#38770000
b0 )
b0 =
0+
04
01
#38775000
11
#38780000
b1111 )
b1111 =
1+
14
b1110111 *
b1110111 >
b1110111 3
b1110111 9
01
#38785000
b101111000 A
b1101111000 ,
b1101111000 7
b1101111000 G
b1101110111 !
b1101110111 <
b1101110111 @
b11110001000 6
11
#38790000
b0 )
b0 =
0+
04
01
#38795000
11
#38800000
b1111 )
b1111 =
1+
14
b1111000 *
b1111000 >
b1111000 3
b1111000 9
01
#38805000
b101111001 A
b1101111001 ,
b1101111001 7
b1101111001 G
b1101111000 !
b1101111000 <
b1101111000 @
b11110001001 6
11
#38810000
b0 )
b0 =
0+
04
01
#38815000
11
#38820000
b1111 )
b1111 =
1+
14
b1111001 *
b1111001 >
b1111001 3
b1111001 9
01
#38825000
b101111010 A
b1101111010 ,
b1101111010 7
b1101111010 G
b1101111001 !
b1101111001 <
b1101111001 @
b11110001010 6
11
#38830000
b0 )
b0 =
0+
04
01
#38835000
11
#38840000
b1111 )
b1111 =
1+
14
b1111010 *
b1111010 >
b1111010 3
b1111010 9
01
#38845000
b101111011 A
b1101111011 ,
b1101111011 7
b1101111011 G
b1101111010 !
b1101111010 <
b1101111010 @
b11110001011 6
11
#38850000
b0 )
b0 =
0+
04
01
#38855000
11
#38860000
b1111 )
b1111 =
1+
14
b1111011 *
b1111011 >
b1111011 3
b1111011 9
01
#38865000
b101111100 A
b1101111100 ,
b1101111100 7
b1101111100 G
b1101111011 !
b1101111011 <
b1101111011 @
b11110001100 6
11
#38870000
b0 )
b0 =
0+
04
01
#38875000
11
#38880000
b1111 )
b1111 =
1+
14
b1111100 *
b1111100 >
b1111100 3
b1111100 9
01
#38885000
b101111101 A
b1101111101 ,
b1101111101 7
b1101111101 G
b1101111100 !
b1101111100 <
b1101111100 @
b11110001101 6
11
#38890000
b0 )
b0 =
0+
04
01
#38895000
11
#38900000
b1111 )
b1111 =
1+
14
b1111101 *
b1111101 >
b1111101 3
b1111101 9
01
#38905000
b101111110 A
b1101111110 ,
b1101111110 7
b1101111110 G
b1101111101 !
b1101111101 <
b1101111101 @
b11110001110 6
11
#38910000
b0 )
b0 =
0+
04
01
#38915000
11
#38920000
b1111 )
b1111 =
1+
14
b1111110 *
b1111110 >
b1111110 3
b1111110 9
01
#38925000
b101111111 A
b1101111111 ,
b1101111111 7
b1101111111 G
b1101111110 !
b1101111110 <
b1101111110 @
b11110001111 6
11
#38930000
b0 )
b0 =
0+
04
01
#38935000
11
#38940000
b1111 )
b1111 =
1+
14
b1111111 *
b1111111 >
b1111111 3
b1111111 9
01
#38945000
b110000000 A
b1110000000 ,
b1110000000 7
b1110000000 G
b1101111111 !
b1101111111 <
b1101111111 @
b11110010000 6
11
#38950000
b0 )
b0 =
0+
04
01
#38955000
11
#38960000
b1111 )
b1111 =
1+
14
b10000000 *
b10000000 >
b10000000 3
b10000000 9
01
#38965000
b110000001 A
b1110000001 ,
b1110000001 7
b1110000001 G
b1110000000 !
b1110000000 <
b1110000000 @
b11110010001 6
11
#38970000
b0 )
b0 =
0+
04
01
#38975000
11
#38980000
b1111 )
b1111 =
1+
14
b10000001 *
b10000001 >
b10000001 3
b10000001 9
01
#38985000
b110000010 A
b1110000010 ,
b1110000010 7
b1110000010 G
b1110000001 !
b1110000001 <
b1110000001 @
b11110010010 6
11
#38990000
b0 )
b0 =
0+
04
01
#38995000
11
#39000000
b1111 )
b1111 =
1+
14
b10000010 *
b10000010 >
b10000010 3
b10000010 9
01
#39005000
b110000011 A
b1110000011 ,
b1110000011 7
b1110000011 G
b1110000010 !
b1110000010 <
b1110000010 @
b11110010011 6
11
#39010000
b0 )
b0 =
0+
04
01
#39015000
11
#39020000
b1111 )
b1111 =
1+
14
b10000011 *
b10000011 >
b10000011 3
b10000011 9
01
#39025000
b110000100 A
b1110000100 ,
b1110000100 7
b1110000100 G
b1110000011 !
b1110000011 <
b1110000011 @
b11110010100 6
11
#39030000
b0 )
b0 =
0+
04
01
#39035000
11
#39040000
b1111 )
b1111 =
1+
14
b10000100 *
b10000100 >
b10000100 3
b10000100 9
01
#39045000
b110000101 A
b1110000101 ,
b1110000101 7
b1110000101 G
b1110000100 !
b1110000100 <
b1110000100 @
b11110010101 6
11
#39050000
b0 )
b0 =
0+
04
01
#39055000
11
#39060000
b1111 )
b1111 =
1+
14
b10000101 *
b10000101 >
b10000101 3
b10000101 9
01
#39065000
b110000110 A
b1110000110 ,
b1110000110 7
b1110000110 G
b1110000101 !
b1110000101 <
b1110000101 @
b11110010110 6
11
#39070000
b0 )
b0 =
0+
04
01
#39075000
11
#39080000
b1111 )
b1111 =
1+
14
b10000110 *
b10000110 >
b10000110 3
b10000110 9
01
#39085000
b110000111 A
b1110000111 ,
b1110000111 7
b1110000111 G
b1110000110 !
b1110000110 <
b1110000110 @
b11110010111 6
11
#39090000
b0 )
b0 =
0+
04
01
#39095000
11
#39100000
b1111 )
b1111 =
1+
14
b10000111 *
b10000111 >
b10000111 3
b10000111 9
01
#39105000
b110001000 A
b1110001000 ,
b1110001000 7
b1110001000 G
b1110000111 !
b1110000111 <
b1110000111 @
b11110011000 6
11
#39110000
b0 )
b0 =
0+
04
01
#39115000
11
#39120000
b1111 )
b1111 =
1+
14
b10001000 *
b10001000 >
b10001000 3
b10001000 9
01
#39125000
b110001001 A
b1110001001 ,
b1110001001 7
b1110001001 G
b1110001000 !
b1110001000 <
b1110001000 @
b11110011001 6
11
#39130000
b0 )
b0 =
0+
04
01
#39135000
11
#39140000
b1111 )
b1111 =
1+
14
b10001001 *
b10001001 >
b10001001 3
b10001001 9
01
#39145000
b110001010 A
b1110001010 ,
b1110001010 7
b1110001010 G
b1110001001 !
b1110001001 <
b1110001001 @
b11110011010 6
11
#39150000
b0 )
b0 =
0+
04
01
#39155000
11
#39160000
b1111 )
b1111 =
1+
14
b10001010 *
b10001010 >
b10001010 3
b10001010 9
01
#39165000
b110001011 A
b1110001011 ,
b1110001011 7
b1110001011 G
b1110001010 !
b1110001010 <
b1110001010 @
b11110011011 6
11
#39170000
b0 )
b0 =
0+
04
01
#39175000
11
#39180000
b1111 )
b1111 =
1+
14
b10001011 *
b10001011 >
b10001011 3
b10001011 9
01
#39185000
b110001100 A
b1110001100 ,
b1110001100 7
b1110001100 G
b1110001011 !
b1110001011 <
b1110001011 @
b11110011100 6
11
#39190000
b0 )
b0 =
0+
04
01
#39195000
11
#39200000
b1111 )
b1111 =
1+
14
b10001100 *
b10001100 >
b10001100 3
b10001100 9
01
#39205000
b110001101 A
b1110001101 ,
b1110001101 7
b1110001101 G
b1110001100 !
b1110001100 <
b1110001100 @
b11110011101 6
11
#39210000
b0 )
b0 =
0+
04
01
#39215000
11
#39220000
b1111 )
b1111 =
1+
14
b10001101 *
b10001101 >
b10001101 3
b10001101 9
01
#39225000
b110001110 A
b1110001110 ,
b1110001110 7
b1110001110 G
b1110001101 !
b1110001101 <
b1110001101 @
b11110011110 6
11
#39230000
b0 )
b0 =
0+
04
01
#39235000
11
#39240000
b1111 )
b1111 =
1+
14
b10001110 *
b10001110 >
b10001110 3
b10001110 9
01
#39245000
b110001111 A
b1110001111 ,
b1110001111 7
b1110001111 G
b1110001110 !
b1110001110 <
b1110001110 @
b11110011111 6
11
#39250000
b0 )
b0 =
0+
04
01
#39255000
11
#39260000
b1111 )
b1111 =
1+
14
b10001111 *
b10001111 >
b10001111 3
b10001111 9
01
#39265000
b110010000 A
b1110010000 ,
b1110010000 7
b1110010000 G
b1110001111 !
b1110001111 <
b1110001111 @
b11110100000 6
11
#39270000
b0 )
b0 =
0+
04
01
#39275000
11
#39280000
b1111 )
b1111 =
1+
14
b10010000 *
b10010000 >
b10010000 3
b10010000 9
01
#39285000
b110010001 A
b1110010001 ,
b1110010001 7
b1110010001 G
b1110010000 !
b1110010000 <
b1110010000 @
b11110100001 6
11
#39290000
b0 )
b0 =
0+
04
01
#39295000
11
#39300000
b1111 )
b1111 =
1+
14
b10010001 *
b10010001 >
b10010001 3
b10010001 9
01
#39305000
b110010010 A
b1110010010 ,
b1110010010 7
b1110010010 G
b1110010001 !
b1110010001 <
b1110010001 @
b11110100010 6
11
#39310000
b0 )
b0 =
0+
04
01
#39315000
11
#39320000
b1111 )
b1111 =
1+
14
b10010010 *
b10010010 >
b10010010 3
b10010010 9
01
#39325000
b110010011 A
b1110010011 ,
b1110010011 7
b1110010011 G
b1110010010 !
b1110010010 <
b1110010010 @
b11110100011 6
11
#39330000
b0 )
b0 =
0+
04
01
#39335000
11
#39340000
b1111 )
b1111 =
1+
14
b10010011 *
b10010011 >
b10010011 3
b10010011 9
01
#39345000
b110010100 A
b1110010100 ,
b1110010100 7
b1110010100 G
b1110010011 !
b1110010011 <
b1110010011 @
b11110100100 6
11
#39350000
b0 )
b0 =
0+
04
01
#39355000
11
#39360000
b1111 )
b1111 =
1+
14
b10010100 *
b10010100 >
b10010100 3
b10010100 9
01
#39365000
b110010101 A
b1110010101 ,
b1110010101 7
b1110010101 G
b1110010100 !
b1110010100 <
b1110010100 @
b11110100101 6
11
#39370000
b0 )
b0 =
0+
04
01
#39375000
11
#39380000
b1111 )
b1111 =
1+
14
b10010101 *
b10010101 >
b10010101 3
b10010101 9
01
#39385000
b110010110 A
b1110010110 ,
b1110010110 7
b1110010110 G
b1110010101 !
b1110010101 <
b1110010101 @
b11110100110 6
11
#39390000
b0 )
b0 =
0+
04
01
#39395000
11
#39400000
b1111 )
b1111 =
1+
14
b10010110 *
b10010110 >
b10010110 3
b10010110 9
01
#39405000
b110010111 A
b1110010111 ,
b1110010111 7
b1110010111 G
b1110010110 !
b1110010110 <
b1110010110 @
b11110100111 6
11
#39410000
b0 )
b0 =
0+
04
01
#39415000
11
#39420000
b1111 )
b1111 =
1+
14
b10010111 *
b10010111 >
b10010111 3
b10010111 9
01
#39425000
b110011000 A
b1110011000 ,
b1110011000 7
b1110011000 G
b1110010111 !
b1110010111 <
b1110010111 @
b11110101000 6
11
#39430000
b0 )
b0 =
0+
04
01
#39435000
11
#39440000
b1111 )
b1111 =
1+
14
b10011000 *
b10011000 >
b10011000 3
b10011000 9
01
#39445000
b110011001 A
b1110011001 ,
b1110011001 7
b1110011001 G
b1110011000 !
b1110011000 <
b1110011000 @
b11110101001 6
11
#39450000
b0 )
b0 =
0+
04
01
#39455000
11
#39460000
b1111 )
b1111 =
1+
14
b10011001 *
b10011001 >
b10011001 3
b10011001 9
01
#39465000
b110011010 A
b1110011010 ,
b1110011010 7
b1110011010 G
b1110011001 !
b1110011001 <
b1110011001 @
b11110101010 6
11
#39470000
b0 )
b0 =
0+
04
01
#39475000
11
#39480000
b1111 )
b1111 =
1+
14
b10011010 *
b10011010 >
b10011010 3
b10011010 9
01
#39485000
b110011011 A
b1110011011 ,
b1110011011 7
b1110011011 G
b1110011010 !
b1110011010 <
b1110011010 @
b11110101011 6
11
#39490000
b0 )
b0 =
0+
04
01
#39495000
11
#39500000
b1111 )
b1111 =
1+
14
b10011011 *
b10011011 >
b10011011 3
b10011011 9
01
#39505000
b110011100 A
b1110011100 ,
b1110011100 7
b1110011100 G
b1110011011 !
b1110011011 <
b1110011011 @
b11110101100 6
11
#39510000
b0 )
b0 =
0+
04
01
#39515000
11
#39520000
b1111 )
b1111 =
1+
14
b10011100 *
b10011100 >
b10011100 3
b10011100 9
01
#39525000
b110011101 A
b1110011101 ,
b1110011101 7
b1110011101 G
b1110011100 !
b1110011100 <
b1110011100 @
b11110101101 6
11
#39530000
b0 )
b0 =
0+
04
01
#39535000
11
#39540000
b1111 )
b1111 =
1+
14
b10011101 *
b10011101 >
b10011101 3
b10011101 9
01
#39545000
b110011110 A
b1110011110 ,
b1110011110 7
b1110011110 G
b1110011101 !
b1110011101 <
b1110011101 @
b11110101110 6
11
#39550000
b0 )
b0 =
0+
04
01
#39555000
11
#39560000
b1111 )
b1111 =
1+
14
b10011110 *
b10011110 >
b10011110 3
b10011110 9
01
#39565000
b110011111 A
b1110011111 ,
b1110011111 7
b1110011111 G
b1110011110 !
b1110011110 <
b1110011110 @
b11110101111 6
11
#39570000
b0 )
b0 =
0+
04
01
#39575000
11
#39580000
b1111 )
b1111 =
1+
14
b10011111 *
b10011111 >
b10011111 3
b10011111 9
01
#39585000
b110100000 A
b1110100000 ,
b1110100000 7
b1110100000 G
b1110011111 !
b1110011111 <
b1110011111 @
b11110110000 6
11
#39590000
b0 )
b0 =
0+
04
01
#39595000
11
#39600000
b1111 )
b1111 =
1+
14
b10100000 *
b10100000 >
b10100000 3
b10100000 9
01
#39605000
b110100001 A
b1110100001 ,
b1110100001 7
b1110100001 G
b1110100000 !
b1110100000 <
b1110100000 @
b11110110001 6
11
#39610000
b0 )
b0 =
0+
04
01
#39615000
11
#39620000
b1111 )
b1111 =
1+
14
b10100001 *
b10100001 >
b10100001 3
b10100001 9
01
#39625000
b110100010 A
b1110100010 ,
b1110100010 7
b1110100010 G
b1110100001 !
b1110100001 <
b1110100001 @
b11110110010 6
11
#39630000
b0 )
b0 =
0+
04
01
#39635000
11
#39640000
b1111 )
b1111 =
1+
14
b10100010 *
b10100010 >
b10100010 3
b10100010 9
01
#39645000
b110100011 A
b1110100011 ,
b1110100011 7
b1110100011 G
b1110100010 !
b1110100010 <
b1110100010 @
b11110110011 6
11
#39650000
b0 )
b0 =
0+
04
01
#39655000
11
#39660000
b1111 )
b1111 =
1+
14
b10100011 *
b10100011 >
b10100011 3
b10100011 9
01
#39665000
b110100100 A
b1110100100 ,
b1110100100 7
b1110100100 G
b1110100011 !
b1110100011 <
b1110100011 @
b11110110100 6
11
#39670000
b0 )
b0 =
0+
04
01
#39675000
11
#39680000
b1111 )
b1111 =
1+
14
b10100100 *
b10100100 >
b10100100 3
b10100100 9
01
#39685000
b110100101 A
b1110100101 ,
b1110100101 7
b1110100101 G
b1110100100 !
b1110100100 <
b1110100100 @
b11110110101 6
11
#39690000
b0 )
b0 =
0+
04
01
#39695000
11
#39700000
b1111 )
b1111 =
1+
14
b10100101 *
b10100101 >
b10100101 3
b10100101 9
01
#39705000
b110100110 A
b1110100110 ,
b1110100110 7
b1110100110 G
b1110100101 !
b1110100101 <
b1110100101 @
b11110110110 6
11
#39710000
b0 )
b0 =
0+
04
01
#39715000
11
#39720000
b1111 )
b1111 =
1+
14
b10100110 *
b10100110 >
b10100110 3
b10100110 9
01
#39725000
b110100111 A
b1110100111 ,
b1110100111 7
b1110100111 G
b1110100110 !
b1110100110 <
b1110100110 @
b11110110111 6
11
#39730000
b0 )
b0 =
0+
04
01
#39735000
11
#39740000
b1111 )
b1111 =
1+
14
b10100111 *
b10100111 >
b10100111 3
b10100111 9
01
#39745000
b110101000 A
b1110101000 ,
b1110101000 7
b1110101000 G
b1110100111 !
b1110100111 <
b1110100111 @
b11110111000 6
11
#39750000
b0 )
b0 =
0+
04
01
#39755000
11
#39760000
b1111 )
b1111 =
1+
14
b10101000 *
b10101000 >
b10101000 3
b10101000 9
01
#39765000
b110101001 A
b1110101001 ,
b1110101001 7
b1110101001 G
b1110101000 !
b1110101000 <
b1110101000 @
b11110111001 6
11
#39770000
b0 )
b0 =
0+
04
01
#39775000
11
#39780000
b1111 )
b1111 =
1+
14
b10101001 *
b10101001 >
b10101001 3
b10101001 9
01
#39785000
b110101010 A
b1110101010 ,
b1110101010 7
b1110101010 G
b1110101001 !
b1110101001 <
b1110101001 @
b11110111010 6
11
#39790000
b0 )
b0 =
0+
04
01
#39795000
11
#39800000
b1111 )
b1111 =
1+
14
b10101010 *
b10101010 >
b10101010 3
b10101010 9
01
#39805000
b110101011 A
b1110101011 ,
b1110101011 7
b1110101011 G
b1110101010 !
b1110101010 <
b1110101010 @
b11110111011 6
11
#39810000
b0 )
b0 =
0+
04
01
#39815000
11
#39820000
b1111 )
b1111 =
1+
14
b10101011 *
b10101011 >
b10101011 3
b10101011 9
01
#39825000
b110101100 A
b1110101100 ,
b1110101100 7
b1110101100 G
b1110101011 !
b1110101011 <
b1110101011 @
b11110111100 6
11
#39830000
b0 )
b0 =
0+
04
01
#39835000
11
#39840000
b1111 )
b1111 =
1+
14
b10101100 *
b10101100 >
b10101100 3
b10101100 9
01
#39845000
b110101101 A
b1110101101 ,
b1110101101 7
b1110101101 G
b1110101100 !
b1110101100 <
b1110101100 @
b11110111101 6
11
#39850000
b0 )
b0 =
0+
04
01
#39855000
11
#39860000
b1111 )
b1111 =
1+
14
b10101101 *
b10101101 >
b10101101 3
b10101101 9
01
#39865000
b110101110 A
b1110101110 ,
b1110101110 7
b1110101110 G
b1110101101 !
b1110101101 <
b1110101101 @
b11110111110 6
11
#39870000
b0 )
b0 =
0+
04
01
#39875000
11
#39880000
b1111 )
b1111 =
1+
14
b10101110 *
b10101110 >
b10101110 3
b10101110 9
01
#39885000
b110101111 A
b1110101111 ,
b1110101111 7
b1110101111 G
b1110101110 !
b1110101110 <
b1110101110 @
b11110111111 6
11
#39890000
b0 )
b0 =
0+
04
01
#39895000
11
#39900000
b1111 )
b1111 =
1+
14
b10101111 *
b10101111 >
b10101111 3
b10101111 9
01
#39905000
b110110000 A
b1110110000 ,
b1110110000 7
b1110110000 G
b1110101111 !
b1110101111 <
b1110101111 @
b11111000000 6
11
#39910000
b0 )
b0 =
0+
04
01
#39915000
11
#39920000
b1111 )
b1111 =
1+
14
b10110000 *
b10110000 >
b10110000 3
b10110000 9
01
#39925000
b110110001 A
b1110110001 ,
b1110110001 7
b1110110001 G
b1110110000 !
b1110110000 <
b1110110000 @
b11111000001 6
11
#39930000
b0 )
b0 =
0+
04
01
#39935000
11
#39940000
b1111 )
b1111 =
1+
14
b10110001 *
b10110001 >
b10110001 3
b10110001 9
01
#39945000
b110110010 A
b1110110010 ,
b1110110010 7
b1110110010 G
b1110110001 !
b1110110001 <
b1110110001 @
b11111000010 6
11
#39950000
b0 )
b0 =
0+
04
01
#39955000
11
#39960000
b1111 )
b1111 =
1+
14
b10110010 *
b10110010 >
b10110010 3
b10110010 9
01
#39965000
b110110011 A
b1110110011 ,
b1110110011 7
b1110110011 G
b1110110010 !
b1110110010 <
b1110110010 @
b11111000011 6
11
#39970000
b0 )
b0 =
0+
04
01
#39975000
11
#39980000
b1111 )
b1111 =
1+
14
b10110011 *
b10110011 >
b10110011 3
b10110011 9
01
#39985000
b110110100 A
b1110110100 ,
b1110110100 7
b1110110100 G
b1110110011 !
b1110110011 <
b1110110011 @
b11111000100 6
11
#39990000
b0 )
b0 =
0+
04
01
#39995000
11
#40000000
b1111 )
b1111 =
1+
14
b10110100 *
b10110100 >
b10110100 3
b10110100 9
01
#40005000
b110110101 A
b1110110101 ,
b1110110101 7
b1110110101 G
b1110110100 !
b1110110100 <
b1110110100 @
b11111000101 6
11
#40010000
b0 )
b0 =
0+
04
01
#40015000
11
#40020000
b1111 )
b1111 =
1+
14
b10110101 *
b10110101 >
b10110101 3
b10110101 9
01
#40025000
b110110110 A
b1110110110 ,
b1110110110 7
b1110110110 G
b1110110101 !
b1110110101 <
b1110110101 @
b11111000110 6
11
#40030000
b0 )
b0 =
0+
04
01
#40035000
11
#40040000
b1111 )
b1111 =
1+
14
b10110110 *
b10110110 >
b10110110 3
b10110110 9
01
#40045000
b110110111 A
b1110110111 ,
b1110110111 7
b1110110111 G
b1110110110 !
b1110110110 <
b1110110110 @
b11111000111 6
11
#40050000
b0 )
b0 =
0+
04
01
#40055000
11
#40060000
b1111 )
b1111 =
1+
14
b10110111 *
b10110111 >
b10110111 3
b10110111 9
01
#40065000
b110111000 A
b1110111000 ,
b1110111000 7
b1110111000 G
b1110110111 !
b1110110111 <
b1110110111 @
b11111001000 6
11
#40070000
b0 )
b0 =
0+
04
01
#40075000
11
#40080000
b1111 )
b1111 =
1+
14
b10111000 *
b10111000 >
b10111000 3
b10111000 9
01
#40085000
b110111001 A
b1110111001 ,
b1110111001 7
b1110111001 G
b1110111000 !
b1110111000 <
b1110111000 @
b11111001001 6
11
#40090000
b0 )
b0 =
0+
04
01
#40095000
11
#40100000
b1111 )
b1111 =
1+
14
b10111001 *
b10111001 >
b10111001 3
b10111001 9
01
#40105000
b110111010 A
b1110111010 ,
b1110111010 7
b1110111010 G
b1110111001 !
b1110111001 <
b1110111001 @
b11111001010 6
11
#40110000
b0 )
b0 =
0+
04
01
#40115000
11
#40120000
b1111 )
b1111 =
1+
14
b10111010 *
b10111010 >
b10111010 3
b10111010 9
01
#40125000
b110111011 A
b1110111011 ,
b1110111011 7
b1110111011 G
b1110111010 !
b1110111010 <
b1110111010 @
b11111001011 6
11
#40130000
b0 )
b0 =
0+
04
01
#40135000
11
#40140000
b1111 )
b1111 =
1+
14
b10111011 *
b10111011 >
b10111011 3
b10111011 9
01
#40145000
b110111100 A
b1110111100 ,
b1110111100 7
b1110111100 G
b1110111011 !
b1110111011 <
b1110111011 @
b11111001100 6
11
#40150000
b0 )
b0 =
0+
04
01
#40155000
11
#40160000
b1111 )
b1111 =
1+
14
b10111100 *
b10111100 >
b10111100 3
b10111100 9
01
#40165000
b110111101 A
b1110111101 ,
b1110111101 7
b1110111101 G
b1110111100 !
b1110111100 <
b1110111100 @
b11111001101 6
11
#40170000
b0 )
b0 =
0+
04
01
#40175000
11
#40180000
b1111 )
b1111 =
1+
14
b10111101 *
b10111101 >
b10111101 3
b10111101 9
01
#40185000
b110111110 A
b1110111110 ,
b1110111110 7
b1110111110 G
b1110111101 !
b1110111101 <
b1110111101 @
b11111001110 6
11
#40190000
b0 )
b0 =
0+
04
01
#40195000
11
#40200000
b1111 )
b1111 =
1+
14
b10111110 *
b10111110 >
b10111110 3
b10111110 9
01
#40205000
b110111111 A
b1110111111 ,
b1110111111 7
b1110111111 G
b1110111110 !
b1110111110 <
b1110111110 @
b11111001111 6
11
#40210000
b0 )
b0 =
0+
04
01
#40215000
11
#40220000
b1111 )
b1111 =
1+
14
b10111111 *
b10111111 >
b10111111 3
b10111111 9
01
#40225000
b111000000 A
b1111000000 ,
b1111000000 7
b1111000000 G
b1110111111 !
b1110111111 <
b1110111111 @
b11111010000 6
11
#40230000
b0 )
b0 =
0+
04
01
#40235000
11
#40240000
b1111 )
b1111 =
1+
14
b11000000 *
b11000000 >
b11000000 3
b11000000 9
01
#40245000
b111000001 A
b1111000001 ,
b1111000001 7
b1111000001 G
b1111000000 !
b1111000000 <
b1111000000 @
b11111010001 6
11
#40250000
b0 )
b0 =
0+
04
01
#40255000
11
#40260000
b1111 )
b1111 =
1+
14
b11000001 *
b11000001 >
b11000001 3
b11000001 9
01
#40265000
b111000010 A
b1111000010 ,
b1111000010 7
b1111000010 G
b1111000001 !
b1111000001 <
b1111000001 @
b11111010010 6
11
#40270000
b0 )
b0 =
0+
04
01
#40275000
11
#40280000
b1111 )
b1111 =
1+
14
b11000010 *
b11000010 >
b11000010 3
b11000010 9
01
#40285000
b111000011 A
b1111000011 ,
b1111000011 7
b1111000011 G
b1111000010 !
b1111000010 <
b1111000010 @
b11111010011 6
11
#40290000
b0 )
b0 =
0+
04
01
#40295000
11
#40300000
b1111 )
b1111 =
1+
14
b11000011 *
b11000011 >
b11000011 3
b11000011 9
01
#40305000
b111000100 A
b1111000100 ,
b1111000100 7
b1111000100 G
b1111000011 !
b1111000011 <
b1111000011 @
b11111010100 6
11
#40310000
b0 )
b0 =
0+
04
01
#40315000
11
#40320000
b1111 )
b1111 =
1+
14
b11000100 *
b11000100 >
b11000100 3
b11000100 9
01
#40325000
b111000101 A
b1111000101 ,
b1111000101 7
b1111000101 G
b1111000100 !
b1111000100 <
b1111000100 @
b11111010101 6
11
#40330000
b0 )
b0 =
0+
04
01
#40335000
11
#40340000
b1111 )
b1111 =
1+
14
b11000101 *
b11000101 >
b11000101 3
b11000101 9
01
#40345000
b111000110 A
b1111000110 ,
b1111000110 7
b1111000110 G
b1111000101 !
b1111000101 <
b1111000101 @
b11111010110 6
11
#40350000
b0 )
b0 =
0+
04
01
#40355000
11
#40360000
b1111 )
b1111 =
1+
14
b11000110 *
b11000110 >
b11000110 3
b11000110 9
01
#40365000
b111000111 A
b1111000111 ,
b1111000111 7
b1111000111 G
b1111000110 !
b1111000110 <
b1111000110 @
b11111010111 6
11
#40370000
b0 )
b0 =
0+
04
01
#40375000
11
#40380000
b1111 )
b1111 =
1+
14
b11000111 *
b11000111 >
b11000111 3
b11000111 9
01
#40385000
b111001000 A
b1111001000 ,
b1111001000 7
b1111001000 G
b1111000111 !
b1111000111 <
b1111000111 @
b11111011000 6
11
#40390000
b0 )
b0 =
0+
04
01
#40395000
11
#40400000
b1111 )
b1111 =
1+
14
b11001000 *
b11001000 >
b11001000 3
b11001000 9
01
#40405000
b111001001 A
b1111001001 ,
b1111001001 7
b1111001001 G
b1111001000 !
b1111001000 <
b1111001000 @
b11111011001 6
11
#40410000
b0 )
b0 =
0+
04
01
#40415000
11
#40420000
b1111 )
b1111 =
1+
14
b11001001 *
b11001001 >
b11001001 3
b11001001 9
01
#40425000
b111001010 A
b1111001010 ,
b1111001010 7
b1111001010 G
b1111001001 !
b1111001001 <
b1111001001 @
b11111011010 6
11
#40430000
b0 )
b0 =
0+
04
01
#40435000
11
#40440000
b1111 )
b1111 =
1+
14
b11001010 *
b11001010 >
b11001010 3
b11001010 9
01
#40445000
b111001011 A
b1111001011 ,
b1111001011 7
b1111001011 G
b1111001010 !
b1111001010 <
b1111001010 @
b11111011011 6
11
#40450000
b0 )
b0 =
0+
04
01
#40455000
11
#40460000
b1111 )
b1111 =
1+
14
b11001011 *
b11001011 >
b11001011 3
b11001011 9
01
#40465000
b111001100 A
b1111001100 ,
b1111001100 7
b1111001100 G
b1111001011 !
b1111001011 <
b1111001011 @
b11111011100 6
11
#40470000
b0 )
b0 =
0+
04
01
#40475000
11
#40480000
b1111 )
b1111 =
1+
14
b11001100 *
b11001100 >
b11001100 3
b11001100 9
01
#40485000
b111001101 A
b1111001101 ,
b1111001101 7
b1111001101 G
b1111001100 !
b1111001100 <
b1111001100 @
b11111011101 6
11
#40490000
b0 )
b0 =
0+
04
01
#40495000
11
#40500000
b1111 )
b1111 =
1+
14
b11001101 *
b11001101 >
b11001101 3
b11001101 9
01
#40505000
b111001110 A
b1111001110 ,
b1111001110 7
b1111001110 G
b1111001101 !
b1111001101 <
b1111001101 @
b11111011110 6
11
#40510000
b0 )
b0 =
0+
04
01
#40515000
11
#40520000
b1111 )
b1111 =
1+
14
b11001110 *
b11001110 >
b11001110 3
b11001110 9
01
#40525000
b111001111 A
b1111001111 ,
b1111001111 7
b1111001111 G
b1111001110 !
b1111001110 <
b1111001110 @
b11111011111 6
11
#40530000
b0 )
b0 =
0+
04
01
#40535000
11
#40540000
b1111 )
b1111 =
1+
14
b11001111 *
b11001111 >
b11001111 3
b11001111 9
01
#40545000
b111010000 A
b1111010000 ,
b1111010000 7
b1111010000 G
b1111001111 !
b1111001111 <
b1111001111 @
b11111100000 6
11
#40550000
b0 )
b0 =
0+
04
01
#40555000
11
#40560000
b1111 )
b1111 =
1+
14
b11010000 *
b11010000 >
b11010000 3
b11010000 9
01
#40565000
b111010001 A
b1111010001 ,
b1111010001 7
b1111010001 G
b1111010000 !
b1111010000 <
b1111010000 @
b11111100001 6
11
#40570000
b0 )
b0 =
0+
04
01
#40575000
11
#40580000
b1111 )
b1111 =
1+
14
b11010001 *
b11010001 >
b11010001 3
b11010001 9
01
#40585000
b111010010 A
b1111010010 ,
b1111010010 7
b1111010010 G
b1111010001 !
b1111010001 <
b1111010001 @
b11111100010 6
11
#40590000
b0 )
b0 =
0+
04
01
#40595000
11
#40600000
b1111 )
b1111 =
1+
14
b11010010 *
b11010010 >
b11010010 3
b11010010 9
01
#40605000
b111010011 A
b1111010011 ,
b1111010011 7
b1111010011 G
b1111010010 !
b1111010010 <
b1111010010 @
b11111100011 6
11
#40610000
b0 )
b0 =
0+
04
01
#40615000
11
#40620000
b1111 )
b1111 =
1+
14
b11010011 *
b11010011 >
b11010011 3
b11010011 9
01
#40625000
b111010100 A
b1111010100 ,
b1111010100 7
b1111010100 G
b1111010011 !
b1111010011 <
b1111010011 @
b11111100100 6
11
#40630000
b0 )
b0 =
0+
04
01
#40635000
11
#40640000
b1111 )
b1111 =
1+
14
b11010100 *
b11010100 >
b11010100 3
b11010100 9
01
#40645000
b111010101 A
b1111010101 ,
b1111010101 7
b1111010101 G
b1111010100 !
b1111010100 <
b1111010100 @
b11111100101 6
11
#40650000
b0 )
b0 =
0+
04
01
#40655000
11
#40660000
b1111 )
b1111 =
1+
14
b11010101 *
b11010101 >
b11010101 3
b11010101 9
01
#40665000
b111010110 A
b1111010110 ,
b1111010110 7
b1111010110 G
b1111010101 !
b1111010101 <
b1111010101 @
b11111100110 6
11
#40670000
b0 )
b0 =
0+
04
01
#40675000
11
#40680000
b1111 )
b1111 =
1+
14
b11010110 *
b11010110 >
b11010110 3
b11010110 9
01
#40685000
b111010111 A
b1111010111 ,
b1111010111 7
b1111010111 G
b1111010110 !
b1111010110 <
b1111010110 @
b11111100111 6
11
#40690000
b0 )
b0 =
0+
04
01
#40695000
11
#40700000
b1111 )
b1111 =
1+
14
b11010111 *
b11010111 >
b11010111 3
b11010111 9
01
#40705000
b111011000 A
b1111011000 ,
b1111011000 7
b1111011000 G
b1111010111 !
b1111010111 <
b1111010111 @
b11111101000 6
11
#40710000
b0 )
b0 =
0+
04
01
#40715000
11
#40720000
b1111 )
b1111 =
1+
14
b11011000 *
b11011000 >
b11011000 3
b11011000 9
01
#40725000
b111011001 A
b1111011001 ,
b1111011001 7
b1111011001 G
b1111011000 !
b1111011000 <
b1111011000 @
b11111101001 6
11
#40730000
b0 )
b0 =
0+
04
01
#40735000
11
#40740000
b1111 )
b1111 =
1+
14
b11011001 *
b11011001 >
b11011001 3
b11011001 9
01
#40745000
b111011010 A
b1111011010 ,
b1111011010 7
b1111011010 G
b1111011001 !
b1111011001 <
b1111011001 @
b11111101010 6
11
#40750000
b0 )
b0 =
0+
04
01
#40755000
11
#40760000
b1111 )
b1111 =
1+
14
b11011010 *
b11011010 >
b11011010 3
b11011010 9
01
#40765000
b111011011 A
b1111011011 ,
b1111011011 7
b1111011011 G
b1111011010 !
b1111011010 <
b1111011010 @
b11111101011 6
11
#40770000
b0 )
b0 =
0+
04
01
#40775000
11
#40780000
b1111 )
b1111 =
1+
14
b11011011 *
b11011011 >
b11011011 3
b11011011 9
01
#40785000
b111011100 A
b1111011100 ,
b1111011100 7
b1111011100 G
b1111011011 !
b1111011011 <
b1111011011 @
b11111101100 6
11
#40790000
b0 )
b0 =
0+
04
01
#40795000
11
#40800000
b1111 )
b1111 =
1+
14
b11011100 *
b11011100 >
b11011100 3
b11011100 9
01
#40805000
b111011101 A
b1111011101 ,
b1111011101 7
b1111011101 G
b1111011100 !
b1111011100 <
b1111011100 @
b11111101101 6
11
#40810000
b0 )
b0 =
0+
04
01
#40815000
11
#40820000
b1111 )
b1111 =
1+
14
b11011101 *
b11011101 >
b11011101 3
b11011101 9
01
#40825000
b111011110 A
b1111011110 ,
b1111011110 7
b1111011110 G
b1111011101 !
b1111011101 <
b1111011101 @
b11111101110 6
11
#40830000
b0 )
b0 =
0+
04
01
#40835000
11
#40840000
b1111 )
b1111 =
1+
14
b11011110 *
b11011110 >
b11011110 3
b11011110 9
01
#40845000
b111011111 A
b1111011111 ,
b1111011111 7
b1111011111 G
b1111011110 !
b1111011110 <
b1111011110 @
b11111101111 6
11
#40850000
b0 )
b0 =
0+
04
01
#40855000
11
#40860000
b1111 )
b1111 =
1+
14
b11011111 *
b11011111 >
b11011111 3
b11011111 9
01
#40865000
b111100000 A
b1111100000 ,
b1111100000 7
b1111100000 G
b1111011111 !
b1111011111 <
b1111011111 @
b11111110000 6
11
#40870000
b0 )
b0 =
0+
04
01
#40875000
11
#40880000
b1111 )
b1111 =
1+
14
b11100000 *
b11100000 >
b11100000 3
b11100000 9
01
#40885000
b111100001 A
b1111100001 ,
b1111100001 7
b1111100001 G
b1111100000 !
b1111100000 <
b1111100000 @
b11111110001 6
11
#40890000
b0 )
b0 =
0+
04
01
#40895000
11
#40900000
b1111 )
b1111 =
1+
14
b11100001 *
b11100001 >
b11100001 3
b11100001 9
01
#40905000
b111100010 A
b1111100010 ,
b1111100010 7
b1111100010 G
b1111100001 !
b1111100001 <
b1111100001 @
b11111110010 6
11
#40910000
b0 )
b0 =
0+
04
01
#40915000
11
#40920000
b1111 )
b1111 =
1+
14
b11100010 *
b11100010 >
b11100010 3
b11100010 9
01
#40925000
b111100011 A
b1111100011 ,
b1111100011 7
b1111100011 G
b1111100010 !
b1111100010 <
b1111100010 @
b11111110011 6
11
#40930000
b0 )
b0 =
0+
04
01
#40935000
11
#40940000
b1111 )
b1111 =
1+
14
b11100011 *
b11100011 >
b11100011 3
b11100011 9
01
#40945000
b111100100 A
b1111100100 ,
b1111100100 7
b1111100100 G
b1111100011 !
b1111100011 <
b1111100011 @
b11111110100 6
11
#40950000
b0 )
b0 =
0+
04
01
#40955000
11
#40960000
b1111 )
b1111 =
1+
14
b11100100 *
b11100100 >
b11100100 3
b11100100 9
01
#40965000
b111100101 A
b1111100101 ,
b1111100101 7
b1111100101 G
b1111100100 !
b1111100100 <
b1111100100 @
b11111110101 6
11
#40970000
b0 )
b0 =
0+
04
01
#40975000
11
#40980000
b1111 )
b1111 =
1+
14
b11100101 *
b11100101 >
b11100101 3
b11100101 9
01
#40985000
b111100110 A
b1111100110 ,
b1111100110 7
b1111100110 G
b1111100101 !
b1111100101 <
b1111100101 @
b11111110110 6
11
#40990000
b0 )
b0 =
0+
04
01
#40995000
11
#41000000
b1111 )
b1111 =
1+
14
b11100110 *
b11100110 >
b11100110 3
b11100110 9
01
#41005000
b111100111 A
b1111100111 ,
b1111100111 7
b1111100111 G
b1111100110 !
b1111100110 <
b1111100110 @
b11111110111 6
11
#41010000
b0 )
b0 =
0+
04
01
#41015000
11
#41020000
b1111 )
b1111 =
1+
14
b11100111 *
b11100111 >
b11100111 3
b11100111 9
01
#41025000
b111101000 A
b1111101000 ,
b1111101000 7
b1111101000 G
b1111100111 !
b1111100111 <
b1111100111 @
b11111111000 6
11
#41030000
b0 )
b0 =
0+
04
01
#41035000
11
#41040000
b1111 )
b1111 =
1+
14
b11101000 *
b11101000 >
b11101000 3
b11101000 9
01
#41045000
b111101001 A
b1111101001 ,
b1111101001 7
b1111101001 G
b1111101000 !
b1111101000 <
b1111101000 @
b11111111001 6
11
#41050000
b0 )
b0 =
0+
04
01
#41055000
11
#41060000
b1111 )
b1111 =
1+
14
b11101001 *
b11101001 >
b11101001 3
b11101001 9
01
#41065000
b111101010 A
b1111101010 ,
b1111101010 7
b1111101010 G
b1111101001 !
b1111101001 <
b1111101001 @
b11111111010 6
11
#41070000
b0 )
b0 =
0+
04
01
#41075000
11
#41080000
b1111 )
b1111 =
1+
14
b11101010 *
b11101010 >
b11101010 3
b11101010 9
01
#41085000
b111101011 A
b1111101011 ,
b1111101011 7
b1111101011 G
b1111101010 !
b1111101010 <
b1111101010 @
b11111111011 6
11
#41090000
b0 )
b0 =
0+
04
01
#41095000
11
#41100000
b1111 )
b1111 =
1+
14
b11101011 *
b11101011 >
b11101011 3
b11101011 9
01
#41105000
b111101100 A
b1111101100 ,
b1111101100 7
b1111101100 G
b1111101011 !
b1111101011 <
b1111101011 @
b11111111100 6
11
#41110000
b0 )
b0 =
0+
04
01
#41115000
11
#41120000
b1111 )
b1111 =
1+
14
b11101100 *
b11101100 >
b11101100 3
b11101100 9
01
#41125000
b111101101 A
b1111101101 ,
b1111101101 7
b1111101101 G
b1111101100 !
b1111101100 <
b1111101100 @
b11111111101 6
11
#41130000
b0 )
b0 =
0+
04
01
#41135000
11
#41140000
b1111 )
b1111 =
1+
14
b11101101 *
b11101101 >
b11101101 3
b11101101 9
01
#41145000
b111101110 A
b1111101110 ,
b1111101110 7
b1111101110 G
b1111101101 !
b1111101101 <
b1111101101 @
b11111111110 6
11
#41150000
b0 )
b0 =
0+
04
01
#41155000
11
#41160000
b1111 )
b1111 =
1+
14
b11101110 *
b11101110 >
b11101110 3
b11101110 9
01
#41165000
b111101111 A
b1111101111 ,
b1111101111 7
b1111101111 G
b1111101110 !
b1111101110 <
b1111101110 @
b11111111111 6
11
#41170000
b0 )
b0 =
0+
04
01
#41175000
11
#41180000
b1111 )
b1111 =
1+
14
b11101111 *
b11101111 >
b11101111 3
b11101111 9
01
#41185000
b111110000 A
b1111110000 ,
b1111110000 7
b1111110000 G
b1111101111 !
b1111101111 <
b1111101111 @
b100000000000 6
11
#41190000
b0 )
b0 =
0+
04
01
#41195000
11
#41200000
b1111 )
b1111 =
1+
14
b11110000 *
b11110000 >
b11110000 3
b11110000 9
01
#41205000
b111110001 A
b1111110001 ,
b1111110001 7
b1111110001 G
b1111110000 !
b1111110000 <
b1111110000 @
b100000000001 6
11
#41210000
b0 )
b0 =
0+
04
01
#41215000
11
#41220000
b1111 )
b1111 =
1+
14
b11110001 *
b11110001 >
b11110001 3
b11110001 9
01
#41225000
b111110010 A
b1111110010 ,
b1111110010 7
b1111110010 G
b1111110001 !
b1111110001 <
b1111110001 @
b100000000010 6
11
#41230000
b0 )
b0 =
0+
04
01
#41235000
11
#41240000
b1111 )
b1111 =
1+
14
b11110010 *
b11110010 >
b11110010 3
b11110010 9
01
#41245000
b111110011 A
b1111110011 ,
b1111110011 7
b1111110011 G
b1111110010 !
b1111110010 <
b1111110010 @
b100000000011 6
11
#41250000
b0 )
b0 =
0+
04
01
#41255000
11
#41260000
b1111 )
b1111 =
1+
14
b11110011 *
b11110011 >
b11110011 3
b11110011 9
01
#41265000
b111110100 A
b1111110100 ,
b1111110100 7
b1111110100 G
b1111110011 !
b1111110011 <
b1111110011 @
b100000000100 6
11
#41270000
b0 )
b0 =
0+
04
01
#41275000
11
#41280000
b1111 )
b1111 =
1+
14
b11110100 *
b11110100 >
b11110100 3
b11110100 9
01
#41285000
b111110101 A
b1111110101 ,
b1111110101 7
b1111110101 G
b1111110100 !
b1111110100 <
b1111110100 @
b100000000101 6
11
#41290000
b0 )
b0 =
0+
04
01
#41295000
11
#41300000
b1111 )
b1111 =
1+
14
b11110101 *
b11110101 >
b11110101 3
b11110101 9
01
#41305000
b111110110 A
b1111110110 ,
b1111110110 7
b1111110110 G
b1111110101 !
b1111110101 <
b1111110101 @
b100000000110 6
11
#41310000
b0 )
b0 =
0+
04
01
#41315000
11
#41320000
b1111 )
b1111 =
1+
14
b11110110 *
b11110110 >
b11110110 3
b11110110 9
01
#41325000
b111110111 A
b1111110111 ,
b1111110111 7
b1111110111 G
b1111110110 !
b1111110110 <
b1111110110 @
b100000000111 6
11
#41330000
b0 )
b0 =
0+
04
01
#41335000
11
#41340000
b1111 )
b1111 =
1+
14
b11110111 *
b11110111 >
b11110111 3
b11110111 9
01
#41345000
b111111000 A
b1111111000 ,
b1111111000 7
b1111111000 G
b1111110111 !
b1111110111 <
b1111110111 @
b100000001000 6
11
#41350000
b0 )
b0 =
0+
04
01
#41355000
11
#41360000
b1111 )
b1111 =
1+
14
b11111000 *
b11111000 >
b11111000 3
b11111000 9
01
#41365000
b111111001 A
b1111111001 ,
b1111111001 7
b1111111001 G
b1111111000 !
b1111111000 <
b1111111000 @
b100000001001 6
11
#41370000
b0 )
b0 =
0+
04
01
#41375000
11
#41380000
b1111 )
b1111 =
1+
14
b11111001 *
b11111001 >
b11111001 3
b11111001 9
01
#41385000
b111111010 A
b1111111010 ,
b1111111010 7
b1111111010 G
b1111111001 !
b1111111001 <
b1111111001 @
b100000001010 6
11
#41390000
b0 )
b0 =
0+
04
01
#41395000
11
#41400000
b1111 )
b1111 =
1+
14
b11111010 *
b11111010 >
b11111010 3
b11111010 9
01
#41405000
b111111011 A
b1111111011 ,
b1111111011 7
b1111111011 G
b1111111010 !
b1111111010 <
b1111111010 @
b100000001011 6
11
#41410000
b0 )
b0 =
0+
04
01
#41415000
11
#41420000
b1111 )
b1111 =
1+
14
b11111011 *
b11111011 >
b11111011 3
b11111011 9
01
#41425000
b111111100 A
b1111111100 ,
b1111111100 7
b1111111100 G
b1111111011 !
b1111111011 <
b1111111011 @
b100000001100 6
11
#41430000
b0 )
b0 =
0+
04
01
#41435000
11
#41440000
b1111 )
b1111 =
1+
14
b11111100 *
b11111100 >
b11111100 3
b11111100 9
01
#41445000
b111111101 A
b1111111101 ,
b1111111101 7
b1111111101 G
b1111111100 !
b1111111100 <
b1111111100 @
b100000001101 6
11
#41450000
b0 )
b0 =
0+
04
01
#41455000
11
#41460000
b1111 )
b1111 =
1+
14
b11111101 *
b11111101 >
b11111101 3
b11111101 9
01
#41465000
b111111110 A
b1111111110 ,
b1111111110 7
b1111111110 G
b1111111101 !
b1111111101 <
b1111111101 @
b100000001110 6
11
#41470000
b0 )
b0 =
0+
04
01
#41475000
11
#41480000
b1111 )
b1111 =
1+
14
b11111110 *
b11111110 >
b11111110 3
b11111110 9
01
#41485000
b111111111 A
b1111111111 ,
b1111111111 7
b1111111111 G
b1111111110 !
b1111111110 <
b1111111110 @
b100000001111 6
11
#41490000
b0 )
b0 =
0+
04
01
#41495000
11
#41500000
b1111 )
b1111 =
1+
14
b11111111 *
b11111111 >
b11111111 3
b11111111 9
01
#41505000
b0 )
b0 =
0+
0(
08
b100 D
1&
1'
1?
b1000000000 A
b0 ,
b0 7
b0 G
b1111111111 !
b1111111111 <
b1111111111 @
b100000010000 6
11
#41510000
04
01
#41515000
11
#41520000
1/
01
#41525000
1(
18
0%
0&
0'
0?
0"
0F
b0 A
b0 B
b0 #
b0 ;
b0 E
b0 !
b0 <
b0 @
b1 D
11
#41530000
0/
01
#41535000
11
#41540000
b1111 )
b1111 =
1+
14
b1011010 *
b1011010 >
b1011010 3
b1011010 9
01
#41545000
b1 B
b1 ,
b1 7
b1 G
b100000010001 6
11
#41550000
b0 )
b0 =
0+
04
01
#41555000
11
#41560000
1.
01
#41565000
0(
08
b0 B
b0 ,
b0 7
b0 G
b0 D
11
#41570000
0.
01
