$date
	Mon Jul 27 18:57:07 2026
$end
$version
	Icarus Verilog
$end
$timescale
	1ps
$end
$scope module tb_circular_trace_buffer_trigger $end
$var wire 10 ! write_addr_o [9:0] $end
$var wire 1 " triggered_o $end
$var wire 10 # trigger_addr_o [9:0] $end
$var wire 10 $ start_addr_o [9:0] $end
$var wire 1 % pre_ready_o $end
$var wire 1 & irq_o $end
$var wire 1 ' capture_done_o $end
$var wire 1 ( busy_o $end
$var wire 4 ) bram_we_o [3:0] $end
$var wire 32 * bram_wdata_o [31:0] $end
$var wire 1 + bram_en_o $end
$var wire 10 , bram_addr_o [9:0] $end
$var parameter 32 - ARMED_WAIT_SAMPLES $end
$var parameter 64 . CLK_PERIOD $end
$var parameter 32 / EXPECTED_LAST_ADDR $end
$var parameter 32 0 EXPECTED_START_ADDR $end
$var parameter 32 1 EXPECTED_TRIGGER_ADDR $end
$var parameter 32 2 TOTAL_WRITES $end
$var reg 1 3 abort_i $end
$var reg 1 4 arm_i $end
$var reg 1 5 clear_done_i $end
$var reg 1 6 clk_i $end
$var reg 1 7 rst_ni $end
$var reg 8 8 sample_data_i [7:0] $end
$var reg 1 9 sample_valid_i $end
$var reg 1 : trigger_pulse_i $end
$var reg 32 ; observed_write_count [31:0] $end
$scope module dut $end
$var wire 1 3 abort_i $end
$var wire 1 4 arm_i $end
$var wire 10 < bram_addr_o [9:0] $end
$var wire 1 + bram_en_o $end
$var wire 1 ( busy_o $end
$var wire 1 ' capture_done_o $end
$var wire 1 = capture_write_active $end
$var wire 1 5 clear_done_i $end
$var wire 1 6 clk_i $end
$var wire 1 & irq_o $end
$var wire 1 % pre_ready_o $end
$var wire 1 7 rst_ni $end
$var wire 8 > sample_data_i [7:0] $end
$var wire 1 9 sample_valid_i $end
$var wire 10 ? start_addr_o [9:0] $end
$var wire 10 @ trigger_addr_o [9:0] $end
$var wire 1 : trigger_pulse_i $end
$var wire 1 " triggered_o $end
$var wire 10 A write_addr_o [9:0] $end
$var wire 4 B bram_we_o [3:0] $end
$var wire 32 C bram_wdata_o [31:0] $end
$var reg 1 D done_q $end
$var reg 10 E last_write_addr_q [9:0] $end
$var reg 10 F post_count_q [9:0] $end
$var reg 10 G prefill_count_q [9:0] $end
$var reg 10 H start_addr_q [9:0] $end
$var reg 3 I state_q [2:0] $end
$var reg 10 J trigger_addr_q [9:0] $end
$var reg 1 K triggered_q $end
$var reg 10 L write_ptr_q [9:0] $end
$upscope $end
$scope begin $unm_blk_25 $end
$var reg 32 M expected_word [31:0] $end
$var reg 32 N expected_sequence [31:0] $end
$var reg 32 O physical [31:0] $end
$var reg 32 P sample_number [31:0] $end
$var reg 32 Q write_count_at_done [31:0] $end
$scope begin $ivl_for_loop0 $end
$var reg 32 R i [31:0] $end
$upscope $end
$scope begin $ivl_for_loop1 $end
$var reg 32 S i [31:0] $end
$upscope $end
$scope begin $ivl_for_loop2 $end
$var reg 32 T i [31:0] $end
$upscope $end
$scope begin $ivl_for_loop3 $end
$var reg 32 U i [31:0] $end
$upscope $end
$upscope $end
$scope task drive_sample $end
$upscope $end
$scope task pulse_arm $end
$upscope $end
$upscope $end
$enddefinitions $end
$comment Show the parameter values. $end
$dumpall
b10000000111 2
b1000000111 1
b111 0
b110 /
b1010 .
b111 -
$end
#0
$dumpvars
b0 U
b0 T
b0 S
b0 R
b0 Q
b0 P
b0 O
b0 N
bx M
bx L
xK
bx J
bx I
bx H
bx G
bx F
bx E
xD
b0 C
b0 B
bx A
bx @
bx ?
b0 >
x=
bx <
b0 ;
0:
09
b0 8
07
06
05
04
03
bx ,
0+
b0 *
b0 )
x(
x'
x&
x%
bx $
bx #
x"
bx !
$end
#5000
0(
0=
0%
0&
0'
0D
0"
0K
b0 F
b0 G
b0 #
b0 @
b0 J
b0 $
b0 ?
b0 H
b0 !
b0 A
b0 E
b0 ,
b0 <
b0 L
b0 I
16
#10000
06
#15000
16
#20000
06
#25000
16
#30000
17
06
#35000
16
#40000
14
06
#45000
1(
1=
b1 I
16
#50000
04
06
#55000
16
#60000
b1111 )
b1111 B
1+
19
06
#65000
b1 G
b1 ,
b1 <
b1 L
b1 ;
16
#70000
b0 )
b0 B
0+
b1 R
b1 P
09
06
#75000
16
#80000
b1111 )
b1111 B
1+
19
b1 *
b1 C
b1 8
b1 >
06
#85000
b10 G
b10 ,
b10 <
b10 L
b1 !
b1 A
b1 E
b10 ;
16
#90000
b0 )
b0 B
0+
b10 R
b10 P
09
06
#95000
16
#100000
b1111 )
b1111 B
1+
19
b10 *
b10 C
b10 8
b10 >
06
#105000
b11 G
b11 ,
b11 <
b11 L
b10 !
b10 A
b10 E
b11 ;
16
#110000
b0 )
b0 B
0+
b11 R
b11 P
09
06
#115000
16
#120000
b1111 )
b1111 B
1+
19
b11 *
b11 C
b11 8
b11 >
06
#125000
b100 G
b100 ,
b100 <
b100 L
b11 !
b11 A
b11 E
b100 ;
16
#130000
b0 )
b0 B
0+
b100 R
b100 P
09
06
#135000
16
#140000
b1111 )
b1111 B
1+
19
b100 *
b100 C
b100 8
b100 >
06
#145000
b101 G
b101 ,
b101 <
b101 L
b100 !
b100 A
b100 E
b101 ;
16
#150000
b0 )
b0 B
0+
b101 R
b101 P
09
06
#155000
16
#160000
b1111 )
b1111 B
1+
19
b101 *
b101 C
b101 8
b101 >
06
#165000
b110 G
b110 ,
b110 <
b110 L
b101 !
b101 A
b101 E
b110 ;
16
#170000
b0 )
b0 B
0+
b110 R
b110 P
09
06
#175000
16
#180000
b1111 )
b1111 B
1+
19
b110 *
b110 C
b110 8
b110 >
06
#185000
b111 G
b111 ,
b111 <
b111 L
b110 !
b110 A
b110 E
b111 ;
16
#190000
b0 )
b0 B
0+
b111 R
b111 P
09
06
#195000
16
#200000
b1111 )
b1111 B
1+
19
b111 *
b111 C
b111 8
b111 >
06
#205000
b1000 G
b1000 ,
b1000 <
b1000 L
b111 !
b111 A
b111 E
b1000 ;
16
#210000
b0 )
b0 B
0+
b1000 R
b1000 P
09
06
#215000
16
#220000
b1111 )
b1111 B
1+
19
b1000 *
b1000 C
b1000 8
b1000 >
06
#225000
b1001 G
b1001 ,
b1001 <
b1001 L
b1000 !
b1000 A
b1000 E
b1001 ;
16
#230000
b0 )
b0 B
0+
b1001 R
b1001 P
09
06
#235000
16
#240000
b1111 )
b1111 B
1+
19
b1001 *
b1001 C
b1001 8
b1001 >
06
#245000
b1010 G
b1010 ,
b1010 <
b1010 L
b1001 !
b1001 A
b1001 E
b1010 ;
16
#250000
b0 )
b0 B
0+
b1010 R
b1010 P
09
06
#255000
16
#260000
b1111 )
b1111 B
1+
19
b1010 *
b1010 C
b1010 8
b1010 >
06
#265000
b1011 G
b1011 ,
b1011 <
b1011 L
b1010 !
b1010 A
b1010 E
b1011 ;
16
#270000
b0 )
b0 B
0+
b1011 R
b1011 P
09
06
#275000
16
#280000
b1111 )
b1111 B
1+
19
b1011 *
b1011 C
b1011 8
b1011 >
06
#285000
b1100 G
b1100 ,
b1100 <
b1100 L
b1011 !
b1011 A
b1011 E
b1100 ;
16
#290000
b0 )
b0 B
0+
b1100 R
b1100 P
09
06
#295000
16
#300000
b1111 )
b1111 B
1+
19
b1100 *
b1100 C
b1100 8
b1100 >
06
#305000
b1101 G
b1101 ,
b1101 <
b1101 L
b1100 !
b1100 A
b1100 E
b1101 ;
16
#310000
b0 )
b0 B
0+
b1101 R
b1101 P
09
06
#315000
16
#320000
b1111 )
b1111 B
1+
19
b1101 *
b1101 C
b1101 8
b1101 >
06
#325000
b1110 G
b1110 ,
b1110 <
b1110 L
b1101 !
b1101 A
b1101 E
b1110 ;
16
#330000
b0 )
b0 B
0+
b1110 R
b1110 P
09
06
#335000
16
#340000
b1111 )
b1111 B
1+
19
b1110 *
b1110 C
b1110 8
b1110 >
06
#345000
b1111 G
b1111 ,
b1111 <
b1111 L
b1110 !
b1110 A
b1110 E
b1111 ;
16
#350000
b0 )
b0 B
0+
b1111 R
b1111 P
09
06
#355000
16
#360000
b1111 )
b1111 B
1+
19
b1111 *
b1111 C
b1111 8
b1111 >
06
#365000
b10000 G
b10000 ,
b10000 <
b10000 L
b1111 !
b1111 A
b1111 E
b10000 ;
16
#370000
b0 )
b0 B
0+
b10000 R
b10000 P
09
06
#375000
16
#380000
b1111 )
b1111 B
1+
19
b10000 *
b10000 C
b10000 8
b10000 >
06
#385000
b10001 G
b10001 ,
b10001 <
b10001 L
b10000 !
b10000 A
b10000 E
b10001 ;
16
#390000
b0 )
b0 B
0+
b10001 R
b10001 P
09
06
#395000
16
#400000
b1111 )
b1111 B
1+
19
b10001 *
b10001 C
b10001 8
b10001 >
06
#405000
b10010 G
b10010 ,
b10010 <
b10010 L
b10001 !
b10001 A
b10001 E
b10010 ;
16
#410000
b0 )
b0 B
0+
b10010 R
b10010 P
09
06
#415000
16
#420000
b1111 )
b1111 B
1+
19
b10010 *
b10010 C
b10010 8
b10010 >
06
#425000
b10011 G
b10011 ,
b10011 <
b10011 L
b10010 !
b10010 A
b10010 E
b10011 ;
16
#430000
b0 )
b0 B
0+
b10011 R
b10011 P
09
06
#435000
16
#440000
b1111 )
b1111 B
1+
19
b10011 *
b10011 C
b10011 8
b10011 >
06
#445000
b10100 G
b10100 ,
b10100 <
b10100 L
b10011 !
b10011 A
b10011 E
b10100 ;
16
#450000
b0 )
b0 B
0+
b10100 R
b10100 P
09
06
#455000
16
#460000
b1111 )
b1111 B
1+
19
b10100 *
b10100 C
b10100 8
b10100 >
06
#465000
b10101 G
b10101 ,
b10101 <
b10101 L
b10100 !
b10100 A
b10100 E
b10101 ;
16
#470000
b0 )
b0 B
0+
b10101 R
b10101 P
09
06
#475000
16
#480000
b1111 )
b1111 B
1+
19
b10101 *
b10101 C
b10101 8
b10101 >
06
#485000
b10110 G
b10110 ,
b10110 <
b10110 L
b10101 !
b10101 A
b10101 E
b10110 ;
16
#490000
b0 )
b0 B
0+
b10110 R
b10110 P
09
06
#495000
16
#500000
b1111 )
b1111 B
1+
19
b10110 *
b10110 C
b10110 8
b10110 >
06
#505000
b10111 G
b10111 ,
b10111 <
b10111 L
b10110 !
b10110 A
b10110 E
b10111 ;
16
#510000
b0 )
b0 B
0+
b10111 R
b10111 P
09
06
#515000
16
#520000
b1111 )
b1111 B
1+
19
b10111 *
b10111 C
b10111 8
b10111 >
06
#525000
b11000 G
b11000 ,
b11000 <
b11000 L
b10111 !
b10111 A
b10111 E
b11000 ;
16
#530000
b0 )
b0 B
0+
b11000 R
b11000 P
09
06
#535000
16
#540000
b1111 )
b1111 B
1+
19
b11000 *
b11000 C
b11000 8
b11000 >
06
#545000
b11001 G
b11001 ,
b11001 <
b11001 L
b11000 !
b11000 A
b11000 E
b11001 ;
16
#550000
b0 )
b0 B
0+
b11001 R
b11001 P
09
06
#555000
16
#560000
b1111 )
b1111 B
1+
19
b11001 *
b11001 C
b11001 8
b11001 >
06
#565000
b11010 G
b11010 ,
b11010 <
b11010 L
b11001 !
b11001 A
b11001 E
b11010 ;
16
#570000
b0 )
b0 B
0+
b11010 R
b11010 P
09
06
#575000
16
#580000
b1111 )
b1111 B
1+
19
b11010 *
b11010 C
b11010 8
b11010 >
06
#585000
b11011 G
b11011 ,
b11011 <
b11011 L
b11010 !
b11010 A
b11010 E
b11011 ;
16
#590000
b0 )
b0 B
0+
b11011 R
b11011 P
09
06
#595000
16
#600000
b1111 )
b1111 B
1+
19
b11011 *
b11011 C
b11011 8
b11011 >
06
#605000
b11100 G
b11100 ,
b11100 <
b11100 L
b11011 !
b11011 A
b11011 E
b11100 ;
16
#610000
b0 )
b0 B
0+
b11100 R
b11100 P
09
06
#615000
16
#620000
b1111 )
b1111 B
1+
19
b11100 *
b11100 C
b11100 8
b11100 >
06
#625000
b11101 G
b11101 ,
b11101 <
b11101 L
b11100 !
b11100 A
b11100 E
b11101 ;
16
#630000
b0 )
b0 B
0+
b11101 R
b11101 P
09
06
#635000
16
#640000
b1111 )
b1111 B
1+
19
b11101 *
b11101 C
b11101 8
b11101 >
06
#645000
b11110 G
b11110 ,
b11110 <
b11110 L
b11101 !
b11101 A
b11101 E
b11110 ;
16
#650000
b0 )
b0 B
0+
b11110 R
b11110 P
09
06
#655000
16
#660000
b1111 )
b1111 B
1+
19
b11110 *
b11110 C
b11110 8
b11110 >
06
#665000
b11111 G
b11111 ,
b11111 <
b11111 L
b11110 !
b11110 A
b11110 E
b11111 ;
16
#670000
b0 )
b0 B
0+
b11111 R
b11111 P
09
06
#675000
16
#680000
b1111 )
b1111 B
1+
19
b11111 *
b11111 C
b11111 8
b11111 >
06
#685000
b100000 G
b100000 ,
b100000 <
b100000 L
b11111 !
b11111 A
b11111 E
b100000 ;
16
#690000
b0 )
b0 B
0+
b100000 R
b100000 P
09
06
#695000
16
#700000
b1111 )
b1111 B
1+
19
b100000 *
b100000 C
b100000 8
b100000 >
06
#705000
b100001 G
b100001 ,
b100001 <
b100001 L
b100000 !
b100000 A
b100000 E
b100001 ;
16
#710000
b0 )
b0 B
0+
b100001 R
b100001 P
09
06
#715000
16
#720000
b1111 )
b1111 B
1+
19
b100001 *
b100001 C
b100001 8
b100001 >
06
#725000
b100010 G
b100010 ,
b100010 <
b100010 L
b100001 !
b100001 A
b100001 E
b100010 ;
16
#730000
b0 )
b0 B
0+
b100010 R
b100010 P
09
06
#735000
16
#740000
b1111 )
b1111 B
1+
19
b100010 *
b100010 C
b100010 8
b100010 >
06
#745000
b100011 G
b100011 ,
b100011 <
b100011 L
b100010 !
b100010 A
b100010 E
b100011 ;
16
#750000
b0 )
b0 B
0+
b100011 R
b100011 P
09
06
#755000
16
#760000
b1111 )
b1111 B
1+
19
b100011 *
b100011 C
b100011 8
b100011 >
06
#765000
b100100 G
b100100 ,
b100100 <
b100100 L
b100011 !
b100011 A
b100011 E
b100100 ;
16
#770000
b0 )
b0 B
0+
b100100 R
b100100 P
09
06
#775000
16
#780000
b1111 )
b1111 B
1+
19
b100100 *
b100100 C
b100100 8
b100100 >
06
#785000
b100101 G
b100101 ,
b100101 <
b100101 L
b100100 !
b100100 A
b100100 E
b100101 ;
16
#790000
b0 )
b0 B
0+
b100101 R
b100101 P
09
06
#795000
16
#800000
b1111 )
b1111 B
1+
19
b100101 *
b100101 C
b100101 8
b100101 >
06
#805000
b100110 G
b100110 ,
b100110 <
b100110 L
b100101 !
b100101 A
b100101 E
b100110 ;
16
#810000
b0 )
b0 B
0+
b100110 R
b100110 P
09
06
#815000
16
#820000
b1111 )
b1111 B
1+
19
b100110 *
b100110 C
b100110 8
b100110 >
06
#825000
b100111 G
b100111 ,
b100111 <
b100111 L
b100110 !
b100110 A
b100110 E
b100111 ;
16
#830000
b0 )
b0 B
0+
b100111 R
b100111 P
09
06
#835000
16
#840000
b1111 )
b1111 B
1+
19
b100111 *
b100111 C
b100111 8
b100111 >
06
#845000
b101000 G
b101000 ,
b101000 <
b101000 L
b100111 !
b100111 A
b100111 E
b101000 ;
16
#850000
b0 )
b0 B
0+
b101000 R
b101000 P
09
06
#855000
16
#860000
b1111 )
b1111 B
1+
19
b101000 *
b101000 C
b101000 8
b101000 >
06
#865000
b101001 G
b101001 ,
b101001 <
b101001 L
b101000 !
b101000 A
b101000 E
b101001 ;
16
#870000
b0 )
b0 B
0+
b101001 R
b101001 P
09
06
#875000
16
#880000
b1111 )
b1111 B
1+
19
b101001 *
b101001 C
b101001 8
b101001 >
06
#885000
b101010 G
b101010 ,
b101010 <
b101010 L
b101001 !
b101001 A
b101001 E
b101010 ;
16
#890000
b0 )
b0 B
0+
b101010 R
b101010 P
09
06
#895000
16
#900000
b1111 )
b1111 B
1+
19
b101010 *
b101010 C
b101010 8
b101010 >
06
#905000
b101011 G
b101011 ,
b101011 <
b101011 L
b101010 !
b101010 A
b101010 E
b101011 ;
16
#910000
b0 )
b0 B
0+
b101011 R
b101011 P
09
06
#915000
16
#920000
b1111 )
b1111 B
1+
19
b101011 *
b101011 C
b101011 8
b101011 >
06
#925000
b101100 G
b101100 ,
b101100 <
b101100 L
b101011 !
b101011 A
b101011 E
b101100 ;
16
#930000
b0 )
b0 B
0+
b101100 R
b101100 P
09
06
#935000
16
#940000
b1111 )
b1111 B
1+
19
b101100 *
b101100 C
b101100 8
b101100 >
06
#945000
b101101 G
b101101 ,
b101101 <
b101101 L
b101100 !
b101100 A
b101100 E
b101101 ;
16
#950000
b0 )
b0 B
0+
b101101 R
b101101 P
09
06
#955000
16
#960000
b1111 )
b1111 B
1+
19
b101101 *
b101101 C
b101101 8
b101101 >
06
#965000
b101110 G
b101110 ,
b101110 <
b101110 L
b101101 !
b101101 A
b101101 E
b101110 ;
16
#970000
b0 )
b0 B
0+
b101110 R
b101110 P
09
06
#975000
16
#980000
b1111 )
b1111 B
1+
19
b101110 *
b101110 C
b101110 8
b101110 >
06
#985000
b101111 G
b101111 ,
b101111 <
b101111 L
b101110 !
b101110 A
b101110 E
b101111 ;
16
#990000
b0 )
b0 B
0+
b101111 R
b101111 P
09
06
#995000
16
#1000000
b1111 )
b1111 B
1+
19
b101111 *
b101111 C
b101111 8
b101111 >
06
#1005000
b110000 G
b110000 ,
b110000 <
b110000 L
b101111 !
b101111 A
b101111 E
b110000 ;
16
#1010000
b0 )
b0 B
0+
b110000 R
b110000 P
09
06
#1015000
16
#1020000
b1111 )
b1111 B
1+
19
b110000 *
b110000 C
b110000 8
b110000 >
06
#1025000
b110001 G
b110001 ,
b110001 <
b110001 L
b110000 !
b110000 A
b110000 E
b110001 ;
16
#1030000
b0 )
b0 B
0+
b110001 R
b110001 P
09
06
#1035000
16
#1040000
b1111 )
b1111 B
1+
19
b110001 *
b110001 C
b110001 8
b110001 >
06
#1045000
b110010 G
b110010 ,
b110010 <
b110010 L
b110001 !
b110001 A
b110001 E
b110010 ;
16
#1050000
b0 )
b0 B
0+
b110010 R
b110010 P
09
06
#1055000
16
#1060000
b1111 )
b1111 B
1+
19
b110010 *
b110010 C
b110010 8
b110010 >
06
#1065000
b110011 G
b110011 ,
b110011 <
b110011 L
b110010 !
b110010 A
b110010 E
b110011 ;
16
#1070000
b0 )
b0 B
0+
b110011 R
b110011 P
09
06
#1075000
16
#1080000
b1111 )
b1111 B
1+
19
b110011 *
b110011 C
b110011 8
b110011 >
06
#1085000
b110100 G
b110100 ,
b110100 <
b110100 L
b110011 !
b110011 A
b110011 E
b110100 ;
16
#1090000
b0 )
b0 B
0+
b110100 R
b110100 P
09
06
#1095000
16
#1100000
b1111 )
b1111 B
1+
19
b110100 *
b110100 C
b110100 8
b110100 >
06
#1105000
b110101 G
b110101 ,
b110101 <
b110101 L
b110100 !
b110100 A
b110100 E
b110101 ;
16
#1110000
b0 )
b0 B
0+
b110101 R
b110101 P
09
06
#1115000
16
#1120000
b1111 )
b1111 B
1+
19
b110101 *
b110101 C
b110101 8
b110101 >
06
#1125000
b110110 G
b110110 ,
b110110 <
b110110 L
b110101 !
b110101 A
b110101 E
b110110 ;
16
#1130000
b0 )
b0 B
0+
b110110 R
b110110 P
09
06
#1135000
16
#1140000
b1111 )
b1111 B
1+
19
b110110 *
b110110 C
b110110 8
b110110 >
06
#1145000
b110111 G
b110111 ,
b110111 <
b110111 L
b110110 !
b110110 A
b110110 E
b110111 ;
16
#1150000
b0 )
b0 B
0+
b110111 R
b110111 P
09
06
#1155000
16
#1160000
b1111 )
b1111 B
1+
19
b110111 *
b110111 C
b110111 8
b110111 >
06
#1165000
b111000 G
b111000 ,
b111000 <
b111000 L
b110111 !
b110111 A
b110111 E
b111000 ;
16
#1170000
b0 )
b0 B
0+
b111000 R
b111000 P
09
06
#1175000
16
#1180000
b1111 )
b1111 B
1+
19
b111000 *
b111000 C
b111000 8
b111000 >
06
#1185000
b111001 G
b111001 ,
b111001 <
b111001 L
b111000 !
b111000 A
b111000 E
b111001 ;
16
#1190000
b0 )
b0 B
0+
b111001 R
b111001 P
09
06
#1195000
16
#1200000
b1111 )
b1111 B
1+
19
b111001 *
b111001 C
b111001 8
b111001 >
06
#1205000
b111010 G
b111010 ,
b111010 <
b111010 L
b111001 !
b111001 A
b111001 E
b111010 ;
16
#1210000
b0 )
b0 B
0+
b111010 R
b111010 P
09
06
#1215000
16
#1220000
b1111 )
b1111 B
1+
19
b111010 *
b111010 C
b111010 8
b111010 >
06
#1225000
b111011 G
b111011 ,
b111011 <
b111011 L
b111010 !
b111010 A
b111010 E
b111011 ;
16
#1230000
b0 )
b0 B
0+
b111011 R
b111011 P
09
06
#1235000
16
#1240000
b1111 )
b1111 B
1+
19
b111011 *
b111011 C
b111011 8
b111011 >
06
#1245000
b111100 G
b111100 ,
b111100 <
b111100 L
b111011 !
b111011 A
b111011 E
b111100 ;
16
#1250000
b0 )
b0 B
0+
b111100 R
b111100 P
09
06
#1255000
16
#1260000
b1111 )
b1111 B
1+
19
b111100 *
b111100 C
b111100 8
b111100 >
06
#1265000
b111101 G
b111101 ,
b111101 <
b111101 L
b111100 !
b111100 A
b111100 E
b111101 ;
16
#1270000
b0 )
b0 B
0+
b111101 R
b111101 P
09
06
#1275000
16
#1280000
b1111 )
b1111 B
1+
19
b111101 *
b111101 C
b111101 8
b111101 >
06
#1285000
b111110 G
b111110 ,
b111110 <
b111110 L
b111101 !
b111101 A
b111101 E
b111110 ;
16
#1290000
b0 )
b0 B
0+
b111110 R
b111110 P
09
06
#1295000
16
#1300000
b1111 )
b1111 B
1+
19
b111110 *
b111110 C
b111110 8
b111110 >
06
#1305000
b111111 G
b111111 ,
b111111 <
b111111 L
b111110 !
b111110 A
b111110 E
b111111 ;
16
#1310000
b0 )
b0 B
0+
b111111 R
b111111 P
09
06
#1315000
16
#1320000
b1111 )
b1111 B
1+
19
b111111 *
b111111 C
b111111 8
b111111 >
06
#1325000
b1000000 G
b1000000 ,
b1000000 <
b1000000 L
b111111 !
b111111 A
b111111 E
b1000000 ;
16
#1330000
b0 )
b0 B
0+
b1000000 R
b1000000 P
09
06
#1335000
16
#1340000
b1111 )
b1111 B
1+
19
b1000000 *
b1000000 C
b1000000 8
b1000000 >
06
#1345000
b1000001 G
b1000001 ,
b1000001 <
b1000001 L
b1000000 !
b1000000 A
b1000000 E
b1000001 ;
16
#1350000
b0 )
b0 B
0+
b1000001 R
b1000001 P
09
06
#1355000
16
#1360000
b1111 )
b1111 B
1+
19
b1000001 *
b1000001 C
b1000001 8
b1000001 >
06
#1365000
b1000010 G
b1000010 ,
b1000010 <
b1000010 L
b1000001 !
b1000001 A
b1000001 E
b1000010 ;
16
#1370000
b0 )
b0 B
0+
b1000010 R
b1000010 P
09
06
#1375000
16
#1380000
b1111 )
b1111 B
1+
19
b1000010 *
b1000010 C
b1000010 8
b1000010 >
06
#1385000
b1000011 G
b1000011 ,
b1000011 <
b1000011 L
b1000010 !
b1000010 A
b1000010 E
b1000011 ;
16
#1390000
b0 )
b0 B
0+
b1000011 R
b1000011 P
09
06
#1395000
16
#1400000
b1111 )
b1111 B
1+
19
b1000011 *
b1000011 C
b1000011 8
b1000011 >
06
#1405000
b1000100 G
b1000100 ,
b1000100 <
b1000100 L
b1000011 !
b1000011 A
b1000011 E
b1000100 ;
16
#1410000
b0 )
b0 B
0+
b1000100 R
b1000100 P
09
06
#1415000
16
#1420000
b1111 )
b1111 B
1+
19
b1000100 *
b1000100 C
b1000100 8
b1000100 >
06
#1425000
b1000101 G
b1000101 ,
b1000101 <
b1000101 L
b1000100 !
b1000100 A
b1000100 E
b1000101 ;
16
#1430000
b0 )
b0 B
0+
b1000101 R
b1000101 P
09
06
#1435000
16
#1440000
b1111 )
b1111 B
1+
19
b1000101 *
b1000101 C
b1000101 8
b1000101 >
06
#1445000
b1000110 G
b1000110 ,
b1000110 <
b1000110 L
b1000101 !
b1000101 A
b1000101 E
b1000110 ;
16
#1450000
b0 )
b0 B
0+
b1000110 R
b1000110 P
09
06
#1455000
16
#1460000
b1111 )
b1111 B
1+
19
b1000110 *
b1000110 C
b1000110 8
b1000110 >
06
#1465000
b1000111 G
b1000111 ,
b1000111 <
b1000111 L
b1000110 !
b1000110 A
b1000110 E
b1000111 ;
16
#1470000
b0 )
b0 B
0+
b1000111 R
b1000111 P
09
06
#1475000
16
#1480000
b1111 )
b1111 B
1+
19
b1000111 *
b1000111 C
b1000111 8
b1000111 >
06
#1485000
b1001000 G
b1001000 ,
b1001000 <
b1001000 L
b1000111 !
b1000111 A
b1000111 E
b1001000 ;
16
#1490000
b0 )
b0 B
0+
b1001000 R
b1001000 P
09
06
#1495000
16
#1500000
b1111 )
b1111 B
1+
19
b1001000 *
b1001000 C
b1001000 8
b1001000 >
06
#1505000
b1001001 G
b1001001 ,
b1001001 <
b1001001 L
b1001000 !
b1001000 A
b1001000 E
b1001001 ;
16
#1510000
b0 )
b0 B
0+
b1001001 R
b1001001 P
09
06
#1515000
16
#1520000
b1111 )
b1111 B
1+
19
b1001001 *
b1001001 C
b1001001 8
b1001001 >
06
#1525000
b1001010 G
b1001010 ,
b1001010 <
b1001010 L
b1001001 !
b1001001 A
b1001001 E
b1001010 ;
16
#1530000
b0 )
b0 B
0+
b1001010 R
b1001010 P
09
06
#1535000
16
#1540000
b1111 )
b1111 B
1+
19
b1001010 *
b1001010 C
b1001010 8
b1001010 >
06
#1545000
b1001011 G
b1001011 ,
b1001011 <
b1001011 L
b1001010 !
b1001010 A
b1001010 E
b1001011 ;
16
#1550000
b0 )
b0 B
0+
b1001011 R
b1001011 P
09
06
#1555000
16
#1560000
b1111 )
b1111 B
1+
19
b1001011 *
b1001011 C
b1001011 8
b1001011 >
06
#1565000
b1001100 G
b1001100 ,
b1001100 <
b1001100 L
b1001011 !
b1001011 A
b1001011 E
b1001100 ;
16
#1570000
b0 )
b0 B
0+
b1001100 R
b1001100 P
09
06
#1575000
16
#1580000
b1111 )
b1111 B
1+
19
b1001100 *
b1001100 C
b1001100 8
b1001100 >
06
#1585000
b1001101 G
b1001101 ,
b1001101 <
b1001101 L
b1001100 !
b1001100 A
b1001100 E
b1001101 ;
16
#1590000
b0 )
b0 B
0+
b1001101 R
b1001101 P
09
06
#1595000
16
#1600000
b1111 )
b1111 B
1+
19
b1001101 *
b1001101 C
b1001101 8
b1001101 >
06
#1605000
b1001110 G
b1001110 ,
b1001110 <
b1001110 L
b1001101 !
b1001101 A
b1001101 E
b1001110 ;
16
#1610000
b0 )
b0 B
0+
b1001110 R
b1001110 P
09
06
#1615000
16
#1620000
b1111 )
b1111 B
1+
19
b1001110 *
b1001110 C
b1001110 8
b1001110 >
06
#1625000
b1001111 G
b1001111 ,
b1001111 <
b1001111 L
b1001110 !
b1001110 A
b1001110 E
b1001111 ;
16
#1630000
b0 )
b0 B
0+
b1001111 R
b1001111 P
09
06
#1635000
16
#1640000
b1111 )
b1111 B
1+
19
b1001111 *
b1001111 C
b1001111 8
b1001111 >
06
#1645000
b1010000 G
b1010000 ,
b1010000 <
b1010000 L
b1001111 !
b1001111 A
b1001111 E
b1010000 ;
16
#1650000
b0 )
b0 B
0+
b1010000 R
b1010000 P
09
06
#1655000
16
#1660000
b1111 )
b1111 B
1+
19
b1010000 *
b1010000 C
b1010000 8
b1010000 >
06
#1665000
b1010001 G
b1010001 ,
b1010001 <
b1010001 L
b1010000 !
b1010000 A
b1010000 E
b1010001 ;
16
#1670000
b0 )
b0 B
0+
b1010001 R
b1010001 P
09
06
#1675000
16
#1680000
b1111 )
b1111 B
1+
19
b1010001 *
b1010001 C
b1010001 8
b1010001 >
06
#1685000
b1010010 G
b1010010 ,
b1010010 <
b1010010 L
b1010001 !
b1010001 A
b1010001 E
b1010010 ;
16
#1690000
b0 )
b0 B
0+
b1010010 R
b1010010 P
09
06
#1695000
16
#1700000
b1111 )
b1111 B
1+
19
b1010010 *
b1010010 C
b1010010 8
b1010010 >
06
#1705000
b1010011 G
b1010011 ,
b1010011 <
b1010011 L
b1010010 !
b1010010 A
b1010010 E
b1010011 ;
16
#1710000
b0 )
b0 B
0+
b1010011 R
b1010011 P
09
06
#1715000
16
#1720000
b1111 )
b1111 B
1+
19
b1010011 *
b1010011 C
b1010011 8
b1010011 >
06
#1725000
b1010100 G
b1010100 ,
b1010100 <
b1010100 L
b1010011 !
b1010011 A
b1010011 E
b1010100 ;
16
#1730000
b0 )
b0 B
0+
b1010100 R
b1010100 P
09
06
#1735000
16
#1740000
b1111 )
b1111 B
1+
19
b1010100 *
b1010100 C
b1010100 8
b1010100 >
06
#1745000
b1010101 G
b1010101 ,
b1010101 <
b1010101 L
b1010100 !
b1010100 A
b1010100 E
b1010101 ;
16
#1750000
b0 )
b0 B
0+
b1010101 R
b1010101 P
09
06
#1755000
16
#1760000
b1111 )
b1111 B
1+
19
b1010101 *
b1010101 C
b1010101 8
b1010101 >
06
#1765000
b1010110 G
b1010110 ,
b1010110 <
b1010110 L
b1010101 !
b1010101 A
b1010101 E
b1010110 ;
16
#1770000
b0 )
b0 B
0+
b1010110 R
b1010110 P
09
06
#1775000
16
#1780000
b1111 )
b1111 B
1+
19
b1010110 *
b1010110 C
b1010110 8
b1010110 >
06
#1785000
b1010111 G
b1010111 ,
b1010111 <
b1010111 L
b1010110 !
b1010110 A
b1010110 E
b1010111 ;
16
#1790000
b0 )
b0 B
0+
b1010111 R
b1010111 P
09
06
#1795000
16
#1800000
b1111 )
b1111 B
1+
19
b1010111 *
b1010111 C
b1010111 8
b1010111 >
06
#1805000
b1011000 G
b1011000 ,
b1011000 <
b1011000 L
b1010111 !
b1010111 A
b1010111 E
b1011000 ;
16
#1810000
b0 )
b0 B
0+
b1011000 R
b1011000 P
09
06
#1815000
16
#1820000
b1111 )
b1111 B
1+
19
b1011000 *
b1011000 C
b1011000 8
b1011000 >
06
#1825000
b1011001 G
b1011001 ,
b1011001 <
b1011001 L
b1011000 !
b1011000 A
b1011000 E
b1011001 ;
16
#1830000
b0 )
b0 B
0+
b1011001 R
b1011001 P
09
06
#1835000
16
#1840000
b1111 )
b1111 B
1+
19
b1011001 *
b1011001 C
b1011001 8
b1011001 >
06
#1845000
b1011010 G
b1011010 ,
b1011010 <
b1011010 L
b1011001 !
b1011001 A
b1011001 E
b1011010 ;
16
#1850000
b0 )
b0 B
0+
b1011010 R
b1011010 P
09
06
#1855000
16
#1860000
b1111 )
b1111 B
1+
19
b1011010 *
b1011010 C
b1011010 8
b1011010 >
06
#1865000
b1011011 G
b1011011 ,
b1011011 <
b1011011 L
b1011010 !
b1011010 A
b1011010 E
b1011011 ;
16
#1870000
b0 )
b0 B
0+
b1011011 R
b1011011 P
09
06
#1875000
16
#1880000
b1111 )
b1111 B
1+
19
b1011011 *
b1011011 C
b1011011 8
b1011011 >
06
#1885000
b1011100 G
b1011100 ,
b1011100 <
b1011100 L
b1011011 !
b1011011 A
b1011011 E
b1011100 ;
16
#1890000
b0 )
b0 B
0+
b1011100 R
b1011100 P
09
06
#1895000
16
#1900000
b1111 )
b1111 B
1+
19
b1011100 *
b1011100 C
b1011100 8
b1011100 >
06
#1905000
b1011101 G
b1011101 ,
b1011101 <
b1011101 L
b1011100 !
b1011100 A
b1011100 E
b1011101 ;
16
#1910000
b0 )
b0 B
0+
b1011101 R
b1011101 P
09
06
#1915000
16
#1920000
b1111 )
b1111 B
1+
19
b1011101 *
b1011101 C
b1011101 8
b1011101 >
06
#1925000
b1011110 G
b1011110 ,
b1011110 <
b1011110 L
b1011101 !
b1011101 A
b1011101 E
b1011110 ;
16
#1930000
b0 )
b0 B
0+
b1011110 R
b1011110 P
09
06
#1935000
16
#1940000
b1111 )
b1111 B
1+
19
b1011110 *
b1011110 C
b1011110 8
b1011110 >
06
#1945000
b1011111 G
b1011111 ,
b1011111 <
b1011111 L
b1011110 !
b1011110 A
b1011110 E
b1011111 ;
16
#1950000
b0 )
b0 B
0+
b1011111 R
b1011111 P
09
06
#1955000
16
#1960000
b1111 )
b1111 B
1+
19
b1011111 *
b1011111 C
b1011111 8
b1011111 >
06
#1965000
b1100000 G
b1100000 ,
b1100000 <
b1100000 L
b1011111 !
b1011111 A
b1011111 E
b1100000 ;
16
#1970000
b0 )
b0 B
0+
b1100000 R
b1100000 P
09
06
#1975000
16
#1980000
b1111 )
b1111 B
1+
19
b1100000 *
b1100000 C
b1100000 8
b1100000 >
06
#1985000
b1100001 G
b1100001 ,
b1100001 <
b1100001 L
b1100000 !
b1100000 A
b1100000 E
b1100001 ;
16
#1990000
b0 )
b0 B
0+
b1100001 R
b1100001 P
09
06
#1995000
16
#2000000
b1111 )
b1111 B
1+
19
b1100001 *
b1100001 C
b1100001 8
b1100001 >
06
#2005000
b1100010 G
b1100010 ,
b1100010 <
b1100010 L
b1100001 !
b1100001 A
b1100001 E
b1100010 ;
16
#2010000
b0 )
b0 B
0+
b1100010 R
b1100010 P
09
06
#2015000
16
#2020000
b1111 )
b1111 B
1+
19
b1100010 *
b1100010 C
b1100010 8
b1100010 >
06
#2025000
b1100011 G
b1100011 ,
b1100011 <
b1100011 L
b1100010 !
b1100010 A
b1100010 E
b1100011 ;
16
#2030000
b0 )
b0 B
0+
b1100011 R
b1100011 P
09
06
#2035000
16
#2040000
b1111 )
b1111 B
1+
19
b1100011 *
b1100011 C
b1100011 8
b1100011 >
06
#2045000
b1100100 G
b1100100 ,
b1100100 <
b1100100 L
b1100011 !
b1100011 A
b1100011 E
b1100100 ;
16
#2050000
b0 )
b0 B
0+
b1100100 R
b1100100 P
09
06
#2055000
16
#2060000
b1111 )
b1111 B
1+
19
b1100100 *
b1100100 C
b1100100 8
b1100100 >
06
#2065000
b1100101 G
b1100101 ,
b1100101 <
b1100101 L
b1100100 !
b1100100 A
b1100100 E
b1100101 ;
16
#2070000
b0 )
b0 B
0+
b1100101 R
b1100101 P
09
06
#2075000
16
#2080000
b1111 )
b1111 B
1+
19
b1100101 *
b1100101 C
b1100101 8
b1100101 >
06
#2085000
b1100110 G
b1100110 ,
b1100110 <
b1100110 L
b1100101 !
b1100101 A
b1100101 E
b1100110 ;
16
#2090000
b0 )
b0 B
0+
b1100110 R
b1100110 P
09
06
#2095000
16
#2100000
b1111 )
b1111 B
1+
19
b1100110 *
b1100110 C
b1100110 8
b1100110 >
06
#2105000
b1100111 G
b1100111 ,
b1100111 <
b1100111 L
b1100110 !
b1100110 A
b1100110 E
b1100111 ;
16
#2110000
b0 )
b0 B
0+
b1100111 R
b1100111 P
09
06
#2115000
16
#2120000
b1111 )
b1111 B
1+
19
b1100111 *
b1100111 C
b1100111 8
b1100111 >
06
#2125000
b1101000 G
b1101000 ,
b1101000 <
b1101000 L
b1100111 !
b1100111 A
b1100111 E
b1101000 ;
16
#2130000
b0 )
b0 B
0+
b1101000 R
b1101000 P
09
06
#2135000
16
#2140000
b1111 )
b1111 B
1+
19
b1101000 *
b1101000 C
b1101000 8
b1101000 >
06
#2145000
b1101001 G
b1101001 ,
b1101001 <
b1101001 L
b1101000 !
b1101000 A
b1101000 E
b1101001 ;
16
#2150000
b0 )
b0 B
0+
b1101001 R
b1101001 P
09
06
#2155000
16
#2160000
b1111 )
b1111 B
1+
19
b1101001 *
b1101001 C
b1101001 8
b1101001 >
06
#2165000
b1101010 G
b1101010 ,
b1101010 <
b1101010 L
b1101001 !
b1101001 A
b1101001 E
b1101010 ;
16
#2170000
b0 )
b0 B
0+
b1101010 R
b1101010 P
09
06
#2175000
16
#2180000
b1111 )
b1111 B
1+
19
b1101010 *
b1101010 C
b1101010 8
b1101010 >
06
#2185000
b1101011 G
b1101011 ,
b1101011 <
b1101011 L
b1101010 !
b1101010 A
b1101010 E
b1101011 ;
16
#2190000
b0 )
b0 B
0+
b1101011 R
b1101011 P
09
06
#2195000
16
#2200000
b1111 )
b1111 B
1+
19
b1101011 *
b1101011 C
b1101011 8
b1101011 >
06
#2205000
b1101100 G
b1101100 ,
b1101100 <
b1101100 L
b1101011 !
b1101011 A
b1101011 E
b1101100 ;
16
#2210000
b0 )
b0 B
0+
b1101100 R
b1101100 P
09
06
#2215000
16
#2220000
b1111 )
b1111 B
1+
19
b1101100 *
b1101100 C
b1101100 8
b1101100 >
06
#2225000
b1101101 G
b1101101 ,
b1101101 <
b1101101 L
b1101100 !
b1101100 A
b1101100 E
b1101101 ;
16
#2230000
b0 )
b0 B
0+
b1101101 R
b1101101 P
09
06
#2235000
16
#2240000
b1111 )
b1111 B
1+
19
b1101101 *
b1101101 C
b1101101 8
b1101101 >
06
#2245000
b1101110 G
b1101110 ,
b1101110 <
b1101110 L
b1101101 !
b1101101 A
b1101101 E
b1101110 ;
16
#2250000
b0 )
b0 B
0+
b1101110 R
b1101110 P
09
06
#2255000
16
#2260000
b1111 )
b1111 B
1+
19
b1101110 *
b1101110 C
b1101110 8
b1101110 >
06
#2265000
b1101111 G
b1101111 ,
b1101111 <
b1101111 L
b1101110 !
b1101110 A
b1101110 E
b1101111 ;
16
#2270000
b0 )
b0 B
0+
b1101111 R
b1101111 P
09
06
#2275000
16
#2280000
b1111 )
b1111 B
1+
19
b1101111 *
b1101111 C
b1101111 8
b1101111 >
06
#2285000
b1110000 G
b1110000 ,
b1110000 <
b1110000 L
b1101111 !
b1101111 A
b1101111 E
b1110000 ;
16
#2290000
b0 )
b0 B
0+
b1110000 R
b1110000 P
09
06
#2295000
16
#2300000
b1111 )
b1111 B
1+
19
b1110000 *
b1110000 C
b1110000 8
b1110000 >
06
#2305000
b1110001 G
b1110001 ,
b1110001 <
b1110001 L
b1110000 !
b1110000 A
b1110000 E
b1110001 ;
16
#2310000
b0 )
b0 B
0+
b1110001 R
b1110001 P
09
06
#2315000
16
#2320000
b1111 )
b1111 B
1+
19
b1110001 *
b1110001 C
b1110001 8
b1110001 >
06
#2325000
b1110010 G
b1110010 ,
b1110010 <
b1110010 L
b1110001 !
b1110001 A
b1110001 E
b1110010 ;
16
#2330000
b0 )
b0 B
0+
b1110010 R
b1110010 P
09
06
#2335000
16
#2340000
b1111 )
b1111 B
1+
19
b1110010 *
b1110010 C
b1110010 8
b1110010 >
06
#2345000
b1110011 G
b1110011 ,
b1110011 <
b1110011 L
b1110010 !
b1110010 A
b1110010 E
b1110011 ;
16
#2350000
b0 )
b0 B
0+
b1110011 R
b1110011 P
09
06
#2355000
16
#2360000
b1111 )
b1111 B
1+
19
b1110011 *
b1110011 C
b1110011 8
b1110011 >
06
#2365000
b1110100 G
b1110100 ,
b1110100 <
b1110100 L
b1110011 !
b1110011 A
b1110011 E
b1110100 ;
16
#2370000
b0 )
b0 B
0+
b1110100 R
b1110100 P
09
06
#2375000
16
#2380000
b1111 )
b1111 B
1+
19
b1110100 *
b1110100 C
b1110100 8
b1110100 >
06
#2385000
b1110101 G
b1110101 ,
b1110101 <
b1110101 L
b1110100 !
b1110100 A
b1110100 E
b1110101 ;
16
#2390000
b0 )
b0 B
0+
b1110101 R
b1110101 P
09
06
#2395000
16
#2400000
b1111 )
b1111 B
1+
19
b1110101 *
b1110101 C
b1110101 8
b1110101 >
06
#2405000
b1110110 G
b1110110 ,
b1110110 <
b1110110 L
b1110101 !
b1110101 A
b1110101 E
b1110110 ;
16
#2410000
b0 )
b0 B
0+
b1110110 R
b1110110 P
09
06
#2415000
16
#2420000
b1111 )
b1111 B
1+
19
b1110110 *
b1110110 C
b1110110 8
b1110110 >
06
#2425000
b1110111 G
b1110111 ,
b1110111 <
b1110111 L
b1110110 !
b1110110 A
b1110110 E
b1110111 ;
16
#2430000
b0 )
b0 B
0+
b1110111 R
b1110111 P
09
06
#2435000
16
#2440000
b1111 )
b1111 B
1+
19
b1110111 *
b1110111 C
b1110111 8
b1110111 >
06
#2445000
b1111000 G
b1111000 ,
b1111000 <
b1111000 L
b1110111 !
b1110111 A
b1110111 E
b1111000 ;
16
#2450000
b0 )
b0 B
0+
b1111000 R
b1111000 P
09
06
#2455000
16
#2460000
b1111 )
b1111 B
1+
19
b1111000 *
b1111000 C
b1111000 8
b1111000 >
06
#2465000
b1111001 G
b1111001 ,
b1111001 <
b1111001 L
b1111000 !
b1111000 A
b1111000 E
b1111001 ;
16
#2470000
b0 )
b0 B
0+
b1111001 R
b1111001 P
09
06
#2475000
16
#2480000
b1111 )
b1111 B
1+
19
b1111001 *
b1111001 C
b1111001 8
b1111001 >
06
#2485000
b1111010 G
b1111010 ,
b1111010 <
b1111010 L
b1111001 !
b1111001 A
b1111001 E
b1111010 ;
16
#2490000
b0 )
b0 B
0+
b1111010 R
b1111010 P
09
06
#2495000
16
#2500000
b1111 )
b1111 B
1+
19
b1111010 *
b1111010 C
b1111010 8
b1111010 >
06
#2505000
b1111011 G
b1111011 ,
b1111011 <
b1111011 L
b1111010 !
b1111010 A
b1111010 E
b1111011 ;
16
#2510000
b0 )
b0 B
0+
b1111011 R
b1111011 P
09
06
#2515000
16
#2520000
b1111 )
b1111 B
1+
19
b1111011 *
b1111011 C
b1111011 8
b1111011 >
06
#2525000
b1111100 G
b1111100 ,
b1111100 <
b1111100 L
b1111011 !
b1111011 A
b1111011 E
b1111100 ;
16
#2530000
b0 )
b0 B
0+
b1111100 R
b1111100 P
09
06
#2535000
16
#2540000
b1111 )
b1111 B
1+
19
b1111100 *
b1111100 C
b1111100 8
b1111100 >
06
#2545000
b1111101 G
b1111101 ,
b1111101 <
b1111101 L
b1111100 !
b1111100 A
b1111100 E
b1111101 ;
16
#2550000
b0 )
b0 B
0+
b1111101 R
b1111101 P
09
06
#2555000
16
#2560000
b1111 )
b1111 B
1+
19
b1111101 *
b1111101 C
b1111101 8
b1111101 >
06
#2565000
b1111110 G
b1111110 ,
b1111110 <
b1111110 L
b1111101 !
b1111101 A
b1111101 E
b1111110 ;
16
#2570000
b0 )
b0 B
0+
b1111110 R
b1111110 P
09
06
#2575000
16
#2580000
b1111 )
b1111 B
1+
19
b1111110 *
b1111110 C
b1111110 8
b1111110 >
06
#2585000
b1111111 G
b1111111 ,
b1111111 <
b1111111 L
b1111110 !
b1111110 A
b1111110 E
b1111111 ;
16
#2590000
b0 )
b0 B
0+
b1111111 R
b1111111 P
09
06
#2595000
16
#2600000
b1111 )
b1111 B
1+
19
b1111111 *
b1111111 C
b1111111 8
b1111111 >
06
#2605000
b10000000 G
b10000000 ,
b10000000 <
b10000000 L
b1111111 !
b1111111 A
b1111111 E
b10000000 ;
16
#2610000
b0 )
b0 B
0+
b10000000 R
b10000000 P
09
06
#2615000
16
#2620000
b1111 )
b1111 B
1+
19
b10000000 *
b10000000 C
b10000000 8
b10000000 >
06
#2625000
b10000001 G
b10000001 ,
b10000001 <
b10000001 L
b10000000 !
b10000000 A
b10000000 E
b10000001 ;
16
#2630000
b0 )
b0 B
0+
b10000001 R
b10000001 P
09
06
#2635000
16
#2640000
b1111 )
b1111 B
1+
19
b10000001 *
b10000001 C
b10000001 8
b10000001 >
06
#2645000
b10000010 G
b10000010 ,
b10000010 <
b10000010 L
b10000001 !
b10000001 A
b10000001 E
b10000010 ;
16
#2650000
b0 )
b0 B
0+
b10000010 R
b10000010 P
09
06
#2655000
16
#2660000
b1111 )
b1111 B
1+
19
b10000010 *
b10000010 C
b10000010 8
b10000010 >
06
#2665000
b10000011 G
b10000011 ,
b10000011 <
b10000011 L
b10000010 !
b10000010 A
b10000010 E
b10000011 ;
16
#2670000
b0 )
b0 B
0+
b10000011 R
b10000011 P
09
06
#2675000
16
#2680000
b1111 )
b1111 B
1+
19
b10000011 *
b10000011 C
b10000011 8
b10000011 >
06
#2685000
b10000100 G
b10000100 ,
b10000100 <
b10000100 L
b10000011 !
b10000011 A
b10000011 E
b10000100 ;
16
#2690000
b0 )
b0 B
0+
b10000100 R
b10000100 P
09
06
#2695000
16
#2700000
b1111 )
b1111 B
1+
19
b10000100 *
b10000100 C
b10000100 8
b10000100 >
06
#2705000
b10000101 G
b10000101 ,
b10000101 <
b10000101 L
b10000100 !
b10000100 A
b10000100 E
b10000101 ;
16
#2710000
b0 )
b0 B
0+
b10000101 R
b10000101 P
09
06
#2715000
16
#2720000
b1111 )
b1111 B
1+
19
b10000101 *
b10000101 C
b10000101 8
b10000101 >
06
#2725000
b10000110 G
b10000110 ,
b10000110 <
b10000110 L
b10000101 !
b10000101 A
b10000101 E
b10000110 ;
16
#2730000
b0 )
b0 B
0+
b10000110 R
b10000110 P
09
06
#2735000
16
#2740000
b1111 )
b1111 B
1+
19
b10000110 *
b10000110 C
b10000110 8
b10000110 >
06
#2745000
b10000111 G
b10000111 ,
b10000111 <
b10000111 L
b10000110 !
b10000110 A
b10000110 E
b10000111 ;
16
#2750000
b0 )
b0 B
0+
b10000111 R
b10000111 P
09
06
#2755000
16
#2760000
b1111 )
b1111 B
1+
19
b10000111 *
b10000111 C
b10000111 8
b10000111 >
06
#2765000
b10001000 G
b10001000 ,
b10001000 <
b10001000 L
b10000111 !
b10000111 A
b10000111 E
b10001000 ;
16
#2770000
b0 )
b0 B
0+
b10001000 R
b10001000 P
09
06
#2775000
16
#2780000
b1111 )
b1111 B
1+
19
b10001000 *
b10001000 C
b10001000 8
b10001000 >
06
#2785000
b10001001 G
b10001001 ,
b10001001 <
b10001001 L
b10001000 !
b10001000 A
b10001000 E
b10001001 ;
16
#2790000
b0 )
b0 B
0+
b10001001 R
b10001001 P
09
06
#2795000
16
#2800000
b1111 )
b1111 B
1+
19
b10001001 *
b10001001 C
b10001001 8
b10001001 >
06
#2805000
b10001010 G
b10001010 ,
b10001010 <
b10001010 L
b10001001 !
b10001001 A
b10001001 E
b10001010 ;
16
#2810000
b0 )
b0 B
0+
b10001010 R
b10001010 P
09
06
#2815000
16
#2820000
b1111 )
b1111 B
1+
19
b10001010 *
b10001010 C
b10001010 8
b10001010 >
06
#2825000
b10001011 G
b10001011 ,
b10001011 <
b10001011 L
b10001010 !
b10001010 A
b10001010 E
b10001011 ;
16
#2830000
b0 )
b0 B
0+
b10001011 R
b10001011 P
09
06
#2835000
16
#2840000
b1111 )
b1111 B
1+
19
b10001011 *
b10001011 C
b10001011 8
b10001011 >
06
#2845000
b10001100 G
b10001100 ,
b10001100 <
b10001100 L
b10001011 !
b10001011 A
b10001011 E
b10001100 ;
16
#2850000
b0 )
b0 B
0+
b10001100 R
b10001100 P
09
06
#2855000
16
#2860000
b1111 )
b1111 B
1+
19
b10001100 *
b10001100 C
b10001100 8
b10001100 >
06
#2865000
b10001101 G
b10001101 ,
b10001101 <
b10001101 L
b10001100 !
b10001100 A
b10001100 E
b10001101 ;
16
#2870000
b0 )
b0 B
0+
b10001101 R
b10001101 P
09
06
#2875000
16
#2880000
b1111 )
b1111 B
1+
19
b10001101 *
b10001101 C
b10001101 8
b10001101 >
06
#2885000
b10001110 G
b10001110 ,
b10001110 <
b10001110 L
b10001101 !
b10001101 A
b10001101 E
b10001110 ;
16
#2890000
b0 )
b0 B
0+
b10001110 R
b10001110 P
09
06
#2895000
16
#2900000
b1111 )
b1111 B
1+
19
b10001110 *
b10001110 C
b10001110 8
b10001110 >
06
#2905000
b10001111 G
b10001111 ,
b10001111 <
b10001111 L
b10001110 !
b10001110 A
b10001110 E
b10001111 ;
16
#2910000
b0 )
b0 B
0+
b10001111 R
b10001111 P
09
06
#2915000
16
#2920000
b1111 )
b1111 B
1+
19
b10001111 *
b10001111 C
b10001111 8
b10001111 >
06
#2925000
b10010000 G
b10010000 ,
b10010000 <
b10010000 L
b10001111 !
b10001111 A
b10001111 E
b10010000 ;
16
#2930000
b0 )
b0 B
0+
b10010000 R
b10010000 P
09
06
#2935000
16
#2940000
b1111 )
b1111 B
1+
19
b10010000 *
b10010000 C
b10010000 8
b10010000 >
06
#2945000
b10010001 G
b10010001 ,
b10010001 <
b10010001 L
b10010000 !
b10010000 A
b10010000 E
b10010001 ;
16
#2950000
b0 )
b0 B
0+
b10010001 R
b10010001 P
09
06
#2955000
16
#2960000
b1111 )
b1111 B
1+
19
b10010001 *
b10010001 C
b10010001 8
b10010001 >
06
#2965000
b10010010 G
b10010010 ,
b10010010 <
b10010010 L
b10010001 !
b10010001 A
b10010001 E
b10010010 ;
16
#2970000
b0 )
b0 B
0+
b10010010 R
b10010010 P
09
06
#2975000
16
#2980000
b1111 )
b1111 B
1+
19
b10010010 *
b10010010 C
b10010010 8
b10010010 >
06
#2985000
b10010011 G
b10010011 ,
b10010011 <
b10010011 L
b10010010 !
b10010010 A
b10010010 E
b10010011 ;
16
#2990000
b0 )
b0 B
0+
b10010011 R
b10010011 P
09
06
#2995000
16
#3000000
b1111 )
b1111 B
1+
19
b10010011 *
b10010011 C
b10010011 8
b10010011 >
06
#3005000
b10010100 G
b10010100 ,
b10010100 <
b10010100 L
b10010011 !
b10010011 A
b10010011 E
b10010100 ;
16
#3010000
b0 )
b0 B
0+
b10010100 R
b10010100 P
09
06
#3015000
16
#3020000
b1111 )
b1111 B
1+
19
b10010100 *
b10010100 C
b10010100 8
b10010100 >
06
#3025000
b10010101 G
b10010101 ,
b10010101 <
b10010101 L
b10010100 !
b10010100 A
b10010100 E
b10010101 ;
16
#3030000
b0 )
b0 B
0+
b10010101 R
b10010101 P
09
06
#3035000
16
#3040000
b1111 )
b1111 B
1+
19
b10010101 *
b10010101 C
b10010101 8
b10010101 >
06
#3045000
b10010110 G
b10010110 ,
b10010110 <
b10010110 L
b10010101 !
b10010101 A
b10010101 E
b10010110 ;
16
#3050000
b0 )
b0 B
0+
b10010110 R
b10010110 P
09
06
#3055000
16
#3060000
b1111 )
b1111 B
1+
19
b10010110 *
b10010110 C
b10010110 8
b10010110 >
06
#3065000
b10010111 G
b10010111 ,
b10010111 <
b10010111 L
b10010110 !
b10010110 A
b10010110 E
b10010111 ;
16
#3070000
b0 )
b0 B
0+
b10010111 R
b10010111 P
09
06
#3075000
16
#3080000
b1111 )
b1111 B
1+
19
b10010111 *
b10010111 C
b10010111 8
b10010111 >
06
#3085000
b10011000 G
b10011000 ,
b10011000 <
b10011000 L
b10010111 !
b10010111 A
b10010111 E
b10011000 ;
16
#3090000
b0 )
b0 B
0+
b10011000 R
b10011000 P
09
06
#3095000
16
#3100000
b1111 )
b1111 B
1+
19
b10011000 *
b10011000 C
b10011000 8
b10011000 >
06
#3105000
b10011001 G
b10011001 ,
b10011001 <
b10011001 L
b10011000 !
b10011000 A
b10011000 E
b10011001 ;
16
#3110000
b0 )
b0 B
0+
b10011001 R
b10011001 P
09
06
#3115000
16
#3120000
b1111 )
b1111 B
1+
19
b10011001 *
b10011001 C
b10011001 8
b10011001 >
06
#3125000
b10011010 G
b10011010 ,
b10011010 <
b10011010 L
b10011001 !
b10011001 A
b10011001 E
b10011010 ;
16
#3130000
b0 )
b0 B
0+
b10011010 R
b10011010 P
09
06
#3135000
16
#3140000
b1111 )
b1111 B
1+
19
b10011010 *
b10011010 C
b10011010 8
b10011010 >
06
#3145000
b10011011 G
b10011011 ,
b10011011 <
b10011011 L
b10011010 !
b10011010 A
b10011010 E
b10011011 ;
16
#3150000
b0 )
b0 B
0+
b10011011 R
b10011011 P
09
06
#3155000
16
#3160000
b1111 )
b1111 B
1+
19
b10011011 *
b10011011 C
b10011011 8
b10011011 >
06
#3165000
b10011100 G
b10011100 ,
b10011100 <
b10011100 L
b10011011 !
b10011011 A
b10011011 E
b10011100 ;
16
#3170000
b0 )
b0 B
0+
b10011100 R
b10011100 P
09
06
#3175000
16
#3180000
b1111 )
b1111 B
1+
19
b10011100 *
b10011100 C
b10011100 8
b10011100 >
06
#3185000
b10011101 G
b10011101 ,
b10011101 <
b10011101 L
b10011100 !
b10011100 A
b10011100 E
b10011101 ;
16
#3190000
b0 )
b0 B
0+
b10011101 R
b10011101 P
09
06
#3195000
16
#3200000
b1111 )
b1111 B
1+
19
b10011101 *
b10011101 C
b10011101 8
b10011101 >
06
#3205000
b10011110 G
b10011110 ,
b10011110 <
b10011110 L
b10011101 !
b10011101 A
b10011101 E
b10011110 ;
16
#3210000
b0 )
b0 B
0+
b10011110 R
b10011110 P
09
06
#3215000
16
#3220000
b1111 )
b1111 B
1+
19
b10011110 *
b10011110 C
b10011110 8
b10011110 >
06
#3225000
b10011111 G
b10011111 ,
b10011111 <
b10011111 L
b10011110 !
b10011110 A
b10011110 E
b10011111 ;
16
#3230000
b0 )
b0 B
0+
b10011111 R
b10011111 P
09
06
#3235000
16
#3240000
b1111 )
b1111 B
1+
19
b10011111 *
b10011111 C
b10011111 8
b10011111 >
06
#3245000
b10100000 G
b10100000 ,
b10100000 <
b10100000 L
b10011111 !
b10011111 A
b10011111 E
b10100000 ;
16
#3250000
b0 )
b0 B
0+
b10100000 R
b10100000 P
09
06
#3255000
16
#3260000
b1111 )
b1111 B
1+
19
b10100000 *
b10100000 C
b10100000 8
b10100000 >
06
#3265000
b10100001 G
b10100001 ,
b10100001 <
b10100001 L
b10100000 !
b10100000 A
b10100000 E
b10100001 ;
16
#3270000
b0 )
b0 B
0+
b10100001 R
b10100001 P
09
06
#3275000
16
#3280000
b1111 )
b1111 B
1+
19
b10100001 *
b10100001 C
b10100001 8
b10100001 >
06
#3285000
b10100010 G
b10100010 ,
b10100010 <
b10100010 L
b10100001 !
b10100001 A
b10100001 E
b10100010 ;
16
#3290000
b0 )
b0 B
0+
b10100010 R
b10100010 P
09
06
#3295000
16
#3300000
b1111 )
b1111 B
1+
19
b10100010 *
b10100010 C
b10100010 8
b10100010 >
06
#3305000
b10100011 G
b10100011 ,
b10100011 <
b10100011 L
b10100010 !
b10100010 A
b10100010 E
b10100011 ;
16
#3310000
b0 )
b0 B
0+
b10100011 R
b10100011 P
09
06
#3315000
16
#3320000
b1111 )
b1111 B
1+
19
b10100011 *
b10100011 C
b10100011 8
b10100011 >
06
#3325000
b10100100 G
b10100100 ,
b10100100 <
b10100100 L
b10100011 !
b10100011 A
b10100011 E
b10100100 ;
16
#3330000
b0 )
b0 B
0+
b10100100 R
b10100100 P
09
06
#3335000
16
#3340000
b1111 )
b1111 B
1+
19
b10100100 *
b10100100 C
b10100100 8
b10100100 >
06
#3345000
b10100101 G
b10100101 ,
b10100101 <
b10100101 L
b10100100 !
b10100100 A
b10100100 E
b10100101 ;
16
#3350000
b0 )
b0 B
0+
b10100101 R
b10100101 P
09
06
#3355000
16
#3360000
b1111 )
b1111 B
1+
19
b10100101 *
b10100101 C
b10100101 8
b10100101 >
06
#3365000
b10100110 G
b10100110 ,
b10100110 <
b10100110 L
b10100101 !
b10100101 A
b10100101 E
b10100110 ;
16
#3370000
b0 )
b0 B
0+
b10100110 R
b10100110 P
09
06
#3375000
16
#3380000
b1111 )
b1111 B
1+
19
b10100110 *
b10100110 C
b10100110 8
b10100110 >
06
#3385000
b10100111 G
b10100111 ,
b10100111 <
b10100111 L
b10100110 !
b10100110 A
b10100110 E
b10100111 ;
16
#3390000
b0 )
b0 B
0+
b10100111 R
b10100111 P
09
06
#3395000
16
#3400000
b1111 )
b1111 B
1+
19
b10100111 *
b10100111 C
b10100111 8
b10100111 >
06
#3405000
b10101000 G
b10101000 ,
b10101000 <
b10101000 L
b10100111 !
b10100111 A
b10100111 E
b10101000 ;
16
#3410000
b0 )
b0 B
0+
b10101000 R
b10101000 P
09
06
#3415000
16
#3420000
b1111 )
b1111 B
1+
19
b10101000 *
b10101000 C
b10101000 8
b10101000 >
06
#3425000
b10101001 G
b10101001 ,
b10101001 <
b10101001 L
b10101000 !
b10101000 A
b10101000 E
b10101001 ;
16
#3430000
b0 )
b0 B
0+
b10101001 R
b10101001 P
09
06
#3435000
16
#3440000
b1111 )
b1111 B
1+
19
b10101001 *
b10101001 C
b10101001 8
b10101001 >
06
#3445000
b10101010 G
b10101010 ,
b10101010 <
b10101010 L
b10101001 !
b10101001 A
b10101001 E
b10101010 ;
16
#3450000
b0 )
b0 B
0+
b10101010 R
b10101010 P
09
06
#3455000
16
#3460000
b1111 )
b1111 B
1+
19
b10101010 *
b10101010 C
b10101010 8
b10101010 >
06
#3465000
b10101011 G
b10101011 ,
b10101011 <
b10101011 L
b10101010 !
b10101010 A
b10101010 E
b10101011 ;
16
#3470000
b0 )
b0 B
0+
b10101011 R
b10101011 P
09
06
#3475000
16
#3480000
b1111 )
b1111 B
1+
19
b10101011 *
b10101011 C
b10101011 8
b10101011 >
06
#3485000
b10101100 G
b10101100 ,
b10101100 <
b10101100 L
b10101011 !
b10101011 A
b10101011 E
b10101100 ;
16
#3490000
b0 )
b0 B
0+
b10101100 R
b10101100 P
09
06
#3495000
16
#3500000
b1111 )
b1111 B
1+
19
b10101100 *
b10101100 C
b10101100 8
b10101100 >
06
#3505000
b10101101 G
b10101101 ,
b10101101 <
b10101101 L
b10101100 !
b10101100 A
b10101100 E
b10101101 ;
16
#3510000
b0 )
b0 B
0+
b10101101 R
b10101101 P
09
06
#3515000
16
#3520000
b1111 )
b1111 B
1+
19
b10101101 *
b10101101 C
b10101101 8
b10101101 >
06
#3525000
b10101110 G
b10101110 ,
b10101110 <
b10101110 L
b10101101 !
b10101101 A
b10101101 E
b10101110 ;
16
#3530000
b0 )
b0 B
0+
b10101110 R
b10101110 P
09
06
#3535000
16
#3540000
b1111 )
b1111 B
1+
19
b10101110 *
b10101110 C
b10101110 8
b10101110 >
06
#3545000
b10101111 G
b10101111 ,
b10101111 <
b10101111 L
b10101110 !
b10101110 A
b10101110 E
b10101111 ;
16
#3550000
b0 )
b0 B
0+
b10101111 R
b10101111 P
09
06
#3555000
16
#3560000
b1111 )
b1111 B
1+
19
b10101111 *
b10101111 C
b10101111 8
b10101111 >
06
#3565000
b10110000 G
b10110000 ,
b10110000 <
b10110000 L
b10101111 !
b10101111 A
b10101111 E
b10110000 ;
16
#3570000
b0 )
b0 B
0+
b10110000 R
b10110000 P
09
06
#3575000
16
#3580000
b1111 )
b1111 B
1+
19
b10110000 *
b10110000 C
b10110000 8
b10110000 >
06
#3585000
b10110001 G
b10110001 ,
b10110001 <
b10110001 L
b10110000 !
b10110000 A
b10110000 E
b10110001 ;
16
#3590000
b0 )
b0 B
0+
b10110001 R
b10110001 P
09
06
#3595000
16
#3600000
b1111 )
b1111 B
1+
19
b10110001 *
b10110001 C
b10110001 8
b10110001 >
06
#3605000
b10110010 G
b10110010 ,
b10110010 <
b10110010 L
b10110001 !
b10110001 A
b10110001 E
b10110010 ;
16
#3610000
b0 )
b0 B
0+
b10110010 R
b10110010 P
09
06
#3615000
16
#3620000
b1111 )
b1111 B
1+
19
b10110010 *
b10110010 C
b10110010 8
b10110010 >
06
#3625000
b10110011 G
b10110011 ,
b10110011 <
b10110011 L
b10110010 !
b10110010 A
b10110010 E
b10110011 ;
16
#3630000
b0 )
b0 B
0+
b10110011 R
b10110011 P
09
06
#3635000
16
#3640000
b1111 )
b1111 B
1+
19
b10110011 *
b10110011 C
b10110011 8
b10110011 >
06
#3645000
b10110100 G
b10110100 ,
b10110100 <
b10110100 L
b10110011 !
b10110011 A
b10110011 E
b10110100 ;
16
#3650000
b0 )
b0 B
0+
b10110100 R
b10110100 P
09
06
#3655000
16
#3660000
b1111 )
b1111 B
1+
19
b10110100 *
b10110100 C
b10110100 8
b10110100 >
06
#3665000
b10110101 G
b10110101 ,
b10110101 <
b10110101 L
b10110100 !
b10110100 A
b10110100 E
b10110101 ;
16
#3670000
b0 )
b0 B
0+
b10110101 R
b10110101 P
09
06
#3675000
16
#3680000
b1111 )
b1111 B
1+
19
b10110101 *
b10110101 C
b10110101 8
b10110101 >
06
#3685000
b10110110 G
b10110110 ,
b10110110 <
b10110110 L
b10110101 !
b10110101 A
b10110101 E
b10110110 ;
16
#3690000
b0 )
b0 B
0+
b10110110 R
b10110110 P
09
06
#3695000
16
#3700000
b1111 )
b1111 B
1+
19
b10110110 *
b10110110 C
b10110110 8
b10110110 >
06
#3705000
b10110111 G
b10110111 ,
b10110111 <
b10110111 L
b10110110 !
b10110110 A
b10110110 E
b10110111 ;
16
#3710000
b0 )
b0 B
0+
b10110111 R
b10110111 P
09
06
#3715000
16
#3720000
b1111 )
b1111 B
1+
19
b10110111 *
b10110111 C
b10110111 8
b10110111 >
06
#3725000
b10111000 G
b10111000 ,
b10111000 <
b10111000 L
b10110111 !
b10110111 A
b10110111 E
b10111000 ;
16
#3730000
b0 )
b0 B
0+
b10111000 R
b10111000 P
09
06
#3735000
16
#3740000
b1111 )
b1111 B
1+
19
b10111000 *
b10111000 C
b10111000 8
b10111000 >
06
#3745000
b10111001 G
b10111001 ,
b10111001 <
b10111001 L
b10111000 !
b10111000 A
b10111000 E
b10111001 ;
16
#3750000
b0 )
b0 B
0+
b10111001 R
b10111001 P
09
06
#3755000
16
#3760000
b1111 )
b1111 B
1+
19
b10111001 *
b10111001 C
b10111001 8
b10111001 >
06
#3765000
b10111010 G
b10111010 ,
b10111010 <
b10111010 L
b10111001 !
b10111001 A
b10111001 E
b10111010 ;
16
#3770000
b0 )
b0 B
0+
b10111010 R
b10111010 P
09
06
#3775000
16
#3780000
b1111 )
b1111 B
1+
19
b10111010 *
b10111010 C
b10111010 8
b10111010 >
06
#3785000
b10111011 G
b10111011 ,
b10111011 <
b10111011 L
b10111010 !
b10111010 A
b10111010 E
b10111011 ;
16
#3790000
b0 )
b0 B
0+
b10111011 R
b10111011 P
09
06
#3795000
16
#3800000
b1111 )
b1111 B
1+
19
b10111011 *
b10111011 C
b10111011 8
b10111011 >
06
#3805000
b10111100 G
b10111100 ,
b10111100 <
b10111100 L
b10111011 !
b10111011 A
b10111011 E
b10111100 ;
16
#3810000
b0 )
b0 B
0+
b10111100 R
b10111100 P
09
06
#3815000
16
#3820000
b1111 )
b1111 B
1+
19
b10111100 *
b10111100 C
b10111100 8
b10111100 >
06
#3825000
b10111101 G
b10111101 ,
b10111101 <
b10111101 L
b10111100 !
b10111100 A
b10111100 E
b10111101 ;
16
#3830000
b0 )
b0 B
0+
b10111101 R
b10111101 P
09
06
#3835000
16
#3840000
b1111 )
b1111 B
1+
19
b10111101 *
b10111101 C
b10111101 8
b10111101 >
06
#3845000
b10111110 G
b10111110 ,
b10111110 <
b10111110 L
b10111101 !
b10111101 A
b10111101 E
b10111110 ;
16
#3850000
b0 )
b0 B
0+
b10111110 R
b10111110 P
09
06
#3855000
16
#3860000
b1111 )
b1111 B
1+
19
b10111110 *
b10111110 C
b10111110 8
b10111110 >
06
#3865000
b10111111 G
b10111111 ,
b10111111 <
b10111111 L
b10111110 !
b10111110 A
b10111110 E
b10111111 ;
16
#3870000
b0 )
b0 B
0+
b10111111 R
b10111111 P
09
06
#3875000
16
#3880000
b1111 )
b1111 B
1+
19
b10111111 *
b10111111 C
b10111111 8
b10111111 >
06
#3885000
b11000000 G
b11000000 ,
b11000000 <
b11000000 L
b10111111 !
b10111111 A
b10111111 E
b11000000 ;
16
#3890000
b0 )
b0 B
0+
b11000000 R
b11000000 P
09
06
#3895000
16
#3900000
b1111 )
b1111 B
1+
19
b11000000 *
b11000000 C
b11000000 8
b11000000 >
06
#3905000
b11000001 G
b11000001 ,
b11000001 <
b11000001 L
b11000000 !
b11000000 A
b11000000 E
b11000001 ;
16
#3910000
b0 )
b0 B
0+
b11000001 R
b11000001 P
09
06
#3915000
16
#3920000
b1111 )
b1111 B
1+
19
b11000001 *
b11000001 C
b11000001 8
b11000001 >
06
#3925000
b11000010 G
b11000010 ,
b11000010 <
b11000010 L
b11000001 !
b11000001 A
b11000001 E
b11000010 ;
16
#3930000
b0 )
b0 B
0+
b11000010 R
b11000010 P
09
06
#3935000
16
#3940000
b1111 )
b1111 B
1+
19
b11000010 *
b11000010 C
b11000010 8
b11000010 >
06
#3945000
b11000011 G
b11000011 ,
b11000011 <
b11000011 L
b11000010 !
b11000010 A
b11000010 E
b11000011 ;
16
#3950000
b0 )
b0 B
0+
b11000011 R
b11000011 P
09
06
#3955000
16
#3960000
b1111 )
b1111 B
1+
19
b11000011 *
b11000011 C
b11000011 8
b11000011 >
06
#3965000
b11000100 G
b11000100 ,
b11000100 <
b11000100 L
b11000011 !
b11000011 A
b11000011 E
b11000100 ;
16
#3970000
b0 )
b0 B
0+
b11000100 R
b11000100 P
09
06
#3975000
16
#3980000
b1111 )
b1111 B
1+
19
b11000100 *
b11000100 C
b11000100 8
b11000100 >
06
#3985000
b11000101 G
b11000101 ,
b11000101 <
b11000101 L
b11000100 !
b11000100 A
b11000100 E
b11000101 ;
16
#3990000
b0 )
b0 B
0+
b11000101 R
b11000101 P
09
06
#3995000
16
#4000000
b1111 )
b1111 B
1+
19
b11000101 *
b11000101 C
b11000101 8
b11000101 >
06
#4005000
b11000110 G
b11000110 ,
b11000110 <
b11000110 L
b11000101 !
b11000101 A
b11000101 E
b11000110 ;
16
#4010000
b0 )
b0 B
0+
b11000110 R
b11000110 P
09
06
#4015000
16
#4020000
b1111 )
b1111 B
1+
19
b11000110 *
b11000110 C
b11000110 8
b11000110 >
06
#4025000
b11000111 G
b11000111 ,
b11000111 <
b11000111 L
b11000110 !
b11000110 A
b11000110 E
b11000111 ;
16
#4030000
b0 )
b0 B
0+
b11000111 R
b11000111 P
09
06
#4035000
16
#4040000
b1111 )
b1111 B
1+
19
b11000111 *
b11000111 C
b11000111 8
b11000111 >
06
#4045000
b11001000 G
b11001000 ,
b11001000 <
b11001000 L
b11000111 !
b11000111 A
b11000111 E
b11001000 ;
16
#4050000
b0 )
b0 B
0+
b11001000 R
b11001000 P
09
06
#4055000
16
#4060000
b1111 )
b1111 B
1+
19
b11001000 *
b11001000 C
b11001000 8
b11001000 >
06
#4065000
b11001001 G
b11001001 ,
b11001001 <
b11001001 L
b11001000 !
b11001000 A
b11001000 E
b11001001 ;
16
#4070000
b0 )
b0 B
0+
b11001001 R
b11001001 P
09
06
#4075000
16
#4080000
b1111 )
b1111 B
1+
19
b11001001 *
b11001001 C
b11001001 8
b11001001 >
06
#4085000
b11001010 G
b11001010 ,
b11001010 <
b11001010 L
b11001001 !
b11001001 A
b11001001 E
b11001010 ;
16
#4090000
b0 )
b0 B
0+
b11001010 R
b11001010 P
09
06
#4095000
16
#4100000
b1111 )
b1111 B
1+
19
b11001010 *
b11001010 C
b11001010 8
b11001010 >
06
#4105000
b11001011 G
b11001011 ,
b11001011 <
b11001011 L
b11001010 !
b11001010 A
b11001010 E
b11001011 ;
16
#4110000
b0 )
b0 B
0+
b11001011 R
b11001011 P
09
06
#4115000
16
#4120000
b1111 )
b1111 B
1+
19
b11001011 *
b11001011 C
b11001011 8
b11001011 >
06
#4125000
b11001100 G
b11001100 ,
b11001100 <
b11001100 L
b11001011 !
b11001011 A
b11001011 E
b11001100 ;
16
#4130000
b0 )
b0 B
0+
b11001100 R
b11001100 P
09
06
#4135000
16
#4140000
b1111 )
b1111 B
1+
19
b11001100 *
b11001100 C
b11001100 8
b11001100 >
06
#4145000
b11001101 G
b11001101 ,
b11001101 <
b11001101 L
b11001100 !
b11001100 A
b11001100 E
b11001101 ;
16
#4150000
b0 )
b0 B
0+
b11001101 R
b11001101 P
09
06
#4155000
16
#4160000
b1111 )
b1111 B
1+
19
b11001101 *
b11001101 C
b11001101 8
b11001101 >
06
#4165000
b11001110 G
b11001110 ,
b11001110 <
b11001110 L
b11001101 !
b11001101 A
b11001101 E
b11001110 ;
16
#4170000
b0 )
b0 B
0+
b11001110 R
b11001110 P
09
06
#4175000
16
#4180000
b1111 )
b1111 B
1+
19
b11001110 *
b11001110 C
b11001110 8
b11001110 >
06
#4185000
b11001111 G
b11001111 ,
b11001111 <
b11001111 L
b11001110 !
b11001110 A
b11001110 E
b11001111 ;
16
#4190000
b0 )
b0 B
0+
b11001111 R
b11001111 P
09
06
#4195000
16
#4200000
b1111 )
b1111 B
1+
19
b11001111 *
b11001111 C
b11001111 8
b11001111 >
06
#4205000
b11010000 G
b11010000 ,
b11010000 <
b11010000 L
b11001111 !
b11001111 A
b11001111 E
b11010000 ;
16
#4210000
b0 )
b0 B
0+
b11010000 R
b11010000 P
09
06
#4215000
16
#4220000
b1111 )
b1111 B
1+
19
b11010000 *
b11010000 C
b11010000 8
b11010000 >
06
#4225000
b11010001 G
b11010001 ,
b11010001 <
b11010001 L
b11010000 !
b11010000 A
b11010000 E
b11010001 ;
16
#4230000
b0 )
b0 B
0+
b11010001 R
b11010001 P
09
06
#4235000
16
#4240000
b1111 )
b1111 B
1+
19
b11010001 *
b11010001 C
b11010001 8
b11010001 >
06
#4245000
b11010010 G
b11010010 ,
b11010010 <
b11010010 L
b11010001 !
b11010001 A
b11010001 E
b11010010 ;
16
#4250000
b0 )
b0 B
0+
b11010010 R
b11010010 P
09
06
#4255000
16
#4260000
b1111 )
b1111 B
1+
19
b11010010 *
b11010010 C
b11010010 8
b11010010 >
06
#4265000
b11010011 G
b11010011 ,
b11010011 <
b11010011 L
b11010010 !
b11010010 A
b11010010 E
b11010011 ;
16
#4270000
b0 )
b0 B
0+
b11010011 R
b11010011 P
09
06
#4275000
16
#4280000
b1111 )
b1111 B
1+
19
b11010011 *
b11010011 C
b11010011 8
b11010011 >
06
#4285000
b11010100 G
b11010100 ,
b11010100 <
b11010100 L
b11010011 !
b11010011 A
b11010011 E
b11010100 ;
16
#4290000
b0 )
b0 B
0+
b11010100 R
b11010100 P
09
06
#4295000
16
#4300000
b1111 )
b1111 B
1+
19
b11010100 *
b11010100 C
b11010100 8
b11010100 >
06
#4305000
b11010101 G
b11010101 ,
b11010101 <
b11010101 L
b11010100 !
b11010100 A
b11010100 E
b11010101 ;
16
#4310000
b0 )
b0 B
0+
b11010101 R
b11010101 P
09
06
#4315000
16
#4320000
b1111 )
b1111 B
1+
19
b11010101 *
b11010101 C
b11010101 8
b11010101 >
06
#4325000
b11010110 G
b11010110 ,
b11010110 <
b11010110 L
b11010101 !
b11010101 A
b11010101 E
b11010110 ;
16
#4330000
b0 )
b0 B
0+
b11010110 R
b11010110 P
09
06
#4335000
16
#4340000
b1111 )
b1111 B
1+
19
b11010110 *
b11010110 C
b11010110 8
b11010110 >
06
#4345000
b11010111 G
b11010111 ,
b11010111 <
b11010111 L
b11010110 !
b11010110 A
b11010110 E
b11010111 ;
16
#4350000
b0 )
b0 B
0+
b11010111 R
b11010111 P
09
06
#4355000
16
#4360000
b1111 )
b1111 B
1+
19
b11010111 *
b11010111 C
b11010111 8
b11010111 >
06
#4365000
b11011000 G
b11011000 ,
b11011000 <
b11011000 L
b11010111 !
b11010111 A
b11010111 E
b11011000 ;
16
#4370000
b0 )
b0 B
0+
b11011000 R
b11011000 P
09
06
#4375000
16
#4380000
b1111 )
b1111 B
1+
19
b11011000 *
b11011000 C
b11011000 8
b11011000 >
06
#4385000
b11011001 G
b11011001 ,
b11011001 <
b11011001 L
b11011000 !
b11011000 A
b11011000 E
b11011001 ;
16
#4390000
b0 )
b0 B
0+
b11011001 R
b11011001 P
09
06
#4395000
16
#4400000
b1111 )
b1111 B
1+
19
b11011001 *
b11011001 C
b11011001 8
b11011001 >
06
#4405000
b11011010 G
b11011010 ,
b11011010 <
b11011010 L
b11011001 !
b11011001 A
b11011001 E
b11011010 ;
16
#4410000
b0 )
b0 B
0+
b11011010 R
b11011010 P
09
06
#4415000
16
#4420000
b1111 )
b1111 B
1+
19
b11011010 *
b11011010 C
b11011010 8
b11011010 >
06
#4425000
b11011011 G
b11011011 ,
b11011011 <
b11011011 L
b11011010 !
b11011010 A
b11011010 E
b11011011 ;
16
#4430000
b0 )
b0 B
0+
b11011011 R
b11011011 P
09
06
#4435000
16
#4440000
b1111 )
b1111 B
1+
19
b11011011 *
b11011011 C
b11011011 8
b11011011 >
06
#4445000
b11011100 G
b11011100 ,
b11011100 <
b11011100 L
b11011011 !
b11011011 A
b11011011 E
b11011100 ;
16
#4450000
b0 )
b0 B
0+
b11011100 R
b11011100 P
09
06
#4455000
16
#4460000
b1111 )
b1111 B
1+
19
b11011100 *
b11011100 C
b11011100 8
b11011100 >
06
#4465000
b11011101 G
b11011101 ,
b11011101 <
b11011101 L
b11011100 !
b11011100 A
b11011100 E
b11011101 ;
16
#4470000
b0 )
b0 B
0+
b11011101 R
b11011101 P
09
06
#4475000
16
#4480000
b1111 )
b1111 B
1+
19
b11011101 *
b11011101 C
b11011101 8
b11011101 >
06
#4485000
b11011110 G
b11011110 ,
b11011110 <
b11011110 L
b11011101 !
b11011101 A
b11011101 E
b11011110 ;
16
#4490000
b0 )
b0 B
0+
b11011110 R
b11011110 P
09
06
#4495000
16
#4500000
b1111 )
b1111 B
1+
19
b11011110 *
b11011110 C
b11011110 8
b11011110 >
06
#4505000
b11011111 G
b11011111 ,
b11011111 <
b11011111 L
b11011110 !
b11011110 A
b11011110 E
b11011111 ;
16
#4510000
b0 )
b0 B
0+
b11011111 R
b11011111 P
09
06
#4515000
16
#4520000
b1111 )
b1111 B
1+
19
b11011111 *
b11011111 C
b11011111 8
b11011111 >
06
#4525000
b11100000 G
b11100000 ,
b11100000 <
b11100000 L
b11011111 !
b11011111 A
b11011111 E
b11100000 ;
16
#4530000
b0 )
b0 B
0+
b11100000 R
b11100000 P
09
06
#4535000
16
#4540000
b1111 )
b1111 B
1+
19
b11100000 *
b11100000 C
b11100000 8
b11100000 >
06
#4545000
b11100001 G
b11100001 ,
b11100001 <
b11100001 L
b11100000 !
b11100000 A
b11100000 E
b11100001 ;
16
#4550000
b0 )
b0 B
0+
b11100001 R
b11100001 P
09
06
#4555000
16
#4560000
b1111 )
b1111 B
1+
19
b11100001 *
b11100001 C
b11100001 8
b11100001 >
06
#4565000
b11100010 G
b11100010 ,
b11100010 <
b11100010 L
b11100001 !
b11100001 A
b11100001 E
b11100010 ;
16
#4570000
b0 )
b0 B
0+
b11100010 R
b11100010 P
09
06
#4575000
16
#4580000
b1111 )
b1111 B
1+
19
b11100010 *
b11100010 C
b11100010 8
b11100010 >
06
#4585000
b11100011 G
b11100011 ,
b11100011 <
b11100011 L
b11100010 !
b11100010 A
b11100010 E
b11100011 ;
16
#4590000
b0 )
b0 B
0+
b11100011 R
b11100011 P
09
06
#4595000
16
#4600000
b1111 )
b1111 B
1+
19
b11100011 *
b11100011 C
b11100011 8
b11100011 >
06
#4605000
b11100100 G
b11100100 ,
b11100100 <
b11100100 L
b11100011 !
b11100011 A
b11100011 E
b11100100 ;
16
#4610000
b0 )
b0 B
0+
b11100100 R
b11100100 P
09
06
#4615000
16
#4620000
b1111 )
b1111 B
1+
19
b11100100 *
b11100100 C
b11100100 8
b11100100 >
06
#4625000
b11100101 G
b11100101 ,
b11100101 <
b11100101 L
b11100100 !
b11100100 A
b11100100 E
b11100101 ;
16
#4630000
b0 )
b0 B
0+
b11100101 R
b11100101 P
09
06
#4635000
16
#4640000
b1111 )
b1111 B
1+
19
b11100101 *
b11100101 C
b11100101 8
b11100101 >
06
#4645000
b11100110 G
b11100110 ,
b11100110 <
b11100110 L
b11100101 !
b11100101 A
b11100101 E
b11100110 ;
16
#4650000
b0 )
b0 B
0+
b11100110 R
b11100110 P
09
06
#4655000
16
#4660000
b1111 )
b1111 B
1+
19
b11100110 *
b11100110 C
b11100110 8
b11100110 >
06
#4665000
b11100111 G
b11100111 ,
b11100111 <
b11100111 L
b11100110 !
b11100110 A
b11100110 E
b11100111 ;
16
#4670000
b0 )
b0 B
0+
b11100111 R
b11100111 P
09
06
#4675000
16
#4680000
b1111 )
b1111 B
1+
19
b11100111 *
b11100111 C
b11100111 8
b11100111 >
06
#4685000
b11101000 G
b11101000 ,
b11101000 <
b11101000 L
b11100111 !
b11100111 A
b11100111 E
b11101000 ;
16
#4690000
b0 )
b0 B
0+
b11101000 R
b11101000 P
09
06
#4695000
16
#4700000
b1111 )
b1111 B
1+
19
b11101000 *
b11101000 C
b11101000 8
b11101000 >
06
#4705000
b11101001 G
b11101001 ,
b11101001 <
b11101001 L
b11101000 !
b11101000 A
b11101000 E
b11101001 ;
16
#4710000
b0 )
b0 B
0+
b11101001 R
b11101001 P
09
06
#4715000
16
#4720000
b1111 )
b1111 B
1+
19
b11101001 *
b11101001 C
b11101001 8
b11101001 >
06
#4725000
b11101010 G
b11101010 ,
b11101010 <
b11101010 L
b11101001 !
b11101001 A
b11101001 E
b11101010 ;
16
#4730000
b0 )
b0 B
0+
b11101010 R
b11101010 P
09
06
#4735000
16
#4740000
b1111 )
b1111 B
1+
19
b11101010 *
b11101010 C
b11101010 8
b11101010 >
06
#4745000
b11101011 G
b11101011 ,
b11101011 <
b11101011 L
b11101010 !
b11101010 A
b11101010 E
b11101011 ;
16
#4750000
b0 )
b0 B
0+
b11101011 R
b11101011 P
09
06
#4755000
16
#4760000
b1111 )
b1111 B
1+
19
b11101011 *
b11101011 C
b11101011 8
b11101011 >
06
#4765000
b11101100 G
b11101100 ,
b11101100 <
b11101100 L
b11101011 !
b11101011 A
b11101011 E
b11101100 ;
16
#4770000
b0 )
b0 B
0+
b11101100 R
b11101100 P
09
06
#4775000
16
#4780000
b1111 )
b1111 B
1+
19
b11101100 *
b11101100 C
b11101100 8
b11101100 >
06
#4785000
b11101101 G
b11101101 ,
b11101101 <
b11101101 L
b11101100 !
b11101100 A
b11101100 E
b11101101 ;
16
#4790000
b0 )
b0 B
0+
b11101101 R
b11101101 P
09
06
#4795000
16
#4800000
b1111 )
b1111 B
1+
19
b11101101 *
b11101101 C
b11101101 8
b11101101 >
06
#4805000
b11101110 G
b11101110 ,
b11101110 <
b11101110 L
b11101101 !
b11101101 A
b11101101 E
b11101110 ;
16
#4810000
b0 )
b0 B
0+
b11101110 R
b11101110 P
09
06
#4815000
16
#4820000
b1111 )
b1111 B
1+
19
b11101110 *
b11101110 C
b11101110 8
b11101110 >
06
#4825000
b11101111 G
b11101111 ,
b11101111 <
b11101111 L
b11101110 !
b11101110 A
b11101110 E
b11101111 ;
16
#4830000
b0 )
b0 B
0+
b11101111 R
b11101111 P
09
06
#4835000
16
#4840000
b1111 )
b1111 B
1+
19
b11101111 *
b11101111 C
b11101111 8
b11101111 >
06
#4845000
b11110000 G
b11110000 ,
b11110000 <
b11110000 L
b11101111 !
b11101111 A
b11101111 E
b11110000 ;
16
#4850000
b0 )
b0 B
0+
b11110000 R
b11110000 P
09
06
#4855000
16
#4860000
b1111 )
b1111 B
1+
19
b11110000 *
b11110000 C
b11110000 8
b11110000 >
06
#4865000
b11110001 G
b11110001 ,
b11110001 <
b11110001 L
b11110000 !
b11110000 A
b11110000 E
b11110001 ;
16
#4870000
b0 )
b0 B
0+
b11110001 R
b11110001 P
09
06
#4875000
16
#4880000
b1111 )
b1111 B
1+
19
b11110001 *
b11110001 C
b11110001 8
b11110001 >
06
#4885000
b11110010 G
b11110010 ,
b11110010 <
b11110010 L
b11110001 !
b11110001 A
b11110001 E
b11110010 ;
16
#4890000
b0 )
b0 B
0+
b11110010 R
b11110010 P
09
06
#4895000
16
#4900000
b1111 )
b1111 B
1+
19
b11110010 *
b11110010 C
b11110010 8
b11110010 >
06
#4905000
b11110011 G
b11110011 ,
b11110011 <
b11110011 L
b11110010 !
b11110010 A
b11110010 E
b11110011 ;
16
#4910000
b0 )
b0 B
0+
b11110011 R
b11110011 P
09
06
#4915000
16
#4920000
b1111 )
b1111 B
1+
19
b11110011 *
b11110011 C
b11110011 8
b11110011 >
06
#4925000
b11110100 G
b11110100 ,
b11110100 <
b11110100 L
b11110011 !
b11110011 A
b11110011 E
b11110100 ;
16
#4930000
b0 )
b0 B
0+
b11110100 R
b11110100 P
09
06
#4935000
16
#4940000
b1111 )
b1111 B
1+
19
b11110100 *
b11110100 C
b11110100 8
b11110100 >
06
#4945000
b11110101 G
b11110101 ,
b11110101 <
b11110101 L
b11110100 !
b11110100 A
b11110100 E
b11110101 ;
16
#4950000
b0 )
b0 B
0+
b11110101 R
b11110101 P
09
06
#4955000
16
#4960000
b1111 )
b1111 B
1+
19
b11110101 *
b11110101 C
b11110101 8
b11110101 >
06
#4965000
b11110110 G
b11110110 ,
b11110110 <
b11110110 L
b11110101 !
b11110101 A
b11110101 E
b11110110 ;
16
#4970000
b0 )
b0 B
0+
b11110110 R
b11110110 P
09
06
#4975000
16
#4980000
b1111 )
b1111 B
1+
19
b11110110 *
b11110110 C
b11110110 8
b11110110 >
06
#4985000
b11110111 G
b11110111 ,
b11110111 <
b11110111 L
b11110110 !
b11110110 A
b11110110 E
b11110111 ;
16
#4990000
b0 )
b0 B
0+
b11110111 R
b11110111 P
09
06
#4995000
16
#5000000
b1111 )
b1111 B
1+
19
b11110111 *
b11110111 C
b11110111 8
b11110111 >
06
#5005000
b11111000 G
b11111000 ,
b11111000 <
b11111000 L
b11110111 !
b11110111 A
b11110111 E
b11111000 ;
16
#5010000
b0 )
b0 B
0+
b11111000 R
b11111000 P
09
06
#5015000
16
#5020000
b1111 )
b1111 B
1+
19
b11111000 *
b11111000 C
b11111000 8
b11111000 >
06
#5025000
b11111001 G
b11111001 ,
b11111001 <
b11111001 L
b11111000 !
b11111000 A
b11111000 E
b11111001 ;
16
#5030000
b0 )
b0 B
0+
b11111001 R
b11111001 P
09
06
#5035000
16
#5040000
b1111 )
b1111 B
1+
19
b11111001 *
b11111001 C
b11111001 8
b11111001 >
06
#5045000
b11111010 G
b11111010 ,
b11111010 <
b11111010 L
b11111001 !
b11111001 A
b11111001 E
b11111010 ;
16
#5050000
b0 )
b0 B
0+
b11111010 R
b11111010 P
09
06
#5055000
16
#5060000
b1111 )
b1111 B
1+
19
b11111010 *
b11111010 C
b11111010 8
b11111010 >
06
#5065000
b11111011 G
b11111011 ,
b11111011 <
b11111011 L
b11111010 !
b11111010 A
b11111010 E
b11111011 ;
16
#5070000
b0 )
b0 B
0+
b11111011 R
b11111011 P
09
06
#5075000
16
#5080000
b1111 )
b1111 B
1+
19
b11111011 *
b11111011 C
b11111011 8
b11111011 >
06
#5085000
b11111100 G
b11111100 ,
b11111100 <
b11111100 L
b11111011 !
b11111011 A
b11111011 E
b11111100 ;
16
#5090000
b0 )
b0 B
0+
b11111100 R
b11111100 P
09
06
#5095000
16
#5100000
b1111 )
b1111 B
1+
19
b11111100 *
b11111100 C
b11111100 8
b11111100 >
06
#5105000
b11111101 G
b11111101 ,
b11111101 <
b11111101 L
b11111100 !
b11111100 A
b11111100 E
b11111101 ;
16
#5110000
b0 )
b0 B
0+
b11111101 R
b11111101 P
09
06
#5115000
16
#5120000
b1111 )
b1111 B
1+
19
b11111101 *
b11111101 C
b11111101 8
b11111101 >
06
#5125000
b11111110 G
b11111110 ,
b11111110 <
b11111110 L
b11111101 !
b11111101 A
b11111101 E
b11111110 ;
16
#5130000
b0 )
b0 B
0+
b11111110 R
b11111110 P
09
06
#5135000
16
#5140000
b1111 )
b1111 B
1+
19
b11111110 *
b11111110 C
b11111110 8
b11111110 >
06
#5145000
b11111111 G
b11111111 ,
b11111111 <
b11111111 L
b11111110 !
b11111110 A
b11111110 E
b11111111 ;
16
#5150000
b0 )
b0 B
0+
b11111111 R
b11111111 P
09
06
#5155000
16
#5160000
b1111 )
b1111 B
1+
19
b11111111 *
b11111111 C
b11111111 8
b11111111 >
06
#5165000
b100000000 G
b100000000 ,
b100000000 <
b100000000 L
b11111111 !
b11111111 A
b11111111 E
b100000000 ;
16
#5170000
b0 )
b0 B
0+
b100000000 R
b100000000 P
09
06
#5175000
16
#5180000
b1111 )
b1111 B
1+
19
b0 *
b0 C
b0 8
b0 >
06
#5185000
b100000001 G
b100000001 ,
b100000001 <
b100000001 L
b100000000 !
b100000000 A
b100000000 E
b100000001 ;
16
#5190000
b0 )
b0 B
0+
b100000001 R
b100000001 P
09
06
#5195000
16
#5200000
b1111 )
b1111 B
1+
19
b1 *
b1 C
b1 8
b1 >
06
#5205000
b100000010 G
b100000010 ,
b100000010 <
b100000010 L
b100000001 !
b100000001 A
b100000001 E
b100000010 ;
16
#5210000
b0 )
b0 B
0+
b100000010 R
b100000010 P
09
06
#5215000
16
#5220000
b1111 )
b1111 B
1+
19
b10 *
b10 C
b10 8
b10 >
06
#5225000
b100000011 G
b100000011 ,
b100000011 <
b100000011 L
b100000010 !
b100000010 A
b100000010 E
b100000011 ;
16
#5230000
b0 )
b0 B
0+
b100000011 R
b100000011 P
09
06
#5235000
16
#5240000
b1111 )
b1111 B
1+
19
b11 *
b11 C
b11 8
b11 >
06
#5245000
b100000100 G
b100000100 ,
b100000100 <
b100000100 L
b100000011 !
b100000011 A
b100000011 E
b100000100 ;
16
#5250000
b0 )
b0 B
0+
b100000100 R
b100000100 P
09
06
#5255000
16
#5260000
b1111 )
b1111 B
1+
19
b100 *
b100 C
b100 8
b100 >
06
#5265000
b100000101 G
b100000101 ,
b100000101 <
b100000101 L
b100000100 !
b100000100 A
b100000100 E
b100000101 ;
16
#5270000
b0 )
b0 B
0+
b100000101 R
b100000101 P
09
06
#5275000
16
#5280000
b1111 )
b1111 B
1+
19
b101 *
b101 C
b101 8
b101 >
06
#5285000
b100000110 G
b100000110 ,
b100000110 <
b100000110 L
b100000101 !
b100000101 A
b100000101 E
b100000110 ;
16
#5290000
b0 )
b0 B
0+
b100000110 R
b100000110 P
09
06
#5295000
16
#5300000
b1111 )
b1111 B
1+
19
b110 *
b110 C
b110 8
b110 >
06
#5305000
b100000111 G
b100000111 ,
b100000111 <
b100000111 L
b100000110 !
b100000110 A
b100000110 E
b100000111 ;
16
#5310000
b0 )
b0 B
0+
b100000111 R
b100000111 P
09
06
#5315000
16
#5320000
b1111 )
b1111 B
1+
19
b111 *
b111 C
b111 8
b111 >
06
#5325000
b100001000 G
b100001000 ,
b100001000 <
b100001000 L
b100000111 !
b100000111 A
b100000111 E
b100001000 ;
16
#5330000
b0 )
b0 B
0+
b100001000 R
b100001000 P
09
06
#5335000
16
#5340000
b1111 )
b1111 B
1+
19
b1000 *
b1000 C
b1000 8
b1000 >
06
#5345000
b100001001 G
b100001001 ,
b100001001 <
b100001001 L
b100001000 !
b100001000 A
b100001000 E
b100001001 ;
16
#5350000
b0 )
b0 B
0+
b100001001 R
b100001001 P
09
06
#5355000
16
#5360000
b1111 )
b1111 B
1+
19
b1001 *
b1001 C
b1001 8
b1001 >
06
#5365000
b100001010 G
b100001010 ,
b100001010 <
b100001010 L
b100001001 !
b100001001 A
b100001001 E
b100001010 ;
16
#5370000
b0 )
b0 B
0+
b100001010 R
b100001010 P
09
06
#5375000
16
#5380000
b1111 )
b1111 B
1+
19
b1010 *
b1010 C
b1010 8
b1010 >
06
#5385000
b100001011 G
b100001011 ,
b100001011 <
b100001011 L
b100001010 !
b100001010 A
b100001010 E
b100001011 ;
16
#5390000
b0 )
b0 B
0+
b100001011 R
b100001011 P
09
06
#5395000
16
#5400000
b1111 )
b1111 B
1+
19
b1011 *
b1011 C
b1011 8
b1011 >
06
#5405000
b100001100 G
b100001100 ,
b100001100 <
b100001100 L
b100001011 !
b100001011 A
b100001011 E
b100001100 ;
16
#5410000
b0 )
b0 B
0+
b100001100 R
b100001100 P
09
06
#5415000
16
#5420000
b1111 )
b1111 B
1+
19
b1100 *
b1100 C
b1100 8
b1100 >
06
#5425000
b100001101 G
b100001101 ,
b100001101 <
b100001101 L
b100001100 !
b100001100 A
b100001100 E
b100001101 ;
16
#5430000
b0 )
b0 B
0+
b100001101 R
b100001101 P
09
06
#5435000
16
#5440000
b1111 )
b1111 B
1+
19
b1101 *
b1101 C
b1101 8
b1101 >
06
#5445000
b100001110 G
b100001110 ,
b100001110 <
b100001110 L
b100001101 !
b100001101 A
b100001101 E
b100001110 ;
16
#5450000
b0 )
b0 B
0+
b100001110 R
b100001110 P
09
06
#5455000
16
#5460000
b1111 )
b1111 B
1+
19
b1110 *
b1110 C
b1110 8
b1110 >
06
#5465000
b100001111 G
b100001111 ,
b100001111 <
b100001111 L
b100001110 !
b100001110 A
b100001110 E
b100001111 ;
16
#5470000
b0 )
b0 B
0+
b100001111 R
b100001111 P
09
06
#5475000
16
#5480000
b1111 )
b1111 B
1+
19
b1111 *
b1111 C
b1111 8
b1111 >
06
#5485000
b100010000 G
b100010000 ,
b100010000 <
b100010000 L
b100001111 !
b100001111 A
b100001111 E
b100010000 ;
16
#5490000
b0 )
b0 B
0+
b100010000 R
b100010000 P
09
06
#5495000
16
#5500000
b1111 )
b1111 B
1+
19
b10000 *
b10000 C
b10000 8
b10000 >
06
#5505000
b100010001 G
b100010001 ,
b100010001 <
b100010001 L
b100010000 !
b100010000 A
b100010000 E
b100010001 ;
16
#5510000
b0 )
b0 B
0+
b100010001 R
b100010001 P
09
06
#5515000
16
#5520000
b1111 )
b1111 B
1+
19
b10001 *
b10001 C
b10001 8
b10001 >
06
#5525000
b100010010 G
b100010010 ,
b100010010 <
b100010010 L
b100010001 !
b100010001 A
b100010001 E
b100010010 ;
16
#5530000
b0 )
b0 B
0+
b100010010 R
b100010010 P
09
06
#5535000
16
#5540000
b1111 )
b1111 B
1+
19
b10010 *
b10010 C
b10010 8
b10010 >
06
#5545000
b100010011 G
b100010011 ,
b100010011 <
b100010011 L
b100010010 !
b100010010 A
b100010010 E
b100010011 ;
16
#5550000
b0 )
b0 B
0+
b100010011 R
b100010011 P
09
06
#5555000
16
#5560000
b1111 )
b1111 B
1+
19
b10011 *
b10011 C
b10011 8
b10011 >
06
#5565000
b100010100 G
b100010100 ,
b100010100 <
b100010100 L
b100010011 !
b100010011 A
b100010011 E
b100010100 ;
16
#5570000
b0 )
b0 B
0+
b100010100 R
b100010100 P
09
06
#5575000
16
#5580000
b1111 )
b1111 B
1+
19
b10100 *
b10100 C
b10100 8
b10100 >
06
#5585000
b100010101 G
b100010101 ,
b100010101 <
b100010101 L
b100010100 !
b100010100 A
b100010100 E
b100010101 ;
16
#5590000
b0 )
b0 B
0+
b100010101 R
b100010101 P
09
06
#5595000
16
#5600000
b1111 )
b1111 B
1+
19
b10101 *
b10101 C
b10101 8
b10101 >
06
#5605000
b100010110 G
b100010110 ,
b100010110 <
b100010110 L
b100010101 !
b100010101 A
b100010101 E
b100010110 ;
16
#5610000
b0 )
b0 B
0+
b100010110 R
b100010110 P
09
06
#5615000
16
#5620000
b1111 )
b1111 B
1+
19
b10110 *
b10110 C
b10110 8
b10110 >
06
#5625000
b100010111 G
b100010111 ,
b100010111 <
b100010111 L
b100010110 !
b100010110 A
b100010110 E
b100010111 ;
16
#5630000
b0 )
b0 B
0+
b100010111 R
b100010111 P
09
06
#5635000
16
#5640000
b1111 )
b1111 B
1+
19
b10111 *
b10111 C
b10111 8
b10111 >
06
#5645000
b100011000 G
b100011000 ,
b100011000 <
b100011000 L
b100010111 !
b100010111 A
b100010111 E
b100011000 ;
16
#5650000
b0 )
b0 B
0+
b100011000 R
b100011000 P
09
06
#5655000
16
#5660000
b1111 )
b1111 B
1+
19
b11000 *
b11000 C
b11000 8
b11000 >
06
#5665000
b100011001 G
b100011001 ,
b100011001 <
b100011001 L
b100011000 !
b100011000 A
b100011000 E
b100011001 ;
16
#5670000
b0 )
b0 B
0+
b100011001 R
b100011001 P
09
06
#5675000
16
#5680000
b1111 )
b1111 B
1+
19
b11001 *
b11001 C
b11001 8
b11001 >
06
#5685000
b100011010 G
b100011010 ,
b100011010 <
b100011010 L
b100011001 !
b100011001 A
b100011001 E
b100011010 ;
16
#5690000
b0 )
b0 B
0+
b100011010 R
b100011010 P
09
06
#5695000
16
#5700000
b1111 )
b1111 B
1+
19
b11010 *
b11010 C
b11010 8
b11010 >
06
#5705000
b100011011 G
b100011011 ,
b100011011 <
b100011011 L
b100011010 !
b100011010 A
b100011010 E
b100011011 ;
16
#5710000
b0 )
b0 B
0+
b100011011 R
b100011011 P
09
06
#5715000
16
#5720000
b1111 )
b1111 B
1+
19
b11011 *
b11011 C
b11011 8
b11011 >
06
#5725000
b100011100 G
b100011100 ,
b100011100 <
b100011100 L
b100011011 !
b100011011 A
b100011011 E
b100011100 ;
16
#5730000
b0 )
b0 B
0+
b100011100 R
b100011100 P
09
06
#5735000
16
#5740000
b1111 )
b1111 B
1+
19
b11100 *
b11100 C
b11100 8
b11100 >
06
#5745000
b100011101 G
b100011101 ,
b100011101 <
b100011101 L
b100011100 !
b100011100 A
b100011100 E
b100011101 ;
16
#5750000
b0 )
b0 B
0+
b100011101 R
b100011101 P
09
06
#5755000
16
#5760000
b1111 )
b1111 B
1+
19
b11101 *
b11101 C
b11101 8
b11101 >
06
#5765000
b100011110 G
b100011110 ,
b100011110 <
b100011110 L
b100011101 !
b100011101 A
b100011101 E
b100011110 ;
16
#5770000
b0 )
b0 B
0+
b100011110 R
b100011110 P
09
06
#5775000
16
#5780000
b1111 )
b1111 B
1+
19
b11110 *
b11110 C
b11110 8
b11110 >
06
#5785000
b100011111 G
b100011111 ,
b100011111 <
b100011111 L
b100011110 !
b100011110 A
b100011110 E
b100011111 ;
16
#5790000
b0 )
b0 B
0+
b100011111 R
b100011111 P
09
06
#5795000
16
#5800000
b1111 )
b1111 B
1+
19
b11111 *
b11111 C
b11111 8
b11111 >
06
#5805000
b100100000 G
b100100000 ,
b100100000 <
b100100000 L
b100011111 !
b100011111 A
b100011111 E
b100100000 ;
16
#5810000
b0 )
b0 B
0+
b100100000 R
b100100000 P
09
06
#5815000
16
#5820000
b1111 )
b1111 B
1+
19
b100000 *
b100000 C
b100000 8
b100000 >
06
#5825000
b100100001 G
b100100001 ,
b100100001 <
b100100001 L
b100100000 !
b100100000 A
b100100000 E
b100100001 ;
16
#5830000
b0 )
b0 B
0+
b100100001 R
b100100001 P
09
06
#5835000
16
#5840000
b1111 )
b1111 B
1+
19
b100001 *
b100001 C
b100001 8
b100001 >
06
#5845000
b100100010 G
b100100010 ,
b100100010 <
b100100010 L
b100100001 !
b100100001 A
b100100001 E
b100100010 ;
16
#5850000
b0 )
b0 B
0+
b100100010 R
b100100010 P
09
06
#5855000
16
#5860000
b1111 )
b1111 B
1+
19
b100010 *
b100010 C
b100010 8
b100010 >
06
#5865000
b100100011 G
b100100011 ,
b100100011 <
b100100011 L
b100100010 !
b100100010 A
b100100010 E
b100100011 ;
16
#5870000
b0 )
b0 B
0+
b100100011 R
b100100011 P
09
06
#5875000
16
#5880000
b1111 )
b1111 B
1+
19
b100011 *
b100011 C
b100011 8
b100011 >
06
#5885000
b100100100 G
b100100100 ,
b100100100 <
b100100100 L
b100100011 !
b100100011 A
b100100011 E
b100100100 ;
16
#5890000
b0 )
b0 B
0+
b100100100 R
b100100100 P
09
06
#5895000
16
#5900000
b1111 )
b1111 B
1+
19
b100100 *
b100100 C
b100100 8
b100100 >
06
#5905000
b100100101 G
b100100101 ,
b100100101 <
b100100101 L
b100100100 !
b100100100 A
b100100100 E
b100100101 ;
16
#5910000
b0 )
b0 B
0+
b100100101 R
b100100101 P
09
06
#5915000
16
#5920000
b1111 )
b1111 B
1+
19
b100101 *
b100101 C
b100101 8
b100101 >
06
#5925000
b100100110 G
b100100110 ,
b100100110 <
b100100110 L
b100100101 !
b100100101 A
b100100101 E
b100100110 ;
16
#5930000
b0 )
b0 B
0+
b100100110 R
b100100110 P
09
06
#5935000
16
#5940000
b1111 )
b1111 B
1+
19
b100110 *
b100110 C
b100110 8
b100110 >
06
#5945000
b100100111 G
b100100111 ,
b100100111 <
b100100111 L
b100100110 !
b100100110 A
b100100110 E
b100100111 ;
16
#5950000
b0 )
b0 B
0+
b100100111 R
b100100111 P
09
06
#5955000
16
#5960000
b1111 )
b1111 B
1+
19
b100111 *
b100111 C
b100111 8
b100111 >
06
#5965000
b100101000 G
b100101000 ,
b100101000 <
b100101000 L
b100100111 !
b100100111 A
b100100111 E
b100101000 ;
16
#5970000
b0 )
b0 B
0+
b100101000 R
b100101000 P
09
06
#5975000
16
#5980000
b1111 )
b1111 B
1+
19
b101000 *
b101000 C
b101000 8
b101000 >
06
#5985000
b100101001 G
b100101001 ,
b100101001 <
b100101001 L
b100101000 !
b100101000 A
b100101000 E
b100101001 ;
16
#5990000
b0 )
b0 B
0+
b100101001 R
b100101001 P
09
06
#5995000
16
#6000000
b1111 )
b1111 B
1+
19
b101001 *
b101001 C
b101001 8
b101001 >
06
#6005000
b100101010 G
b100101010 ,
b100101010 <
b100101010 L
b100101001 !
b100101001 A
b100101001 E
b100101010 ;
16
#6010000
b0 )
b0 B
0+
b100101010 R
b100101010 P
09
06
#6015000
16
#6020000
b1111 )
b1111 B
1+
19
b101010 *
b101010 C
b101010 8
b101010 >
06
#6025000
b100101011 G
b100101011 ,
b100101011 <
b100101011 L
b100101010 !
b100101010 A
b100101010 E
b100101011 ;
16
#6030000
b0 )
b0 B
0+
b100101011 R
b100101011 P
09
06
#6035000
16
#6040000
b1111 )
b1111 B
1+
19
b101011 *
b101011 C
b101011 8
b101011 >
06
#6045000
b100101100 G
b100101100 ,
b100101100 <
b100101100 L
b100101011 !
b100101011 A
b100101011 E
b100101100 ;
16
#6050000
b0 )
b0 B
0+
b100101100 R
b100101100 P
09
06
#6055000
16
#6060000
b1111 )
b1111 B
1+
19
b101100 *
b101100 C
b101100 8
b101100 >
06
#6065000
b100101101 G
b100101101 ,
b100101101 <
b100101101 L
b100101100 !
b100101100 A
b100101100 E
b100101101 ;
16
#6070000
b0 )
b0 B
0+
b100101101 R
b100101101 P
09
06
#6075000
16
#6080000
b1111 )
b1111 B
1+
19
b101101 *
b101101 C
b101101 8
b101101 >
06
#6085000
b100101110 G
b100101110 ,
b100101110 <
b100101110 L
b100101101 !
b100101101 A
b100101101 E
b100101110 ;
16
#6090000
b0 )
b0 B
0+
b100101110 R
b100101110 P
09
06
#6095000
16
#6100000
b1111 )
b1111 B
1+
19
b101110 *
b101110 C
b101110 8
b101110 >
06
#6105000
b100101111 G
b100101111 ,
b100101111 <
b100101111 L
b100101110 !
b100101110 A
b100101110 E
b100101111 ;
16
#6110000
b0 )
b0 B
0+
b100101111 R
b100101111 P
09
06
#6115000
16
#6120000
b1111 )
b1111 B
1+
19
b101111 *
b101111 C
b101111 8
b101111 >
06
#6125000
b100110000 G
b100110000 ,
b100110000 <
b100110000 L
b100101111 !
b100101111 A
b100101111 E
b100110000 ;
16
#6130000
b0 )
b0 B
0+
b100110000 R
b100110000 P
09
06
#6135000
16
#6140000
b1111 )
b1111 B
1+
19
b110000 *
b110000 C
b110000 8
b110000 >
06
#6145000
b100110001 G
b100110001 ,
b100110001 <
b100110001 L
b100110000 !
b100110000 A
b100110000 E
b100110001 ;
16
#6150000
b0 )
b0 B
0+
b100110001 R
b100110001 P
09
06
#6155000
16
#6160000
b1111 )
b1111 B
1+
19
b110001 *
b110001 C
b110001 8
b110001 >
06
#6165000
b100110010 G
b100110010 ,
b100110010 <
b100110010 L
b100110001 !
b100110001 A
b100110001 E
b100110010 ;
16
#6170000
b0 )
b0 B
0+
b100110010 R
b100110010 P
09
06
#6175000
16
#6180000
b1111 )
b1111 B
1+
19
b110010 *
b110010 C
b110010 8
b110010 >
06
#6185000
b100110011 G
b100110011 ,
b100110011 <
b100110011 L
b100110010 !
b100110010 A
b100110010 E
b100110011 ;
16
#6190000
b0 )
b0 B
0+
b100110011 R
b100110011 P
09
06
#6195000
16
#6200000
b1111 )
b1111 B
1+
19
b110011 *
b110011 C
b110011 8
b110011 >
06
#6205000
b100110100 G
b100110100 ,
b100110100 <
b100110100 L
b100110011 !
b100110011 A
b100110011 E
b100110100 ;
16
#6210000
b0 )
b0 B
0+
b100110100 R
b100110100 P
09
06
#6215000
16
#6220000
b1111 )
b1111 B
1+
19
b110100 *
b110100 C
b110100 8
b110100 >
06
#6225000
b100110101 G
b100110101 ,
b100110101 <
b100110101 L
b100110100 !
b100110100 A
b100110100 E
b100110101 ;
16
#6230000
b0 )
b0 B
0+
b100110101 R
b100110101 P
09
06
#6235000
16
#6240000
b1111 )
b1111 B
1+
19
b110101 *
b110101 C
b110101 8
b110101 >
06
#6245000
b100110110 G
b100110110 ,
b100110110 <
b100110110 L
b100110101 !
b100110101 A
b100110101 E
b100110110 ;
16
#6250000
b0 )
b0 B
0+
b100110110 R
b100110110 P
09
06
#6255000
16
#6260000
b1111 )
b1111 B
1+
19
b110110 *
b110110 C
b110110 8
b110110 >
06
#6265000
b100110111 G
b100110111 ,
b100110111 <
b100110111 L
b100110110 !
b100110110 A
b100110110 E
b100110111 ;
16
#6270000
b0 )
b0 B
0+
b100110111 R
b100110111 P
09
06
#6275000
16
#6280000
b1111 )
b1111 B
1+
19
b110111 *
b110111 C
b110111 8
b110111 >
06
#6285000
b100111000 G
b100111000 ,
b100111000 <
b100111000 L
b100110111 !
b100110111 A
b100110111 E
b100111000 ;
16
#6290000
b0 )
b0 B
0+
b100111000 R
b100111000 P
09
06
#6295000
16
#6300000
b1111 )
b1111 B
1+
19
b111000 *
b111000 C
b111000 8
b111000 >
06
#6305000
b100111001 G
b100111001 ,
b100111001 <
b100111001 L
b100111000 !
b100111000 A
b100111000 E
b100111001 ;
16
#6310000
b0 )
b0 B
0+
b100111001 R
b100111001 P
09
06
#6315000
16
#6320000
b1111 )
b1111 B
1+
19
b111001 *
b111001 C
b111001 8
b111001 >
06
#6325000
b100111010 G
b100111010 ,
b100111010 <
b100111010 L
b100111001 !
b100111001 A
b100111001 E
b100111010 ;
16
#6330000
b0 )
b0 B
0+
b100111010 R
b100111010 P
09
06
#6335000
16
#6340000
b1111 )
b1111 B
1+
19
b111010 *
b111010 C
b111010 8
b111010 >
06
#6345000
b100111011 G
b100111011 ,
b100111011 <
b100111011 L
b100111010 !
b100111010 A
b100111010 E
b100111011 ;
16
#6350000
b0 )
b0 B
0+
b100111011 R
b100111011 P
09
06
#6355000
16
#6360000
b1111 )
b1111 B
1+
19
b111011 *
b111011 C
b111011 8
b111011 >
06
#6365000
b100111100 G
b100111100 ,
b100111100 <
b100111100 L
b100111011 !
b100111011 A
b100111011 E
b100111100 ;
16
#6370000
b0 )
b0 B
0+
b100111100 R
b100111100 P
09
06
#6375000
16
#6380000
b1111 )
b1111 B
1+
19
b111100 *
b111100 C
b111100 8
b111100 >
06
#6385000
b100111101 G
b100111101 ,
b100111101 <
b100111101 L
b100111100 !
b100111100 A
b100111100 E
b100111101 ;
16
#6390000
b0 )
b0 B
0+
b100111101 R
b100111101 P
09
06
#6395000
16
#6400000
b1111 )
b1111 B
1+
19
b111101 *
b111101 C
b111101 8
b111101 >
06
#6405000
b100111110 G
b100111110 ,
b100111110 <
b100111110 L
b100111101 !
b100111101 A
b100111101 E
b100111110 ;
16
#6410000
b0 )
b0 B
0+
b100111110 R
b100111110 P
09
06
#6415000
16
#6420000
b1111 )
b1111 B
1+
19
b111110 *
b111110 C
b111110 8
b111110 >
06
#6425000
b100111111 G
b100111111 ,
b100111111 <
b100111111 L
b100111110 !
b100111110 A
b100111110 E
b100111111 ;
16
#6430000
b0 )
b0 B
0+
b100111111 R
b100111111 P
09
06
#6435000
16
#6440000
b1111 )
b1111 B
1+
19
b111111 *
b111111 C
b111111 8
b111111 >
06
#6445000
b101000000 G
b101000000 ,
b101000000 <
b101000000 L
b100111111 !
b100111111 A
b100111111 E
b101000000 ;
16
#6450000
b0 )
b0 B
0+
b101000000 R
b101000000 P
09
06
#6455000
16
#6460000
b1111 )
b1111 B
1+
19
b1000000 *
b1000000 C
b1000000 8
b1000000 >
06
#6465000
b101000001 G
b101000001 ,
b101000001 <
b101000001 L
b101000000 !
b101000000 A
b101000000 E
b101000001 ;
16
#6470000
b0 )
b0 B
0+
b101000001 R
b101000001 P
09
06
#6475000
16
#6480000
b1111 )
b1111 B
1+
19
b1000001 *
b1000001 C
b1000001 8
b1000001 >
06
#6485000
b101000010 G
b101000010 ,
b101000010 <
b101000010 L
b101000001 !
b101000001 A
b101000001 E
b101000010 ;
16
#6490000
b0 )
b0 B
0+
b101000010 R
b101000010 P
09
06
#6495000
16
#6500000
b1111 )
b1111 B
1+
19
b1000010 *
b1000010 C
b1000010 8
b1000010 >
06
#6505000
b101000011 G
b101000011 ,
b101000011 <
b101000011 L
b101000010 !
b101000010 A
b101000010 E
b101000011 ;
16
#6510000
b0 )
b0 B
0+
b101000011 R
b101000011 P
09
06
#6515000
16
#6520000
b1111 )
b1111 B
1+
19
b1000011 *
b1000011 C
b1000011 8
b1000011 >
06
#6525000
b101000100 G
b101000100 ,
b101000100 <
b101000100 L
b101000011 !
b101000011 A
b101000011 E
b101000100 ;
16
#6530000
b0 )
b0 B
0+
b101000100 R
b101000100 P
09
06
#6535000
16
#6540000
b1111 )
b1111 B
1+
19
b1000100 *
b1000100 C
b1000100 8
b1000100 >
06
#6545000
b101000101 G
b101000101 ,
b101000101 <
b101000101 L
b101000100 !
b101000100 A
b101000100 E
b101000101 ;
16
#6550000
b0 )
b0 B
0+
b101000101 R
b101000101 P
09
06
#6555000
16
#6560000
b1111 )
b1111 B
1+
19
b1000101 *
b1000101 C
b1000101 8
b1000101 >
06
#6565000
b101000110 G
b101000110 ,
b101000110 <
b101000110 L
b101000101 !
b101000101 A
b101000101 E
b101000110 ;
16
#6570000
b0 )
b0 B
0+
b101000110 R
b101000110 P
09
06
#6575000
16
#6580000
b1111 )
b1111 B
1+
19
b1000110 *
b1000110 C
b1000110 8
b1000110 >
06
#6585000
b101000111 G
b101000111 ,
b101000111 <
b101000111 L
b101000110 !
b101000110 A
b101000110 E
b101000111 ;
16
#6590000
b0 )
b0 B
0+
b101000111 R
b101000111 P
09
06
#6595000
16
#6600000
b1111 )
b1111 B
1+
19
b1000111 *
b1000111 C
b1000111 8
b1000111 >
06
#6605000
b101001000 G
b101001000 ,
b101001000 <
b101001000 L
b101000111 !
b101000111 A
b101000111 E
b101001000 ;
16
#6610000
b0 )
b0 B
0+
b101001000 R
b101001000 P
09
06
#6615000
16
#6620000
b1111 )
b1111 B
1+
19
b1001000 *
b1001000 C
b1001000 8
b1001000 >
06
#6625000
b101001001 G
b101001001 ,
b101001001 <
b101001001 L
b101001000 !
b101001000 A
b101001000 E
b101001001 ;
16
#6630000
b0 )
b0 B
0+
b101001001 R
b101001001 P
09
06
#6635000
16
#6640000
b1111 )
b1111 B
1+
19
b1001001 *
b1001001 C
b1001001 8
b1001001 >
06
#6645000
b101001010 G
b101001010 ,
b101001010 <
b101001010 L
b101001001 !
b101001001 A
b101001001 E
b101001010 ;
16
#6650000
b0 )
b0 B
0+
b101001010 R
b101001010 P
09
06
#6655000
16
#6660000
b1111 )
b1111 B
1+
19
b1001010 *
b1001010 C
b1001010 8
b1001010 >
06
#6665000
b101001011 G
b101001011 ,
b101001011 <
b101001011 L
b101001010 !
b101001010 A
b101001010 E
b101001011 ;
16
#6670000
b0 )
b0 B
0+
b101001011 R
b101001011 P
09
06
#6675000
16
#6680000
b1111 )
b1111 B
1+
19
b1001011 *
b1001011 C
b1001011 8
b1001011 >
06
#6685000
b101001100 G
b101001100 ,
b101001100 <
b101001100 L
b101001011 !
b101001011 A
b101001011 E
b101001100 ;
16
#6690000
b0 )
b0 B
0+
b101001100 R
b101001100 P
09
06
#6695000
16
#6700000
b1111 )
b1111 B
1+
19
b1001100 *
b1001100 C
b1001100 8
b1001100 >
06
#6705000
b101001101 G
b101001101 ,
b101001101 <
b101001101 L
b101001100 !
b101001100 A
b101001100 E
b101001101 ;
16
#6710000
b0 )
b0 B
0+
b101001101 R
b101001101 P
09
06
#6715000
16
#6720000
b1111 )
b1111 B
1+
19
b1001101 *
b1001101 C
b1001101 8
b1001101 >
06
#6725000
b101001110 G
b101001110 ,
b101001110 <
b101001110 L
b101001101 !
b101001101 A
b101001101 E
b101001110 ;
16
#6730000
b0 )
b0 B
0+
b101001110 R
b101001110 P
09
06
#6735000
16
#6740000
b1111 )
b1111 B
1+
19
b1001110 *
b1001110 C
b1001110 8
b1001110 >
06
#6745000
b101001111 G
b101001111 ,
b101001111 <
b101001111 L
b101001110 !
b101001110 A
b101001110 E
b101001111 ;
16
#6750000
b0 )
b0 B
0+
b101001111 R
b101001111 P
09
06
#6755000
16
#6760000
b1111 )
b1111 B
1+
19
b1001111 *
b1001111 C
b1001111 8
b1001111 >
06
#6765000
b101010000 G
b101010000 ,
b101010000 <
b101010000 L
b101001111 !
b101001111 A
b101001111 E
b101010000 ;
16
#6770000
b0 )
b0 B
0+
b101010000 R
b101010000 P
09
06
#6775000
16
#6780000
b1111 )
b1111 B
1+
19
b1010000 *
b1010000 C
b1010000 8
b1010000 >
06
#6785000
b101010001 G
b101010001 ,
b101010001 <
b101010001 L
b101010000 !
b101010000 A
b101010000 E
b101010001 ;
16
#6790000
b0 )
b0 B
0+
b101010001 R
b101010001 P
09
06
#6795000
16
#6800000
b1111 )
b1111 B
1+
19
b1010001 *
b1010001 C
b1010001 8
b1010001 >
06
#6805000
b101010010 G
b101010010 ,
b101010010 <
b101010010 L
b101010001 !
b101010001 A
b101010001 E
b101010010 ;
16
#6810000
b0 )
b0 B
0+
b101010010 R
b101010010 P
09
06
#6815000
16
#6820000
b1111 )
b1111 B
1+
19
b1010010 *
b1010010 C
b1010010 8
b1010010 >
06
#6825000
b101010011 G
b101010011 ,
b101010011 <
b101010011 L
b101010010 !
b101010010 A
b101010010 E
b101010011 ;
16
#6830000
b0 )
b0 B
0+
b101010011 R
b101010011 P
09
06
#6835000
16
#6840000
b1111 )
b1111 B
1+
19
b1010011 *
b1010011 C
b1010011 8
b1010011 >
06
#6845000
b101010100 G
b101010100 ,
b101010100 <
b101010100 L
b101010011 !
b101010011 A
b101010011 E
b101010100 ;
16
#6850000
b0 )
b0 B
0+
b101010100 R
b101010100 P
09
06
#6855000
16
#6860000
b1111 )
b1111 B
1+
19
b1010100 *
b1010100 C
b1010100 8
b1010100 >
06
#6865000
b101010101 G
b101010101 ,
b101010101 <
b101010101 L
b101010100 !
b101010100 A
b101010100 E
b101010101 ;
16
#6870000
b0 )
b0 B
0+
b101010101 R
b101010101 P
09
06
#6875000
16
#6880000
b1111 )
b1111 B
1+
19
b1010101 *
b1010101 C
b1010101 8
b1010101 >
06
#6885000
b101010110 G
b101010110 ,
b101010110 <
b101010110 L
b101010101 !
b101010101 A
b101010101 E
b101010110 ;
16
#6890000
b0 )
b0 B
0+
b101010110 R
b101010110 P
09
06
#6895000
16
#6900000
b1111 )
b1111 B
1+
19
b1010110 *
b1010110 C
b1010110 8
b1010110 >
06
#6905000
b101010111 G
b101010111 ,
b101010111 <
b101010111 L
b101010110 !
b101010110 A
b101010110 E
b101010111 ;
16
#6910000
b0 )
b0 B
0+
b101010111 R
b101010111 P
09
06
#6915000
16
#6920000
b1111 )
b1111 B
1+
19
b1010111 *
b1010111 C
b1010111 8
b1010111 >
06
#6925000
b101011000 G
b101011000 ,
b101011000 <
b101011000 L
b101010111 !
b101010111 A
b101010111 E
b101011000 ;
16
#6930000
b0 )
b0 B
0+
b101011000 R
b101011000 P
09
06
#6935000
16
#6940000
b1111 )
b1111 B
1+
19
b1011000 *
b1011000 C
b1011000 8
b1011000 >
06
#6945000
b101011001 G
b101011001 ,
b101011001 <
b101011001 L
b101011000 !
b101011000 A
b101011000 E
b101011001 ;
16
#6950000
b0 )
b0 B
0+
b101011001 R
b101011001 P
09
06
#6955000
16
#6960000
b1111 )
b1111 B
1+
19
b1011001 *
b1011001 C
b1011001 8
b1011001 >
06
#6965000
b101011010 G
b101011010 ,
b101011010 <
b101011010 L
b101011001 !
b101011001 A
b101011001 E
b101011010 ;
16
#6970000
b0 )
b0 B
0+
b101011010 R
b101011010 P
09
06
#6975000
16
#6980000
b1111 )
b1111 B
1+
19
b1011010 *
b1011010 C
b1011010 8
b1011010 >
06
#6985000
b101011011 G
b101011011 ,
b101011011 <
b101011011 L
b101011010 !
b101011010 A
b101011010 E
b101011011 ;
16
#6990000
b0 )
b0 B
0+
b101011011 R
b101011011 P
09
06
#6995000
16
#7000000
b1111 )
b1111 B
1+
19
b1011011 *
b1011011 C
b1011011 8
b1011011 >
06
#7005000
b101011100 G
b101011100 ,
b101011100 <
b101011100 L
b101011011 !
b101011011 A
b101011011 E
b101011100 ;
16
#7010000
b0 )
b0 B
0+
b101011100 R
b101011100 P
09
06
#7015000
16
#7020000
b1111 )
b1111 B
1+
19
b1011100 *
b1011100 C
b1011100 8
b1011100 >
06
#7025000
b101011101 G
b101011101 ,
b101011101 <
b101011101 L
b101011100 !
b101011100 A
b101011100 E
b101011101 ;
16
#7030000
b0 )
b0 B
0+
b101011101 R
b101011101 P
09
06
#7035000
16
#7040000
b1111 )
b1111 B
1+
19
b1011101 *
b1011101 C
b1011101 8
b1011101 >
06
#7045000
b101011110 G
b101011110 ,
b101011110 <
b101011110 L
b101011101 !
b101011101 A
b101011101 E
b101011110 ;
16
#7050000
b0 )
b0 B
0+
b101011110 R
b101011110 P
09
06
#7055000
16
#7060000
b1111 )
b1111 B
1+
19
b1011110 *
b1011110 C
b1011110 8
b1011110 >
06
#7065000
b101011111 G
b101011111 ,
b101011111 <
b101011111 L
b101011110 !
b101011110 A
b101011110 E
b101011111 ;
16
#7070000
b0 )
b0 B
0+
b101011111 R
b101011111 P
09
06
#7075000
16
#7080000
b1111 )
b1111 B
1+
19
b1011111 *
b1011111 C
b1011111 8
b1011111 >
06
#7085000
b101100000 G
b101100000 ,
b101100000 <
b101100000 L
b101011111 !
b101011111 A
b101011111 E
b101100000 ;
16
#7090000
b0 )
b0 B
0+
b101100000 R
b101100000 P
09
06
#7095000
16
#7100000
b1111 )
b1111 B
1+
19
b1100000 *
b1100000 C
b1100000 8
b1100000 >
06
#7105000
b101100001 G
b101100001 ,
b101100001 <
b101100001 L
b101100000 !
b101100000 A
b101100000 E
b101100001 ;
16
#7110000
b0 )
b0 B
0+
b101100001 R
b101100001 P
09
06
#7115000
16
#7120000
b1111 )
b1111 B
1+
19
b1100001 *
b1100001 C
b1100001 8
b1100001 >
06
#7125000
b101100010 G
b101100010 ,
b101100010 <
b101100010 L
b101100001 !
b101100001 A
b101100001 E
b101100010 ;
16
#7130000
b0 )
b0 B
0+
b101100010 R
b101100010 P
09
06
#7135000
16
#7140000
b1111 )
b1111 B
1+
19
b1100010 *
b1100010 C
b1100010 8
b1100010 >
06
#7145000
b101100011 G
b101100011 ,
b101100011 <
b101100011 L
b101100010 !
b101100010 A
b101100010 E
b101100011 ;
16
#7150000
b0 )
b0 B
0+
b101100011 R
b101100011 P
09
06
#7155000
16
#7160000
b1111 )
b1111 B
1+
19
b1100011 *
b1100011 C
b1100011 8
b1100011 >
06
#7165000
b101100100 G
b101100100 ,
b101100100 <
b101100100 L
b101100011 !
b101100011 A
b101100011 E
b101100100 ;
16
#7170000
b0 )
b0 B
0+
b101100100 R
b101100100 P
09
06
#7175000
16
#7180000
b1111 )
b1111 B
1+
19
b1100100 *
b1100100 C
b1100100 8
b1100100 >
06
#7185000
b101100101 G
b101100101 ,
b101100101 <
b101100101 L
b101100100 !
b101100100 A
b101100100 E
b101100101 ;
16
#7190000
b0 )
b0 B
0+
b101100101 R
b101100101 P
09
06
#7195000
16
#7200000
b1111 )
b1111 B
1+
19
b1100101 *
b1100101 C
b1100101 8
b1100101 >
06
#7205000
b101100110 G
b101100110 ,
b101100110 <
b101100110 L
b101100101 !
b101100101 A
b101100101 E
b101100110 ;
16
#7210000
b0 )
b0 B
0+
b101100110 R
b101100110 P
09
06
#7215000
16
#7220000
b1111 )
b1111 B
1+
19
b1100110 *
b1100110 C
b1100110 8
b1100110 >
06
#7225000
b101100111 G
b101100111 ,
b101100111 <
b101100111 L
b101100110 !
b101100110 A
b101100110 E
b101100111 ;
16
#7230000
b0 )
b0 B
0+
b101100111 R
b101100111 P
09
06
#7235000
16
#7240000
b1111 )
b1111 B
1+
19
b1100111 *
b1100111 C
b1100111 8
b1100111 >
06
#7245000
b101101000 G
b101101000 ,
b101101000 <
b101101000 L
b101100111 !
b101100111 A
b101100111 E
b101101000 ;
16
#7250000
b0 )
b0 B
0+
b101101000 R
b101101000 P
09
06
#7255000
16
#7260000
b1111 )
b1111 B
1+
19
b1101000 *
b1101000 C
b1101000 8
b1101000 >
06
#7265000
b101101001 G
b101101001 ,
b101101001 <
b101101001 L
b101101000 !
b101101000 A
b101101000 E
b101101001 ;
16
#7270000
b0 )
b0 B
0+
b101101001 R
b101101001 P
09
06
#7275000
16
#7280000
b1111 )
b1111 B
1+
19
b1101001 *
b1101001 C
b1101001 8
b1101001 >
06
#7285000
b101101010 G
b101101010 ,
b101101010 <
b101101010 L
b101101001 !
b101101001 A
b101101001 E
b101101010 ;
16
#7290000
b0 )
b0 B
0+
b101101010 R
b101101010 P
09
06
#7295000
16
#7300000
b1111 )
b1111 B
1+
19
b1101010 *
b1101010 C
b1101010 8
b1101010 >
06
#7305000
b101101011 G
b101101011 ,
b101101011 <
b101101011 L
b101101010 !
b101101010 A
b101101010 E
b101101011 ;
16
#7310000
b0 )
b0 B
0+
b101101011 R
b101101011 P
09
06
#7315000
16
#7320000
b1111 )
b1111 B
1+
19
b1101011 *
b1101011 C
b1101011 8
b1101011 >
06
#7325000
b101101100 G
b101101100 ,
b101101100 <
b101101100 L
b101101011 !
b101101011 A
b101101011 E
b101101100 ;
16
#7330000
b0 )
b0 B
0+
b101101100 R
b101101100 P
09
06
#7335000
16
#7340000
b1111 )
b1111 B
1+
19
b1101100 *
b1101100 C
b1101100 8
b1101100 >
06
#7345000
b101101101 G
b101101101 ,
b101101101 <
b101101101 L
b101101100 !
b101101100 A
b101101100 E
b101101101 ;
16
#7350000
b0 )
b0 B
0+
b101101101 R
b101101101 P
09
06
#7355000
16
#7360000
b1111 )
b1111 B
1+
19
b1101101 *
b1101101 C
b1101101 8
b1101101 >
06
#7365000
b101101110 G
b101101110 ,
b101101110 <
b101101110 L
b101101101 !
b101101101 A
b101101101 E
b101101110 ;
16
#7370000
b0 )
b0 B
0+
b101101110 R
b101101110 P
09
06
#7375000
16
#7380000
b1111 )
b1111 B
1+
19
b1101110 *
b1101110 C
b1101110 8
b1101110 >
06
#7385000
b101101111 G
b101101111 ,
b101101111 <
b101101111 L
b101101110 !
b101101110 A
b101101110 E
b101101111 ;
16
#7390000
b0 )
b0 B
0+
b101101111 R
b101101111 P
09
06
#7395000
16
#7400000
b1111 )
b1111 B
1+
19
b1101111 *
b1101111 C
b1101111 8
b1101111 >
06
#7405000
b101110000 G
b101110000 ,
b101110000 <
b101110000 L
b101101111 !
b101101111 A
b101101111 E
b101110000 ;
16
#7410000
b0 )
b0 B
0+
b101110000 R
b101110000 P
09
06
#7415000
16
#7420000
b1111 )
b1111 B
1+
19
b1110000 *
b1110000 C
b1110000 8
b1110000 >
06
#7425000
b101110001 G
b101110001 ,
b101110001 <
b101110001 L
b101110000 !
b101110000 A
b101110000 E
b101110001 ;
16
#7430000
b0 )
b0 B
0+
b101110001 R
b101110001 P
09
06
#7435000
16
#7440000
b1111 )
b1111 B
1+
19
b1110001 *
b1110001 C
b1110001 8
b1110001 >
06
#7445000
b101110010 G
b101110010 ,
b101110010 <
b101110010 L
b101110001 !
b101110001 A
b101110001 E
b101110010 ;
16
#7450000
b0 )
b0 B
0+
b101110010 R
b101110010 P
09
06
#7455000
16
#7460000
b1111 )
b1111 B
1+
19
b1110010 *
b1110010 C
b1110010 8
b1110010 >
06
#7465000
b101110011 G
b101110011 ,
b101110011 <
b101110011 L
b101110010 !
b101110010 A
b101110010 E
b101110011 ;
16
#7470000
b0 )
b0 B
0+
b101110011 R
b101110011 P
09
06
#7475000
16
#7480000
b1111 )
b1111 B
1+
19
b1110011 *
b1110011 C
b1110011 8
b1110011 >
06
#7485000
b101110100 G
b101110100 ,
b101110100 <
b101110100 L
b101110011 !
b101110011 A
b101110011 E
b101110100 ;
16
#7490000
b0 )
b0 B
0+
b101110100 R
b101110100 P
09
06
#7495000
16
#7500000
b1111 )
b1111 B
1+
19
b1110100 *
b1110100 C
b1110100 8
b1110100 >
06
#7505000
b101110101 G
b101110101 ,
b101110101 <
b101110101 L
b101110100 !
b101110100 A
b101110100 E
b101110101 ;
16
#7510000
b0 )
b0 B
0+
b101110101 R
b101110101 P
09
06
#7515000
16
#7520000
b1111 )
b1111 B
1+
19
b1110101 *
b1110101 C
b1110101 8
b1110101 >
06
#7525000
b101110110 G
b101110110 ,
b101110110 <
b101110110 L
b101110101 !
b101110101 A
b101110101 E
b101110110 ;
16
#7530000
b0 )
b0 B
0+
b101110110 R
b101110110 P
09
06
#7535000
16
#7540000
b1111 )
b1111 B
1+
19
b1110110 *
b1110110 C
b1110110 8
b1110110 >
06
#7545000
b101110111 G
b101110111 ,
b101110111 <
b101110111 L
b101110110 !
b101110110 A
b101110110 E
b101110111 ;
16
#7550000
b0 )
b0 B
0+
b101110111 R
b101110111 P
09
06
#7555000
16
#7560000
b1111 )
b1111 B
1+
19
b1110111 *
b1110111 C
b1110111 8
b1110111 >
06
#7565000
b101111000 G
b101111000 ,
b101111000 <
b101111000 L
b101110111 !
b101110111 A
b101110111 E
b101111000 ;
16
#7570000
b0 )
b0 B
0+
b101111000 R
b101111000 P
09
06
#7575000
16
#7580000
b1111 )
b1111 B
1+
19
b1111000 *
b1111000 C
b1111000 8
b1111000 >
06
#7585000
b101111001 G
b101111001 ,
b101111001 <
b101111001 L
b101111000 !
b101111000 A
b101111000 E
b101111001 ;
16
#7590000
b0 )
b0 B
0+
b101111001 R
b101111001 P
09
06
#7595000
16
#7600000
b1111 )
b1111 B
1+
19
b1111001 *
b1111001 C
b1111001 8
b1111001 >
06
#7605000
b101111010 G
b101111010 ,
b101111010 <
b101111010 L
b101111001 !
b101111001 A
b101111001 E
b101111010 ;
16
#7610000
b0 )
b0 B
0+
b101111010 R
b101111010 P
09
06
#7615000
16
#7620000
b1111 )
b1111 B
1+
19
b1111010 *
b1111010 C
b1111010 8
b1111010 >
06
#7625000
b101111011 G
b101111011 ,
b101111011 <
b101111011 L
b101111010 !
b101111010 A
b101111010 E
b101111011 ;
16
#7630000
b0 )
b0 B
0+
b101111011 R
b101111011 P
09
06
#7635000
16
#7640000
b1111 )
b1111 B
1+
19
b1111011 *
b1111011 C
b1111011 8
b1111011 >
06
#7645000
b101111100 G
b101111100 ,
b101111100 <
b101111100 L
b101111011 !
b101111011 A
b101111011 E
b101111100 ;
16
#7650000
b0 )
b0 B
0+
b101111100 R
b101111100 P
09
06
#7655000
16
#7660000
b1111 )
b1111 B
1+
19
b1111100 *
b1111100 C
b1111100 8
b1111100 >
06
#7665000
b101111101 G
b101111101 ,
b101111101 <
b101111101 L
b101111100 !
b101111100 A
b101111100 E
b101111101 ;
16
#7670000
b0 )
b0 B
0+
b101111101 R
b101111101 P
09
06
#7675000
16
#7680000
b1111 )
b1111 B
1+
19
b1111101 *
b1111101 C
b1111101 8
b1111101 >
06
#7685000
b101111110 G
b101111110 ,
b101111110 <
b101111110 L
b101111101 !
b101111101 A
b101111101 E
b101111110 ;
16
#7690000
b0 )
b0 B
0+
b101111110 R
b101111110 P
09
06
#7695000
16
#7700000
b1111 )
b1111 B
1+
19
b1111110 *
b1111110 C
b1111110 8
b1111110 >
06
#7705000
b101111111 G
b101111111 ,
b101111111 <
b101111111 L
b101111110 !
b101111110 A
b101111110 E
b101111111 ;
16
#7710000
b0 )
b0 B
0+
b101111111 R
b101111111 P
09
06
#7715000
16
#7720000
b1111 )
b1111 B
1+
19
b1111111 *
b1111111 C
b1111111 8
b1111111 >
06
#7725000
b110000000 G
b110000000 ,
b110000000 <
b110000000 L
b101111111 !
b101111111 A
b101111111 E
b110000000 ;
16
#7730000
b0 )
b0 B
0+
b110000000 R
b110000000 P
09
06
#7735000
16
#7740000
b1111 )
b1111 B
1+
19
b10000000 *
b10000000 C
b10000000 8
b10000000 >
06
#7745000
b110000001 G
b110000001 ,
b110000001 <
b110000001 L
b110000000 !
b110000000 A
b110000000 E
b110000001 ;
16
#7750000
b0 )
b0 B
0+
b110000001 R
b110000001 P
09
06
#7755000
16
#7760000
b1111 )
b1111 B
1+
19
b10000001 *
b10000001 C
b10000001 8
b10000001 >
06
#7765000
b110000010 G
b110000010 ,
b110000010 <
b110000010 L
b110000001 !
b110000001 A
b110000001 E
b110000010 ;
16
#7770000
b0 )
b0 B
0+
b110000010 R
b110000010 P
09
06
#7775000
16
#7780000
b1111 )
b1111 B
1+
19
b10000010 *
b10000010 C
b10000010 8
b10000010 >
06
#7785000
b110000011 G
b110000011 ,
b110000011 <
b110000011 L
b110000010 !
b110000010 A
b110000010 E
b110000011 ;
16
#7790000
b0 )
b0 B
0+
b110000011 R
b110000011 P
09
06
#7795000
16
#7800000
b1111 )
b1111 B
1+
19
b10000011 *
b10000011 C
b10000011 8
b10000011 >
06
#7805000
b110000100 G
b110000100 ,
b110000100 <
b110000100 L
b110000011 !
b110000011 A
b110000011 E
b110000100 ;
16
#7810000
b0 )
b0 B
0+
b110000100 R
b110000100 P
09
06
#7815000
16
#7820000
b1111 )
b1111 B
1+
19
b10000100 *
b10000100 C
b10000100 8
b10000100 >
06
#7825000
b110000101 G
b110000101 ,
b110000101 <
b110000101 L
b110000100 !
b110000100 A
b110000100 E
b110000101 ;
16
#7830000
b0 )
b0 B
0+
b110000101 R
b110000101 P
09
06
#7835000
16
#7840000
b1111 )
b1111 B
1+
19
b10000101 *
b10000101 C
b10000101 8
b10000101 >
06
#7845000
b110000110 G
b110000110 ,
b110000110 <
b110000110 L
b110000101 !
b110000101 A
b110000101 E
b110000110 ;
16
#7850000
b0 )
b0 B
0+
b110000110 R
b110000110 P
09
06
#7855000
16
#7860000
b1111 )
b1111 B
1+
19
b10000110 *
b10000110 C
b10000110 8
b10000110 >
06
#7865000
b110000111 G
b110000111 ,
b110000111 <
b110000111 L
b110000110 !
b110000110 A
b110000110 E
b110000111 ;
16
#7870000
b0 )
b0 B
0+
b110000111 R
b110000111 P
09
06
#7875000
16
#7880000
b1111 )
b1111 B
1+
19
b10000111 *
b10000111 C
b10000111 8
b10000111 >
06
#7885000
b110001000 G
b110001000 ,
b110001000 <
b110001000 L
b110000111 !
b110000111 A
b110000111 E
b110001000 ;
16
#7890000
b0 )
b0 B
0+
b110001000 R
b110001000 P
09
06
#7895000
16
#7900000
b1111 )
b1111 B
1+
19
b10001000 *
b10001000 C
b10001000 8
b10001000 >
06
#7905000
b110001001 G
b110001001 ,
b110001001 <
b110001001 L
b110001000 !
b110001000 A
b110001000 E
b110001001 ;
16
#7910000
b0 )
b0 B
0+
b110001001 R
b110001001 P
09
06
#7915000
16
#7920000
b1111 )
b1111 B
1+
19
b10001001 *
b10001001 C
b10001001 8
b10001001 >
06
#7925000
b110001010 G
b110001010 ,
b110001010 <
b110001010 L
b110001001 !
b110001001 A
b110001001 E
b110001010 ;
16
#7930000
b0 )
b0 B
0+
b110001010 R
b110001010 P
09
06
#7935000
16
#7940000
b1111 )
b1111 B
1+
19
b10001010 *
b10001010 C
b10001010 8
b10001010 >
06
#7945000
b110001011 G
b110001011 ,
b110001011 <
b110001011 L
b110001010 !
b110001010 A
b110001010 E
b110001011 ;
16
#7950000
b0 )
b0 B
0+
b110001011 R
b110001011 P
09
06
#7955000
16
#7960000
b1111 )
b1111 B
1+
19
b10001011 *
b10001011 C
b10001011 8
b10001011 >
06
#7965000
b110001100 G
b110001100 ,
b110001100 <
b110001100 L
b110001011 !
b110001011 A
b110001011 E
b110001100 ;
16
#7970000
b0 )
b0 B
0+
b110001100 R
b110001100 P
09
06
#7975000
16
#7980000
b1111 )
b1111 B
1+
19
b10001100 *
b10001100 C
b10001100 8
b10001100 >
06
#7985000
b110001101 G
b110001101 ,
b110001101 <
b110001101 L
b110001100 !
b110001100 A
b110001100 E
b110001101 ;
16
#7990000
b0 )
b0 B
0+
b110001101 R
b110001101 P
09
06
#7995000
16
#8000000
b1111 )
b1111 B
1+
19
b10001101 *
b10001101 C
b10001101 8
b10001101 >
06
#8005000
b110001110 G
b110001110 ,
b110001110 <
b110001110 L
b110001101 !
b110001101 A
b110001101 E
b110001110 ;
16
#8010000
b0 )
b0 B
0+
b110001110 R
b110001110 P
09
06
#8015000
16
#8020000
b1111 )
b1111 B
1+
19
b10001110 *
b10001110 C
b10001110 8
b10001110 >
06
#8025000
b110001111 G
b110001111 ,
b110001111 <
b110001111 L
b110001110 !
b110001110 A
b110001110 E
b110001111 ;
16
#8030000
b0 )
b0 B
0+
b110001111 R
b110001111 P
09
06
#8035000
16
#8040000
b1111 )
b1111 B
1+
19
b10001111 *
b10001111 C
b10001111 8
b10001111 >
06
#8045000
b110010000 G
b110010000 ,
b110010000 <
b110010000 L
b110001111 !
b110001111 A
b110001111 E
b110010000 ;
16
#8050000
b0 )
b0 B
0+
b110010000 R
b110010000 P
09
06
#8055000
16
#8060000
b1111 )
b1111 B
1+
19
b10010000 *
b10010000 C
b10010000 8
b10010000 >
06
#8065000
b110010001 G
b110010001 ,
b110010001 <
b110010001 L
b110010000 !
b110010000 A
b110010000 E
b110010001 ;
16
#8070000
b0 )
b0 B
0+
b110010001 R
b110010001 P
09
06
#8075000
16
#8080000
b1111 )
b1111 B
1+
19
b10010001 *
b10010001 C
b10010001 8
b10010001 >
06
#8085000
b110010010 G
b110010010 ,
b110010010 <
b110010010 L
b110010001 !
b110010001 A
b110010001 E
b110010010 ;
16
#8090000
b0 )
b0 B
0+
b110010010 R
b110010010 P
09
06
#8095000
16
#8100000
b1111 )
b1111 B
1+
19
b10010010 *
b10010010 C
b10010010 8
b10010010 >
06
#8105000
b110010011 G
b110010011 ,
b110010011 <
b110010011 L
b110010010 !
b110010010 A
b110010010 E
b110010011 ;
16
#8110000
b0 )
b0 B
0+
b110010011 R
b110010011 P
09
06
#8115000
16
#8120000
b1111 )
b1111 B
1+
19
b10010011 *
b10010011 C
b10010011 8
b10010011 >
06
#8125000
b110010100 G
b110010100 ,
b110010100 <
b110010100 L
b110010011 !
b110010011 A
b110010011 E
b110010100 ;
16
#8130000
b0 )
b0 B
0+
b110010100 R
b110010100 P
09
06
#8135000
16
#8140000
b1111 )
b1111 B
1+
19
b10010100 *
b10010100 C
b10010100 8
b10010100 >
06
#8145000
b110010101 G
b110010101 ,
b110010101 <
b110010101 L
b110010100 !
b110010100 A
b110010100 E
b110010101 ;
16
#8150000
b0 )
b0 B
0+
b110010101 R
b110010101 P
09
06
#8155000
16
#8160000
b1111 )
b1111 B
1+
19
b10010101 *
b10010101 C
b10010101 8
b10010101 >
06
#8165000
b110010110 G
b110010110 ,
b110010110 <
b110010110 L
b110010101 !
b110010101 A
b110010101 E
b110010110 ;
16
#8170000
b0 )
b0 B
0+
b110010110 R
b110010110 P
09
06
#8175000
16
#8180000
b1111 )
b1111 B
1+
19
b10010110 *
b10010110 C
b10010110 8
b10010110 >
06
#8185000
b110010111 G
b110010111 ,
b110010111 <
b110010111 L
b110010110 !
b110010110 A
b110010110 E
b110010111 ;
16
#8190000
b0 )
b0 B
0+
b110010111 R
b110010111 P
09
06
#8195000
16
#8200000
b1111 )
b1111 B
1+
19
b10010111 *
b10010111 C
b10010111 8
b10010111 >
06
#8205000
b110011000 G
b110011000 ,
b110011000 <
b110011000 L
b110010111 !
b110010111 A
b110010111 E
b110011000 ;
16
#8210000
b0 )
b0 B
0+
b110011000 R
b110011000 P
09
06
#8215000
16
#8220000
b1111 )
b1111 B
1+
19
b10011000 *
b10011000 C
b10011000 8
b10011000 >
06
#8225000
b110011001 G
b110011001 ,
b110011001 <
b110011001 L
b110011000 !
b110011000 A
b110011000 E
b110011001 ;
16
#8230000
b0 )
b0 B
0+
b110011001 R
b110011001 P
09
06
#8235000
16
#8240000
b1111 )
b1111 B
1+
19
b10011001 *
b10011001 C
b10011001 8
b10011001 >
06
#8245000
b110011010 G
b110011010 ,
b110011010 <
b110011010 L
b110011001 !
b110011001 A
b110011001 E
b110011010 ;
16
#8250000
b0 )
b0 B
0+
b110011010 R
b110011010 P
09
06
#8255000
16
#8260000
b1111 )
b1111 B
1+
19
b10011010 *
b10011010 C
b10011010 8
b10011010 >
06
#8265000
b110011011 G
b110011011 ,
b110011011 <
b110011011 L
b110011010 !
b110011010 A
b110011010 E
b110011011 ;
16
#8270000
b0 )
b0 B
0+
b110011011 R
b110011011 P
09
06
#8275000
16
#8280000
b1111 )
b1111 B
1+
19
b10011011 *
b10011011 C
b10011011 8
b10011011 >
06
#8285000
b110011100 G
b110011100 ,
b110011100 <
b110011100 L
b110011011 !
b110011011 A
b110011011 E
b110011100 ;
16
#8290000
b0 )
b0 B
0+
b110011100 R
b110011100 P
09
06
#8295000
16
#8300000
b1111 )
b1111 B
1+
19
b10011100 *
b10011100 C
b10011100 8
b10011100 >
06
#8305000
b110011101 G
b110011101 ,
b110011101 <
b110011101 L
b110011100 !
b110011100 A
b110011100 E
b110011101 ;
16
#8310000
b0 )
b0 B
0+
b110011101 R
b110011101 P
09
06
#8315000
16
#8320000
b1111 )
b1111 B
1+
19
b10011101 *
b10011101 C
b10011101 8
b10011101 >
06
#8325000
b110011110 G
b110011110 ,
b110011110 <
b110011110 L
b110011101 !
b110011101 A
b110011101 E
b110011110 ;
16
#8330000
b0 )
b0 B
0+
b110011110 R
b110011110 P
09
06
#8335000
16
#8340000
b1111 )
b1111 B
1+
19
b10011110 *
b10011110 C
b10011110 8
b10011110 >
06
#8345000
b110011111 G
b110011111 ,
b110011111 <
b110011111 L
b110011110 !
b110011110 A
b110011110 E
b110011111 ;
16
#8350000
b0 )
b0 B
0+
b110011111 R
b110011111 P
09
06
#8355000
16
#8360000
b1111 )
b1111 B
1+
19
b10011111 *
b10011111 C
b10011111 8
b10011111 >
06
#8365000
b110100000 G
b110100000 ,
b110100000 <
b110100000 L
b110011111 !
b110011111 A
b110011111 E
b110100000 ;
16
#8370000
b0 )
b0 B
0+
b110100000 R
b110100000 P
09
06
#8375000
16
#8380000
b1111 )
b1111 B
1+
19
b10100000 *
b10100000 C
b10100000 8
b10100000 >
06
#8385000
b110100001 G
b110100001 ,
b110100001 <
b110100001 L
b110100000 !
b110100000 A
b110100000 E
b110100001 ;
16
#8390000
b0 )
b0 B
0+
b110100001 R
b110100001 P
09
06
#8395000
16
#8400000
b1111 )
b1111 B
1+
19
b10100001 *
b10100001 C
b10100001 8
b10100001 >
06
#8405000
b110100010 G
b110100010 ,
b110100010 <
b110100010 L
b110100001 !
b110100001 A
b110100001 E
b110100010 ;
16
#8410000
b0 )
b0 B
0+
b110100010 R
b110100010 P
09
06
#8415000
16
#8420000
b1111 )
b1111 B
1+
19
b10100010 *
b10100010 C
b10100010 8
b10100010 >
06
#8425000
b110100011 G
b110100011 ,
b110100011 <
b110100011 L
b110100010 !
b110100010 A
b110100010 E
b110100011 ;
16
#8430000
b0 )
b0 B
0+
b110100011 R
b110100011 P
09
06
#8435000
16
#8440000
b1111 )
b1111 B
1+
19
b10100011 *
b10100011 C
b10100011 8
b10100011 >
06
#8445000
b110100100 G
b110100100 ,
b110100100 <
b110100100 L
b110100011 !
b110100011 A
b110100011 E
b110100100 ;
16
#8450000
b0 )
b0 B
0+
b110100100 R
b110100100 P
09
06
#8455000
16
#8460000
b1111 )
b1111 B
1+
19
b10100100 *
b10100100 C
b10100100 8
b10100100 >
06
#8465000
b110100101 G
b110100101 ,
b110100101 <
b110100101 L
b110100100 !
b110100100 A
b110100100 E
b110100101 ;
16
#8470000
b0 )
b0 B
0+
b110100101 R
b110100101 P
09
06
#8475000
16
#8480000
b1111 )
b1111 B
1+
19
b10100101 *
b10100101 C
b10100101 8
b10100101 >
06
#8485000
b110100110 G
b110100110 ,
b110100110 <
b110100110 L
b110100101 !
b110100101 A
b110100101 E
b110100110 ;
16
#8490000
b0 )
b0 B
0+
b110100110 R
b110100110 P
09
06
#8495000
16
#8500000
b1111 )
b1111 B
1+
19
b10100110 *
b10100110 C
b10100110 8
b10100110 >
06
#8505000
b110100111 G
b110100111 ,
b110100111 <
b110100111 L
b110100110 !
b110100110 A
b110100110 E
b110100111 ;
16
#8510000
b0 )
b0 B
0+
b110100111 R
b110100111 P
09
06
#8515000
16
#8520000
b1111 )
b1111 B
1+
19
b10100111 *
b10100111 C
b10100111 8
b10100111 >
06
#8525000
b110101000 G
b110101000 ,
b110101000 <
b110101000 L
b110100111 !
b110100111 A
b110100111 E
b110101000 ;
16
#8530000
b0 )
b0 B
0+
b110101000 R
b110101000 P
09
06
#8535000
16
#8540000
b1111 )
b1111 B
1+
19
b10101000 *
b10101000 C
b10101000 8
b10101000 >
06
#8545000
b110101001 G
b110101001 ,
b110101001 <
b110101001 L
b110101000 !
b110101000 A
b110101000 E
b110101001 ;
16
#8550000
b0 )
b0 B
0+
b110101001 R
b110101001 P
09
06
#8555000
16
#8560000
b1111 )
b1111 B
1+
19
b10101001 *
b10101001 C
b10101001 8
b10101001 >
06
#8565000
b110101010 G
b110101010 ,
b110101010 <
b110101010 L
b110101001 !
b110101001 A
b110101001 E
b110101010 ;
16
#8570000
b0 )
b0 B
0+
b110101010 R
b110101010 P
09
06
#8575000
16
#8580000
b1111 )
b1111 B
1+
19
b10101010 *
b10101010 C
b10101010 8
b10101010 >
06
#8585000
b110101011 G
b110101011 ,
b110101011 <
b110101011 L
b110101010 !
b110101010 A
b110101010 E
b110101011 ;
16
#8590000
b0 )
b0 B
0+
b110101011 R
b110101011 P
09
06
#8595000
16
#8600000
b1111 )
b1111 B
1+
19
b10101011 *
b10101011 C
b10101011 8
b10101011 >
06
#8605000
b110101100 G
b110101100 ,
b110101100 <
b110101100 L
b110101011 !
b110101011 A
b110101011 E
b110101100 ;
16
#8610000
b0 )
b0 B
0+
b110101100 R
b110101100 P
09
06
#8615000
16
#8620000
b1111 )
b1111 B
1+
19
b10101100 *
b10101100 C
b10101100 8
b10101100 >
06
#8625000
b110101101 G
b110101101 ,
b110101101 <
b110101101 L
b110101100 !
b110101100 A
b110101100 E
b110101101 ;
16
#8630000
b0 )
b0 B
0+
b110101101 R
b110101101 P
09
06
#8635000
16
#8640000
b1111 )
b1111 B
1+
19
b10101101 *
b10101101 C
b10101101 8
b10101101 >
06
#8645000
b110101110 G
b110101110 ,
b110101110 <
b110101110 L
b110101101 !
b110101101 A
b110101101 E
b110101110 ;
16
#8650000
b0 )
b0 B
0+
b110101110 R
b110101110 P
09
06
#8655000
16
#8660000
b1111 )
b1111 B
1+
19
b10101110 *
b10101110 C
b10101110 8
b10101110 >
06
#8665000
b110101111 G
b110101111 ,
b110101111 <
b110101111 L
b110101110 !
b110101110 A
b110101110 E
b110101111 ;
16
#8670000
b0 )
b0 B
0+
b110101111 R
b110101111 P
09
06
#8675000
16
#8680000
b1111 )
b1111 B
1+
19
b10101111 *
b10101111 C
b10101111 8
b10101111 >
06
#8685000
b110110000 G
b110110000 ,
b110110000 <
b110110000 L
b110101111 !
b110101111 A
b110101111 E
b110110000 ;
16
#8690000
b0 )
b0 B
0+
b110110000 R
b110110000 P
09
06
#8695000
16
#8700000
b1111 )
b1111 B
1+
19
b10110000 *
b10110000 C
b10110000 8
b10110000 >
06
#8705000
b110110001 G
b110110001 ,
b110110001 <
b110110001 L
b110110000 !
b110110000 A
b110110000 E
b110110001 ;
16
#8710000
b0 )
b0 B
0+
b110110001 R
b110110001 P
09
06
#8715000
16
#8720000
b1111 )
b1111 B
1+
19
b10110001 *
b10110001 C
b10110001 8
b10110001 >
06
#8725000
b110110010 G
b110110010 ,
b110110010 <
b110110010 L
b110110001 !
b110110001 A
b110110001 E
b110110010 ;
16
#8730000
b0 )
b0 B
0+
b110110010 R
b110110010 P
09
06
#8735000
16
#8740000
b1111 )
b1111 B
1+
19
b10110010 *
b10110010 C
b10110010 8
b10110010 >
06
#8745000
b110110011 G
b110110011 ,
b110110011 <
b110110011 L
b110110010 !
b110110010 A
b110110010 E
b110110011 ;
16
#8750000
b0 )
b0 B
0+
b110110011 R
b110110011 P
09
06
#8755000
16
#8760000
b1111 )
b1111 B
1+
19
b10110011 *
b10110011 C
b10110011 8
b10110011 >
06
#8765000
b110110100 G
b110110100 ,
b110110100 <
b110110100 L
b110110011 !
b110110011 A
b110110011 E
b110110100 ;
16
#8770000
b0 )
b0 B
0+
b110110100 R
b110110100 P
09
06
#8775000
16
#8780000
b1111 )
b1111 B
1+
19
b10110100 *
b10110100 C
b10110100 8
b10110100 >
06
#8785000
b110110101 G
b110110101 ,
b110110101 <
b110110101 L
b110110100 !
b110110100 A
b110110100 E
b110110101 ;
16
#8790000
b0 )
b0 B
0+
b110110101 R
b110110101 P
09
06
#8795000
16
#8800000
b1111 )
b1111 B
1+
19
b10110101 *
b10110101 C
b10110101 8
b10110101 >
06
#8805000
b110110110 G
b110110110 ,
b110110110 <
b110110110 L
b110110101 !
b110110101 A
b110110101 E
b110110110 ;
16
#8810000
b0 )
b0 B
0+
b110110110 R
b110110110 P
09
06
#8815000
16
#8820000
b1111 )
b1111 B
1+
19
b10110110 *
b10110110 C
b10110110 8
b10110110 >
06
#8825000
b110110111 G
b110110111 ,
b110110111 <
b110110111 L
b110110110 !
b110110110 A
b110110110 E
b110110111 ;
16
#8830000
b0 )
b0 B
0+
b110110111 R
b110110111 P
09
06
#8835000
16
#8840000
b1111 )
b1111 B
1+
19
b10110111 *
b10110111 C
b10110111 8
b10110111 >
06
#8845000
b110111000 G
b110111000 ,
b110111000 <
b110111000 L
b110110111 !
b110110111 A
b110110111 E
b110111000 ;
16
#8850000
b0 )
b0 B
0+
b110111000 R
b110111000 P
09
06
#8855000
16
#8860000
b1111 )
b1111 B
1+
19
b10111000 *
b10111000 C
b10111000 8
b10111000 >
06
#8865000
b110111001 G
b110111001 ,
b110111001 <
b110111001 L
b110111000 !
b110111000 A
b110111000 E
b110111001 ;
16
#8870000
b0 )
b0 B
0+
b110111001 R
b110111001 P
09
06
#8875000
16
#8880000
b1111 )
b1111 B
1+
19
b10111001 *
b10111001 C
b10111001 8
b10111001 >
06
#8885000
b110111010 G
b110111010 ,
b110111010 <
b110111010 L
b110111001 !
b110111001 A
b110111001 E
b110111010 ;
16
#8890000
b0 )
b0 B
0+
b110111010 R
b110111010 P
09
06
#8895000
16
#8900000
b1111 )
b1111 B
1+
19
b10111010 *
b10111010 C
b10111010 8
b10111010 >
06
#8905000
b110111011 G
b110111011 ,
b110111011 <
b110111011 L
b110111010 !
b110111010 A
b110111010 E
b110111011 ;
16
#8910000
b0 )
b0 B
0+
b110111011 R
b110111011 P
09
06
#8915000
16
#8920000
b1111 )
b1111 B
1+
19
b10111011 *
b10111011 C
b10111011 8
b10111011 >
06
#8925000
b110111100 G
b110111100 ,
b110111100 <
b110111100 L
b110111011 !
b110111011 A
b110111011 E
b110111100 ;
16
#8930000
b0 )
b0 B
0+
b110111100 R
b110111100 P
09
06
#8935000
16
#8940000
b1111 )
b1111 B
1+
19
b10111100 *
b10111100 C
b10111100 8
b10111100 >
06
#8945000
b110111101 G
b110111101 ,
b110111101 <
b110111101 L
b110111100 !
b110111100 A
b110111100 E
b110111101 ;
16
#8950000
b0 )
b0 B
0+
b110111101 R
b110111101 P
09
06
#8955000
16
#8960000
b1111 )
b1111 B
1+
19
b10111101 *
b10111101 C
b10111101 8
b10111101 >
06
#8965000
b110111110 G
b110111110 ,
b110111110 <
b110111110 L
b110111101 !
b110111101 A
b110111101 E
b110111110 ;
16
#8970000
b0 )
b0 B
0+
b110111110 R
b110111110 P
09
06
#8975000
16
#8980000
b1111 )
b1111 B
1+
19
b10111110 *
b10111110 C
b10111110 8
b10111110 >
06
#8985000
b110111111 G
b110111111 ,
b110111111 <
b110111111 L
b110111110 !
b110111110 A
b110111110 E
b110111111 ;
16
#8990000
b0 )
b0 B
0+
b110111111 R
b110111111 P
09
06
#8995000
16
#9000000
b1111 )
b1111 B
1+
19
b10111111 *
b10111111 C
b10111111 8
b10111111 >
06
#9005000
b111000000 G
b111000000 ,
b111000000 <
b111000000 L
b110111111 !
b110111111 A
b110111111 E
b111000000 ;
16
#9010000
b0 )
b0 B
0+
b111000000 R
b111000000 P
09
06
#9015000
16
#9020000
b1111 )
b1111 B
1+
19
b11000000 *
b11000000 C
b11000000 8
b11000000 >
06
#9025000
b111000001 G
b111000001 ,
b111000001 <
b111000001 L
b111000000 !
b111000000 A
b111000000 E
b111000001 ;
16
#9030000
b0 )
b0 B
0+
b111000001 R
b111000001 P
09
06
#9035000
16
#9040000
b1111 )
b1111 B
1+
19
b11000001 *
b11000001 C
b11000001 8
b11000001 >
06
#9045000
b111000010 G
b111000010 ,
b111000010 <
b111000010 L
b111000001 !
b111000001 A
b111000001 E
b111000010 ;
16
#9050000
b0 )
b0 B
0+
b111000010 R
b111000010 P
09
06
#9055000
16
#9060000
b1111 )
b1111 B
1+
19
b11000010 *
b11000010 C
b11000010 8
b11000010 >
06
#9065000
b111000011 G
b111000011 ,
b111000011 <
b111000011 L
b111000010 !
b111000010 A
b111000010 E
b111000011 ;
16
#9070000
b0 )
b0 B
0+
b111000011 R
b111000011 P
09
06
#9075000
16
#9080000
b1111 )
b1111 B
1+
19
b11000011 *
b11000011 C
b11000011 8
b11000011 >
06
#9085000
b111000100 G
b111000100 ,
b111000100 <
b111000100 L
b111000011 !
b111000011 A
b111000011 E
b111000100 ;
16
#9090000
b0 )
b0 B
0+
b111000100 R
b111000100 P
09
06
#9095000
16
#9100000
b1111 )
b1111 B
1+
19
b11000100 *
b11000100 C
b11000100 8
b11000100 >
06
#9105000
b111000101 G
b111000101 ,
b111000101 <
b111000101 L
b111000100 !
b111000100 A
b111000100 E
b111000101 ;
16
#9110000
b0 )
b0 B
0+
b111000101 R
b111000101 P
09
06
#9115000
16
#9120000
b1111 )
b1111 B
1+
19
b11000101 *
b11000101 C
b11000101 8
b11000101 >
06
#9125000
b111000110 G
b111000110 ,
b111000110 <
b111000110 L
b111000101 !
b111000101 A
b111000101 E
b111000110 ;
16
#9130000
b0 )
b0 B
0+
b111000110 R
b111000110 P
09
06
#9135000
16
#9140000
b1111 )
b1111 B
1+
19
b11000110 *
b11000110 C
b11000110 8
b11000110 >
06
#9145000
b111000111 G
b111000111 ,
b111000111 <
b111000111 L
b111000110 !
b111000110 A
b111000110 E
b111000111 ;
16
#9150000
b0 )
b0 B
0+
b111000111 R
b111000111 P
09
06
#9155000
16
#9160000
b1111 )
b1111 B
1+
19
b11000111 *
b11000111 C
b11000111 8
b11000111 >
06
#9165000
b111001000 G
b111001000 ,
b111001000 <
b111001000 L
b111000111 !
b111000111 A
b111000111 E
b111001000 ;
16
#9170000
b0 )
b0 B
0+
b111001000 R
b111001000 P
09
06
#9175000
16
#9180000
b1111 )
b1111 B
1+
19
b11001000 *
b11001000 C
b11001000 8
b11001000 >
06
#9185000
b111001001 G
b111001001 ,
b111001001 <
b111001001 L
b111001000 !
b111001000 A
b111001000 E
b111001001 ;
16
#9190000
b0 )
b0 B
0+
b111001001 R
b111001001 P
09
06
#9195000
16
#9200000
b1111 )
b1111 B
1+
19
b11001001 *
b11001001 C
b11001001 8
b11001001 >
06
#9205000
b111001010 G
b111001010 ,
b111001010 <
b111001010 L
b111001001 !
b111001001 A
b111001001 E
b111001010 ;
16
#9210000
b0 )
b0 B
0+
b111001010 R
b111001010 P
09
06
#9215000
16
#9220000
b1111 )
b1111 B
1+
19
b11001010 *
b11001010 C
b11001010 8
b11001010 >
06
#9225000
b111001011 G
b111001011 ,
b111001011 <
b111001011 L
b111001010 !
b111001010 A
b111001010 E
b111001011 ;
16
#9230000
b0 )
b0 B
0+
b111001011 R
b111001011 P
09
06
#9235000
16
#9240000
b1111 )
b1111 B
1+
19
b11001011 *
b11001011 C
b11001011 8
b11001011 >
06
#9245000
b111001100 G
b111001100 ,
b111001100 <
b111001100 L
b111001011 !
b111001011 A
b111001011 E
b111001100 ;
16
#9250000
b0 )
b0 B
0+
b111001100 R
b111001100 P
09
06
#9255000
16
#9260000
b1111 )
b1111 B
1+
19
b11001100 *
b11001100 C
b11001100 8
b11001100 >
06
#9265000
b111001101 G
b111001101 ,
b111001101 <
b111001101 L
b111001100 !
b111001100 A
b111001100 E
b111001101 ;
16
#9270000
b0 )
b0 B
0+
b111001101 R
b111001101 P
09
06
#9275000
16
#9280000
b1111 )
b1111 B
1+
19
b11001101 *
b11001101 C
b11001101 8
b11001101 >
06
#9285000
b111001110 G
b111001110 ,
b111001110 <
b111001110 L
b111001101 !
b111001101 A
b111001101 E
b111001110 ;
16
#9290000
b0 )
b0 B
0+
b111001110 R
b111001110 P
09
06
#9295000
16
#9300000
b1111 )
b1111 B
1+
19
b11001110 *
b11001110 C
b11001110 8
b11001110 >
06
#9305000
b111001111 G
b111001111 ,
b111001111 <
b111001111 L
b111001110 !
b111001110 A
b111001110 E
b111001111 ;
16
#9310000
b0 )
b0 B
0+
b111001111 R
b111001111 P
09
06
#9315000
16
#9320000
b1111 )
b1111 B
1+
19
b11001111 *
b11001111 C
b11001111 8
b11001111 >
06
#9325000
b111010000 G
b111010000 ,
b111010000 <
b111010000 L
b111001111 !
b111001111 A
b111001111 E
b111010000 ;
16
#9330000
b0 )
b0 B
0+
b111010000 R
b111010000 P
09
06
#9335000
16
#9340000
b1111 )
b1111 B
1+
19
b11010000 *
b11010000 C
b11010000 8
b11010000 >
06
#9345000
b111010001 G
b111010001 ,
b111010001 <
b111010001 L
b111010000 !
b111010000 A
b111010000 E
b111010001 ;
16
#9350000
b0 )
b0 B
0+
b111010001 R
b111010001 P
09
06
#9355000
16
#9360000
b1111 )
b1111 B
1+
19
b11010001 *
b11010001 C
b11010001 8
b11010001 >
06
#9365000
b111010010 G
b111010010 ,
b111010010 <
b111010010 L
b111010001 !
b111010001 A
b111010001 E
b111010010 ;
16
#9370000
b0 )
b0 B
0+
b111010010 R
b111010010 P
09
06
#9375000
16
#9380000
b1111 )
b1111 B
1+
19
b11010010 *
b11010010 C
b11010010 8
b11010010 >
06
#9385000
b111010011 G
b111010011 ,
b111010011 <
b111010011 L
b111010010 !
b111010010 A
b111010010 E
b111010011 ;
16
#9390000
b0 )
b0 B
0+
b111010011 R
b111010011 P
09
06
#9395000
16
#9400000
b1111 )
b1111 B
1+
19
b11010011 *
b11010011 C
b11010011 8
b11010011 >
06
#9405000
b111010100 G
b111010100 ,
b111010100 <
b111010100 L
b111010011 !
b111010011 A
b111010011 E
b111010100 ;
16
#9410000
b0 )
b0 B
0+
b111010100 R
b111010100 P
09
06
#9415000
16
#9420000
b1111 )
b1111 B
1+
19
b11010100 *
b11010100 C
b11010100 8
b11010100 >
06
#9425000
b111010101 G
b111010101 ,
b111010101 <
b111010101 L
b111010100 !
b111010100 A
b111010100 E
b111010101 ;
16
#9430000
b0 )
b0 B
0+
b111010101 R
b111010101 P
09
06
#9435000
16
#9440000
b1111 )
b1111 B
1+
19
b11010101 *
b11010101 C
b11010101 8
b11010101 >
06
#9445000
b111010110 G
b111010110 ,
b111010110 <
b111010110 L
b111010101 !
b111010101 A
b111010101 E
b111010110 ;
16
#9450000
b0 )
b0 B
0+
b111010110 R
b111010110 P
09
06
#9455000
16
#9460000
b1111 )
b1111 B
1+
19
b11010110 *
b11010110 C
b11010110 8
b11010110 >
06
#9465000
b111010111 G
b111010111 ,
b111010111 <
b111010111 L
b111010110 !
b111010110 A
b111010110 E
b111010111 ;
16
#9470000
b0 )
b0 B
0+
b111010111 R
b111010111 P
09
06
#9475000
16
#9480000
b1111 )
b1111 B
1+
19
b11010111 *
b11010111 C
b11010111 8
b11010111 >
06
#9485000
b111011000 G
b111011000 ,
b111011000 <
b111011000 L
b111010111 !
b111010111 A
b111010111 E
b111011000 ;
16
#9490000
b0 )
b0 B
0+
b111011000 R
b111011000 P
09
06
#9495000
16
#9500000
b1111 )
b1111 B
1+
19
b11011000 *
b11011000 C
b11011000 8
b11011000 >
06
#9505000
b111011001 G
b111011001 ,
b111011001 <
b111011001 L
b111011000 !
b111011000 A
b111011000 E
b111011001 ;
16
#9510000
b0 )
b0 B
0+
b111011001 R
b111011001 P
09
06
#9515000
16
#9520000
b1111 )
b1111 B
1+
19
b11011001 *
b11011001 C
b11011001 8
b11011001 >
06
#9525000
b111011010 G
b111011010 ,
b111011010 <
b111011010 L
b111011001 !
b111011001 A
b111011001 E
b111011010 ;
16
#9530000
b0 )
b0 B
0+
b111011010 R
b111011010 P
09
06
#9535000
16
#9540000
b1111 )
b1111 B
1+
19
b11011010 *
b11011010 C
b11011010 8
b11011010 >
06
#9545000
b111011011 G
b111011011 ,
b111011011 <
b111011011 L
b111011010 !
b111011010 A
b111011010 E
b111011011 ;
16
#9550000
b0 )
b0 B
0+
b111011011 R
b111011011 P
09
06
#9555000
16
#9560000
b1111 )
b1111 B
1+
19
b11011011 *
b11011011 C
b11011011 8
b11011011 >
06
#9565000
b111011100 G
b111011100 ,
b111011100 <
b111011100 L
b111011011 !
b111011011 A
b111011011 E
b111011100 ;
16
#9570000
b0 )
b0 B
0+
b111011100 R
b111011100 P
09
06
#9575000
16
#9580000
b1111 )
b1111 B
1+
19
b11011100 *
b11011100 C
b11011100 8
b11011100 >
06
#9585000
b111011101 G
b111011101 ,
b111011101 <
b111011101 L
b111011100 !
b111011100 A
b111011100 E
b111011101 ;
16
#9590000
b0 )
b0 B
0+
b111011101 R
b111011101 P
09
06
#9595000
16
#9600000
b1111 )
b1111 B
1+
19
b11011101 *
b11011101 C
b11011101 8
b11011101 >
06
#9605000
b111011110 G
b111011110 ,
b111011110 <
b111011110 L
b111011101 !
b111011101 A
b111011101 E
b111011110 ;
16
#9610000
b0 )
b0 B
0+
b111011110 R
b111011110 P
09
06
#9615000
16
#9620000
b1111 )
b1111 B
1+
19
b11011110 *
b11011110 C
b11011110 8
b11011110 >
06
#9625000
b111011111 G
b111011111 ,
b111011111 <
b111011111 L
b111011110 !
b111011110 A
b111011110 E
b111011111 ;
16
#9630000
b0 )
b0 B
0+
b111011111 R
b111011111 P
09
06
#9635000
16
#9640000
b1111 )
b1111 B
1+
19
b11011111 *
b11011111 C
b11011111 8
b11011111 >
06
#9645000
b111100000 G
b111100000 ,
b111100000 <
b111100000 L
b111011111 !
b111011111 A
b111011111 E
b111100000 ;
16
#9650000
b0 )
b0 B
0+
b111100000 R
b111100000 P
09
06
#9655000
16
#9660000
b1111 )
b1111 B
1+
19
b11100000 *
b11100000 C
b11100000 8
b11100000 >
06
#9665000
b111100001 G
b111100001 ,
b111100001 <
b111100001 L
b111100000 !
b111100000 A
b111100000 E
b111100001 ;
16
#9670000
b0 )
b0 B
0+
b111100001 R
b111100001 P
09
06
#9675000
16
#9680000
b1111 )
b1111 B
1+
19
b11100001 *
b11100001 C
b11100001 8
b11100001 >
06
#9685000
b111100010 G
b111100010 ,
b111100010 <
b111100010 L
b111100001 !
b111100001 A
b111100001 E
b111100010 ;
16
#9690000
b0 )
b0 B
0+
b111100010 R
b111100010 P
09
06
#9695000
16
#9700000
b1111 )
b1111 B
1+
19
b11100010 *
b11100010 C
b11100010 8
b11100010 >
06
#9705000
b111100011 G
b111100011 ,
b111100011 <
b111100011 L
b111100010 !
b111100010 A
b111100010 E
b111100011 ;
16
#9710000
b0 )
b0 B
0+
b111100011 R
b111100011 P
09
06
#9715000
16
#9720000
b1111 )
b1111 B
1+
19
b11100011 *
b11100011 C
b11100011 8
b11100011 >
06
#9725000
b111100100 G
b111100100 ,
b111100100 <
b111100100 L
b111100011 !
b111100011 A
b111100011 E
b111100100 ;
16
#9730000
b0 )
b0 B
0+
b111100100 R
b111100100 P
09
06
#9735000
16
#9740000
b1111 )
b1111 B
1+
19
b11100100 *
b11100100 C
b11100100 8
b11100100 >
06
#9745000
b111100101 G
b111100101 ,
b111100101 <
b111100101 L
b111100100 !
b111100100 A
b111100100 E
b111100101 ;
16
#9750000
b0 )
b0 B
0+
b111100101 R
b111100101 P
09
06
#9755000
16
#9760000
b1111 )
b1111 B
1+
19
b11100101 *
b11100101 C
b11100101 8
b11100101 >
06
#9765000
b111100110 G
b111100110 ,
b111100110 <
b111100110 L
b111100101 !
b111100101 A
b111100101 E
b111100110 ;
16
#9770000
b0 )
b0 B
0+
b111100110 R
b111100110 P
09
06
#9775000
16
#9780000
b1111 )
b1111 B
1+
19
b11100110 *
b11100110 C
b11100110 8
b11100110 >
06
#9785000
b111100111 G
b111100111 ,
b111100111 <
b111100111 L
b111100110 !
b111100110 A
b111100110 E
b111100111 ;
16
#9790000
b0 )
b0 B
0+
b111100111 R
b111100111 P
09
06
#9795000
16
#9800000
b1111 )
b1111 B
1+
19
b11100111 *
b11100111 C
b11100111 8
b11100111 >
06
#9805000
b111101000 G
b111101000 ,
b111101000 <
b111101000 L
b111100111 !
b111100111 A
b111100111 E
b111101000 ;
16
#9810000
b0 )
b0 B
0+
b111101000 R
b111101000 P
09
06
#9815000
16
#9820000
b1111 )
b1111 B
1+
19
b11101000 *
b11101000 C
b11101000 8
b11101000 >
06
#9825000
b111101001 G
b111101001 ,
b111101001 <
b111101001 L
b111101000 !
b111101000 A
b111101000 E
b111101001 ;
16
#9830000
b0 )
b0 B
0+
b111101001 R
b111101001 P
09
06
#9835000
16
#9840000
b1111 )
b1111 B
1+
19
b11101001 *
b11101001 C
b11101001 8
b11101001 >
06
#9845000
b111101010 G
b111101010 ,
b111101010 <
b111101010 L
b111101001 !
b111101001 A
b111101001 E
b111101010 ;
16
#9850000
b0 )
b0 B
0+
b111101010 R
b111101010 P
09
06
#9855000
16
#9860000
b1111 )
b1111 B
1+
19
b11101010 *
b11101010 C
b11101010 8
b11101010 >
06
#9865000
b111101011 G
b111101011 ,
b111101011 <
b111101011 L
b111101010 !
b111101010 A
b111101010 E
b111101011 ;
16
#9870000
b0 )
b0 B
0+
b111101011 R
b111101011 P
09
06
#9875000
16
#9880000
b1111 )
b1111 B
1+
19
b11101011 *
b11101011 C
b11101011 8
b11101011 >
06
#9885000
b111101100 G
b111101100 ,
b111101100 <
b111101100 L
b111101011 !
b111101011 A
b111101011 E
b111101100 ;
16
#9890000
b0 )
b0 B
0+
b111101100 R
b111101100 P
09
06
#9895000
16
#9900000
b1111 )
b1111 B
1+
19
b11101100 *
b11101100 C
b11101100 8
b11101100 >
06
#9905000
b111101101 G
b111101101 ,
b111101101 <
b111101101 L
b111101100 !
b111101100 A
b111101100 E
b111101101 ;
16
#9910000
b0 )
b0 B
0+
b111101101 R
b111101101 P
09
06
#9915000
16
#9920000
b1111 )
b1111 B
1+
19
b11101101 *
b11101101 C
b11101101 8
b11101101 >
06
#9925000
b111101110 G
b111101110 ,
b111101110 <
b111101110 L
b111101101 !
b111101101 A
b111101101 E
b111101110 ;
16
#9930000
b0 )
b0 B
0+
b111101110 R
b111101110 P
09
06
#9935000
16
#9940000
b1111 )
b1111 B
1+
19
b11101110 *
b11101110 C
b11101110 8
b11101110 >
06
#9945000
b111101111 G
b111101111 ,
b111101111 <
b111101111 L
b111101110 !
b111101110 A
b111101110 E
b111101111 ;
16
#9950000
b0 )
b0 B
0+
b111101111 R
b111101111 P
09
06
#9955000
16
#9960000
b1111 )
b1111 B
1+
19
b11101111 *
b11101111 C
b11101111 8
b11101111 >
06
#9965000
b111110000 G
b111110000 ,
b111110000 <
b111110000 L
b111101111 !
b111101111 A
b111101111 E
b111110000 ;
16
#9970000
b0 )
b0 B
0+
b111110000 R
b111110000 P
09
06
#9975000
16
#9980000
b1111 )
b1111 B
1+
19
b11110000 *
b11110000 C
b11110000 8
b11110000 >
06
#9985000
b111110001 G
b111110001 ,
b111110001 <
b111110001 L
b111110000 !
b111110000 A
b111110000 E
b111110001 ;
16
#9990000
b0 )
b0 B
0+
b111110001 R
b111110001 P
09
06
#9995000
16
#10000000
b1111 )
b1111 B
1+
19
b11110001 *
b11110001 C
b11110001 8
b11110001 >
06
#10005000
b111110010 G
b111110010 ,
b111110010 <
b111110010 L
b111110001 !
b111110001 A
b111110001 E
b111110010 ;
16
#10010000
b0 )
b0 B
0+
b111110010 R
b111110010 P
09
06
#10015000
16
#10020000
b1111 )
b1111 B
1+
19
b11110010 *
b11110010 C
b11110010 8
b11110010 >
06
#10025000
b111110011 G
b111110011 ,
b111110011 <
b111110011 L
b111110010 !
b111110010 A
b111110010 E
b111110011 ;
16
#10030000
b0 )
b0 B
0+
b111110011 R
b111110011 P
09
06
#10035000
16
#10040000
b1111 )
b1111 B
1+
19
b11110011 *
b11110011 C
b11110011 8
b11110011 >
06
#10045000
b111110100 G
b111110100 ,
b111110100 <
b111110100 L
b111110011 !
b111110011 A
b111110011 E
b111110100 ;
16
#10050000
b0 )
b0 B
0+
b111110100 R
b111110100 P
09
06
#10055000
16
#10060000
b1111 )
b1111 B
1+
19
b11110100 *
b11110100 C
b11110100 8
b11110100 >
06
#10065000
b111110101 G
b111110101 ,
b111110101 <
b111110101 L
b111110100 !
b111110100 A
b111110100 E
b111110101 ;
16
#10070000
b0 )
b0 B
0+
b111110101 R
b111110101 P
09
06
#10075000
16
#10080000
b1111 )
b1111 B
1+
19
b11110101 *
b11110101 C
b11110101 8
b11110101 >
06
#10085000
b111110110 G
b111110110 ,
b111110110 <
b111110110 L
b111110101 !
b111110101 A
b111110101 E
b111110110 ;
16
#10090000
b0 )
b0 B
0+
b111110110 R
b111110110 P
09
06
#10095000
16
#10100000
b1111 )
b1111 B
1+
19
b11110110 *
b11110110 C
b11110110 8
b11110110 >
06
#10105000
b111110111 G
b111110111 ,
b111110111 <
b111110111 L
b111110110 !
b111110110 A
b111110110 E
b111110111 ;
16
#10110000
b0 )
b0 B
0+
b111110111 R
b111110111 P
09
06
#10115000
16
#10120000
b1111 )
b1111 B
1+
19
b11110111 *
b11110111 C
b11110111 8
b11110111 >
06
#10125000
b111111000 G
b111111000 ,
b111111000 <
b111111000 L
b111110111 !
b111110111 A
b111110111 E
b111111000 ;
16
#10130000
b0 )
b0 B
0+
b111111000 R
b111111000 P
09
06
#10135000
16
#10140000
b1111 )
b1111 B
1+
19
b11111000 *
b11111000 C
b11111000 8
b11111000 >
06
#10145000
b111111001 G
b111111001 ,
b111111001 <
b111111001 L
b111111000 !
b111111000 A
b111111000 E
b111111001 ;
16
#10150000
b0 )
b0 B
0+
b111111001 R
b111111001 P
09
06
#10155000
16
#10160000
b1111 )
b1111 B
1+
19
b11111001 *
b11111001 C
b11111001 8
b11111001 >
06
#10165000
b111111010 G
b111111010 ,
b111111010 <
b111111010 L
b111111001 !
b111111001 A
b111111001 E
b111111010 ;
16
#10170000
b0 )
b0 B
0+
b111111010 R
b111111010 P
09
06
#10175000
16
#10180000
b1111 )
b1111 B
1+
19
b11111010 *
b11111010 C
b11111010 8
b11111010 >
06
#10185000
b111111011 G
b111111011 ,
b111111011 <
b111111011 L
b111111010 !
b111111010 A
b111111010 E
b111111011 ;
16
#10190000
b0 )
b0 B
0+
b111111011 R
b111111011 P
09
06
#10195000
16
#10200000
b1111 )
b1111 B
1+
19
b11111011 *
b11111011 C
b11111011 8
b11111011 >
06
#10205000
b111111100 G
b111111100 ,
b111111100 <
b111111100 L
b111111011 !
b111111011 A
b111111011 E
b111111100 ;
16
#10210000
b0 )
b0 B
0+
b111111100 R
b111111100 P
09
06
#10215000
16
#10220000
b1111 )
b1111 B
1+
19
b11111100 *
b11111100 C
b11111100 8
b11111100 >
06
#10225000
b111111101 G
b111111101 ,
b111111101 <
b111111101 L
b111111100 !
b111111100 A
b111111100 E
b111111101 ;
16
#10230000
b0 )
b0 B
0+
b111111101 R
b111111101 P
09
06
#10235000
16
#10240000
b1111 )
b1111 B
1+
19
b11111101 *
b11111101 C
b11111101 8
b11111101 >
06
#10245000
b111111110 G
b111111110 ,
b111111110 <
b111111110 L
b111111101 !
b111111101 A
b111111101 E
b111111110 ;
16
#10250000
b0 )
b0 B
0+
b111111110 R
b111111110 P
09
06
#10255000
16
#10260000
b1111 )
b1111 B
1+
19
b11111110 *
b11111110 C
b11111110 8
b11111110 >
06
#10265000
b111111111 G
b111111111 ,
b111111111 <
b111111111 L
b111111110 !
b111111110 A
b111111110 E
b111111111 ;
16
#10270000
b0 )
b0 B
0+
b111111111 R
b111111111 P
09
06
#10275000
16
#10280000
b1111 )
b1111 B
1+
19
b11111111 *
b11111111 C
b11111111 8
b11111111 >
06
#10285000
1%
b10 I
b1000000000 G
b1000000000 ,
b1000000000 <
b1000000000 L
b111111111 !
b111111111 A
b111111111 E
b1000000000 ;
16
#10290000
b0 )
b0 B
0+
b1000000000 R
b1000000000 P
09
06
#10295000
16
#10300000
b1111 )
b1111 B
1+
19
b0 *
b0 C
b0 8
b0 >
06
#10305000
b1000000001 ,
b1000000001 <
b1000000001 L
b1000000000 !
b1000000000 A
b1000000000 E
b1000000001 ;
16
#10310000
b0 )
b0 B
0+
b1 S
b1000000001 P
09
06
#10315000
16
#10320000
b1111 )
b1111 B
1+
19
b1 *
b1 C
b1 8
b1 >
06
#10325000
b1000000010 ,
b1000000010 <
b1000000010 L
b1000000001 !
b1000000001 A
b1000000001 E
b1000000010 ;
16
#10330000
b0 )
b0 B
0+
b10 S
b1000000010 P
09
06
#10335000
16
#10340000
b1111 )
b1111 B
1+
19
b10 *
b10 C
b10 8
b10 >
06
#10345000
b1000000011 ,
b1000000011 <
b1000000011 L
b1000000010 !
b1000000010 A
b1000000010 E
b1000000011 ;
16
#10350000
b0 )
b0 B
0+
b11 S
b1000000011 P
09
06
#10355000
16
#10360000
b1111 )
b1111 B
1+
19
b11 *
b11 C
b11 8
b11 >
06
#10365000
b1000000100 ,
b1000000100 <
b1000000100 L
b1000000011 !
b1000000011 A
b1000000011 E
b1000000100 ;
16
#10370000
b0 )
b0 B
0+
b100 S
b1000000100 P
09
06
#10375000
16
#10380000
b1111 )
b1111 B
1+
19
b100 *
b100 C
b100 8
b100 >
06
#10385000
b1000000101 ,
b1000000101 <
b1000000101 L
b1000000100 !
b1000000100 A
b1000000100 E
b1000000101 ;
16
#10390000
b0 )
b0 B
0+
b101 S
b1000000101 P
09
06
#10395000
16
#10400000
b1111 )
b1111 B
1+
19
b101 *
b101 C
b101 8
b101 >
06
#10405000
b1000000110 ,
b1000000110 <
b1000000110 L
b1000000101 !
b1000000101 A
b1000000101 E
b1000000110 ;
16
#10410000
b0 )
b0 B
0+
b110 S
b1000000110 P
09
06
#10415000
16
#10420000
b1111 )
b1111 B
1+
19
b110 *
b110 C
b110 8
b110 >
06
#10425000
b1000000111 ,
b1000000111 <
b1000000111 L
b1000000110 !
b1000000110 A
b1000000110 E
b1000000111 ;
16
#10430000
b0 )
b0 B
0+
b111 S
b1000000111 P
09
06
#10435000
16
#10440000
1:
06
#10445000
16
#10450000
0:
06
#10455000
16
#10460000
b1111 )
b1111 B
1+
1:
19
b111 *
b111 C
b111 8
b111 >
06
#10465000
b11 I
1"
1K
b1 F
b1000000111 #
b1000000111 @
b1000000111 J
b1000001000 ,
b1000001000 <
b1000001000 L
b1000000111 !
b1000000111 A
b1000000111 E
b1000001000 ;
16
#10470000
b0 )
b0 B
0+
b1000001000 P
0:
09
06
#10475000
16
#10480000
b1111 )
b1111 B
1+
19
b1000 *
b1000 C
b1000 8
b1000 >
06
#10485000
b10 F
b1000001001 ,
b1000001001 <
b1000001001 L
b1000001000 !
b1000001000 A
b1000001000 E
b1000001001 ;
16
#10490000
b0 )
b0 B
0+
b1 T
b1000001001 P
09
06
#10495000
16
#10500000
b1111 )
b1111 B
1+
19
b1001 *
b1001 C
b1001 8
b1001 >
06
#10505000
b11 F
b1000001010 ,
b1000001010 <
b1000001010 L
b1000001001 !
b1000001001 A
b1000001001 E
b1000001010 ;
16
#10510000
b0 )
b0 B
0+
b10 T
b1000001010 P
09
06
#10515000
16
#10520000
b1111 )
b1111 B
1+
19
b1010 *
b1010 C
b1010 8
b1010 >
06
#10525000
b100 F
b1000001011 ,
b1000001011 <
b1000001011 L
b1000001010 !
b1000001010 A
b1000001010 E
b1000001011 ;
16
#10530000
b0 )
b0 B
0+
b11 T
b1000001011 P
09
06
#10535000
16
#10540000
b1111 )
b1111 B
1+
19
b1011 *
b1011 C
b1011 8
b1011 >
06
#10545000
b101 F
b1000001100 ,
b1000001100 <
b1000001100 L
b1000001011 !
b1000001011 A
b1000001011 E
b1000001100 ;
16
#10550000
b0 )
b0 B
0+
b100 T
b1000001100 P
09
06
#10555000
16
#10560000
b1111 )
b1111 B
1+
19
b1100 *
b1100 C
b1100 8
b1100 >
06
#10565000
b110 F
b1000001101 ,
b1000001101 <
b1000001101 L
b1000001100 !
b1000001100 A
b1000001100 E
b1000001101 ;
16
#10570000
b0 )
b0 B
0+
b101 T
b1000001101 P
09
06
#10575000
16
#10580000
b1111 )
b1111 B
1+
19
b1101 *
b1101 C
b1101 8
b1101 >
06
#10585000
b111 F
b1000001110 ,
b1000001110 <
b1000001110 L
b1000001101 !
b1000001101 A
b1000001101 E
b1000001110 ;
16
#10590000
b0 )
b0 B
0+
b110 T
b1000001110 P
09
06
#10595000
16
#10600000
b1111 )
b1111 B
1+
19
b1110 *
b1110 C
b1110 8
b1110 >
06
#10605000
b1000 F
b1000001111 ,
b1000001111 <
b1000001111 L
b1000001110 !
b1000001110 A
b1000001110 E
b1000001111 ;
16
#10610000
b0 )
b0 B
0+
b111 T
b1000001111 P
09
06
#10615000
16
#10620000
b1111 )
b1111 B
1+
19
b1111 *
b1111 C
b1111 8
b1111 >
06
#10625000
b1001 F
b1000010000 ,
b1000010000 <
b1000010000 L
b1000001111 !
b1000001111 A
b1000001111 E
b1000010000 ;
16
#10630000
b0 )
b0 B
0+
b1000 T
b1000010000 P
09
06
#10635000
16
#10640000
b1111 )
b1111 B
1+
19
b10000 *
b10000 C
b10000 8
b10000 >
06
#10645000
b1010 F
b1000010001 ,
b1000010001 <
b1000010001 L
b1000010000 !
b1000010000 A
b1000010000 E
b1000010001 ;
16
#10650000
b0 )
b0 B
0+
b1001 T
b1000010001 P
09
06
#10655000
16
#10660000
b1111 )
b1111 B
1+
19
b10001 *
b10001 C
b10001 8
b10001 >
06
#10665000
b1011 F
b1000010010 ,
b1000010010 <
b1000010010 L
b1000010001 !
b1000010001 A
b1000010001 E
b1000010010 ;
16
#10670000
b0 )
b0 B
0+
b1010 T
b1000010010 P
09
06
#10675000
16
#10680000
b1111 )
b1111 B
1+
19
b10010 *
b10010 C
b10010 8
b10010 >
06
#10685000
b1100 F
b1000010011 ,
b1000010011 <
b1000010011 L
b1000010010 !
b1000010010 A
b1000010010 E
b1000010011 ;
16
#10690000
b0 )
b0 B
0+
b1011 T
b1000010011 P
09
06
#10695000
16
#10700000
b1111 )
b1111 B
1+
19
b10011 *
b10011 C
b10011 8
b10011 >
06
#10705000
b1101 F
b1000010100 ,
b1000010100 <
b1000010100 L
b1000010011 !
b1000010011 A
b1000010011 E
b1000010100 ;
16
#10710000
b0 )
b0 B
0+
b1100 T
b1000010100 P
09
06
#10715000
16
#10720000
b1111 )
b1111 B
1+
19
b10100 *
b10100 C
b10100 8
b10100 >
06
#10725000
b1110 F
b1000010101 ,
b1000010101 <
b1000010101 L
b1000010100 !
b1000010100 A
b1000010100 E
b1000010101 ;
16
#10730000
b0 )
b0 B
0+
b1101 T
b1000010101 P
09
06
#10735000
16
#10740000
b1111 )
b1111 B
1+
19
b10101 *
b10101 C
b10101 8
b10101 >
06
#10745000
b1111 F
b1000010110 ,
b1000010110 <
b1000010110 L
b1000010101 !
b1000010101 A
b1000010101 E
b1000010110 ;
16
#10750000
b0 )
b0 B
0+
b1110 T
b1000010110 P
09
06
#10755000
16
#10760000
b1111 )
b1111 B
1+
19
b10110 *
b10110 C
b10110 8
b10110 >
06
#10765000
b10000 F
b1000010111 ,
b1000010111 <
b1000010111 L
b1000010110 !
b1000010110 A
b1000010110 E
b1000010111 ;
16
#10770000
b0 )
b0 B
0+
b1111 T
b1000010111 P
09
06
#10775000
16
#10780000
b1111 )
b1111 B
1+
19
b10111 *
b10111 C
b10111 8
b10111 >
06
#10785000
b10001 F
b1000011000 ,
b1000011000 <
b1000011000 L
b1000010111 !
b1000010111 A
b1000010111 E
b1000011000 ;
16
#10790000
b0 )
b0 B
0+
b10000 T
b1000011000 P
09
06
#10795000
16
#10800000
b1111 )
b1111 B
1+
19
b11000 *
b11000 C
b11000 8
b11000 >
06
#10805000
b10010 F
b1000011001 ,
b1000011001 <
b1000011001 L
b1000011000 !
b1000011000 A
b1000011000 E
b1000011001 ;
16
#10810000
b0 )
b0 B
0+
b10001 T
b1000011001 P
09
06
#10815000
16
#10820000
b1111 )
b1111 B
1+
19
b11001 *
b11001 C
b11001 8
b11001 >
06
#10825000
b10011 F
b1000011010 ,
b1000011010 <
b1000011010 L
b1000011001 !
b1000011001 A
b1000011001 E
b1000011010 ;
16
#10830000
b0 )
b0 B
0+
b10010 T
b1000011010 P
09
06
#10835000
16
#10840000
b1111 )
b1111 B
1+
19
b11010 *
b11010 C
b11010 8
b11010 >
06
#10845000
b10100 F
b1000011011 ,
b1000011011 <
b1000011011 L
b1000011010 !
b1000011010 A
b1000011010 E
b1000011011 ;
16
#10850000
b0 )
b0 B
0+
b10011 T
b1000011011 P
09
06
#10855000
16
#10860000
b1111 )
b1111 B
1+
19
b11011 *
b11011 C
b11011 8
b11011 >
06
#10865000
b10101 F
b1000011100 ,
b1000011100 <
b1000011100 L
b1000011011 !
b1000011011 A
b1000011011 E
b1000011100 ;
16
#10870000
b0 )
b0 B
0+
b10100 T
b1000011100 P
09
06
#10875000
16
#10880000
b1111 )
b1111 B
1+
19
b11100 *
b11100 C
b11100 8
b11100 >
06
#10885000
b10110 F
b1000011101 ,
b1000011101 <
b1000011101 L
b1000011100 !
b1000011100 A
b1000011100 E
b1000011101 ;
16
#10890000
b0 )
b0 B
0+
b10101 T
b1000011101 P
09
06
#10895000
16
#10900000
b1111 )
b1111 B
1+
19
b11101 *
b11101 C
b11101 8
b11101 >
06
#10905000
b10111 F
b1000011110 ,
b1000011110 <
b1000011110 L
b1000011101 !
b1000011101 A
b1000011101 E
b1000011110 ;
16
#10910000
b0 )
b0 B
0+
b10110 T
b1000011110 P
09
06
#10915000
16
#10920000
b1111 )
b1111 B
1+
19
b11110 *
b11110 C
b11110 8
b11110 >
06
#10925000
b11000 F
b1000011111 ,
b1000011111 <
b1000011111 L
b1000011110 !
b1000011110 A
b1000011110 E
b1000011111 ;
16
#10930000
b0 )
b0 B
0+
b10111 T
b1000011111 P
09
06
#10935000
16
#10940000
b1111 )
b1111 B
1+
19
b11111 *
b11111 C
b11111 8
b11111 >
06
#10945000
b11001 F
b1000100000 ,
b1000100000 <
b1000100000 L
b1000011111 !
b1000011111 A
b1000011111 E
b1000100000 ;
16
#10950000
b0 )
b0 B
0+
b11000 T
b1000100000 P
09
06
#10955000
16
#10960000
b1111 )
b1111 B
1+
19
b100000 *
b100000 C
b100000 8
b100000 >
06
#10965000
b11010 F
b1000100001 ,
b1000100001 <
b1000100001 L
b1000100000 !
b1000100000 A
b1000100000 E
b1000100001 ;
16
#10970000
b0 )
b0 B
0+
b11001 T
b1000100001 P
09
06
#10975000
16
#10980000
b1111 )
b1111 B
1+
19
b100001 *
b100001 C
b100001 8
b100001 >
06
#10985000
b11011 F
b1000100010 ,
b1000100010 <
b1000100010 L
b1000100001 !
b1000100001 A
b1000100001 E
b1000100010 ;
16
#10990000
b0 )
b0 B
0+
b11010 T
b1000100010 P
09
06
#10995000
16
#11000000
b1111 )
b1111 B
1+
19
b100010 *
b100010 C
b100010 8
b100010 >
06
#11005000
b11100 F
b1000100011 ,
b1000100011 <
b1000100011 L
b1000100010 !
b1000100010 A
b1000100010 E
b1000100011 ;
16
#11010000
b0 )
b0 B
0+
b11011 T
b1000100011 P
09
06
#11015000
16
#11020000
b1111 )
b1111 B
1+
19
b100011 *
b100011 C
b100011 8
b100011 >
06
#11025000
b11101 F
b1000100100 ,
b1000100100 <
b1000100100 L
b1000100011 !
b1000100011 A
b1000100011 E
b1000100100 ;
16
#11030000
b0 )
b0 B
0+
b11100 T
b1000100100 P
09
06
#11035000
16
#11040000
b1111 )
b1111 B
1+
19
b100100 *
b100100 C
b100100 8
b100100 >
06
#11045000
b11110 F
b1000100101 ,
b1000100101 <
b1000100101 L
b1000100100 !
b1000100100 A
b1000100100 E
b1000100101 ;
16
#11050000
b0 )
b0 B
0+
b11101 T
b1000100101 P
09
06
#11055000
16
#11060000
b1111 )
b1111 B
1+
19
b100101 *
b100101 C
b100101 8
b100101 >
06
#11065000
b11111 F
b1000100110 ,
b1000100110 <
b1000100110 L
b1000100101 !
b1000100101 A
b1000100101 E
b1000100110 ;
16
#11070000
b0 )
b0 B
0+
b11110 T
b1000100110 P
09
06
#11075000
16
#11080000
b1111 )
b1111 B
1+
19
b100110 *
b100110 C
b100110 8
b100110 >
06
#11085000
b100000 F
b1000100111 ,
b1000100111 <
b1000100111 L
b1000100110 !
b1000100110 A
b1000100110 E
b1000100111 ;
16
#11090000
b0 )
b0 B
0+
b11111 T
b1000100111 P
09
06
#11095000
16
#11100000
b1111 )
b1111 B
1+
19
b100111 *
b100111 C
b100111 8
b100111 >
06
#11105000
b100001 F
b1000101000 ,
b1000101000 <
b1000101000 L
b1000100111 !
b1000100111 A
b1000100111 E
b1000101000 ;
16
#11110000
b0 )
b0 B
0+
b100000 T
b1000101000 P
09
06
#11115000
16
#11120000
b1111 )
b1111 B
1+
19
b101000 *
b101000 C
b101000 8
b101000 >
06
#11125000
b100010 F
b1000101001 ,
b1000101001 <
b1000101001 L
b1000101000 !
b1000101000 A
b1000101000 E
b1000101001 ;
16
#11130000
b0 )
b0 B
0+
b100001 T
b1000101001 P
09
06
#11135000
16
#11140000
b1111 )
b1111 B
1+
19
b101001 *
b101001 C
b101001 8
b101001 >
06
#11145000
b100011 F
b1000101010 ,
b1000101010 <
b1000101010 L
b1000101001 !
b1000101001 A
b1000101001 E
b1000101010 ;
16
#11150000
b0 )
b0 B
0+
b100010 T
b1000101010 P
09
06
#11155000
16
#11160000
b1111 )
b1111 B
1+
19
b101010 *
b101010 C
b101010 8
b101010 >
06
#11165000
b100100 F
b1000101011 ,
b1000101011 <
b1000101011 L
b1000101010 !
b1000101010 A
b1000101010 E
b1000101011 ;
16
#11170000
b0 )
b0 B
0+
b100011 T
b1000101011 P
09
06
#11175000
16
#11180000
b1111 )
b1111 B
1+
19
b101011 *
b101011 C
b101011 8
b101011 >
06
#11185000
b100101 F
b1000101100 ,
b1000101100 <
b1000101100 L
b1000101011 !
b1000101011 A
b1000101011 E
b1000101100 ;
16
#11190000
b0 )
b0 B
0+
b100100 T
b1000101100 P
09
06
#11195000
16
#11200000
b1111 )
b1111 B
1+
19
b101100 *
b101100 C
b101100 8
b101100 >
06
#11205000
b100110 F
b1000101101 ,
b1000101101 <
b1000101101 L
b1000101100 !
b1000101100 A
b1000101100 E
b1000101101 ;
16
#11210000
b0 )
b0 B
0+
b100101 T
b1000101101 P
09
06
#11215000
16
#11220000
b1111 )
b1111 B
1+
19
b101101 *
b101101 C
b101101 8
b101101 >
06
#11225000
b100111 F
b1000101110 ,
b1000101110 <
b1000101110 L
b1000101101 !
b1000101101 A
b1000101101 E
b1000101110 ;
16
#11230000
b0 )
b0 B
0+
b100110 T
b1000101110 P
09
06
#11235000
16
#11240000
b1111 )
b1111 B
1+
19
b101110 *
b101110 C
b101110 8
b101110 >
06
#11245000
b101000 F
b1000101111 ,
b1000101111 <
b1000101111 L
b1000101110 !
b1000101110 A
b1000101110 E
b1000101111 ;
16
#11250000
b0 )
b0 B
0+
b100111 T
b1000101111 P
09
06
#11255000
16
#11260000
b1111 )
b1111 B
1+
19
b101111 *
b101111 C
b101111 8
b101111 >
06
#11265000
b101001 F
b1000110000 ,
b1000110000 <
b1000110000 L
b1000101111 !
b1000101111 A
b1000101111 E
b1000110000 ;
16
#11270000
b0 )
b0 B
0+
b101000 T
b1000110000 P
09
06
#11275000
16
#11280000
b1111 )
b1111 B
1+
19
b110000 *
b110000 C
b110000 8
b110000 >
06
#11285000
b101010 F
b1000110001 ,
b1000110001 <
b1000110001 L
b1000110000 !
b1000110000 A
b1000110000 E
b1000110001 ;
16
#11290000
b0 )
b0 B
0+
b101001 T
b1000110001 P
09
06
#11295000
16
#11300000
b1111 )
b1111 B
1+
19
b110001 *
b110001 C
b110001 8
b110001 >
06
#11305000
b101011 F
b1000110010 ,
b1000110010 <
b1000110010 L
b1000110001 !
b1000110001 A
b1000110001 E
b1000110010 ;
16
#11310000
b0 )
b0 B
0+
b101010 T
b1000110010 P
09
06
#11315000
16
#11320000
b1111 )
b1111 B
1+
19
b110010 *
b110010 C
b110010 8
b110010 >
06
#11325000
b101100 F
b1000110011 ,
b1000110011 <
b1000110011 L
b1000110010 !
b1000110010 A
b1000110010 E
b1000110011 ;
16
#11330000
b0 )
b0 B
0+
b101011 T
b1000110011 P
09
06
#11335000
16
#11340000
b1111 )
b1111 B
1+
19
b110011 *
b110011 C
b110011 8
b110011 >
06
#11345000
b101101 F
b1000110100 ,
b1000110100 <
b1000110100 L
b1000110011 !
b1000110011 A
b1000110011 E
b1000110100 ;
16
#11350000
b0 )
b0 B
0+
b101100 T
b1000110100 P
09
06
#11355000
16
#11360000
b1111 )
b1111 B
1+
19
b110100 *
b110100 C
b110100 8
b110100 >
06
#11365000
b101110 F
b1000110101 ,
b1000110101 <
b1000110101 L
b1000110100 !
b1000110100 A
b1000110100 E
b1000110101 ;
16
#11370000
b0 )
b0 B
0+
b101101 T
b1000110101 P
09
06
#11375000
16
#11380000
b1111 )
b1111 B
1+
19
b110101 *
b110101 C
b110101 8
b110101 >
06
#11385000
b101111 F
b1000110110 ,
b1000110110 <
b1000110110 L
b1000110101 !
b1000110101 A
b1000110101 E
b1000110110 ;
16
#11390000
b0 )
b0 B
0+
b101110 T
b1000110110 P
09
06
#11395000
16
#11400000
b1111 )
b1111 B
1+
19
b110110 *
b110110 C
b110110 8
b110110 >
06
#11405000
b110000 F
b1000110111 ,
b1000110111 <
b1000110111 L
b1000110110 !
b1000110110 A
b1000110110 E
b1000110111 ;
16
#11410000
b0 )
b0 B
0+
b101111 T
b1000110111 P
09
06
#11415000
16
#11420000
b1111 )
b1111 B
1+
19
b110111 *
b110111 C
b110111 8
b110111 >
06
#11425000
b110001 F
b1000111000 ,
b1000111000 <
b1000111000 L
b1000110111 !
b1000110111 A
b1000110111 E
b1000111000 ;
16
#11430000
b0 )
b0 B
0+
b110000 T
b1000111000 P
09
06
#11435000
16
#11440000
b1111 )
b1111 B
1+
19
b111000 *
b111000 C
b111000 8
b111000 >
06
#11445000
b110010 F
b1000111001 ,
b1000111001 <
b1000111001 L
b1000111000 !
b1000111000 A
b1000111000 E
b1000111001 ;
16
#11450000
b0 )
b0 B
0+
b110001 T
b1000111001 P
09
06
#11455000
16
#11460000
b1111 )
b1111 B
1+
19
b111001 *
b111001 C
b111001 8
b111001 >
06
#11465000
b110011 F
b1000111010 ,
b1000111010 <
b1000111010 L
b1000111001 !
b1000111001 A
b1000111001 E
b1000111010 ;
16
#11470000
b0 )
b0 B
0+
b110010 T
b1000111010 P
09
06
#11475000
16
#11480000
b1111 )
b1111 B
1+
19
b111010 *
b111010 C
b111010 8
b111010 >
06
#11485000
b110100 F
b1000111011 ,
b1000111011 <
b1000111011 L
b1000111010 !
b1000111010 A
b1000111010 E
b1000111011 ;
16
#11490000
b0 )
b0 B
0+
b110011 T
b1000111011 P
09
06
#11495000
16
#11500000
b1111 )
b1111 B
1+
19
b111011 *
b111011 C
b111011 8
b111011 >
06
#11505000
b110101 F
b1000111100 ,
b1000111100 <
b1000111100 L
b1000111011 !
b1000111011 A
b1000111011 E
b1000111100 ;
16
#11510000
b0 )
b0 B
0+
b110100 T
b1000111100 P
09
06
#11515000
16
#11520000
b1111 )
b1111 B
1+
19
b111100 *
b111100 C
b111100 8
b111100 >
06
#11525000
b110110 F
b1000111101 ,
b1000111101 <
b1000111101 L
b1000111100 !
b1000111100 A
b1000111100 E
b1000111101 ;
16
#11530000
b0 )
b0 B
0+
b110101 T
b1000111101 P
09
06
#11535000
16
#11540000
b1111 )
b1111 B
1+
19
b111101 *
b111101 C
b111101 8
b111101 >
06
#11545000
b110111 F
b1000111110 ,
b1000111110 <
b1000111110 L
b1000111101 !
b1000111101 A
b1000111101 E
b1000111110 ;
16
#11550000
b0 )
b0 B
0+
b110110 T
b1000111110 P
09
06
#11555000
16
#11560000
b1111 )
b1111 B
1+
19
b111110 *
b111110 C
b111110 8
b111110 >
06
#11565000
b111000 F
b1000111111 ,
b1000111111 <
b1000111111 L
b1000111110 !
b1000111110 A
b1000111110 E
b1000111111 ;
16
#11570000
b0 )
b0 B
0+
b110111 T
b1000111111 P
09
06
#11575000
16
#11580000
b1111 )
b1111 B
1+
19
b111111 *
b111111 C
b111111 8
b111111 >
06
#11585000
b111001 F
b1001000000 ,
b1001000000 <
b1001000000 L
b1000111111 !
b1000111111 A
b1000111111 E
b1001000000 ;
16
#11590000
b0 )
b0 B
0+
b111000 T
b1001000000 P
09
06
#11595000
16
#11600000
b1111 )
b1111 B
1+
19
b1000000 *
b1000000 C
b1000000 8
b1000000 >
06
#11605000
b111010 F
b1001000001 ,
b1001000001 <
b1001000001 L
b1001000000 !
b1001000000 A
b1001000000 E
b1001000001 ;
16
#11610000
b0 )
b0 B
0+
b111001 T
b1001000001 P
09
06
#11615000
16
#11620000
b1111 )
b1111 B
1+
19
b1000001 *
b1000001 C
b1000001 8
b1000001 >
06
#11625000
b111011 F
b1001000010 ,
b1001000010 <
b1001000010 L
b1001000001 !
b1001000001 A
b1001000001 E
b1001000010 ;
16
#11630000
b0 )
b0 B
0+
b111010 T
b1001000010 P
09
06
#11635000
16
#11640000
b1111 )
b1111 B
1+
19
b1000010 *
b1000010 C
b1000010 8
b1000010 >
06
#11645000
b111100 F
b1001000011 ,
b1001000011 <
b1001000011 L
b1001000010 !
b1001000010 A
b1001000010 E
b1001000011 ;
16
#11650000
b0 )
b0 B
0+
b111011 T
b1001000011 P
09
06
#11655000
16
#11660000
b1111 )
b1111 B
1+
19
b1000011 *
b1000011 C
b1000011 8
b1000011 >
06
#11665000
b111101 F
b1001000100 ,
b1001000100 <
b1001000100 L
b1001000011 !
b1001000011 A
b1001000011 E
b1001000100 ;
16
#11670000
b0 )
b0 B
0+
b111100 T
b1001000100 P
09
06
#11675000
16
#11680000
b1111 )
b1111 B
1+
19
b1000100 *
b1000100 C
b1000100 8
b1000100 >
06
#11685000
b111110 F
b1001000101 ,
b1001000101 <
b1001000101 L
b1001000100 !
b1001000100 A
b1001000100 E
b1001000101 ;
16
#11690000
b0 )
b0 B
0+
b111101 T
b1001000101 P
09
06
#11695000
16
#11700000
b1111 )
b1111 B
1+
19
b1000101 *
b1000101 C
b1000101 8
b1000101 >
06
#11705000
b111111 F
b1001000110 ,
b1001000110 <
b1001000110 L
b1001000101 !
b1001000101 A
b1001000101 E
b1001000110 ;
16
#11710000
b0 )
b0 B
0+
b111110 T
b1001000110 P
09
06
#11715000
16
#11720000
b1111 )
b1111 B
1+
19
b1000110 *
b1000110 C
b1000110 8
b1000110 >
06
#11725000
b1000000 F
b1001000111 ,
b1001000111 <
b1001000111 L
b1001000110 !
b1001000110 A
b1001000110 E
b1001000111 ;
16
#11730000
b0 )
b0 B
0+
b111111 T
b1001000111 P
09
06
#11735000
16
#11740000
b1111 )
b1111 B
1+
19
b1000111 *
b1000111 C
b1000111 8
b1000111 >
06
#11745000
b1000001 F
b1001001000 ,
b1001001000 <
b1001001000 L
b1001000111 !
b1001000111 A
b1001000111 E
b1001001000 ;
16
#11750000
b0 )
b0 B
0+
b1000000 T
b1001001000 P
09
06
#11755000
16
#11760000
b1111 )
b1111 B
1+
19
b1001000 *
b1001000 C
b1001000 8
b1001000 >
06
#11765000
b1000010 F
b1001001001 ,
b1001001001 <
b1001001001 L
b1001001000 !
b1001001000 A
b1001001000 E
b1001001001 ;
16
#11770000
b0 )
b0 B
0+
b1000001 T
b1001001001 P
09
06
#11775000
16
#11780000
b1111 )
b1111 B
1+
19
b1001001 *
b1001001 C
b1001001 8
b1001001 >
06
#11785000
b1000011 F
b1001001010 ,
b1001001010 <
b1001001010 L
b1001001001 !
b1001001001 A
b1001001001 E
b1001001010 ;
16
#11790000
b0 )
b0 B
0+
b1000010 T
b1001001010 P
09
06
#11795000
16
#11800000
b1111 )
b1111 B
1+
19
b1001010 *
b1001010 C
b1001010 8
b1001010 >
06
#11805000
b1000100 F
b1001001011 ,
b1001001011 <
b1001001011 L
b1001001010 !
b1001001010 A
b1001001010 E
b1001001011 ;
16
#11810000
b0 )
b0 B
0+
b1000011 T
b1001001011 P
09
06
#11815000
16
#11820000
b1111 )
b1111 B
1+
19
b1001011 *
b1001011 C
b1001011 8
b1001011 >
06
#11825000
b1000101 F
b1001001100 ,
b1001001100 <
b1001001100 L
b1001001011 !
b1001001011 A
b1001001011 E
b1001001100 ;
16
#11830000
b0 )
b0 B
0+
b1000100 T
b1001001100 P
09
06
#11835000
16
#11840000
b1111 )
b1111 B
1+
19
b1001100 *
b1001100 C
b1001100 8
b1001100 >
06
#11845000
b1000110 F
b1001001101 ,
b1001001101 <
b1001001101 L
b1001001100 !
b1001001100 A
b1001001100 E
b1001001101 ;
16
#11850000
b0 )
b0 B
0+
b1000101 T
b1001001101 P
09
06
#11855000
16
#11860000
b1111 )
b1111 B
1+
19
b1001101 *
b1001101 C
b1001101 8
b1001101 >
06
#11865000
b1000111 F
b1001001110 ,
b1001001110 <
b1001001110 L
b1001001101 !
b1001001101 A
b1001001101 E
b1001001110 ;
16
#11870000
b0 )
b0 B
0+
b1000110 T
b1001001110 P
09
06
#11875000
16
#11880000
b1111 )
b1111 B
1+
19
b1001110 *
b1001110 C
b1001110 8
b1001110 >
06
#11885000
b1001000 F
b1001001111 ,
b1001001111 <
b1001001111 L
b1001001110 !
b1001001110 A
b1001001110 E
b1001001111 ;
16
#11890000
b0 )
b0 B
0+
b1000111 T
b1001001111 P
09
06
#11895000
16
#11900000
b1111 )
b1111 B
1+
19
b1001111 *
b1001111 C
b1001111 8
b1001111 >
06
#11905000
b1001001 F
b1001010000 ,
b1001010000 <
b1001010000 L
b1001001111 !
b1001001111 A
b1001001111 E
b1001010000 ;
16
#11910000
b0 )
b0 B
0+
b1001000 T
b1001010000 P
09
06
#11915000
16
#11920000
b1111 )
b1111 B
1+
19
b1010000 *
b1010000 C
b1010000 8
b1010000 >
06
#11925000
b1001010 F
b1001010001 ,
b1001010001 <
b1001010001 L
b1001010000 !
b1001010000 A
b1001010000 E
b1001010001 ;
16
#11930000
b0 )
b0 B
0+
b1001001 T
b1001010001 P
09
06
#11935000
16
#11940000
b1111 )
b1111 B
1+
19
b1010001 *
b1010001 C
b1010001 8
b1010001 >
06
#11945000
b1001011 F
b1001010010 ,
b1001010010 <
b1001010010 L
b1001010001 !
b1001010001 A
b1001010001 E
b1001010010 ;
16
#11950000
b0 )
b0 B
0+
b1001010 T
b1001010010 P
09
06
#11955000
16
#11960000
b1111 )
b1111 B
1+
19
b1010010 *
b1010010 C
b1010010 8
b1010010 >
06
#11965000
b1001100 F
b1001010011 ,
b1001010011 <
b1001010011 L
b1001010010 !
b1001010010 A
b1001010010 E
b1001010011 ;
16
#11970000
b0 )
b0 B
0+
b1001011 T
b1001010011 P
09
06
#11975000
16
#11980000
b1111 )
b1111 B
1+
19
b1010011 *
b1010011 C
b1010011 8
b1010011 >
06
#11985000
b1001101 F
b1001010100 ,
b1001010100 <
b1001010100 L
b1001010011 !
b1001010011 A
b1001010011 E
b1001010100 ;
16
#11990000
b0 )
b0 B
0+
b1001100 T
b1001010100 P
09
06
#11995000
16
#12000000
b1111 )
b1111 B
1+
19
b1010100 *
b1010100 C
b1010100 8
b1010100 >
06
#12005000
b1001110 F
b1001010101 ,
b1001010101 <
b1001010101 L
b1001010100 !
b1001010100 A
b1001010100 E
b1001010101 ;
16
#12010000
b0 )
b0 B
0+
b1001101 T
b1001010101 P
09
06
#12015000
16
#12020000
b1111 )
b1111 B
1+
19
b1010101 *
b1010101 C
b1010101 8
b1010101 >
06
#12025000
b1001111 F
b1001010110 ,
b1001010110 <
b1001010110 L
b1001010101 !
b1001010101 A
b1001010101 E
b1001010110 ;
16
#12030000
b0 )
b0 B
0+
b1001110 T
b1001010110 P
09
06
#12035000
16
#12040000
b1111 )
b1111 B
1+
19
b1010110 *
b1010110 C
b1010110 8
b1010110 >
06
#12045000
b1010000 F
b1001010111 ,
b1001010111 <
b1001010111 L
b1001010110 !
b1001010110 A
b1001010110 E
b1001010111 ;
16
#12050000
b0 )
b0 B
0+
b1001111 T
b1001010111 P
09
06
#12055000
16
#12060000
b1111 )
b1111 B
1+
19
b1010111 *
b1010111 C
b1010111 8
b1010111 >
06
#12065000
b1010001 F
b1001011000 ,
b1001011000 <
b1001011000 L
b1001010111 !
b1001010111 A
b1001010111 E
b1001011000 ;
16
#12070000
b0 )
b0 B
0+
b1010000 T
b1001011000 P
09
06
#12075000
16
#12080000
b1111 )
b1111 B
1+
19
b1011000 *
b1011000 C
b1011000 8
b1011000 >
06
#12085000
b1010010 F
b1001011001 ,
b1001011001 <
b1001011001 L
b1001011000 !
b1001011000 A
b1001011000 E
b1001011001 ;
16
#12090000
b0 )
b0 B
0+
b1010001 T
b1001011001 P
09
06
#12095000
16
#12100000
b1111 )
b1111 B
1+
19
b1011001 *
b1011001 C
b1011001 8
b1011001 >
06
#12105000
b1010011 F
b1001011010 ,
b1001011010 <
b1001011010 L
b1001011001 !
b1001011001 A
b1001011001 E
b1001011010 ;
16
#12110000
b0 )
b0 B
0+
b1010010 T
b1001011010 P
09
06
#12115000
16
#12120000
b1111 )
b1111 B
1+
19
b1011010 *
b1011010 C
b1011010 8
b1011010 >
06
#12125000
b1010100 F
b1001011011 ,
b1001011011 <
b1001011011 L
b1001011010 !
b1001011010 A
b1001011010 E
b1001011011 ;
16
#12130000
b0 )
b0 B
0+
b1010011 T
b1001011011 P
09
06
#12135000
16
#12140000
b1111 )
b1111 B
1+
19
b1011011 *
b1011011 C
b1011011 8
b1011011 >
06
#12145000
b1010101 F
b1001011100 ,
b1001011100 <
b1001011100 L
b1001011011 !
b1001011011 A
b1001011011 E
b1001011100 ;
16
#12150000
b0 )
b0 B
0+
b1010100 T
b1001011100 P
09
06
#12155000
16
#12160000
b1111 )
b1111 B
1+
19
b1011100 *
b1011100 C
b1011100 8
b1011100 >
06
#12165000
b1010110 F
b1001011101 ,
b1001011101 <
b1001011101 L
b1001011100 !
b1001011100 A
b1001011100 E
b1001011101 ;
16
#12170000
b0 )
b0 B
0+
b1010101 T
b1001011101 P
09
06
#12175000
16
#12180000
b1111 )
b1111 B
1+
19
b1011101 *
b1011101 C
b1011101 8
b1011101 >
06
#12185000
b1010111 F
b1001011110 ,
b1001011110 <
b1001011110 L
b1001011101 !
b1001011101 A
b1001011101 E
b1001011110 ;
16
#12190000
b0 )
b0 B
0+
b1010110 T
b1001011110 P
09
06
#12195000
16
#12200000
b1111 )
b1111 B
1+
19
b1011110 *
b1011110 C
b1011110 8
b1011110 >
06
#12205000
b1011000 F
b1001011111 ,
b1001011111 <
b1001011111 L
b1001011110 !
b1001011110 A
b1001011110 E
b1001011111 ;
16
#12210000
b0 )
b0 B
0+
b1010111 T
b1001011111 P
09
06
#12215000
16
#12220000
b1111 )
b1111 B
1+
19
b1011111 *
b1011111 C
b1011111 8
b1011111 >
06
#12225000
b1011001 F
b1001100000 ,
b1001100000 <
b1001100000 L
b1001011111 !
b1001011111 A
b1001011111 E
b1001100000 ;
16
#12230000
b0 )
b0 B
0+
b1011000 T
b1001100000 P
09
06
#12235000
16
#12240000
b1111 )
b1111 B
1+
19
b1100000 *
b1100000 C
b1100000 8
b1100000 >
06
#12245000
b1011010 F
b1001100001 ,
b1001100001 <
b1001100001 L
b1001100000 !
b1001100000 A
b1001100000 E
b1001100001 ;
16
#12250000
b0 )
b0 B
0+
b1011001 T
b1001100001 P
09
06
#12255000
16
#12260000
b1111 )
b1111 B
1+
19
b1100001 *
b1100001 C
b1100001 8
b1100001 >
06
#12265000
b1011011 F
b1001100010 ,
b1001100010 <
b1001100010 L
b1001100001 !
b1001100001 A
b1001100001 E
b1001100010 ;
16
#12270000
b0 )
b0 B
0+
b1011010 T
b1001100010 P
09
06
#12275000
16
#12280000
b1111 )
b1111 B
1+
19
b1100010 *
b1100010 C
b1100010 8
b1100010 >
06
#12285000
b1011100 F
b1001100011 ,
b1001100011 <
b1001100011 L
b1001100010 !
b1001100010 A
b1001100010 E
b1001100011 ;
16
#12290000
b0 )
b0 B
0+
b1011011 T
b1001100011 P
09
06
#12295000
16
#12300000
b1111 )
b1111 B
1+
19
b1100011 *
b1100011 C
b1100011 8
b1100011 >
06
#12305000
b1011101 F
b1001100100 ,
b1001100100 <
b1001100100 L
b1001100011 !
b1001100011 A
b1001100011 E
b1001100100 ;
16
#12310000
b0 )
b0 B
0+
b1011100 T
b1001100100 P
09
06
#12315000
16
#12320000
b1111 )
b1111 B
1+
19
b1100100 *
b1100100 C
b1100100 8
b1100100 >
06
#12325000
b1011110 F
b1001100101 ,
b1001100101 <
b1001100101 L
b1001100100 !
b1001100100 A
b1001100100 E
b1001100101 ;
16
#12330000
b0 )
b0 B
0+
b1011101 T
b1001100101 P
09
06
#12335000
16
#12340000
b1111 )
b1111 B
1+
19
b1100101 *
b1100101 C
b1100101 8
b1100101 >
06
#12345000
b1011111 F
b1001100110 ,
b1001100110 <
b1001100110 L
b1001100101 !
b1001100101 A
b1001100101 E
b1001100110 ;
16
#12350000
b0 )
b0 B
0+
b1011110 T
b1001100110 P
09
06
#12355000
16
#12360000
b1111 )
b1111 B
1+
19
b1100110 *
b1100110 C
b1100110 8
b1100110 >
06
#12365000
b1100000 F
b1001100111 ,
b1001100111 <
b1001100111 L
b1001100110 !
b1001100110 A
b1001100110 E
b1001100111 ;
16
#12370000
b0 )
b0 B
0+
b1011111 T
b1001100111 P
09
06
#12375000
16
#12380000
b1111 )
b1111 B
1+
19
b1100111 *
b1100111 C
b1100111 8
b1100111 >
06
#12385000
b1100001 F
b1001101000 ,
b1001101000 <
b1001101000 L
b1001100111 !
b1001100111 A
b1001100111 E
b1001101000 ;
16
#12390000
b0 )
b0 B
0+
b1100000 T
b1001101000 P
09
06
#12395000
16
#12400000
b1111 )
b1111 B
1+
19
b1101000 *
b1101000 C
b1101000 8
b1101000 >
06
#12405000
b1100010 F
b1001101001 ,
b1001101001 <
b1001101001 L
b1001101000 !
b1001101000 A
b1001101000 E
b1001101001 ;
16
#12410000
b0 )
b0 B
0+
b1100001 T
b1001101001 P
09
06
#12415000
16
#12420000
b1111 )
b1111 B
1+
19
b1101001 *
b1101001 C
b1101001 8
b1101001 >
06
#12425000
b1100011 F
b1001101010 ,
b1001101010 <
b1001101010 L
b1001101001 !
b1001101001 A
b1001101001 E
b1001101010 ;
16
#12430000
b0 )
b0 B
0+
b1100010 T
b1001101010 P
09
06
#12435000
16
#12440000
b1111 )
b1111 B
1+
19
b1101010 *
b1101010 C
b1101010 8
b1101010 >
06
#12445000
b1100100 F
b1001101011 ,
b1001101011 <
b1001101011 L
b1001101010 !
b1001101010 A
b1001101010 E
b1001101011 ;
16
#12450000
b0 )
b0 B
0+
b1100011 T
b1001101011 P
09
06
#12455000
16
#12460000
b1111 )
b1111 B
1+
19
b1101011 *
b1101011 C
b1101011 8
b1101011 >
06
#12465000
b1100101 F
b1001101100 ,
b1001101100 <
b1001101100 L
b1001101011 !
b1001101011 A
b1001101011 E
b1001101100 ;
16
#12470000
b0 )
b0 B
0+
b1100100 T
b1001101100 P
09
06
#12475000
16
#12480000
b1111 )
b1111 B
1+
19
b1101100 *
b1101100 C
b1101100 8
b1101100 >
06
#12485000
b1100110 F
b1001101101 ,
b1001101101 <
b1001101101 L
b1001101100 !
b1001101100 A
b1001101100 E
b1001101101 ;
16
#12490000
b0 )
b0 B
0+
b1100101 T
b1001101101 P
09
06
#12495000
16
#12500000
b1111 )
b1111 B
1+
19
b1101101 *
b1101101 C
b1101101 8
b1101101 >
06
#12505000
b1100111 F
b1001101110 ,
b1001101110 <
b1001101110 L
b1001101101 !
b1001101101 A
b1001101101 E
b1001101110 ;
16
#12510000
b0 )
b0 B
0+
b1100110 T
b1001101110 P
09
06
#12515000
16
#12520000
b1111 )
b1111 B
1+
19
b1101110 *
b1101110 C
b1101110 8
b1101110 >
06
#12525000
b1101000 F
b1001101111 ,
b1001101111 <
b1001101111 L
b1001101110 !
b1001101110 A
b1001101110 E
b1001101111 ;
16
#12530000
b0 )
b0 B
0+
b1100111 T
b1001101111 P
09
06
#12535000
16
#12540000
b1111 )
b1111 B
1+
19
b1101111 *
b1101111 C
b1101111 8
b1101111 >
06
#12545000
b1101001 F
b1001110000 ,
b1001110000 <
b1001110000 L
b1001101111 !
b1001101111 A
b1001101111 E
b1001110000 ;
16
#12550000
b0 )
b0 B
0+
b1101000 T
b1001110000 P
09
06
#12555000
16
#12560000
b1111 )
b1111 B
1+
19
b1110000 *
b1110000 C
b1110000 8
b1110000 >
06
#12565000
b1101010 F
b1001110001 ,
b1001110001 <
b1001110001 L
b1001110000 !
b1001110000 A
b1001110000 E
b1001110001 ;
16
#12570000
b0 )
b0 B
0+
b1101001 T
b1001110001 P
09
06
#12575000
16
#12580000
b1111 )
b1111 B
1+
19
b1110001 *
b1110001 C
b1110001 8
b1110001 >
06
#12585000
b1101011 F
b1001110010 ,
b1001110010 <
b1001110010 L
b1001110001 !
b1001110001 A
b1001110001 E
b1001110010 ;
16
#12590000
b0 )
b0 B
0+
b1101010 T
b1001110010 P
09
06
#12595000
16
#12600000
b1111 )
b1111 B
1+
19
b1110010 *
b1110010 C
b1110010 8
b1110010 >
06
#12605000
b1101100 F
b1001110011 ,
b1001110011 <
b1001110011 L
b1001110010 !
b1001110010 A
b1001110010 E
b1001110011 ;
16
#12610000
b0 )
b0 B
0+
b1101011 T
b1001110011 P
09
06
#12615000
16
#12620000
b1111 )
b1111 B
1+
19
b1110011 *
b1110011 C
b1110011 8
b1110011 >
06
#12625000
b1101101 F
b1001110100 ,
b1001110100 <
b1001110100 L
b1001110011 !
b1001110011 A
b1001110011 E
b1001110100 ;
16
#12630000
b0 )
b0 B
0+
b1101100 T
b1001110100 P
09
06
#12635000
16
#12640000
b1111 )
b1111 B
1+
19
b1110100 *
b1110100 C
b1110100 8
b1110100 >
06
#12645000
b1101110 F
b1001110101 ,
b1001110101 <
b1001110101 L
b1001110100 !
b1001110100 A
b1001110100 E
b1001110101 ;
16
#12650000
b0 )
b0 B
0+
b1101101 T
b1001110101 P
09
06
#12655000
16
#12660000
b1111 )
b1111 B
1+
19
b1110101 *
b1110101 C
b1110101 8
b1110101 >
06
#12665000
b1101111 F
b1001110110 ,
b1001110110 <
b1001110110 L
b1001110101 !
b1001110101 A
b1001110101 E
b1001110110 ;
16
#12670000
b0 )
b0 B
0+
b1101110 T
b1001110110 P
09
06
#12675000
16
#12680000
b1111 )
b1111 B
1+
19
b1110110 *
b1110110 C
b1110110 8
b1110110 >
06
#12685000
b1110000 F
b1001110111 ,
b1001110111 <
b1001110111 L
b1001110110 !
b1001110110 A
b1001110110 E
b1001110111 ;
16
#12690000
b0 )
b0 B
0+
b1101111 T
b1001110111 P
09
06
#12695000
16
#12700000
b1111 )
b1111 B
1+
19
b1110111 *
b1110111 C
b1110111 8
b1110111 >
06
#12705000
b1110001 F
b1001111000 ,
b1001111000 <
b1001111000 L
b1001110111 !
b1001110111 A
b1001110111 E
b1001111000 ;
16
#12710000
b0 )
b0 B
0+
b1110000 T
b1001111000 P
09
06
#12715000
16
#12720000
b1111 )
b1111 B
1+
19
b1111000 *
b1111000 C
b1111000 8
b1111000 >
06
#12725000
b1110010 F
b1001111001 ,
b1001111001 <
b1001111001 L
b1001111000 !
b1001111000 A
b1001111000 E
b1001111001 ;
16
#12730000
b0 )
b0 B
0+
b1110001 T
b1001111001 P
09
06
#12735000
16
#12740000
b1111 )
b1111 B
1+
19
b1111001 *
b1111001 C
b1111001 8
b1111001 >
06
#12745000
b1110011 F
b1001111010 ,
b1001111010 <
b1001111010 L
b1001111001 !
b1001111001 A
b1001111001 E
b1001111010 ;
16
#12750000
b0 )
b0 B
0+
b1110010 T
b1001111010 P
09
06
#12755000
16
#12760000
b1111 )
b1111 B
1+
19
b1111010 *
b1111010 C
b1111010 8
b1111010 >
06
#12765000
b1110100 F
b1001111011 ,
b1001111011 <
b1001111011 L
b1001111010 !
b1001111010 A
b1001111010 E
b1001111011 ;
16
#12770000
b0 )
b0 B
0+
b1110011 T
b1001111011 P
09
06
#12775000
16
#12780000
b1111 )
b1111 B
1+
19
b1111011 *
b1111011 C
b1111011 8
b1111011 >
06
#12785000
b1110101 F
b1001111100 ,
b1001111100 <
b1001111100 L
b1001111011 !
b1001111011 A
b1001111011 E
b1001111100 ;
16
#12790000
b0 )
b0 B
0+
b1110100 T
b1001111100 P
09
06
#12795000
16
#12800000
b1111 )
b1111 B
1+
19
b1111100 *
b1111100 C
b1111100 8
b1111100 >
06
#12805000
b1110110 F
b1001111101 ,
b1001111101 <
b1001111101 L
b1001111100 !
b1001111100 A
b1001111100 E
b1001111101 ;
16
#12810000
b0 )
b0 B
0+
b1110101 T
b1001111101 P
09
06
#12815000
16
#12820000
b1111 )
b1111 B
1+
19
b1111101 *
b1111101 C
b1111101 8
b1111101 >
06
#12825000
b1110111 F
b1001111110 ,
b1001111110 <
b1001111110 L
b1001111101 !
b1001111101 A
b1001111101 E
b1001111110 ;
16
#12830000
b0 )
b0 B
0+
b1110110 T
b1001111110 P
09
06
#12835000
16
#12840000
b1111 )
b1111 B
1+
19
b1111110 *
b1111110 C
b1111110 8
b1111110 >
06
#12845000
b1111000 F
b1001111111 ,
b1001111111 <
b1001111111 L
b1001111110 !
b1001111110 A
b1001111110 E
b1001111111 ;
16
#12850000
b0 )
b0 B
0+
b1110111 T
b1001111111 P
09
06
#12855000
16
#12860000
b1111 )
b1111 B
1+
19
b1111111 *
b1111111 C
b1111111 8
b1111111 >
06
#12865000
b1111001 F
b1010000000 ,
b1010000000 <
b1010000000 L
b1001111111 !
b1001111111 A
b1001111111 E
b1010000000 ;
16
#12870000
b0 )
b0 B
0+
b1111000 T
b1010000000 P
09
06
#12875000
16
#12880000
b1111 )
b1111 B
1+
19
b10000000 *
b10000000 C
b10000000 8
b10000000 >
06
#12885000
b1111010 F
b1010000001 ,
b1010000001 <
b1010000001 L
b1010000000 !
b1010000000 A
b1010000000 E
b1010000001 ;
16
#12890000
b0 )
b0 B
0+
b1111001 T
b1010000001 P
09
06
#12895000
16
#12900000
b1111 )
b1111 B
1+
19
b10000001 *
b10000001 C
b10000001 8
b10000001 >
06
#12905000
b1111011 F
b1010000010 ,
b1010000010 <
b1010000010 L
b1010000001 !
b1010000001 A
b1010000001 E
b1010000010 ;
16
#12910000
b0 )
b0 B
0+
b1111010 T
b1010000010 P
09
06
#12915000
16
#12920000
b1111 )
b1111 B
1+
19
b10000010 *
b10000010 C
b10000010 8
b10000010 >
06
#12925000
b1111100 F
b1010000011 ,
b1010000011 <
b1010000011 L
b1010000010 !
b1010000010 A
b1010000010 E
b1010000011 ;
16
#12930000
b0 )
b0 B
0+
b1111011 T
b1010000011 P
09
06
#12935000
16
#12940000
b1111 )
b1111 B
1+
19
b10000011 *
b10000011 C
b10000011 8
b10000011 >
06
#12945000
b1111101 F
b1010000100 ,
b1010000100 <
b1010000100 L
b1010000011 !
b1010000011 A
b1010000011 E
b1010000100 ;
16
#12950000
b0 )
b0 B
0+
b1111100 T
b1010000100 P
09
06
#12955000
16
#12960000
b1111 )
b1111 B
1+
19
b10000100 *
b10000100 C
b10000100 8
b10000100 >
06
#12965000
b1111110 F
b1010000101 ,
b1010000101 <
b1010000101 L
b1010000100 !
b1010000100 A
b1010000100 E
b1010000101 ;
16
#12970000
b0 )
b0 B
0+
b1111101 T
b1010000101 P
09
06
#12975000
16
#12980000
b1111 )
b1111 B
1+
19
b10000101 *
b10000101 C
b10000101 8
b10000101 >
06
#12985000
b1111111 F
b1010000110 ,
b1010000110 <
b1010000110 L
b1010000101 !
b1010000101 A
b1010000101 E
b1010000110 ;
16
#12990000
b0 )
b0 B
0+
b1111110 T
b1010000110 P
09
06
#12995000
16
#13000000
b1111 )
b1111 B
1+
19
b10000110 *
b10000110 C
b10000110 8
b10000110 >
06
#13005000
b10000000 F
b1010000111 ,
b1010000111 <
b1010000111 L
b1010000110 !
b1010000110 A
b1010000110 E
b1010000111 ;
16
#13010000
b0 )
b0 B
0+
b1111111 T
b1010000111 P
09
06
#13015000
16
#13020000
b1111 )
b1111 B
1+
19
b10000111 *
b10000111 C
b10000111 8
b10000111 >
06
#13025000
b10000001 F
b1010001000 ,
b1010001000 <
b1010001000 L
b1010000111 !
b1010000111 A
b1010000111 E
b1010001000 ;
16
#13030000
b0 )
b0 B
0+
b10000000 T
b1010001000 P
09
06
#13035000
16
#13040000
b1111 )
b1111 B
1+
19
b10001000 *
b10001000 C
b10001000 8
b10001000 >
06
#13045000
b10000010 F
b1010001001 ,
b1010001001 <
b1010001001 L
b1010001000 !
b1010001000 A
b1010001000 E
b1010001001 ;
16
#13050000
b0 )
b0 B
0+
b10000001 T
b1010001001 P
09
06
#13055000
16
#13060000
b1111 )
b1111 B
1+
19
b10001001 *
b10001001 C
b10001001 8
b10001001 >
06
#13065000
b10000011 F
b1010001010 ,
b1010001010 <
b1010001010 L
b1010001001 !
b1010001001 A
b1010001001 E
b1010001010 ;
16
#13070000
b0 )
b0 B
0+
b10000010 T
b1010001010 P
09
06
#13075000
16
#13080000
b1111 )
b1111 B
1+
19
b10001010 *
b10001010 C
b10001010 8
b10001010 >
06
#13085000
b10000100 F
b1010001011 ,
b1010001011 <
b1010001011 L
b1010001010 !
b1010001010 A
b1010001010 E
b1010001011 ;
16
#13090000
b0 )
b0 B
0+
b10000011 T
b1010001011 P
09
06
#13095000
16
#13100000
b1111 )
b1111 B
1+
19
b10001011 *
b10001011 C
b10001011 8
b10001011 >
06
#13105000
b10000101 F
b1010001100 ,
b1010001100 <
b1010001100 L
b1010001011 !
b1010001011 A
b1010001011 E
b1010001100 ;
16
#13110000
b0 )
b0 B
0+
b10000100 T
b1010001100 P
09
06
#13115000
16
#13120000
b1111 )
b1111 B
1+
19
b10001100 *
b10001100 C
b10001100 8
b10001100 >
06
#13125000
b10000110 F
b1010001101 ,
b1010001101 <
b1010001101 L
b1010001100 !
b1010001100 A
b1010001100 E
b1010001101 ;
16
#13130000
b0 )
b0 B
0+
b10000101 T
b1010001101 P
09
06
#13135000
16
#13140000
b1111 )
b1111 B
1+
19
b10001101 *
b10001101 C
b10001101 8
b10001101 >
06
#13145000
b10000111 F
b1010001110 ,
b1010001110 <
b1010001110 L
b1010001101 !
b1010001101 A
b1010001101 E
b1010001110 ;
16
#13150000
b0 )
b0 B
0+
b10000110 T
b1010001110 P
09
06
#13155000
16
#13160000
b1111 )
b1111 B
1+
19
b10001110 *
b10001110 C
b10001110 8
b10001110 >
06
#13165000
b10001000 F
b1010001111 ,
b1010001111 <
b1010001111 L
b1010001110 !
b1010001110 A
b1010001110 E
b1010001111 ;
16
#13170000
b0 )
b0 B
0+
b10000111 T
b1010001111 P
09
06
#13175000
16
#13180000
b1111 )
b1111 B
1+
19
b10001111 *
b10001111 C
b10001111 8
b10001111 >
06
#13185000
b10001001 F
b1010010000 ,
b1010010000 <
b1010010000 L
b1010001111 !
b1010001111 A
b1010001111 E
b1010010000 ;
16
#13190000
b0 )
b0 B
0+
b10001000 T
b1010010000 P
09
06
#13195000
16
#13200000
b1111 )
b1111 B
1+
19
b10010000 *
b10010000 C
b10010000 8
b10010000 >
06
#13205000
b10001010 F
b1010010001 ,
b1010010001 <
b1010010001 L
b1010010000 !
b1010010000 A
b1010010000 E
b1010010001 ;
16
#13210000
b0 )
b0 B
0+
b10001001 T
b1010010001 P
09
06
#13215000
16
#13220000
b1111 )
b1111 B
1+
19
b10010001 *
b10010001 C
b10010001 8
b10010001 >
06
#13225000
b10001011 F
b1010010010 ,
b1010010010 <
b1010010010 L
b1010010001 !
b1010010001 A
b1010010001 E
b1010010010 ;
16
#13230000
b0 )
b0 B
0+
b10001010 T
b1010010010 P
09
06
#13235000
16
#13240000
b1111 )
b1111 B
1+
19
b10010010 *
b10010010 C
b10010010 8
b10010010 >
06
#13245000
b10001100 F
b1010010011 ,
b1010010011 <
b1010010011 L
b1010010010 !
b1010010010 A
b1010010010 E
b1010010011 ;
16
#13250000
b0 )
b0 B
0+
b10001011 T
b1010010011 P
09
06
#13255000
16
#13260000
b1111 )
b1111 B
1+
19
b10010011 *
b10010011 C
b10010011 8
b10010011 >
06
#13265000
b10001101 F
b1010010100 ,
b1010010100 <
b1010010100 L
b1010010011 !
b1010010011 A
b1010010011 E
b1010010100 ;
16
#13270000
b0 )
b0 B
0+
b10001100 T
b1010010100 P
09
06
#13275000
16
#13280000
b1111 )
b1111 B
1+
19
b10010100 *
b10010100 C
b10010100 8
b10010100 >
06
#13285000
b10001110 F
b1010010101 ,
b1010010101 <
b1010010101 L
b1010010100 !
b1010010100 A
b1010010100 E
b1010010101 ;
16
#13290000
b0 )
b0 B
0+
b10001101 T
b1010010101 P
09
06
#13295000
16
#13300000
b1111 )
b1111 B
1+
19
b10010101 *
b10010101 C
b10010101 8
b10010101 >
06
#13305000
b10001111 F
b1010010110 ,
b1010010110 <
b1010010110 L
b1010010101 !
b1010010101 A
b1010010101 E
b1010010110 ;
16
#13310000
b0 )
b0 B
0+
b10001110 T
b1010010110 P
09
06
#13315000
16
#13320000
b1111 )
b1111 B
1+
19
b10010110 *
b10010110 C
b10010110 8
b10010110 >
06
#13325000
b10010000 F
b1010010111 ,
b1010010111 <
b1010010111 L
b1010010110 !
b1010010110 A
b1010010110 E
b1010010111 ;
16
#13330000
b0 )
b0 B
0+
b10001111 T
b1010010111 P
09
06
#13335000
16
#13340000
b1111 )
b1111 B
1+
19
b10010111 *
b10010111 C
b10010111 8
b10010111 >
06
#13345000
b10010001 F
b1010011000 ,
b1010011000 <
b1010011000 L
b1010010111 !
b1010010111 A
b1010010111 E
b1010011000 ;
16
#13350000
b0 )
b0 B
0+
b10010000 T
b1010011000 P
09
06
#13355000
16
#13360000
b1111 )
b1111 B
1+
19
b10011000 *
b10011000 C
b10011000 8
b10011000 >
06
#13365000
b10010010 F
b1010011001 ,
b1010011001 <
b1010011001 L
b1010011000 !
b1010011000 A
b1010011000 E
b1010011001 ;
16
#13370000
b0 )
b0 B
0+
b10010001 T
b1010011001 P
09
06
#13375000
16
#13380000
b1111 )
b1111 B
1+
19
b10011001 *
b10011001 C
b10011001 8
b10011001 >
06
#13385000
b10010011 F
b1010011010 ,
b1010011010 <
b1010011010 L
b1010011001 !
b1010011001 A
b1010011001 E
b1010011010 ;
16
#13390000
b0 )
b0 B
0+
b10010010 T
b1010011010 P
09
06
#13395000
16
#13400000
b1111 )
b1111 B
1+
19
b10011010 *
b10011010 C
b10011010 8
b10011010 >
06
#13405000
b10010100 F
b1010011011 ,
b1010011011 <
b1010011011 L
b1010011010 !
b1010011010 A
b1010011010 E
b1010011011 ;
16
#13410000
b0 )
b0 B
0+
b10010011 T
b1010011011 P
09
06
#13415000
16
#13420000
b1111 )
b1111 B
1+
19
b10011011 *
b10011011 C
b10011011 8
b10011011 >
06
#13425000
b10010101 F
b1010011100 ,
b1010011100 <
b1010011100 L
b1010011011 !
b1010011011 A
b1010011011 E
b1010011100 ;
16
#13430000
b0 )
b0 B
0+
b10010100 T
b1010011100 P
09
06
#13435000
16
#13440000
b1111 )
b1111 B
1+
19
b10011100 *
b10011100 C
b10011100 8
b10011100 >
06
#13445000
b10010110 F
b1010011101 ,
b1010011101 <
b1010011101 L
b1010011100 !
b1010011100 A
b1010011100 E
b1010011101 ;
16
#13450000
b0 )
b0 B
0+
b10010101 T
b1010011101 P
09
06
#13455000
16
#13460000
b1111 )
b1111 B
1+
19
b10011101 *
b10011101 C
b10011101 8
b10011101 >
06
#13465000
b10010111 F
b1010011110 ,
b1010011110 <
b1010011110 L
b1010011101 !
b1010011101 A
b1010011101 E
b1010011110 ;
16
#13470000
b0 )
b0 B
0+
b10010110 T
b1010011110 P
09
06
#13475000
16
#13480000
b1111 )
b1111 B
1+
19
b10011110 *
b10011110 C
b10011110 8
b10011110 >
06
#13485000
b10011000 F
b1010011111 ,
b1010011111 <
b1010011111 L
b1010011110 !
b1010011110 A
b1010011110 E
b1010011111 ;
16
#13490000
b0 )
b0 B
0+
b10010111 T
b1010011111 P
09
06
#13495000
16
#13500000
b1111 )
b1111 B
1+
19
b10011111 *
b10011111 C
b10011111 8
b10011111 >
06
#13505000
b10011001 F
b1010100000 ,
b1010100000 <
b1010100000 L
b1010011111 !
b1010011111 A
b1010011111 E
b1010100000 ;
16
#13510000
b0 )
b0 B
0+
b10011000 T
b1010100000 P
09
06
#13515000
16
#13520000
b1111 )
b1111 B
1+
19
b10100000 *
b10100000 C
b10100000 8
b10100000 >
06
#13525000
b10011010 F
b1010100001 ,
b1010100001 <
b1010100001 L
b1010100000 !
b1010100000 A
b1010100000 E
b1010100001 ;
16
#13530000
b0 )
b0 B
0+
b10011001 T
b1010100001 P
09
06
#13535000
16
#13540000
b1111 )
b1111 B
1+
19
b10100001 *
b10100001 C
b10100001 8
b10100001 >
06
#13545000
b10011011 F
b1010100010 ,
b1010100010 <
b1010100010 L
b1010100001 !
b1010100001 A
b1010100001 E
b1010100010 ;
16
#13550000
b0 )
b0 B
0+
b10011010 T
b1010100010 P
09
06
#13555000
16
#13560000
b1111 )
b1111 B
1+
19
b10100010 *
b10100010 C
b10100010 8
b10100010 >
06
#13565000
b10011100 F
b1010100011 ,
b1010100011 <
b1010100011 L
b1010100010 !
b1010100010 A
b1010100010 E
b1010100011 ;
16
#13570000
b0 )
b0 B
0+
b10011011 T
b1010100011 P
09
06
#13575000
16
#13580000
b1111 )
b1111 B
1+
19
b10100011 *
b10100011 C
b10100011 8
b10100011 >
06
#13585000
b10011101 F
b1010100100 ,
b1010100100 <
b1010100100 L
b1010100011 !
b1010100011 A
b1010100011 E
b1010100100 ;
16
#13590000
b0 )
b0 B
0+
b10011100 T
b1010100100 P
09
06
#13595000
16
#13600000
b1111 )
b1111 B
1+
19
b10100100 *
b10100100 C
b10100100 8
b10100100 >
06
#13605000
b10011110 F
b1010100101 ,
b1010100101 <
b1010100101 L
b1010100100 !
b1010100100 A
b1010100100 E
b1010100101 ;
16
#13610000
b0 )
b0 B
0+
b10011101 T
b1010100101 P
09
06
#13615000
16
#13620000
b1111 )
b1111 B
1+
19
b10100101 *
b10100101 C
b10100101 8
b10100101 >
06
#13625000
b10011111 F
b1010100110 ,
b1010100110 <
b1010100110 L
b1010100101 !
b1010100101 A
b1010100101 E
b1010100110 ;
16
#13630000
b0 )
b0 B
0+
b10011110 T
b1010100110 P
09
06
#13635000
16
#13640000
b1111 )
b1111 B
1+
19
b10100110 *
b10100110 C
b10100110 8
b10100110 >
06
#13645000
b10100000 F
b1010100111 ,
b1010100111 <
b1010100111 L
b1010100110 !
b1010100110 A
b1010100110 E
b1010100111 ;
16
#13650000
b0 )
b0 B
0+
b10011111 T
b1010100111 P
09
06
#13655000
16
#13660000
b1111 )
b1111 B
1+
19
b10100111 *
b10100111 C
b10100111 8
b10100111 >
06
#13665000
b10100001 F
b1010101000 ,
b1010101000 <
b1010101000 L
b1010100111 !
b1010100111 A
b1010100111 E
b1010101000 ;
16
#13670000
b0 )
b0 B
0+
b10100000 T
b1010101000 P
09
06
#13675000
16
#13680000
b1111 )
b1111 B
1+
19
b10101000 *
b10101000 C
b10101000 8
b10101000 >
06
#13685000
b10100010 F
b1010101001 ,
b1010101001 <
b1010101001 L
b1010101000 !
b1010101000 A
b1010101000 E
b1010101001 ;
16
#13690000
b0 )
b0 B
0+
b10100001 T
b1010101001 P
09
06
#13695000
16
#13700000
b1111 )
b1111 B
1+
19
b10101001 *
b10101001 C
b10101001 8
b10101001 >
06
#13705000
b10100011 F
b1010101010 ,
b1010101010 <
b1010101010 L
b1010101001 !
b1010101001 A
b1010101001 E
b1010101010 ;
16
#13710000
b0 )
b0 B
0+
b10100010 T
b1010101010 P
09
06
#13715000
16
#13720000
b1111 )
b1111 B
1+
19
b10101010 *
b10101010 C
b10101010 8
b10101010 >
06
#13725000
b10100100 F
b1010101011 ,
b1010101011 <
b1010101011 L
b1010101010 !
b1010101010 A
b1010101010 E
b1010101011 ;
16
#13730000
b0 )
b0 B
0+
b10100011 T
b1010101011 P
09
06
#13735000
16
#13740000
b1111 )
b1111 B
1+
19
b10101011 *
b10101011 C
b10101011 8
b10101011 >
06
#13745000
b10100101 F
b1010101100 ,
b1010101100 <
b1010101100 L
b1010101011 !
b1010101011 A
b1010101011 E
b1010101100 ;
16
#13750000
b0 )
b0 B
0+
b10100100 T
b1010101100 P
09
06
#13755000
16
#13760000
b1111 )
b1111 B
1+
19
b10101100 *
b10101100 C
b10101100 8
b10101100 >
06
#13765000
b10100110 F
b1010101101 ,
b1010101101 <
b1010101101 L
b1010101100 !
b1010101100 A
b1010101100 E
b1010101101 ;
16
#13770000
b0 )
b0 B
0+
b10100101 T
b1010101101 P
09
06
#13775000
16
#13780000
b1111 )
b1111 B
1+
19
b10101101 *
b10101101 C
b10101101 8
b10101101 >
06
#13785000
b10100111 F
b1010101110 ,
b1010101110 <
b1010101110 L
b1010101101 !
b1010101101 A
b1010101101 E
b1010101110 ;
16
#13790000
b0 )
b0 B
0+
b10100110 T
b1010101110 P
09
06
#13795000
16
#13800000
b1111 )
b1111 B
1+
19
b10101110 *
b10101110 C
b10101110 8
b10101110 >
06
#13805000
b10101000 F
b1010101111 ,
b1010101111 <
b1010101111 L
b1010101110 !
b1010101110 A
b1010101110 E
b1010101111 ;
16
#13810000
b0 )
b0 B
0+
b10100111 T
b1010101111 P
09
06
#13815000
16
#13820000
b1111 )
b1111 B
1+
19
b10101111 *
b10101111 C
b10101111 8
b10101111 >
06
#13825000
b10101001 F
b1010110000 ,
b1010110000 <
b1010110000 L
b1010101111 !
b1010101111 A
b1010101111 E
b1010110000 ;
16
#13830000
b0 )
b0 B
0+
b10101000 T
b1010110000 P
09
06
#13835000
16
#13840000
b1111 )
b1111 B
1+
19
b10110000 *
b10110000 C
b10110000 8
b10110000 >
06
#13845000
b10101010 F
b1010110001 ,
b1010110001 <
b1010110001 L
b1010110000 !
b1010110000 A
b1010110000 E
b1010110001 ;
16
#13850000
b0 )
b0 B
0+
b10101001 T
b1010110001 P
09
06
#13855000
16
#13860000
b1111 )
b1111 B
1+
19
b10110001 *
b10110001 C
b10110001 8
b10110001 >
06
#13865000
b10101011 F
b1010110010 ,
b1010110010 <
b1010110010 L
b1010110001 !
b1010110001 A
b1010110001 E
b1010110010 ;
16
#13870000
b0 )
b0 B
0+
b10101010 T
b1010110010 P
09
06
#13875000
16
#13880000
b1111 )
b1111 B
1+
19
b10110010 *
b10110010 C
b10110010 8
b10110010 >
06
#13885000
b10101100 F
b1010110011 ,
b1010110011 <
b1010110011 L
b1010110010 !
b1010110010 A
b1010110010 E
b1010110011 ;
16
#13890000
b0 )
b0 B
0+
b10101011 T
b1010110011 P
09
06
#13895000
16
#13900000
b1111 )
b1111 B
1+
19
b10110011 *
b10110011 C
b10110011 8
b10110011 >
06
#13905000
b10101101 F
b1010110100 ,
b1010110100 <
b1010110100 L
b1010110011 !
b1010110011 A
b1010110011 E
b1010110100 ;
16
#13910000
b0 )
b0 B
0+
b10101100 T
b1010110100 P
09
06
#13915000
16
#13920000
b1111 )
b1111 B
1+
19
b10110100 *
b10110100 C
b10110100 8
b10110100 >
06
#13925000
b10101110 F
b1010110101 ,
b1010110101 <
b1010110101 L
b1010110100 !
b1010110100 A
b1010110100 E
b1010110101 ;
16
#13930000
b0 )
b0 B
0+
b10101101 T
b1010110101 P
09
06
#13935000
16
#13940000
b1111 )
b1111 B
1+
19
b10110101 *
b10110101 C
b10110101 8
b10110101 >
06
#13945000
b10101111 F
b1010110110 ,
b1010110110 <
b1010110110 L
b1010110101 !
b1010110101 A
b1010110101 E
b1010110110 ;
16
#13950000
b0 )
b0 B
0+
b10101110 T
b1010110110 P
09
06
#13955000
16
#13960000
b1111 )
b1111 B
1+
19
b10110110 *
b10110110 C
b10110110 8
b10110110 >
06
#13965000
b10110000 F
b1010110111 ,
b1010110111 <
b1010110111 L
b1010110110 !
b1010110110 A
b1010110110 E
b1010110111 ;
16
#13970000
b0 )
b0 B
0+
b10101111 T
b1010110111 P
09
06
#13975000
16
#13980000
b1111 )
b1111 B
1+
19
b10110111 *
b10110111 C
b10110111 8
b10110111 >
06
#13985000
b10110001 F
b1010111000 ,
b1010111000 <
b1010111000 L
b1010110111 !
b1010110111 A
b1010110111 E
b1010111000 ;
16
#13990000
b0 )
b0 B
0+
b10110000 T
b1010111000 P
09
06
#13995000
16
#14000000
b1111 )
b1111 B
1+
19
b10111000 *
b10111000 C
b10111000 8
b10111000 >
06
#14005000
b10110010 F
b1010111001 ,
b1010111001 <
b1010111001 L
b1010111000 !
b1010111000 A
b1010111000 E
b1010111001 ;
16
#14010000
b0 )
b0 B
0+
b10110001 T
b1010111001 P
09
06
#14015000
16
#14020000
b1111 )
b1111 B
1+
19
b10111001 *
b10111001 C
b10111001 8
b10111001 >
06
#14025000
b10110011 F
b1010111010 ,
b1010111010 <
b1010111010 L
b1010111001 !
b1010111001 A
b1010111001 E
b1010111010 ;
16
#14030000
b0 )
b0 B
0+
b10110010 T
b1010111010 P
09
06
#14035000
16
#14040000
b1111 )
b1111 B
1+
19
b10111010 *
b10111010 C
b10111010 8
b10111010 >
06
#14045000
b10110100 F
b1010111011 ,
b1010111011 <
b1010111011 L
b1010111010 !
b1010111010 A
b1010111010 E
b1010111011 ;
16
#14050000
b0 )
b0 B
0+
b10110011 T
b1010111011 P
09
06
#14055000
16
#14060000
b1111 )
b1111 B
1+
19
b10111011 *
b10111011 C
b10111011 8
b10111011 >
06
#14065000
b10110101 F
b1010111100 ,
b1010111100 <
b1010111100 L
b1010111011 !
b1010111011 A
b1010111011 E
b1010111100 ;
16
#14070000
b0 )
b0 B
0+
b10110100 T
b1010111100 P
09
06
#14075000
16
#14080000
b1111 )
b1111 B
1+
19
b10111100 *
b10111100 C
b10111100 8
b10111100 >
06
#14085000
b10110110 F
b1010111101 ,
b1010111101 <
b1010111101 L
b1010111100 !
b1010111100 A
b1010111100 E
b1010111101 ;
16
#14090000
b0 )
b0 B
0+
b10110101 T
b1010111101 P
09
06
#14095000
16
#14100000
b1111 )
b1111 B
1+
19
b10111101 *
b10111101 C
b10111101 8
b10111101 >
06
#14105000
b10110111 F
b1010111110 ,
b1010111110 <
b1010111110 L
b1010111101 !
b1010111101 A
b1010111101 E
b1010111110 ;
16
#14110000
b0 )
b0 B
0+
b10110110 T
b1010111110 P
09
06
#14115000
16
#14120000
b1111 )
b1111 B
1+
19
b10111110 *
b10111110 C
b10111110 8
b10111110 >
06
#14125000
b10111000 F
b1010111111 ,
b1010111111 <
b1010111111 L
b1010111110 !
b1010111110 A
b1010111110 E
b1010111111 ;
16
#14130000
b0 )
b0 B
0+
b10110111 T
b1010111111 P
09
06
#14135000
16
#14140000
b1111 )
b1111 B
1+
19
b10111111 *
b10111111 C
b10111111 8
b10111111 >
06
#14145000
b10111001 F
b1011000000 ,
b1011000000 <
b1011000000 L
b1010111111 !
b1010111111 A
b1010111111 E
b1011000000 ;
16
#14150000
b0 )
b0 B
0+
b10111000 T
b1011000000 P
09
06
#14155000
16
#14160000
b1111 )
b1111 B
1+
19
b11000000 *
b11000000 C
b11000000 8
b11000000 >
06
#14165000
b10111010 F
b1011000001 ,
b1011000001 <
b1011000001 L
b1011000000 !
b1011000000 A
b1011000000 E
b1011000001 ;
16
#14170000
b0 )
b0 B
0+
b10111001 T
b1011000001 P
09
06
#14175000
16
#14180000
b1111 )
b1111 B
1+
19
b11000001 *
b11000001 C
b11000001 8
b11000001 >
06
#14185000
b10111011 F
b1011000010 ,
b1011000010 <
b1011000010 L
b1011000001 !
b1011000001 A
b1011000001 E
b1011000010 ;
16
#14190000
b0 )
b0 B
0+
b10111010 T
b1011000010 P
09
06
#14195000
16
#14200000
b1111 )
b1111 B
1+
19
b11000010 *
b11000010 C
b11000010 8
b11000010 >
06
#14205000
b10111100 F
b1011000011 ,
b1011000011 <
b1011000011 L
b1011000010 !
b1011000010 A
b1011000010 E
b1011000011 ;
16
#14210000
b0 )
b0 B
0+
b10111011 T
b1011000011 P
09
06
#14215000
16
#14220000
b1111 )
b1111 B
1+
19
b11000011 *
b11000011 C
b11000011 8
b11000011 >
06
#14225000
b10111101 F
b1011000100 ,
b1011000100 <
b1011000100 L
b1011000011 !
b1011000011 A
b1011000011 E
b1011000100 ;
16
#14230000
b0 )
b0 B
0+
b10111100 T
b1011000100 P
09
06
#14235000
16
#14240000
b1111 )
b1111 B
1+
19
b11000100 *
b11000100 C
b11000100 8
b11000100 >
06
#14245000
b10111110 F
b1011000101 ,
b1011000101 <
b1011000101 L
b1011000100 !
b1011000100 A
b1011000100 E
b1011000101 ;
16
#14250000
b0 )
b0 B
0+
b10111101 T
b1011000101 P
09
06
#14255000
16
#14260000
b1111 )
b1111 B
1+
19
b11000101 *
b11000101 C
b11000101 8
b11000101 >
06
#14265000
b10111111 F
b1011000110 ,
b1011000110 <
b1011000110 L
b1011000101 !
b1011000101 A
b1011000101 E
b1011000110 ;
16
#14270000
b0 )
b0 B
0+
b10111110 T
b1011000110 P
09
06
#14275000
16
#14280000
b1111 )
b1111 B
1+
19
b11000110 *
b11000110 C
b11000110 8
b11000110 >
06
#14285000
b11000000 F
b1011000111 ,
b1011000111 <
b1011000111 L
b1011000110 !
b1011000110 A
b1011000110 E
b1011000111 ;
16
#14290000
b0 )
b0 B
0+
b10111111 T
b1011000111 P
09
06
#14295000
16
#14300000
b1111 )
b1111 B
1+
19
b11000111 *
b11000111 C
b11000111 8
b11000111 >
06
#14305000
b11000001 F
b1011001000 ,
b1011001000 <
b1011001000 L
b1011000111 !
b1011000111 A
b1011000111 E
b1011001000 ;
16
#14310000
b0 )
b0 B
0+
b11000000 T
b1011001000 P
09
06
#14315000
16
#14320000
b1111 )
b1111 B
1+
19
b11001000 *
b11001000 C
b11001000 8
b11001000 >
06
#14325000
b11000010 F
b1011001001 ,
b1011001001 <
b1011001001 L
b1011001000 !
b1011001000 A
b1011001000 E
b1011001001 ;
16
#14330000
b0 )
b0 B
0+
b11000001 T
b1011001001 P
09
06
#14335000
16
#14340000
b1111 )
b1111 B
1+
19
b11001001 *
b11001001 C
b11001001 8
b11001001 >
06
#14345000
b11000011 F
b1011001010 ,
b1011001010 <
b1011001010 L
b1011001001 !
b1011001001 A
b1011001001 E
b1011001010 ;
16
#14350000
b0 )
b0 B
0+
b11000010 T
b1011001010 P
09
06
#14355000
16
#14360000
b1111 )
b1111 B
1+
19
b11001010 *
b11001010 C
b11001010 8
b11001010 >
06
#14365000
b11000100 F
b1011001011 ,
b1011001011 <
b1011001011 L
b1011001010 !
b1011001010 A
b1011001010 E
b1011001011 ;
16
#14370000
b0 )
b0 B
0+
b11000011 T
b1011001011 P
09
06
#14375000
16
#14380000
b1111 )
b1111 B
1+
19
b11001011 *
b11001011 C
b11001011 8
b11001011 >
06
#14385000
b11000101 F
b1011001100 ,
b1011001100 <
b1011001100 L
b1011001011 !
b1011001011 A
b1011001011 E
b1011001100 ;
16
#14390000
b0 )
b0 B
0+
b11000100 T
b1011001100 P
09
06
#14395000
16
#14400000
b1111 )
b1111 B
1+
19
b11001100 *
b11001100 C
b11001100 8
b11001100 >
06
#14405000
b11000110 F
b1011001101 ,
b1011001101 <
b1011001101 L
b1011001100 !
b1011001100 A
b1011001100 E
b1011001101 ;
16
#14410000
b0 )
b0 B
0+
b11000101 T
b1011001101 P
09
06
#14415000
16
#14420000
b1111 )
b1111 B
1+
19
b11001101 *
b11001101 C
b11001101 8
b11001101 >
06
#14425000
b11000111 F
b1011001110 ,
b1011001110 <
b1011001110 L
b1011001101 !
b1011001101 A
b1011001101 E
b1011001110 ;
16
#14430000
b0 )
b0 B
0+
b11000110 T
b1011001110 P
09
06
#14435000
16
#14440000
b1111 )
b1111 B
1+
19
b11001110 *
b11001110 C
b11001110 8
b11001110 >
06
#14445000
b11001000 F
b1011001111 ,
b1011001111 <
b1011001111 L
b1011001110 !
b1011001110 A
b1011001110 E
b1011001111 ;
16
#14450000
b0 )
b0 B
0+
b11000111 T
b1011001111 P
09
06
#14455000
16
#14460000
b1111 )
b1111 B
1+
19
b11001111 *
b11001111 C
b11001111 8
b11001111 >
06
#14465000
b11001001 F
b1011010000 ,
b1011010000 <
b1011010000 L
b1011001111 !
b1011001111 A
b1011001111 E
b1011010000 ;
16
#14470000
b0 )
b0 B
0+
b11001000 T
b1011010000 P
09
06
#14475000
16
#14480000
b1111 )
b1111 B
1+
19
b11010000 *
b11010000 C
b11010000 8
b11010000 >
06
#14485000
b11001010 F
b1011010001 ,
b1011010001 <
b1011010001 L
b1011010000 !
b1011010000 A
b1011010000 E
b1011010001 ;
16
#14490000
b0 )
b0 B
0+
b11001001 T
b1011010001 P
09
06
#14495000
16
#14500000
b1111 )
b1111 B
1+
19
b11010001 *
b11010001 C
b11010001 8
b11010001 >
06
#14505000
b11001011 F
b1011010010 ,
b1011010010 <
b1011010010 L
b1011010001 !
b1011010001 A
b1011010001 E
b1011010010 ;
16
#14510000
b0 )
b0 B
0+
b11001010 T
b1011010010 P
09
06
#14515000
16
#14520000
b1111 )
b1111 B
1+
19
b11010010 *
b11010010 C
b11010010 8
b11010010 >
06
#14525000
b11001100 F
b1011010011 ,
b1011010011 <
b1011010011 L
b1011010010 !
b1011010010 A
b1011010010 E
b1011010011 ;
16
#14530000
b0 )
b0 B
0+
b11001011 T
b1011010011 P
09
06
#14535000
16
#14540000
b1111 )
b1111 B
1+
19
b11010011 *
b11010011 C
b11010011 8
b11010011 >
06
#14545000
b11001101 F
b1011010100 ,
b1011010100 <
b1011010100 L
b1011010011 !
b1011010011 A
b1011010011 E
b1011010100 ;
16
#14550000
b0 )
b0 B
0+
b11001100 T
b1011010100 P
09
06
#14555000
16
#14560000
b1111 )
b1111 B
1+
19
b11010100 *
b11010100 C
b11010100 8
b11010100 >
06
#14565000
b11001110 F
b1011010101 ,
b1011010101 <
b1011010101 L
b1011010100 !
b1011010100 A
b1011010100 E
b1011010101 ;
16
#14570000
b0 )
b0 B
0+
b11001101 T
b1011010101 P
09
06
#14575000
16
#14580000
b1111 )
b1111 B
1+
19
b11010101 *
b11010101 C
b11010101 8
b11010101 >
06
#14585000
b11001111 F
b1011010110 ,
b1011010110 <
b1011010110 L
b1011010101 !
b1011010101 A
b1011010101 E
b1011010110 ;
16
#14590000
b0 )
b0 B
0+
b11001110 T
b1011010110 P
09
06
#14595000
16
#14600000
b1111 )
b1111 B
1+
19
b11010110 *
b11010110 C
b11010110 8
b11010110 >
06
#14605000
b11010000 F
b1011010111 ,
b1011010111 <
b1011010111 L
b1011010110 !
b1011010110 A
b1011010110 E
b1011010111 ;
16
#14610000
b0 )
b0 B
0+
b11001111 T
b1011010111 P
09
06
#14615000
16
#14620000
b1111 )
b1111 B
1+
19
b11010111 *
b11010111 C
b11010111 8
b11010111 >
06
#14625000
b11010001 F
b1011011000 ,
b1011011000 <
b1011011000 L
b1011010111 !
b1011010111 A
b1011010111 E
b1011011000 ;
16
#14630000
b0 )
b0 B
0+
b11010000 T
b1011011000 P
09
06
#14635000
16
#14640000
b1111 )
b1111 B
1+
19
b11011000 *
b11011000 C
b11011000 8
b11011000 >
06
#14645000
b11010010 F
b1011011001 ,
b1011011001 <
b1011011001 L
b1011011000 !
b1011011000 A
b1011011000 E
b1011011001 ;
16
#14650000
b0 )
b0 B
0+
b11010001 T
b1011011001 P
09
06
#14655000
16
#14660000
b1111 )
b1111 B
1+
19
b11011001 *
b11011001 C
b11011001 8
b11011001 >
06
#14665000
b11010011 F
b1011011010 ,
b1011011010 <
b1011011010 L
b1011011001 !
b1011011001 A
b1011011001 E
b1011011010 ;
16
#14670000
b0 )
b0 B
0+
b11010010 T
b1011011010 P
09
06
#14675000
16
#14680000
b1111 )
b1111 B
1+
19
b11011010 *
b11011010 C
b11011010 8
b11011010 >
06
#14685000
b11010100 F
b1011011011 ,
b1011011011 <
b1011011011 L
b1011011010 !
b1011011010 A
b1011011010 E
b1011011011 ;
16
#14690000
b0 )
b0 B
0+
b11010011 T
b1011011011 P
09
06
#14695000
16
#14700000
b1111 )
b1111 B
1+
19
b11011011 *
b11011011 C
b11011011 8
b11011011 >
06
#14705000
b11010101 F
b1011011100 ,
b1011011100 <
b1011011100 L
b1011011011 !
b1011011011 A
b1011011011 E
b1011011100 ;
16
#14710000
b0 )
b0 B
0+
b11010100 T
b1011011100 P
09
06
#14715000
16
#14720000
b1111 )
b1111 B
1+
19
b11011100 *
b11011100 C
b11011100 8
b11011100 >
06
#14725000
b11010110 F
b1011011101 ,
b1011011101 <
b1011011101 L
b1011011100 !
b1011011100 A
b1011011100 E
b1011011101 ;
16
#14730000
b0 )
b0 B
0+
b11010101 T
b1011011101 P
09
06
#14735000
16
#14740000
b1111 )
b1111 B
1+
19
b11011101 *
b11011101 C
b11011101 8
b11011101 >
06
#14745000
b11010111 F
b1011011110 ,
b1011011110 <
b1011011110 L
b1011011101 !
b1011011101 A
b1011011101 E
b1011011110 ;
16
#14750000
b0 )
b0 B
0+
b11010110 T
b1011011110 P
09
06
#14755000
16
#14760000
b1111 )
b1111 B
1+
19
b11011110 *
b11011110 C
b11011110 8
b11011110 >
06
#14765000
b11011000 F
b1011011111 ,
b1011011111 <
b1011011111 L
b1011011110 !
b1011011110 A
b1011011110 E
b1011011111 ;
16
#14770000
b0 )
b0 B
0+
b11010111 T
b1011011111 P
09
06
#14775000
16
#14780000
b1111 )
b1111 B
1+
19
b11011111 *
b11011111 C
b11011111 8
b11011111 >
06
#14785000
b11011001 F
b1011100000 ,
b1011100000 <
b1011100000 L
b1011011111 !
b1011011111 A
b1011011111 E
b1011100000 ;
16
#14790000
b0 )
b0 B
0+
b11011000 T
b1011100000 P
09
06
#14795000
16
#14800000
b1111 )
b1111 B
1+
19
b11100000 *
b11100000 C
b11100000 8
b11100000 >
06
#14805000
b11011010 F
b1011100001 ,
b1011100001 <
b1011100001 L
b1011100000 !
b1011100000 A
b1011100000 E
b1011100001 ;
16
#14810000
b0 )
b0 B
0+
b11011001 T
b1011100001 P
09
06
#14815000
16
#14820000
b1111 )
b1111 B
1+
19
b11100001 *
b11100001 C
b11100001 8
b11100001 >
06
#14825000
b11011011 F
b1011100010 ,
b1011100010 <
b1011100010 L
b1011100001 !
b1011100001 A
b1011100001 E
b1011100010 ;
16
#14830000
b0 )
b0 B
0+
b11011010 T
b1011100010 P
09
06
#14835000
16
#14840000
b1111 )
b1111 B
1+
19
b11100010 *
b11100010 C
b11100010 8
b11100010 >
06
#14845000
b11011100 F
b1011100011 ,
b1011100011 <
b1011100011 L
b1011100010 !
b1011100010 A
b1011100010 E
b1011100011 ;
16
#14850000
b0 )
b0 B
0+
b11011011 T
b1011100011 P
09
06
#14855000
16
#14860000
b1111 )
b1111 B
1+
19
b11100011 *
b11100011 C
b11100011 8
b11100011 >
06
#14865000
b11011101 F
b1011100100 ,
b1011100100 <
b1011100100 L
b1011100011 !
b1011100011 A
b1011100011 E
b1011100100 ;
16
#14870000
b0 )
b0 B
0+
b11011100 T
b1011100100 P
09
06
#14875000
16
#14880000
b1111 )
b1111 B
1+
19
b11100100 *
b11100100 C
b11100100 8
b11100100 >
06
#14885000
b11011110 F
b1011100101 ,
b1011100101 <
b1011100101 L
b1011100100 !
b1011100100 A
b1011100100 E
b1011100101 ;
16
#14890000
b0 )
b0 B
0+
b11011101 T
b1011100101 P
09
06
#14895000
16
#14900000
b1111 )
b1111 B
1+
19
b11100101 *
b11100101 C
b11100101 8
b11100101 >
06
#14905000
b11011111 F
b1011100110 ,
b1011100110 <
b1011100110 L
b1011100101 !
b1011100101 A
b1011100101 E
b1011100110 ;
16
#14910000
b0 )
b0 B
0+
b11011110 T
b1011100110 P
09
06
#14915000
16
#14920000
b1111 )
b1111 B
1+
19
b11100110 *
b11100110 C
b11100110 8
b11100110 >
06
#14925000
b11100000 F
b1011100111 ,
b1011100111 <
b1011100111 L
b1011100110 !
b1011100110 A
b1011100110 E
b1011100111 ;
16
#14930000
b0 )
b0 B
0+
b11011111 T
b1011100111 P
09
06
#14935000
16
#14940000
b1111 )
b1111 B
1+
19
b11100111 *
b11100111 C
b11100111 8
b11100111 >
06
#14945000
b11100001 F
b1011101000 ,
b1011101000 <
b1011101000 L
b1011100111 !
b1011100111 A
b1011100111 E
b1011101000 ;
16
#14950000
b0 )
b0 B
0+
b11100000 T
b1011101000 P
09
06
#14955000
16
#14960000
b1111 )
b1111 B
1+
19
b11101000 *
b11101000 C
b11101000 8
b11101000 >
06
#14965000
b11100010 F
b1011101001 ,
b1011101001 <
b1011101001 L
b1011101000 !
b1011101000 A
b1011101000 E
b1011101001 ;
16
#14970000
b0 )
b0 B
0+
b11100001 T
b1011101001 P
09
06
#14975000
16
#14980000
b1111 )
b1111 B
1+
19
b11101001 *
b11101001 C
b11101001 8
b11101001 >
06
#14985000
b11100011 F
b1011101010 ,
b1011101010 <
b1011101010 L
b1011101001 !
b1011101001 A
b1011101001 E
b1011101010 ;
16
#14990000
b0 )
b0 B
0+
b11100010 T
b1011101010 P
09
06
#14995000
16
#15000000
b1111 )
b1111 B
1+
19
b11101010 *
b11101010 C
b11101010 8
b11101010 >
06
#15005000
b11100100 F
b1011101011 ,
b1011101011 <
b1011101011 L
b1011101010 !
b1011101010 A
b1011101010 E
b1011101011 ;
16
#15010000
b0 )
b0 B
0+
b11100011 T
b1011101011 P
09
06
#15015000
16
#15020000
b1111 )
b1111 B
1+
19
b11101011 *
b11101011 C
b11101011 8
b11101011 >
06
#15025000
b11100101 F
b1011101100 ,
b1011101100 <
b1011101100 L
b1011101011 !
b1011101011 A
b1011101011 E
b1011101100 ;
16
#15030000
b0 )
b0 B
0+
b11100100 T
b1011101100 P
09
06
#15035000
16
#15040000
b1111 )
b1111 B
1+
19
b11101100 *
b11101100 C
b11101100 8
b11101100 >
06
#15045000
b11100110 F
b1011101101 ,
b1011101101 <
b1011101101 L
b1011101100 !
b1011101100 A
b1011101100 E
b1011101101 ;
16
#15050000
b0 )
b0 B
0+
b11100101 T
b1011101101 P
09
06
#15055000
16
#15060000
b1111 )
b1111 B
1+
19
b11101101 *
b11101101 C
b11101101 8
b11101101 >
06
#15065000
b11100111 F
b1011101110 ,
b1011101110 <
b1011101110 L
b1011101101 !
b1011101101 A
b1011101101 E
b1011101110 ;
16
#15070000
b0 )
b0 B
0+
b11100110 T
b1011101110 P
09
06
#15075000
16
#15080000
b1111 )
b1111 B
1+
19
b11101110 *
b11101110 C
b11101110 8
b11101110 >
06
#15085000
b11101000 F
b1011101111 ,
b1011101111 <
b1011101111 L
b1011101110 !
b1011101110 A
b1011101110 E
b1011101111 ;
16
#15090000
b0 )
b0 B
0+
b11100111 T
b1011101111 P
09
06
#15095000
16
#15100000
b1111 )
b1111 B
1+
19
b11101111 *
b11101111 C
b11101111 8
b11101111 >
06
#15105000
b11101001 F
b1011110000 ,
b1011110000 <
b1011110000 L
b1011101111 !
b1011101111 A
b1011101111 E
b1011110000 ;
16
#15110000
b0 )
b0 B
0+
b11101000 T
b1011110000 P
09
06
#15115000
16
#15120000
b1111 )
b1111 B
1+
19
b11110000 *
b11110000 C
b11110000 8
b11110000 >
06
#15125000
b11101010 F
b1011110001 ,
b1011110001 <
b1011110001 L
b1011110000 !
b1011110000 A
b1011110000 E
b1011110001 ;
16
#15130000
b0 )
b0 B
0+
b11101001 T
b1011110001 P
09
06
#15135000
16
#15140000
b1111 )
b1111 B
1+
19
b11110001 *
b11110001 C
b11110001 8
b11110001 >
06
#15145000
b11101011 F
b1011110010 ,
b1011110010 <
b1011110010 L
b1011110001 !
b1011110001 A
b1011110001 E
b1011110010 ;
16
#15150000
b0 )
b0 B
0+
b11101010 T
b1011110010 P
09
06
#15155000
16
#15160000
b1111 )
b1111 B
1+
19
b11110010 *
b11110010 C
b11110010 8
b11110010 >
06
#15165000
b11101100 F
b1011110011 ,
b1011110011 <
b1011110011 L
b1011110010 !
b1011110010 A
b1011110010 E
b1011110011 ;
16
#15170000
b0 )
b0 B
0+
b11101011 T
b1011110011 P
09
06
#15175000
16
#15180000
b1111 )
b1111 B
1+
19
b11110011 *
b11110011 C
b11110011 8
b11110011 >
06
#15185000
b11101101 F
b1011110100 ,
b1011110100 <
b1011110100 L
b1011110011 !
b1011110011 A
b1011110011 E
b1011110100 ;
16
#15190000
b0 )
b0 B
0+
b11101100 T
b1011110100 P
09
06
#15195000
16
#15200000
b1111 )
b1111 B
1+
19
b11110100 *
b11110100 C
b11110100 8
b11110100 >
06
#15205000
b11101110 F
b1011110101 ,
b1011110101 <
b1011110101 L
b1011110100 !
b1011110100 A
b1011110100 E
b1011110101 ;
16
#15210000
b0 )
b0 B
0+
b11101101 T
b1011110101 P
09
06
#15215000
16
#15220000
b1111 )
b1111 B
1+
19
b11110101 *
b11110101 C
b11110101 8
b11110101 >
06
#15225000
b11101111 F
b1011110110 ,
b1011110110 <
b1011110110 L
b1011110101 !
b1011110101 A
b1011110101 E
b1011110110 ;
16
#15230000
b0 )
b0 B
0+
b11101110 T
b1011110110 P
09
06
#15235000
16
#15240000
b1111 )
b1111 B
1+
19
b11110110 *
b11110110 C
b11110110 8
b11110110 >
06
#15245000
b11110000 F
b1011110111 ,
b1011110111 <
b1011110111 L
b1011110110 !
b1011110110 A
b1011110110 E
b1011110111 ;
16
#15250000
b0 )
b0 B
0+
b11101111 T
b1011110111 P
09
06
#15255000
16
#15260000
b1111 )
b1111 B
1+
19
b11110111 *
b11110111 C
b11110111 8
b11110111 >
06
#15265000
b11110001 F
b1011111000 ,
b1011111000 <
b1011111000 L
b1011110111 !
b1011110111 A
b1011110111 E
b1011111000 ;
16
#15270000
b0 )
b0 B
0+
b11110000 T
b1011111000 P
09
06
#15275000
16
#15280000
b1111 )
b1111 B
1+
19
b11111000 *
b11111000 C
b11111000 8
b11111000 >
06
#15285000
b11110010 F
b1011111001 ,
b1011111001 <
b1011111001 L
b1011111000 !
b1011111000 A
b1011111000 E
b1011111001 ;
16
#15290000
b0 )
b0 B
0+
b11110001 T
b1011111001 P
09
06
#15295000
16
#15300000
b1111 )
b1111 B
1+
19
b11111001 *
b11111001 C
b11111001 8
b11111001 >
06
#15305000
b11110011 F
b1011111010 ,
b1011111010 <
b1011111010 L
b1011111001 !
b1011111001 A
b1011111001 E
b1011111010 ;
16
#15310000
b0 )
b0 B
0+
b11110010 T
b1011111010 P
09
06
#15315000
16
#15320000
b1111 )
b1111 B
1+
19
b11111010 *
b11111010 C
b11111010 8
b11111010 >
06
#15325000
b11110100 F
b1011111011 ,
b1011111011 <
b1011111011 L
b1011111010 !
b1011111010 A
b1011111010 E
b1011111011 ;
16
#15330000
b0 )
b0 B
0+
b11110011 T
b1011111011 P
09
06
#15335000
16
#15340000
b1111 )
b1111 B
1+
19
b11111011 *
b11111011 C
b11111011 8
b11111011 >
06
#15345000
b11110101 F
b1011111100 ,
b1011111100 <
b1011111100 L
b1011111011 !
b1011111011 A
b1011111011 E
b1011111100 ;
16
#15350000
b0 )
b0 B
0+
b11110100 T
b1011111100 P
09
06
#15355000
16
#15360000
b1111 )
b1111 B
1+
19
b11111100 *
b11111100 C
b11111100 8
b11111100 >
06
#15365000
b11110110 F
b1011111101 ,
b1011111101 <
b1011111101 L
b1011111100 !
b1011111100 A
b1011111100 E
b1011111101 ;
16
#15370000
b0 )
b0 B
0+
b11110101 T
b1011111101 P
09
06
#15375000
16
#15380000
b1111 )
b1111 B
1+
19
b11111101 *
b11111101 C
b11111101 8
b11111101 >
06
#15385000
b11110111 F
b1011111110 ,
b1011111110 <
b1011111110 L
b1011111101 !
b1011111101 A
b1011111101 E
b1011111110 ;
16
#15390000
b0 )
b0 B
0+
b11110110 T
b1011111110 P
09
06
#15395000
16
#15400000
b1111 )
b1111 B
1+
19
b11111110 *
b11111110 C
b11111110 8
b11111110 >
06
#15405000
b11111000 F
b1011111111 ,
b1011111111 <
b1011111111 L
b1011111110 !
b1011111110 A
b1011111110 E
b1011111111 ;
16
#15410000
b0 )
b0 B
0+
b11110111 T
b1011111111 P
09
06
#15415000
16
#15420000
b1111 )
b1111 B
1+
19
b11111111 *
b11111111 C
b11111111 8
b11111111 >
06
#15425000
b11111001 F
b1100000000 ,
b1100000000 <
b1100000000 L
b1011111111 !
b1011111111 A
b1011111111 E
b1100000000 ;
16
#15430000
b0 )
b0 B
0+
b11111000 T
b1100000000 P
09
06
#15435000
16
#15440000
b1111 )
b1111 B
1+
19
b0 *
b0 C
b0 8
b0 >
06
#15445000
b11111010 F
b1100000001 ,
b1100000001 <
b1100000001 L
b1100000000 !
b1100000000 A
b1100000000 E
b1100000001 ;
16
#15450000
b0 )
b0 B
0+
b11111001 T
b1100000001 P
09
06
#15455000
16
#15460000
b1111 )
b1111 B
1+
19
b1 *
b1 C
b1 8
b1 >
06
#15465000
b11111011 F
b1100000010 ,
b1100000010 <
b1100000010 L
b1100000001 !
b1100000001 A
b1100000001 E
b1100000010 ;
16
#15470000
b0 )
b0 B
0+
b11111010 T
b1100000010 P
09
06
#15475000
16
#15480000
b1111 )
b1111 B
1+
19
b10 *
b10 C
b10 8
b10 >
06
#15485000
b11111100 F
b1100000011 ,
b1100000011 <
b1100000011 L
b1100000010 !
b1100000010 A
b1100000010 E
b1100000011 ;
16
#15490000
b0 )
b0 B
0+
b11111011 T
b1100000011 P
09
06
#15495000
16
#15500000
b1111 )
b1111 B
1+
19
b11 *
b11 C
b11 8
b11 >
06
#15505000
b11111101 F
b1100000100 ,
b1100000100 <
b1100000100 L
b1100000011 !
b1100000011 A
b1100000011 E
b1100000100 ;
16
#15510000
b0 )
b0 B
0+
b11111100 T
b1100000100 P
09
06
#15515000
16
#15520000
b1111 )
b1111 B
1+
19
b100 *
b100 C
b100 8
b100 >
06
#15525000
b11111110 F
b1100000101 ,
b1100000101 <
b1100000101 L
b1100000100 !
b1100000100 A
b1100000100 E
b1100000101 ;
16
#15530000
b0 )
b0 B
0+
b11111101 T
b1100000101 P
09
06
#15535000
16
#15540000
b1111 )
b1111 B
1+
19
b101 *
b101 C
b101 8
b101 >
06
#15545000
b11111111 F
b1100000110 ,
b1100000110 <
b1100000110 L
b1100000101 !
b1100000101 A
b1100000101 E
b1100000110 ;
16
#15550000
b0 )
b0 B
0+
b11111110 T
b1100000110 P
09
06
#15555000
16
#15560000
b1111 )
b1111 B
1+
19
b110 *
b110 C
b110 8
b110 >
06
#15565000
b100000000 F
b1100000111 ,
b1100000111 <
b1100000111 L
b1100000110 !
b1100000110 A
b1100000110 E
b1100000111 ;
16
#15570000
b0 )
b0 B
0+
b11111111 T
b1100000111 P
09
06
#15575000
16
#15580000
b1111 )
b1111 B
1+
19
b111 *
b111 C
b111 8
b111 >
06
#15585000
b100000001 F
b1100001000 ,
b1100001000 <
b1100001000 L
b1100000111 !
b1100000111 A
b1100000111 E
b1100001000 ;
16
#15590000
b0 )
b0 B
0+
b100000000 T
b1100001000 P
09
06
#15595000
16
#15600000
b1111 )
b1111 B
1+
19
b1000 *
b1000 C
b1000 8
b1000 >
06
#15605000
b100000010 F
b1100001001 ,
b1100001001 <
b1100001001 L
b1100001000 !
b1100001000 A
b1100001000 E
b1100001001 ;
16
#15610000
b0 )
b0 B
0+
b100000001 T
b1100001001 P
09
06
#15615000
16
#15620000
b1111 )
b1111 B
1+
19
b1001 *
b1001 C
b1001 8
b1001 >
06
#15625000
b100000011 F
b1100001010 ,
b1100001010 <
b1100001010 L
b1100001001 !
b1100001001 A
b1100001001 E
b1100001010 ;
16
#15630000
b0 )
b0 B
0+
b100000010 T
b1100001010 P
09
06
#15635000
16
#15640000
b1111 )
b1111 B
1+
19
b1010 *
b1010 C
b1010 8
b1010 >
06
#15645000
b100000100 F
b1100001011 ,
b1100001011 <
b1100001011 L
b1100001010 !
b1100001010 A
b1100001010 E
b1100001011 ;
16
#15650000
b0 )
b0 B
0+
b100000011 T
b1100001011 P
09
06
#15655000
16
#15660000
b1111 )
b1111 B
1+
19
b1011 *
b1011 C
b1011 8
b1011 >
06
#15665000
b100000101 F
b1100001100 ,
b1100001100 <
b1100001100 L
b1100001011 !
b1100001011 A
b1100001011 E
b1100001100 ;
16
#15670000
b0 )
b0 B
0+
b100000100 T
b1100001100 P
09
06
#15675000
16
#15680000
b1111 )
b1111 B
1+
19
b1100 *
b1100 C
b1100 8
b1100 >
06
#15685000
b100000110 F
b1100001101 ,
b1100001101 <
b1100001101 L
b1100001100 !
b1100001100 A
b1100001100 E
b1100001101 ;
16
#15690000
b0 )
b0 B
0+
b100000101 T
b1100001101 P
09
06
#15695000
16
#15700000
b1111 )
b1111 B
1+
19
b1101 *
b1101 C
b1101 8
b1101 >
06
#15705000
b100000111 F
b1100001110 ,
b1100001110 <
b1100001110 L
b1100001101 !
b1100001101 A
b1100001101 E
b1100001110 ;
16
#15710000
b0 )
b0 B
0+
b100000110 T
b1100001110 P
09
06
#15715000
16
#15720000
b1111 )
b1111 B
1+
19
b1110 *
b1110 C
b1110 8
b1110 >
06
#15725000
b100001000 F
b1100001111 ,
b1100001111 <
b1100001111 L
b1100001110 !
b1100001110 A
b1100001110 E
b1100001111 ;
16
#15730000
b0 )
b0 B
0+
b100000111 T
b1100001111 P
09
06
#15735000
16
#15740000
b1111 )
b1111 B
1+
19
b1111 *
b1111 C
b1111 8
b1111 >
06
#15745000
b100001001 F
b1100010000 ,
b1100010000 <
b1100010000 L
b1100001111 !
b1100001111 A
b1100001111 E
b1100010000 ;
16
#15750000
b0 )
b0 B
0+
b100001000 T
b1100010000 P
09
06
#15755000
16
#15760000
b1111 )
b1111 B
1+
19
b10000 *
b10000 C
b10000 8
b10000 >
06
#15765000
b100001010 F
b1100010001 ,
b1100010001 <
b1100010001 L
b1100010000 !
b1100010000 A
b1100010000 E
b1100010001 ;
16
#15770000
b0 )
b0 B
0+
b100001001 T
b1100010001 P
09
06
#15775000
16
#15780000
b1111 )
b1111 B
1+
19
b10001 *
b10001 C
b10001 8
b10001 >
06
#15785000
b100001011 F
b1100010010 ,
b1100010010 <
b1100010010 L
b1100010001 !
b1100010001 A
b1100010001 E
b1100010010 ;
16
#15790000
b0 )
b0 B
0+
b100001010 T
b1100010010 P
09
06
#15795000
16
#15800000
b1111 )
b1111 B
1+
19
b10010 *
b10010 C
b10010 8
b10010 >
06
#15805000
b100001100 F
b1100010011 ,
b1100010011 <
b1100010011 L
b1100010010 !
b1100010010 A
b1100010010 E
b1100010011 ;
16
#15810000
b0 )
b0 B
0+
b100001011 T
b1100010011 P
09
06
#15815000
16
#15820000
b1111 )
b1111 B
1+
19
b10011 *
b10011 C
b10011 8
b10011 >
06
#15825000
b100001101 F
b1100010100 ,
b1100010100 <
b1100010100 L
b1100010011 !
b1100010011 A
b1100010011 E
b1100010100 ;
16
#15830000
b0 )
b0 B
0+
b100001100 T
b1100010100 P
09
06
#15835000
16
#15840000
b1111 )
b1111 B
1+
19
b10100 *
b10100 C
b10100 8
b10100 >
06
#15845000
b100001110 F
b1100010101 ,
b1100010101 <
b1100010101 L
b1100010100 !
b1100010100 A
b1100010100 E
b1100010101 ;
16
#15850000
b0 )
b0 B
0+
b100001101 T
b1100010101 P
09
06
#15855000
16
#15860000
b1111 )
b1111 B
1+
19
b10101 *
b10101 C
b10101 8
b10101 >
06
#15865000
b100001111 F
b1100010110 ,
b1100010110 <
b1100010110 L
b1100010101 !
b1100010101 A
b1100010101 E
b1100010110 ;
16
#15870000
b0 )
b0 B
0+
b100001110 T
b1100010110 P
09
06
#15875000
16
#15880000
b1111 )
b1111 B
1+
19
b10110 *
b10110 C
b10110 8
b10110 >
06
#15885000
b100010000 F
b1100010111 ,
b1100010111 <
b1100010111 L
b1100010110 !
b1100010110 A
b1100010110 E
b1100010111 ;
16
#15890000
b0 )
b0 B
0+
b100001111 T
b1100010111 P
09
06
#15895000
16
#15900000
b1111 )
b1111 B
1+
19
b10111 *
b10111 C
b10111 8
b10111 >
06
#15905000
b100010001 F
b1100011000 ,
b1100011000 <
b1100011000 L
b1100010111 !
b1100010111 A
b1100010111 E
b1100011000 ;
16
#15910000
b0 )
b0 B
0+
b100010000 T
b1100011000 P
09
06
#15915000
16
#15920000
b1111 )
b1111 B
1+
19
b11000 *
b11000 C
b11000 8
b11000 >
06
#15925000
b100010010 F
b1100011001 ,
b1100011001 <
b1100011001 L
b1100011000 !
b1100011000 A
b1100011000 E
b1100011001 ;
16
#15930000
b0 )
b0 B
0+
b100010001 T
b1100011001 P
09
06
#15935000
16
#15940000
b1111 )
b1111 B
1+
19
b11001 *
b11001 C
b11001 8
b11001 >
06
#15945000
b100010011 F
b1100011010 ,
b1100011010 <
b1100011010 L
b1100011001 !
b1100011001 A
b1100011001 E
b1100011010 ;
16
#15950000
b0 )
b0 B
0+
b100010010 T
b1100011010 P
09
06
#15955000
16
#15960000
b1111 )
b1111 B
1+
19
b11010 *
b11010 C
b11010 8
b11010 >
06
#15965000
b100010100 F
b1100011011 ,
b1100011011 <
b1100011011 L
b1100011010 !
b1100011010 A
b1100011010 E
b1100011011 ;
16
#15970000
b0 )
b0 B
0+
b100010011 T
b1100011011 P
09
06
#15975000
16
#15980000
b1111 )
b1111 B
1+
19
b11011 *
b11011 C
b11011 8
b11011 >
06
#15985000
b100010101 F
b1100011100 ,
b1100011100 <
b1100011100 L
b1100011011 !
b1100011011 A
b1100011011 E
b1100011100 ;
16
#15990000
b0 )
b0 B
0+
b100010100 T
b1100011100 P
09
06
#15995000
16
#16000000
b1111 )
b1111 B
1+
19
b11100 *
b11100 C
b11100 8
b11100 >
06
#16005000
b100010110 F
b1100011101 ,
b1100011101 <
b1100011101 L
b1100011100 !
b1100011100 A
b1100011100 E
b1100011101 ;
16
#16010000
b0 )
b0 B
0+
b100010101 T
b1100011101 P
09
06
#16015000
16
#16020000
b1111 )
b1111 B
1+
19
b11101 *
b11101 C
b11101 8
b11101 >
06
#16025000
b100010111 F
b1100011110 ,
b1100011110 <
b1100011110 L
b1100011101 !
b1100011101 A
b1100011101 E
b1100011110 ;
16
#16030000
b0 )
b0 B
0+
b100010110 T
b1100011110 P
09
06
#16035000
16
#16040000
b1111 )
b1111 B
1+
19
b11110 *
b11110 C
b11110 8
b11110 >
06
#16045000
b100011000 F
b1100011111 ,
b1100011111 <
b1100011111 L
b1100011110 !
b1100011110 A
b1100011110 E
b1100011111 ;
16
#16050000
b0 )
b0 B
0+
b100010111 T
b1100011111 P
09
06
#16055000
16
#16060000
b1111 )
b1111 B
1+
19
b11111 *
b11111 C
b11111 8
b11111 >
06
#16065000
b100011001 F
b1100100000 ,
b1100100000 <
b1100100000 L
b1100011111 !
b1100011111 A
b1100011111 E
b1100100000 ;
16
#16070000
b0 )
b0 B
0+
b100011000 T
b1100100000 P
09
06
#16075000
16
#16080000
b1111 )
b1111 B
1+
19
b100000 *
b100000 C
b100000 8
b100000 >
06
#16085000
b100011010 F
b1100100001 ,
b1100100001 <
b1100100001 L
b1100100000 !
b1100100000 A
b1100100000 E
b1100100001 ;
16
#16090000
b0 )
b0 B
0+
b100011001 T
b1100100001 P
09
06
#16095000
16
#16100000
b1111 )
b1111 B
1+
19
b100001 *
b100001 C
b100001 8
b100001 >
06
#16105000
b100011011 F
b1100100010 ,
b1100100010 <
b1100100010 L
b1100100001 !
b1100100001 A
b1100100001 E
b1100100010 ;
16
#16110000
b0 )
b0 B
0+
b100011010 T
b1100100010 P
09
06
#16115000
16
#16120000
b1111 )
b1111 B
1+
19
b100010 *
b100010 C
b100010 8
b100010 >
06
#16125000
b100011100 F
b1100100011 ,
b1100100011 <
b1100100011 L
b1100100010 !
b1100100010 A
b1100100010 E
b1100100011 ;
16
#16130000
b0 )
b0 B
0+
b100011011 T
b1100100011 P
09
06
#16135000
16
#16140000
b1111 )
b1111 B
1+
19
b100011 *
b100011 C
b100011 8
b100011 >
06
#16145000
b100011101 F
b1100100100 ,
b1100100100 <
b1100100100 L
b1100100011 !
b1100100011 A
b1100100011 E
b1100100100 ;
16
#16150000
b0 )
b0 B
0+
b100011100 T
b1100100100 P
09
06
#16155000
16
#16160000
b1111 )
b1111 B
1+
19
b100100 *
b100100 C
b100100 8
b100100 >
06
#16165000
b100011110 F
b1100100101 ,
b1100100101 <
b1100100101 L
b1100100100 !
b1100100100 A
b1100100100 E
b1100100101 ;
16
#16170000
b0 )
b0 B
0+
b100011101 T
b1100100101 P
09
06
#16175000
16
#16180000
b1111 )
b1111 B
1+
19
b100101 *
b100101 C
b100101 8
b100101 >
06
#16185000
b100011111 F
b1100100110 ,
b1100100110 <
b1100100110 L
b1100100101 !
b1100100101 A
b1100100101 E
b1100100110 ;
16
#16190000
b0 )
b0 B
0+
b100011110 T
b1100100110 P
09
06
#16195000
16
#16200000
b1111 )
b1111 B
1+
19
b100110 *
b100110 C
b100110 8
b100110 >
06
#16205000
b100100000 F
b1100100111 ,
b1100100111 <
b1100100111 L
b1100100110 !
b1100100110 A
b1100100110 E
b1100100111 ;
16
#16210000
b0 )
b0 B
0+
b100011111 T
b1100100111 P
09
06
#16215000
16
#16220000
b1111 )
b1111 B
1+
19
b100111 *
b100111 C
b100111 8
b100111 >
06
#16225000
b100100001 F
b1100101000 ,
b1100101000 <
b1100101000 L
b1100100111 !
b1100100111 A
b1100100111 E
b1100101000 ;
16
#16230000
b0 )
b0 B
0+
b100100000 T
b1100101000 P
09
06
#16235000
16
#16240000
b1111 )
b1111 B
1+
19
b101000 *
b101000 C
b101000 8
b101000 >
06
#16245000
b100100010 F
b1100101001 ,
b1100101001 <
b1100101001 L
b1100101000 !
b1100101000 A
b1100101000 E
b1100101001 ;
16
#16250000
b0 )
b0 B
0+
b100100001 T
b1100101001 P
09
06
#16255000
16
#16260000
b1111 )
b1111 B
1+
19
b101001 *
b101001 C
b101001 8
b101001 >
06
#16265000
b100100011 F
b1100101010 ,
b1100101010 <
b1100101010 L
b1100101001 !
b1100101001 A
b1100101001 E
b1100101010 ;
16
#16270000
b0 )
b0 B
0+
b100100010 T
b1100101010 P
09
06
#16275000
16
#16280000
b1111 )
b1111 B
1+
19
b101010 *
b101010 C
b101010 8
b101010 >
06
#16285000
b100100100 F
b1100101011 ,
b1100101011 <
b1100101011 L
b1100101010 !
b1100101010 A
b1100101010 E
b1100101011 ;
16
#16290000
b0 )
b0 B
0+
b100100011 T
b1100101011 P
09
06
#16295000
16
#16300000
b1111 )
b1111 B
1+
19
b101011 *
b101011 C
b101011 8
b101011 >
06
#16305000
b100100101 F
b1100101100 ,
b1100101100 <
b1100101100 L
b1100101011 !
b1100101011 A
b1100101011 E
b1100101100 ;
16
#16310000
b0 )
b0 B
0+
b100100100 T
b1100101100 P
09
06
#16315000
16
#16320000
b1111 )
b1111 B
1+
19
b101100 *
b101100 C
b101100 8
b101100 >
06
#16325000
b100100110 F
b1100101101 ,
b1100101101 <
b1100101101 L
b1100101100 !
b1100101100 A
b1100101100 E
b1100101101 ;
16
#16330000
b0 )
b0 B
0+
b100100101 T
b1100101101 P
09
06
#16335000
16
#16340000
b1111 )
b1111 B
1+
19
b101101 *
b101101 C
b101101 8
b101101 >
06
#16345000
b100100111 F
b1100101110 ,
b1100101110 <
b1100101110 L
b1100101101 !
b1100101101 A
b1100101101 E
b1100101110 ;
16
#16350000
b0 )
b0 B
0+
b100100110 T
b1100101110 P
09
06
#16355000
16
#16360000
b1111 )
b1111 B
1+
19
b101110 *
b101110 C
b101110 8
b101110 >
06
#16365000
b100101000 F
b1100101111 ,
b1100101111 <
b1100101111 L
b1100101110 !
b1100101110 A
b1100101110 E
b1100101111 ;
16
#16370000
b0 )
b0 B
0+
b100100111 T
b1100101111 P
09
06
#16375000
16
#16380000
b1111 )
b1111 B
1+
19
b101111 *
b101111 C
b101111 8
b101111 >
06
#16385000
b100101001 F
b1100110000 ,
b1100110000 <
b1100110000 L
b1100101111 !
b1100101111 A
b1100101111 E
b1100110000 ;
16
#16390000
b0 )
b0 B
0+
b100101000 T
b1100110000 P
09
06
#16395000
16
#16400000
b1111 )
b1111 B
1+
19
b110000 *
b110000 C
b110000 8
b110000 >
06
#16405000
b100101010 F
b1100110001 ,
b1100110001 <
b1100110001 L
b1100110000 !
b1100110000 A
b1100110000 E
b1100110001 ;
16
#16410000
b0 )
b0 B
0+
b100101001 T
b1100110001 P
09
06
#16415000
16
#16420000
b1111 )
b1111 B
1+
19
b110001 *
b110001 C
b110001 8
b110001 >
06
#16425000
b100101011 F
b1100110010 ,
b1100110010 <
b1100110010 L
b1100110001 !
b1100110001 A
b1100110001 E
b1100110010 ;
16
#16430000
b0 )
b0 B
0+
b100101010 T
b1100110010 P
09
06
#16435000
16
#16440000
b1111 )
b1111 B
1+
19
b110010 *
b110010 C
b110010 8
b110010 >
06
#16445000
b100101100 F
b1100110011 ,
b1100110011 <
b1100110011 L
b1100110010 !
b1100110010 A
b1100110010 E
b1100110011 ;
16
#16450000
b0 )
b0 B
0+
b100101011 T
b1100110011 P
09
06
#16455000
16
#16460000
b1111 )
b1111 B
1+
19
b110011 *
b110011 C
b110011 8
b110011 >
06
#16465000
b100101101 F
b1100110100 ,
b1100110100 <
b1100110100 L
b1100110011 !
b1100110011 A
b1100110011 E
b1100110100 ;
16
#16470000
b0 )
b0 B
0+
b100101100 T
b1100110100 P
09
06
#16475000
16
#16480000
b1111 )
b1111 B
1+
19
b110100 *
b110100 C
b110100 8
b110100 >
06
#16485000
b100101110 F
b1100110101 ,
b1100110101 <
b1100110101 L
b1100110100 !
b1100110100 A
b1100110100 E
b1100110101 ;
16
#16490000
b0 )
b0 B
0+
b100101101 T
b1100110101 P
09
06
#16495000
16
#16500000
b1111 )
b1111 B
1+
19
b110101 *
b110101 C
b110101 8
b110101 >
06
#16505000
b100101111 F
b1100110110 ,
b1100110110 <
b1100110110 L
b1100110101 !
b1100110101 A
b1100110101 E
b1100110110 ;
16
#16510000
b0 )
b0 B
0+
b100101110 T
b1100110110 P
09
06
#16515000
16
#16520000
b1111 )
b1111 B
1+
19
b110110 *
b110110 C
b110110 8
b110110 >
06
#16525000
b100110000 F
b1100110111 ,
b1100110111 <
b1100110111 L
b1100110110 !
b1100110110 A
b1100110110 E
b1100110111 ;
16
#16530000
b0 )
b0 B
0+
b100101111 T
b1100110111 P
09
06
#16535000
16
#16540000
b1111 )
b1111 B
1+
19
b110111 *
b110111 C
b110111 8
b110111 >
06
#16545000
b100110001 F
b1100111000 ,
b1100111000 <
b1100111000 L
b1100110111 !
b1100110111 A
b1100110111 E
b1100111000 ;
16
#16550000
b0 )
b0 B
0+
b100110000 T
b1100111000 P
09
06
#16555000
16
#16560000
b1111 )
b1111 B
1+
19
b111000 *
b111000 C
b111000 8
b111000 >
06
#16565000
b100110010 F
b1100111001 ,
b1100111001 <
b1100111001 L
b1100111000 !
b1100111000 A
b1100111000 E
b1100111001 ;
16
#16570000
b0 )
b0 B
0+
b100110001 T
b1100111001 P
09
06
#16575000
16
#16580000
b1111 )
b1111 B
1+
19
b111001 *
b111001 C
b111001 8
b111001 >
06
#16585000
b100110011 F
b1100111010 ,
b1100111010 <
b1100111010 L
b1100111001 !
b1100111001 A
b1100111001 E
b1100111010 ;
16
#16590000
b0 )
b0 B
0+
b100110010 T
b1100111010 P
09
06
#16595000
16
#16600000
b1111 )
b1111 B
1+
19
b111010 *
b111010 C
b111010 8
b111010 >
06
#16605000
b100110100 F
b1100111011 ,
b1100111011 <
b1100111011 L
b1100111010 !
b1100111010 A
b1100111010 E
b1100111011 ;
16
#16610000
b0 )
b0 B
0+
b100110011 T
b1100111011 P
09
06
#16615000
16
#16620000
b1111 )
b1111 B
1+
19
b111011 *
b111011 C
b111011 8
b111011 >
06
#16625000
b100110101 F
b1100111100 ,
b1100111100 <
b1100111100 L
b1100111011 !
b1100111011 A
b1100111011 E
b1100111100 ;
16
#16630000
b0 )
b0 B
0+
b100110100 T
b1100111100 P
09
06
#16635000
16
#16640000
b1111 )
b1111 B
1+
19
b111100 *
b111100 C
b111100 8
b111100 >
06
#16645000
b100110110 F
b1100111101 ,
b1100111101 <
b1100111101 L
b1100111100 !
b1100111100 A
b1100111100 E
b1100111101 ;
16
#16650000
b0 )
b0 B
0+
b100110101 T
b1100111101 P
09
06
#16655000
16
#16660000
b1111 )
b1111 B
1+
19
b111101 *
b111101 C
b111101 8
b111101 >
06
#16665000
b100110111 F
b1100111110 ,
b1100111110 <
b1100111110 L
b1100111101 !
b1100111101 A
b1100111101 E
b1100111110 ;
16
#16670000
b0 )
b0 B
0+
b100110110 T
b1100111110 P
09
06
#16675000
16
#16680000
b1111 )
b1111 B
1+
19
b111110 *
b111110 C
b111110 8
b111110 >
06
#16685000
b100111000 F
b1100111111 ,
b1100111111 <
b1100111111 L
b1100111110 !
b1100111110 A
b1100111110 E
b1100111111 ;
16
#16690000
b0 )
b0 B
0+
b100110111 T
b1100111111 P
09
06
#16695000
16
#16700000
b1111 )
b1111 B
1+
19
b111111 *
b111111 C
b111111 8
b111111 >
06
#16705000
b100111001 F
b1101000000 ,
b1101000000 <
b1101000000 L
b1100111111 !
b1100111111 A
b1100111111 E
b1101000000 ;
16
#16710000
b0 )
b0 B
0+
b100111000 T
b1101000000 P
09
06
#16715000
16
#16720000
b1111 )
b1111 B
1+
19
b1000000 *
b1000000 C
b1000000 8
b1000000 >
06
#16725000
b100111010 F
b1101000001 ,
b1101000001 <
b1101000001 L
b1101000000 !
b1101000000 A
b1101000000 E
b1101000001 ;
16
#16730000
b0 )
b0 B
0+
b100111001 T
b1101000001 P
09
06
#16735000
16
#16740000
b1111 )
b1111 B
1+
19
b1000001 *
b1000001 C
b1000001 8
b1000001 >
06
#16745000
b100111011 F
b1101000010 ,
b1101000010 <
b1101000010 L
b1101000001 !
b1101000001 A
b1101000001 E
b1101000010 ;
16
#16750000
b0 )
b0 B
0+
b100111010 T
b1101000010 P
09
06
#16755000
16
#16760000
b1111 )
b1111 B
1+
19
b1000010 *
b1000010 C
b1000010 8
b1000010 >
06
#16765000
b100111100 F
b1101000011 ,
b1101000011 <
b1101000011 L
b1101000010 !
b1101000010 A
b1101000010 E
b1101000011 ;
16
#16770000
b0 )
b0 B
0+
b100111011 T
b1101000011 P
09
06
#16775000
16
#16780000
b1111 )
b1111 B
1+
19
b1000011 *
b1000011 C
b1000011 8
b1000011 >
06
#16785000
b100111101 F
b1101000100 ,
b1101000100 <
b1101000100 L
b1101000011 !
b1101000011 A
b1101000011 E
b1101000100 ;
16
#16790000
b0 )
b0 B
0+
b100111100 T
b1101000100 P
09
06
#16795000
16
#16800000
b1111 )
b1111 B
1+
19
b1000100 *
b1000100 C
b1000100 8
b1000100 >
06
#16805000
b100111110 F
b1101000101 ,
b1101000101 <
b1101000101 L
b1101000100 !
b1101000100 A
b1101000100 E
b1101000101 ;
16
#16810000
b0 )
b0 B
0+
b100111101 T
b1101000101 P
09
06
#16815000
16
#16820000
b1111 )
b1111 B
1+
19
b1000101 *
b1000101 C
b1000101 8
b1000101 >
06
#16825000
b100111111 F
b1101000110 ,
b1101000110 <
b1101000110 L
b1101000101 !
b1101000101 A
b1101000101 E
b1101000110 ;
16
#16830000
b0 )
b0 B
0+
b100111110 T
b1101000110 P
09
06
#16835000
16
#16840000
b1111 )
b1111 B
1+
19
b1000110 *
b1000110 C
b1000110 8
b1000110 >
06
#16845000
b101000000 F
b1101000111 ,
b1101000111 <
b1101000111 L
b1101000110 !
b1101000110 A
b1101000110 E
b1101000111 ;
16
#16850000
b0 )
b0 B
0+
b100111111 T
b1101000111 P
09
06
#16855000
16
#16860000
b1111 )
b1111 B
1+
19
b1000111 *
b1000111 C
b1000111 8
b1000111 >
06
#16865000
b101000001 F
b1101001000 ,
b1101001000 <
b1101001000 L
b1101000111 !
b1101000111 A
b1101000111 E
b1101001000 ;
16
#16870000
b0 )
b0 B
0+
b101000000 T
b1101001000 P
09
06
#16875000
16
#16880000
b1111 )
b1111 B
1+
19
b1001000 *
b1001000 C
b1001000 8
b1001000 >
06
#16885000
b101000010 F
b1101001001 ,
b1101001001 <
b1101001001 L
b1101001000 !
b1101001000 A
b1101001000 E
b1101001001 ;
16
#16890000
b0 )
b0 B
0+
b101000001 T
b1101001001 P
09
06
#16895000
16
#16900000
b1111 )
b1111 B
1+
19
b1001001 *
b1001001 C
b1001001 8
b1001001 >
06
#16905000
b101000011 F
b1101001010 ,
b1101001010 <
b1101001010 L
b1101001001 !
b1101001001 A
b1101001001 E
b1101001010 ;
16
#16910000
b0 )
b0 B
0+
b101000010 T
b1101001010 P
09
06
#16915000
16
#16920000
b1111 )
b1111 B
1+
19
b1001010 *
b1001010 C
b1001010 8
b1001010 >
06
#16925000
b101000100 F
b1101001011 ,
b1101001011 <
b1101001011 L
b1101001010 !
b1101001010 A
b1101001010 E
b1101001011 ;
16
#16930000
b0 )
b0 B
0+
b101000011 T
b1101001011 P
09
06
#16935000
16
#16940000
b1111 )
b1111 B
1+
19
b1001011 *
b1001011 C
b1001011 8
b1001011 >
06
#16945000
b101000101 F
b1101001100 ,
b1101001100 <
b1101001100 L
b1101001011 !
b1101001011 A
b1101001011 E
b1101001100 ;
16
#16950000
b0 )
b0 B
0+
b101000100 T
b1101001100 P
09
06
#16955000
16
#16960000
b1111 )
b1111 B
1+
19
b1001100 *
b1001100 C
b1001100 8
b1001100 >
06
#16965000
b101000110 F
b1101001101 ,
b1101001101 <
b1101001101 L
b1101001100 !
b1101001100 A
b1101001100 E
b1101001101 ;
16
#16970000
b0 )
b0 B
0+
b101000101 T
b1101001101 P
09
06
#16975000
16
#16980000
b1111 )
b1111 B
1+
19
b1001101 *
b1001101 C
b1001101 8
b1001101 >
06
#16985000
b101000111 F
b1101001110 ,
b1101001110 <
b1101001110 L
b1101001101 !
b1101001101 A
b1101001101 E
b1101001110 ;
16
#16990000
b0 )
b0 B
0+
b101000110 T
b1101001110 P
09
06
#16995000
16
#17000000
b1111 )
b1111 B
1+
19
b1001110 *
b1001110 C
b1001110 8
b1001110 >
06
#17005000
b101001000 F
b1101001111 ,
b1101001111 <
b1101001111 L
b1101001110 !
b1101001110 A
b1101001110 E
b1101001111 ;
16
#17010000
b0 )
b0 B
0+
b101000111 T
b1101001111 P
09
06
#17015000
16
#17020000
b1111 )
b1111 B
1+
19
b1001111 *
b1001111 C
b1001111 8
b1001111 >
06
#17025000
b101001001 F
b1101010000 ,
b1101010000 <
b1101010000 L
b1101001111 !
b1101001111 A
b1101001111 E
b1101010000 ;
16
#17030000
b0 )
b0 B
0+
b101001000 T
b1101010000 P
09
06
#17035000
16
#17040000
b1111 )
b1111 B
1+
19
b1010000 *
b1010000 C
b1010000 8
b1010000 >
06
#17045000
b101001010 F
b1101010001 ,
b1101010001 <
b1101010001 L
b1101010000 !
b1101010000 A
b1101010000 E
b1101010001 ;
16
#17050000
b0 )
b0 B
0+
b101001001 T
b1101010001 P
09
06
#17055000
16
#17060000
b1111 )
b1111 B
1+
19
b1010001 *
b1010001 C
b1010001 8
b1010001 >
06
#17065000
b101001011 F
b1101010010 ,
b1101010010 <
b1101010010 L
b1101010001 !
b1101010001 A
b1101010001 E
b1101010010 ;
16
#17070000
b0 )
b0 B
0+
b101001010 T
b1101010010 P
09
06
#17075000
16
#17080000
b1111 )
b1111 B
1+
19
b1010010 *
b1010010 C
b1010010 8
b1010010 >
06
#17085000
b101001100 F
b1101010011 ,
b1101010011 <
b1101010011 L
b1101010010 !
b1101010010 A
b1101010010 E
b1101010011 ;
16
#17090000
b0 )
b0 B
0+
b101001011 T
b1101010011 P
09
06
#17095000
16
#17100000
b1111 )
b1111 B
1+
19
b1010011 *
b1010011 C
b1010011 8
b1010011 >
06
#17105000
b101001101 F
b1101010100 ,
b1101010100 <
b1101010100 L
b1101010011 !
b1101010011 A
b1101010011 E
b1101010100 ;
16
#17110000
b0 )
b0 B
0+
b101001100 T
b1101010100 P
09
06
#17115000
16
#17120000
b1111 )
b1111 B
1+
19
b1010100 *
b1010100 C
b1010100 8
b1010100 >
06
#17125000
b101001110 F
b1101010101 ,
b1101010101 <
b1101010101 L
b1101010100 !
b1101010100 A
b1101010100 E
b1101010101 ;
16
#17130000
b0 )
b0 B
0+
b101001101 T
b1101010101 P
09
06
#17135000
16
#17140000
b1111 )
b1111 B
1+
19
b1010101 *
b1010101 C
b1010101 8
b1010101 >
06
#17145000
b101001111 F
b1101010110 ,
b1101010110 <
b1101010110 L
b1101010101 !
b1101010101 A
b1101010101 E
b1101010110 ;
16
#17150000
b0 )
b0 B
0+
b101001110 T
b1101010110 P
09
06
#17155000
16
#17160000
b1111 )
b1111 B
1+
19
b1010110 *
b1010110 C
b1010110 8
b1010110 >
06
#17165000
b101010000 F
b1101010111 ,
b1101010111 <
b1101010111 L
b1101010110 !
b1101010110 A
b1101010110 E
b1101010111 ;
16
#17170000
b0 )
b0 B
0+
b101001111 T
b1101010111 P
09
06
#17175000
16
#17180000
b1111 )
b1111 B
1+
19
b1010111 *
b1010111 C
b1010111 8
b1010111 >
06
#17185000
b101010001 F
b1101011000 ,
b1101011000 <
b1101011000 L
b1101010111 !
b1101010111 A
b1101010111 E
b1101011000 ;
16
#17190000
b0 )
b0 B
0+
b101010000 T
b1101011000 P
09
06
#17195000
16
#17200000
b1111 )
b1111 B
1+
19
b1011000 *
b1011000 C
b1011000 8
b1011000 >
06
#17205000
b101010010 F
b1101011001 ,
b1101011001 <
b1101011001 L
b1101011000 !
b1101011000 A
b1101011000 E
b1101011001 ;
16
#17210000
b0 )
b0 B
0+
b101010001 T
b1101011001 P
09
06
#17215000
16
#17220000
b1111 )
b1111 B
1+
19
b1011001 *
b1011001 C
b1011001 8
b1011001 >
06
#17225000
b101010011 F
b1101011010 ,
b1101011010 <
b1101011010 L
b1101011001 !
b1101011001 A
b1101011001 E
b1101011010 ;
16
#17230000
b0 )
b0 B
0+
b101010010 T
b1101011010 P
09
06
#17235000
16
#17240000
b1111 )
b1111 B
1+
19
b1011010 *
b1011010 C
b1011010 8
b1011010 >
06
#17245000
b101010100 F
b1101011011 ,
b1101011011 <
b1101011011 L
b1101011010 !
b1101011010 A
b1101011010 E
b1101011011 ;
16
#17250000
b0 )
b0 B
0+
b101010011 T
b1101011011 P
09
06
#17255000
16
#17260000
b1111 )
b1111 B
1+
19
b1011011 *
b1011011 C
b1011011 8
b1011011 >
06
#17265000
b101010101 F
b1101011100 ,
b1101011100 <
b1101011100 L
b1101011011 !
b1101011011 A
b1101011011 E
b1101011100 ;
16
#17270000
b0 )
b0 B
0+
b101010100 T
b1101011100 P
09
06
#17275000
16
#17280000
b1111 )
b1111 B
1+
19
b1011100 *
b1011100 C
b1011100 8
b1011100 >
06
#17285000
b101010110 F
b1101011101 ,
b1101011101 <
b1101011101 L
b1101011100 !
b1101011100 A
b1101011100 E
b1101011101 ;
16
#17290000
b0 )
b0 B
0+
b101010101 T
b1101011101 P
09
06
#17295000
16
#17300000
b1111 )
b1111 B
1+
19
b1011101 *
b1011101 C
b1011101 8
b1011101 >
06
#17305000
b101010111 F
b1101011110 ,
b1101011110 <
b1101011110 L
b1101011101 !
b1101011101 A
b1101011101 E
b1101011110 ;
16
#17310000
b0 )
b0 B
0+
b101010110 T
b1101011110 P
09
06
#17315000
16
#17320000
b1111 )
b1111 B
1+
19
b1011110 *
b1011110 C
b1011110 8
b1011110 >
06
#17325000
b101011000 F
b1101011111 ,
b1101011111 <
b1101011111 L
b1101011110 !
b1101011110 A
b1101011110 E
b1101011111 ;
16
#17330000
b0 )
b0 B
0+
b101010111 T
b1101011111 P
09
06
#17335000
16
#17340000
b1111 )
b1111 B
1+
19
b1011111 *
b1011111 C
b1011111 8
b1011111 >
06
#17345000
b101011001 F
b1101100000 ,
b1101100000 <
b1101100000 L
b1101011111 !
b1101011111 A
b1101011111 E
b1101100000 ;
16
#17350000
b0 )
b0 B
0+
b101011000 T
b1101100000 P
09
06
#17355000
16
#17360000
b1111 )
b1111 B
1+
19
b1100000 *
b1100000 C
b1100000 8
b1100000 >
06
#17365000
b101011010 F
b1101100001 ,
b1101100001 <
b1101100001 L
b1101100000 !
b1101100000 A
b1101100000 E
b1101100001 ;
16
#17370000
b0 )
b0 B
0+
b101011001 T
b1101100001 P
09
06
#17375000
16
#17380000
b1111 )
b1111 B
1+
19
b1100001 *
b1100001 C
b1100001 8
b1100001 >
06
#17385000
b101011011 F
b1101100010 ,
b1101100010 <
b1101100010 L
b1101100001 !
b1101100001 A
b1101100001 E
b1101100010 ;
16
#17390000
b0 )
b0 B
0+
b101011010 T
b1101100010 P
09
06
#17395000
16
#17400000
b1111 )
b1111 B
1+
19
b1100010 *
b1100010 C
b1100010 8
b1100010 >
06
#17405000
b101011100 F
b1101100011 ,
b1101100011 <
b1101100011 L
b1101100010 !
b1101100010 A
b1101100010 E
b1101100011 ;
16
#17410000
b0 )
b0 B
0+
b101011011 T
b1101100011 P
09
06
#17415000
16
#17420000
b1111 )
b1111 B
1+
19
b1100011 *
b1100011 C
b1100011 8
b1100011 >
06
#17425000
b101011101 F
b1101100100 ,
b1101100100 <
b1101100100 L
b1101100011 !
b1101100011 A
b1101100011 E
b1101100100 ;
16
#17430000
b0 )
b0 B
0+
b101011100 T
b1101100100 P
09
06
#17435000
16
#17440000
b1111 )
b1111 B
1+
19
b1100100 *
b1100100 C
b1100100 8
b1100100 >
06
#17445000
b101011110 F
b1101100101 ,
b1101100101 <
b1101100101 L
b1101100100 !
b1101100100 A
b1101100100 E
b1101100101 ;
16
#17450000
b0 )
b0 B
0+
b101011101 T
b1101100101 P
09
06
#17455000
16
#17460000
b1111 )
b1111 B
1+
19
b1100101 *
b1100101 C
b1100101 8
b1100101 >
06
#17465000
b101011111 F
b1101100110 ,
b1101100110 <
b1101100110 L
b1101100101 !
b1101100101 A
b1101100101 E
b1101100110 ;
16
#17470000
b0 )
b0 B
0+
b101011110 T
b1101100110 P
09
06
#17475000
16
#17480000
b1111 )
b1111 B
1+
19
b1100110 *
b1100110 C
b1100110 8
b1100110 >
06
#17485000
b101100000 F
b1101100111 ,
b1101100111 <
b1101100111 L
b1101100110 !
b1101100110 A
b1101100110 E
b1101100111 ;
16
#17490000
b0 )
b0 B
0+
b101011111 T
b1101100111 P
09
06
#17495000
16
#17500000
b1111 )
b1111 B
1+
19
b1100111 *
b1100111 C
b1100111 8
b1100111 >
06
#17505000
b101100001 F
b1101101000 ,
b1101101000 <
b1101101000 L
b1101100111 !
b1101100111 A
b1101100111 E
b1101101000 ;
16
#17510000
b0 )
b0 B
0+
b101100000 T
b1101101000 P
09
06
#17515000
16
#17520000
b1111 )
b1111 B
1+
19
b1101000 *
b1101000 C
b1101000 8
b1101000 >
06
#17525000
b101100010 F
b1101101001 ,
b1101101001 <
b1101101001 L
b1101101000 !
b1101101000 A
b1101101000 E
b1101101001 ;
16
#17530000
b0 )
b0 B
0+
b101100001 T
b1101101001 P
09
06
#17535000
16
#17540000
b1111 )
b1111 B
1+
19
b1101001 *
b1101001 C
b1101001 8
b1101001 >
06
#17545000
b101100011 F
b1101101010 ,
b1101101010 <
b1101101010 L
b1101101001 !
b1101101001 A
b1101101001 E
b1101101010 ;
16
#17550000
b0 )
b0 B
0+
b101100010 T
b1101101010 P
09
06
#17555000
16
#17560000
b1111 )
b1111 B
1+
19
b1101010 *
b1101010 C
b1101010 8
b1101010 >
06
#17565000
b101100100 F
b1101101011 ,
b1101101011 <
b1101101011 L
b1101101010 !
b1101101010 A
b1101101010 E
b1101101011 ;
16
#17570000
b0 )
b0 B
0+
b101100011 T
b1101101011 P
09
06
#17575000
16
#17580000
b1111 )
b1111 B
1+
19
b1101011 *
b1101011 C
b1101011 8
b1101011 >
06
#17585000
b101100101 F
b1101101100 ,
b1101101100 <
b1101101100 L
b1101101011 !
b1101101011 A
b1101101011 E
b1101101100 ;
16
#17590000
b0 )
b0 B
0+
b101100100 T
b1101101100 P
09
06
#17595000
16
#17600000
b1111 )
b1111 B
1+
19
b1101100 *
b1101100 C
b1101100 8
b1101100 >
06
#17605000
b101100110 F
b1101101101 ,
b1101101101 <
b1101101101 L
b1101101100 !
b1101101100 A
b1101101100 E
b1101101101 ;
16
#17610000
b0 )
b0 B
0+
b101100101 T
b1101101101 P
09
06
#17615000
16
#17620000
b1111 )
b1111 B
1+
19
b1101101 *
b1101101 C
b1101101 8
b1101101 >
06
#17625000
b101100111 F
b1101101110 ,
b1101101110 <
b1101101110 L
b1101101101 !
b1101101101 A
b1101101101 E
b1101101110 ;
16
#17630000
b0 )
b0 B
0+
b101100110 T
b1101101110 P
09
06
#17635000
16
#17640000
b1111 )
b1111 B
1+
19
b1101110 *
b1101110 C
b1101110 8
b1101110 >
06
#17645000
b101101000 F
b1101101111 ,
b1101101111 <
b1101101111 L
b1101101110 !
b1101101110 A
b1101101110 E
b1101101111 ;
16
#17650000
b0 )
b0 B
0+
b101100111 T
b1101101111 P
09
06
#17655000
16
#17660000
b1111 )
b1111 B
1+
19
b1101111 *
b1101111 C
b1101111 8
b1101111 >
06
#17665000
b101101001 F
b1101110000 ,
b1101110000 <
b1101110000 L
b1101101111 !
b1101101111 A
b1101101111 E
b1101110000 ;
16
#17670000
b0 )
b0 B
0+
b101101000 T
b1101110000 P
09
06
#17675000
16
#17680000
b1111 )
b1111 B
1+
19
b1110000 *
b1110000 C
b1110000 8
b1110000 >
06
#17685000
b101101010 F
b1101110001 ,
b1101110001 <
b1101110001 L
b1101110000 !
b1101110000 A
b1101110000 E
b1101110001 ;
16
#17690000
b0 )
b0 B
0+
b101101001 T
b1101110001 P
09
06
#17695000
16
#17700000
b1111 )
b1111 B
1+
19
b1110001 *
b1110001 C
b1110001 8
b1110001 >
06
#17705000
b101101011 F
b1101110010 ,
b1101110010 <
b1101110010 L
b1101110001 !
b1101110001 A
b1101110001 E
b1101110010 ;
16
#17710000
b0 )
b0 B
0+
b101101010 T
b1101110010 P
09
06
#17715000
16
#17720000
b1111 )
b1111 B
1+
19
b1110010 *
b1110010 C
b1110010 8
b1110010 >
06
#17725000
b101101100 F
b1101110011 ,
b1101110011 <
b1101110011 L
b1101110010 !
b1101110010 A
b1101110010 E
b1101110011 ;
16
#17730000
b0 )
b0 B
0+
b101101011 T
b1101110011 P
09
06
#17735000
16
#17740000
b1111 )
b1111 B
1+
19
b1110011 *
b1110011 C
b1110011 8
b1110011 >
06
#17745000
b101101101 F
b1101110100 ,
b1101110100 <
b1101110100 L
b1101110011 !
b1101110011 A
b1101110011 E
b1101110100 ;
16
#17750000
b0 )
b0 B
0+
b101101100 T
b1101110100 P
09
06
#17755000
16
#17760000
b1111 )
b1111 B
1+
19
b1110100 *
b1110100 C
b1110100 8
b1110100 >
06
#17765000
b101101110 F
b1101110101 ,
b1101110101 <
b1101110101 L
b1101110100 !
b1101110100 A
b1101110100 E
b1101110101 ;
16
#17770000
b0 )
b0 B
0+
b101101101 T
b1101110101 P
09
06
#17775000
16
#17780000
b1111 )
b1111 B
1+
19
b1110101 *
b1110101 C
b1110101 8
b1110101 >
06
#17785000
b101101111 F
b1101110110 ,
b1101110110 <
b1101110110 L
b1101110101 !
b1101110101 A
b1101110101 E
b1101110110 ;
16
#17790000
b0 )
b0 B
0+
b101101110 T
b1101110110 P
09
06
#17795000
16
#17800000
b1111 )
b1111 B
1+
19
b1110110 *
b1110110 C
b1110110 8
b1110110 >
06
#17805000
b101110000 F
b1101110111 ,
b1101110111 <
b1101110111 L
b1101110110 !
b1101110110 A
b1101110110 E
b1101110111 ;
16
#17810000
b0 )
b0 B
0+
b101101111 T
b1101110111 P
09
06
#17815000
16
#17820000
b1111 )
b1111 B
1+
19
b1110111 *
b1110111 C
b1110111 8
b1110111 >
06
#17825000
b101110001 F
b1101111000 ,
b1101111000 <
b1101111000 L
b1101110111 !
b1101110111 A
b1101110111 E
b1101111000 ;
16
#17830000
b0 )
b0 B
0+
b101110000 T
b1101111000 P
09
06
#17835000
16
#17840000
b1111 )
b1111 B
1+
19
b1111000 *
b1111000 C
b1111000 8
b1111000 >
06
#17845000
b101110010 F
b1101111001 ,
b1101111001 <
b1101111001 L
b1101111000 !
b1101111000 A
b1101111000 E
b1101111001 ;
16
#17850000
b0 )
b0 B
0+
b101110001 T
b1101111001 P
09
06
#17855000
16
#17860000
b1111 )
b1111 B
1+
19
b1111001 *
b1111001 C
b1111001 8
b1111001 >
06
#17865000
b101110011 F
b1101111010 ,
b1101111010 <
b1101111010 L
b1101111001 !
b1101111001 A
b1101111001 E
b1101111010 ;
16
#17870000
b0 )
b0 B
0+
b101110010 T
b1101111010 P
09
06
#17875000
16
#17880000
b1111 )
b1111 B
1+
19
b1111010 *
b1111010 C
b1111010 8
b1111010 >
06
#17885000
b101110100 F
b1101111011 ,
b1101111011 <
b1101111011 L
b1101111010 !
b1101111010 A
b1101111010 E
b1101111011 ;
16
#17890000
b0 )
b0 B
0+
b101110011 T
b1101111011 P
09
06
#17895000
16
#17900000
b1111 )
b1111 B
1+
19
b1111011 *
b1111011 C
b1111011 8
b1111011 >
06
#17905000
b101110101 F
b1101111100 ,
b1101111100 <
b1101111100 L
b1101111011 !
b1101111011 A
b1101111011 E
b1101111100 ;
16
#17910000
b0 )
b0 B
0+
b101110100 T
b1101111100 P
09
06
#17915000
16
#17920000
b1111 )
b1111 B
1+
19
b1111100 *
b1111100 C
b1111100 8
b1111100 >
06
#17925000
b101110110 F
b1101111101 ,
b1101111101 <
b1101111101 L
b1101111100 !
b1101111100 A
b1101111100 E
b1101111101 ;
16
#17930000
b0 )
b0 B
0+
b101110101 T
b1101111101 P
09
06
#17935000
16
#17940000
b1111 )
b1111 B
1+
19
b1111101 *
b1111101 C
b1111101 8
b1111101 >
06
#17945000
b101110111 F
b1101111110 ,
b1101111110 <
b1101111110 L
b1101111101 !
b1101111101 A
b1101111101 E
b1101111110 ;
16
#17950000
b0 )
b0 B
0+
b101110110 T
b1101111110 P
09
06
#17955000
16
#17960000
b1111 )
b1111 B
1+
19
b1111110 *
b1111110 C
b1111110 8
b1111110 >
06
#17965000
b101111000 F
b1101111111 ,
b1101111111 <
b1101111111 L
b1101111110 !
b1101111110 A
b1101111110 E
b1101111111 ;
16
#17970000
b0 )
b0 B
0+
b101110111 T
b1101111111 P
09
06
#17975000
16
#17980000
b1111 )
b1111 B
1+
19
b1111111 *
b1111111 C
b1111111 8
b1111111 >
06
#17985000
b101111001 F
b1110000000 ,
b1110000000 <
b1110000000 L
b1101111111 !
b1101111111 A
b1101111111 E
b1110000000 ;
16
#17990000
b0 )
b0 B
0+
b101111000 T
b1110000000 P
09
06
#17995000
16
#18000000
b1111 )
b1111 B
1+
19
b10000000 *
b10000000 C
b10000000 8
b10000000 >
06
#18005000
b101111010 F
b1110000001 ,
b1110000001 <
b1110000001 L
b1110000000 !
b1110000000 A
b1110000000 E
b1110000001 ;
16
#18010000
b0 )
b0 B
0+
b101111001 T
b1110000001 P
09
06
#18015000
16
#18020000
b1111 )
b1111 B
1+
19
b10000001 *
b10000001 C
b10000001 8
b10000001 >
06
#18025000
b101111011 F
b1110000010 ,
b1110000010 <
b1110000010 L
b1110000001 !
b1110000001 A
b1110000001 E
b1110000010 ;
16
#18030000
b0 )
b0 B
0+
b101111010 T
b1110000010 P
09
06
#18035000
16
#18040000
b1111 )
b1111 B
1+
19
b10000010 *
b10000010 C
b10000010 8
b10000010 >
06
#18045000
b101111100 F
b1110000011 ,
b1110000011 <
b1110000011 L
b1110000010 !
b1110000010 A
b1110000010 E
b1110000011 ;
16
#18050000
b0 )
b0 B
0+
b101111011 T
b1110000011 P
09
06
#18055000
16
#18060000
b1111 )
b1111 B
1+
19
b10000011 *
b10000011 C
b10000011 8
b10000011 >
06
#18065000
b101111101 F
b1110000100 ,
b1110000100 <
b1110000100 L
b1110000011 !
b1110000011 A
b1110000011 E
b1110000100 ;
16
#18070000
b0 )
b0 B
0+
b101111100 T
b1110000100 P
09
06
#18075000
16
#18080000
b1111 )
b1111 B
1+
19
b10000100 *
b10000100 C
b10000100 8
b10000100 >
06
#18085000
b101111110 F
b1110000101 ,
b1110000101 <
b1110000101 L
b1110000100 !
b1110000100 A
b1110000100 E
b1110000101 ;
16
#18090000
b0 )
b0 B
0+
b101111101 T
b1110000101 P
09
06
#18095000
16
#18100000
b1111 )
b1111 B
1+
19
b10000101 *
b10000101 C
b10000101 8
b10000101 >
06
#18105000
b101111111 F
b1110000110 ,
b1110000110 <
b1110000110 L
b1110000101 !
b1110000101 A
b1110000101 E
b1110000110 ;
16
#18110000
b0 )
b0 B
0+
b101111110 T
b1110000110 P
09
06
#18115000
16
#18120000
b1111 )
b1111 B
1+
19
b10000110 *
b10000110 C
b10000110 8
b10000110 >
06
#18125000
b110000000 F
b1110000111 ,
b1110000111 <
b1110000111 L
b1110000110 !
b1110000110 A
b1110000110 E
b1110000111 ;
16
#18130000
b0 )
b0 B
0+
b101111111 T
b1110000111 P
09
06
#18135000
16
#18140000
b1111 )
b1111 B
1+
19
b10000111 *
b10000111 C
b10000111 8
b10000111 >
06
#18145000
b110000001 F
b1110001000 ,
b1110001000 <
b1110001000 L
b1110000111 !
b1110000111 A
b1110000111 E
b1110001000 ;
16
#18150000
b0 )
b0 B
0+
b110000000 T
b1110001000 P
09
06
#18155000
16
#18160000
b1111 )
b1111 B
1+
19
b10001000 *
b10001000 C
b10001000 8
b10001000 >
06
#18165000
b110000010 F
b1110001001 ,
b1110001001 <
b1110001001 L
b1110001000 !
b1110001000 A
b1110001000 E
b1110001001 ;
16
#18170000
b0 )
b0 B
0+
b110000001 T
b1110001001 P
09
06
#18175000
16
#18180000
b1111 )
b1111 B
1+
19
b10001001 *
b10001001 C
b10001001 8
b10001001 >
06
#18185000
b110000011 F
b1110001010 ,
b1110001010 <
b1110001010 L
b1110001001 !
b1110001001 A
b1110001001 E
b1110001010 ;
16
#18190000
b0 )
b0 B
0+
b110000010 T
b1110001010 P
09
06
#18195000
16
#18200000
b1111 )
b1111 B
1+
19
b10001010 *
b10001010 C
b10001010 8
b10001010 >
06
#18205000
b110000100 F
b1110001011 ,
b1110001011 <
b1110001011 L
b1110001010 !
b1110001010 A
b1110001010 E
b1110001011 ;
16
#18210000
b0 )
b0 B
0+
b110000011 T
b1110001011 P
09
06
#18215000
16
#18220000
b1111 )
b1111 B
1+
19
b10001011 *
b10001011 C
b10001011 8
b10001011 >
06
#18225000
b110000101 F
b1110001100 ,
b1110001100 <
b1110001100 L
b1110001011 !
b1110001011 A
b1110001011 E
b1110001100 ;
16
#18230000
b0 )
b0 B
0+
b110000100 T
b1110001100 P
09
06
#18235000
16
#18240000
b1111 )
b1111 B
1+
19
b10001100 *
b10001100 C
b10001100 8
b10001100 >
06
#18245000
b110000110 F
b1110001101 ,
b1110001101 <
b1110001101 L
b1110001100 !
b1110001100 A
b1110001100 E
b1110001101 ;
16
#18250000
b0 )
b0 B
0+
b110000101 T
b1110001101 P
09
06
#18255000
16
#18260000
b1111 )
b1111 B
1+
19
b10001101 *
b10001101 C
b10001101 8
b10001101 >
06
#18265000
b110000111 F
b1110001110 ,
b1110001110 <
b1110001110 L
b1110001101 !
b1110001101 A
b1110001101 E
b1110001110 ;
16
#18270000
b0 )
b0 B
0+
b110000110 T
b1110001110 P
09
06
#18275000
16
#18280000
b1111 )
b1111 B
1+
19
b10001110 *
b10001110 C
b10001110 8
b10001110 >
06
#18285000
b110001000 F
b1110001111 ,
b1110001111 <
b1110001111 L
b1110001110 !
b1110001110 A
b1110001110 E
b1110001111 ;
16
#18290000
b0 )
b0 B
0+
b110000111 T
b1110001111 P
09
06
#18295000
16
#18300000
b1111 )
b1111 B
1+
19
b10001111 *
b10001111 C
b10001111 8
b10001111 >
06
#18305000
b110001001 F
b1110010000 ,
b1110010000 <
b1110010000 L
b1110001111 !
b1110001111 A
b1110001111 E
b1110010000 ;
16
#18310000
b0 )
b0 B
0+
b110001000 T
b1110010000 P
09
06
#18315000
16
#18320000
b1111 )
b1111 B
1+
19
b10010000 *
b10010000 C
b10010000 8
b10010000 >
06
#18325000
b110001010 F
b1110010001 ,
b1110010001 <
b1110010001 L
b1110010000 !
b1110010000 A
b1110010000 E
b1110010001 ;
16
#18330000
b0 )
b0 B
0+
b110001001 T
b1110010001 P
09
06
#18335000
16
#18340000
b1111 )
b1111 B
1+
19
b10010001 *
b10010001 C
b10010001 8
b10010001 >
06
#18345000
b110001011 F
b1110010010 ,
b1110010010 <
b1110010010 L
b1110010001 !
b1110010001 A
b1110010001 E
b1110010010 ;
16
#18350000
b0 )
b0 B
0+
b110001010 T
b1110010010 P
09
06
#18355000
16
#18360000
b1111 )
b1111 B
1+
19
b10010010 *
b10010010 C
b10010010 8
b10010010 >
06
#18365000
b110001100 F
b1110010011 ,
b1110010011 <
b1110010011 L
b1110010010 !
b1110010010 A
b1110010010 E
b1110010011 ;
16
#18370000
b0 )
b0 B
0+
b110001011 T
b1110010011 P
09
06
#18375000
16
#18380000
b1111 )
b1111 B
1+
19
b10010011 *
b10010011 C
b10010011 8
b10010011 >
06
#18385000
b110001101 F
b1110010100 ,
b1110010100 <
b1110010100 L
b1110010011 !
b1110010011 A
b1110010011 E
b1110010100 ;
16
#18390000
b0 )
b0 B
0+
b110001100 T
b1110010100 P
09
06
#18395000
16
#18400000
b1111 )
b1111 B
1+
19
b10010100 *
b10010100 C
b10010100 8
b10010100 >
06
#18405000
b110001110 F
b1110010101 ,
b1110010101 <
b1110010101 L
b1110010100 !
b1110010100 A
b1110010100 E
b1110010101 ;
16
#18410000
b0 )
b0 B
0+
b110001101 T
b1110010101 P
09
06
#18415000
16
#18420000
b1111 )
b1111 B
1+
19
b10010101 *
b10010101 C
b10010101 8
b10010101 >
06
#18425000
b110001111 F
b1110010110 ,
b1110010110 <
b1110010110 L
b1110010101 !
b1110010101 A
b1110010101 E
b1110010110 ;
16
#18430000
b0 )
b0 B
0+
b110001110 T
b1110010110 P
09
06
#18435000
16
#18440000
b1111 )
b1111 B
1+
19
b10010110 *
b10010110 C
b10010110 8
b10010110 >
06
#18445000
b110010000 F
b1110010111 ,
b1110010111 <
b1110010111 L
b1110010110 !
b1110010110 A
b1110010110 E
b1110010111 ;
16
#18450000
b0 )
b0 B
0+
b110001111 T
b1110010111 P
09
06
#18455000
16
#18460000
b1111 )
b1111 B
1+
19
b10010111 *
b10010111 C
b10010111 8
b10010111 >
06
#18465000
b110010001 F
b1110011000 ,
b1110011000 <
b1110011000 L
b1110010111 !
b1110010111 A
b1110010111 E
b1110011000 ;
16
#18470000
b0 )
b0 B
0+
b110010000 T
b1110011000 P
09
06
#18475000
16
#18480000
b1111 )
b1111 B
1+
19
b10011000 *
b10011000 C
b10011000 8
b10011000 >
06
#18485000
b110010010 F
b1110011001 ,
b1110011001 <
b1110011001 L
b1110011000 !
b1110011000 A
b1110011000 E
b1110011001 ;
16
#18490000
b0 )
b0 B
0+
b110010001 T
b1110011001 P
09
06
#18495000
16
#18500000
b1111 )
b1111 B
1+
19
b10011001 *
b10011001 C
b10011001 8
b10011001 >
06
#18505000
b110010011 F
b1110011010 ,
b1110011010 <
b1110011010 L
b1110011001 !
b1110011001 A
b1110011001 E
b1110011010 ;
16
#18510000
b0 )
b0 B
0+
b110010010 T
b1110011010 P
09
06
#18515000
16
#18520000
b1111 )
b1111 B
1+
19
b10011010 *
b10011010 C
b10011010 8
b10011010 >
06
#18525000
b110010100 F
b1110011011 ,
b1110011011 <
b1110011011 L
b1110011010 !
b1110011010 A
b1110011010 E
b1110011011 ;
16
#18530000
b0 )
b0 B
0+
b110010011 T
b1110011011 P
09
06
#18535000
16
#18540000
b1111 )
b1111 B
1+
19
b10011011 *
b10011011 C
b10011011 8
b10011011 >
06
#18545000
b110010101 F
b1110011100 ,
b1110011100 <
b1110011100 L
b1110011011 !
b1110011011 A
b1110011011 E
b1110011100 ;
16
#18550000
b0 )
b0 B
0+
b110010100 T
b1110011100 P
09
06
#18555000
16
#18560000
b1111 )
b1111 B
1+
19
b10011100 *
b10011100 C
b10011100 8
b10011100 >
06
#18565000
b110010110 F
b1110011101 ,
b1110011101 <
b1110011101 L
b1110011100 !
b1110011100 A
b1110011100 E
b1110011101 ;
16
#18570000
b0 )
b0 B
0+
b110010101 T
b1110011101 P
09
06
#18575000
16
#18580000
b1111 )
b1111 B
1+
19
b10011101 *
b10011101 C
b10011101 8
b10011101 >
06
#18585000
b110010111 F
b1110011110 ,
b1110011110 <
b1110011110 L
b1110011101 !
b1110011101 A
b1110011101 E
b1110011110 ;
16
#18590000
b0 )
b0 B
0+
b110010110 T
b1110011110 P
09
06
#18595000
16
#18600000
b1111 )
b1111 B
1+
19
b10011110 *
b10011110 C
b10011110 8
b10011110 >
06
#18605000
b110011000 F
b1110011111 ,
b1110011111 <
b1110011111 L
b1110011110 !
b1110011110 A
b1110011110 E
b1110011111 ;
16
#18610000
b0 )
b0 B
0+
b110010111 T
b1110011111 P
09
06
#18615000
16
#18620000
b1111 )
b1111 B
1+
19
b10011111 *
b10011111 C
b10011111 8
b10011111 >
06
#18625000
b110011001 F
b1110100000 ,
b1110100000 <
b1110100000 L
b1110011111 !
b1110011111 A
b1110011111 E
b1110100000 ;
16
#18630000
b0 )
b0 B
0+
b110011000 T
b1110100000 P
09
06
#18635000
16
#18640000
b1111 )
b1111 B
1+
19
b10100000 *
b10100000 C
b10100000 8
b10100000 >
06
#18645000
b110011010 F
b1110100001 ,
b1110100001 <
b1110100001 L
b1110100000 !
b1110100000 A
b1110100000 E
b1110100001 ;
16
#18650000
b0 )
b0 B
0+
b110011001 T
b1110100001 P
09
06
#18655000
16
#18660000
b1111 )
b1111 B
1+
19
b10100001 *
b10100001 C
b10100001 8
b10100001 >
06
#18665000
b110011011 F
b1110100010 ,
b1110100010 <
b1110100010 L
b1110100001 !
b1110100001 A
b1110100001 E
b1110100010 ;
16
#18670000
b0 )
b0 B
0+
b110011010 T
b1110100010 P
09
06
#18675000
16
#18680000
b1111 )
b1111 B
1+
19
b10100010 *
b10100010 C
b10100010 8
b10100010 >
06
#18685000
b110011100 F
b1110100011 ,
b1110100011 <
b1110100011 L
b1110100010 !
b1110100010 A
b1110100010 E
b1110100011 ;
16
#18690000
b0 )
b0 B
0+
b110011011 T
b1110100011 P
09
06
#18695000
16
#18700000
b1111 )
b1111 B
1+
19
b10100011 *
b10100011 C
b10100011 8
b10100011 >
06
#18705000
b110011101 F
b1110100100 ,
b1110100100 <
b1110100100 L
b1110100011 !
b1110100011 A
b1110100011 E
b1110100100 ;
16
#18710000
b0 )
b0 B
0+
b110011100 T
b1110100100 P
09
06
#18715000
16
#18720000
b1111 )
b1111 B
1+
19
b10100100 *
b10100100 C
b10100100 8
b10100100 >
06
#18725000
b110011110 F
b1110100101 ,
b1110100101 <
b1110100101 L
b1110100100 !
b1110100100 A
b1110100100 E
b1110100101 ;
16
#18730000
b0 )
b0 B
0+
b110011101 T
b1110100101 P
09
06
#18735000
16
#18740000
b1111 )
b1111 B
1+
19
b10100101 *
b10100101 C
b10100101 8
b10100101 >
06
#18745000
b110011111 F
b1110100110 ,
b1110100110 <
b1110100110 L
b1110100101 !
b1110100101 A
b1110100101 E
b1110100110 ;
16
#18750000
b0 )
b0 B
0+
b110011110 T
b1110100110 P
09
06
#18755000
16
#18760000
b1111 )
b1111 B
1+
19
b10100110 *
b10100110 C
b10100110 8
b10100110 >
06
#18765000
b110100000 F
b1110100111 ,
b1110100111 <
b1110100111 L
b1110100110 !
b1110100110 A
b1110100110 E
b1110100111 ;
16
#18770000
b0 )
b0 B
0+
b110011111 T
b1110100111 P
09
06
#18775000
16
#18780000
b1111 )
b1111 B
1+
19
b10100111 *
b10100111 C
b10100111 8
b10100111 >
06
#18785000
b110100001 F
b1110101000 ,
b1110101000 <
b1110101000 L
b1110100111 !
b1110100111 A
b1110100111 E
b1110101000 ;
16
#18790000
b0 )
b0 B
0+
b110100000 T
b1110101000 P
09
06
#18795000
16
#18800000
b1111 )
b1111 B
1+
19
b10101000 *
b10101000 C
b10101000 8
b10101000 >
06
#18805000
b110100010 F
b1110101001 ,
b1110101001 <
b1110101001 L
b1110101000 !
b1110101000 A
b1110101000 E
b1110101001 ;
16
#18810000
b0 )
b0 B
0+
b110100001 T
b1110101001 P
09
06
#18815000
16
#18820000
b1111 )
b1111 B
1+
19
b10101001 *
b10101001 C
b10101001 8
b10101001 >
06
#18825000
b110100011 F
b1110101010 ,
b1110101010 <
b1110101010 L
b1110101001 !
b1110101001 A
b1110101001 E
b1110101010 ;
16
#18830000
b0 )
b0 B
0+
b110100010 T
b1110101010 P
09
06
#18835000
16
#18840000
b1111 )
b1111 B
1+
19
b10101010 *
b10101010 C
b10101010 8
b10101010 >
06
#18845000
b110100100 F
b1110101011 ,
b1110101011 <
b1110101011 L
b1110101010 !
b1110101010 A
b1110101010 E
b1110101011 ;
16
#18850000
b0 )
b0 B
0+
b110100011 T
b1110101011 P
09
06
#18855000
16
#18860000
b1111 )
b1111 B
1+
19
b10101011 *
b10101011 C
b10101011 8
b10101011 >
06
#18865000
b110100101 F
b1110101100 ,
b1110101100 <
b1110101100 L
b1110101011 !
b1110101011 A
b1110101011 E
b1110101100 ;
16
#18870000
b0 )
b0 B
0+
b110100100 T
b1110101100 P
09
06
#18875000
16
#18880000
b1111 )
b1111 B
1+
19
b10101100 *
b10101100 C
b10101100 8
b10101100 >
06
#18885000
b110100110 F
b1110101101 ,
b1110101101 <
b1110101101 L
b1110101100 !
b1110101100 A
b1110101100 E
b1110101101 ;
16
#18890000
b0 )
b0 B
0+
b110100101 T
b1110101101 P
09
06
#18895000
16
#18900000
b1111 )
b1111 B
1+
19
b10101101 *
b10101101 C
b10101101 8
b10101101 >
06
#18905000
b110100111 F
b1110101110 ,
b1110101110 <
b1110101110 L
b1110101101 !
b1110101101 A
b1110101101 E
b1110101110 ;
16
#18910000
b0 )
b0 B
0+
b110100110 T
b1110101110 P
09
06
#18915000
16
#18920000
b1111 )
b1111 B
1+
19
b10101110 *
b10101110 C
b10101110 8
b10101110 >
06
#18925000
b110101000 F
b1110101111 ,
b1110101111 <
b1110101111 L
b1110101110 !
b1110101110 A
b1110101110 E
b1110101111 ;
16
#18930000
b0 )
b0 B
0+
b110100111 T
b1110101111 P
09
06
#18935000
16
#18940000
b1111 )
b1111 B
1+
19
b10101111 *
b10101111 C
b10101111 8
b10101111 >
06
#18945000
b110101001 F
b1110110000 ,
b1110110000 <
b1110110000 L
b1110101111 !
b1110101111 A
b1110101111 E
b1110110000 ;
16
#18950000
b0 )
b0 B
0+
b110101000 T
b1110110000 P
09
06
#18955000
16
#18960000
b1111 )
b1111 B
1+
19
b10110000 *
b10110000 C
b10110000 8
b10110000 >
06
#18965000
b110101010 F
b1110110001 ,
b1110110001 <
b1110110001 L
b1110110000 !
b1110110000 A
b1110110000 E
b1110110001 ;
16
#18970000
b0 )
b0 B
0+
b110101001 T
b1110110001 P
09
06
#18975000
16
#18980000
b1111 )
b1111 B
1+
19
b10110001 *
b10110001 C
b10110001 8
b10110001 >
06
#18985000
b110101011 F
b1110110010 ,
b1110110010 <
b1110110010 L
b1110110001 !
b1110110001 A
b1110110001 E
b1110110010 ;
16
#18990000
b0 )
b0 B
0+
b110101010 T
b1110110010 P
09
06
#18995000
16
#19000000
b1111 )
b1111 B
1+
19
b10110010 *
b10110010 C
b10110010 8
b10110010 >
06
#19005000
b110101100 F
b1110110011 ,
b1110110011 <
b1110110011 L
b1110110010 !
b1110110010 A
b1110110010 E
b1110110011 ;
16
#19010000
b0 )
b0 B
0+
b110101011 T
b1110110011 P
09
06
#19015000
16
#19020000
b1111 )
b1111 B
1+
19
b10110011 *
b10110011 C
b10110011 8
b10110011 >
06
#19025000
b110101101 F
b1110110100 ,
b1110110100 <
b1110110100 L
b1110110011 !
b1110110011 A
b1110110011 E
b1110110100 ;
16
#19030000
b0 )
b0 B
0+
b110101100 T
b1110110100 P
09
06
#19035000
16
#19040000
b1111 )
b1111 B
1+
19
b10110100 *
b10110100 C
b10110100 8
b10110100 >
06
#19045000
b110101110 F
b1110110101 ,
b1110110101 <
b1110110101 L
b1110110100 !
b1110110100 A
b1110110100 E
b1110110101 ;
16
#19050000
b0 )
b0 B
0+
b110101101 T
b1110110101 P
09
06
#19055000
16
#19060000
b1111 )
b1111 B
1+
19
b10110101 *
b10110101 C
b10110101 8
b10110101 >
06
#19065000
b110101111 F
b1110110110 ,
b1110110110 <
b1110110110 L
b1110110101 !
b1110110101 A
b1110110101 E
b1110110110 ;
16
#19070000
b0 )
b0 B
0+
b110101110 T
b1110110110 P
09
06
#19075000
16
#19080000
b1111 )
b1111 B
1+
19
b10110110 *
b10110110 C
b10110110 8
b10110110 >
06
#19085000
b110110000 F
b1110110111 ,
b1110110111 <
b1110110111 L
b1110110110 !
b1110110110 A
b1110110110 E
b1110110111 ;
16
#19090000
b0 )
b0 B
0+
b110101111 T
b1110110111 P
09
06
#19095000
16
#19100000
b1111 )
b1111 B
1+
19
b10110111 *
b10110111 C
b10110111 8
b10110111 >
06
#19105000
b110110001 F
b1110111000 ,
b1110111000 <
b1110111000 L
b1110110111 !
b1110110111 A
b1110110111 E
b1110111000 ;
16
#19110000
b0 )
b0 B
0+
b110110000 T
b1110111000 P
09
06
#19115000
16
#19120000
b1111 )
b1111 B
1+
19
b10111000 *
b10111000 C
b10111000 8
b10111000 >
06
#19125000
b110110010 F
b1110111001 ,
b1110111001 <
b1110111001 L
b1110111000 !
b1110111000 A
b1110111000 E
b1110111001 ;
16
#19130000
b0 )
b0 B
0+
b110110001 T
b1110111001 P
09
06
#19135000
16
#19140000
b1111 )
b1111 B
1+
19
b10111001 *
b10111001 C
b10111001 8
b10111001 >
06
#19145000
b110110011 F
b1110111010 ,
b1110111010 <
b1110111010 L
b1110111001 !
b1110111001 A
b1110111001 E
b1110111010 ;
16
#19150000
b0 )
b0 B
0+
b110110010 T
b1110111010 P
09
06
#19155000
16
#19160000
b1111 )
b1111 B
1+
19
b10111010 *
b10111010 C
b10111010 8
b10111010 >
06
#19165000
b110110100 F
b1110111011 ,
b1110111011 <
b1110111011 L
b1110111010 !
b1110111010 A
b1110111010 E
b1110111011 ;
16
#19170000
b0 )
b0 B
0+
b110110011 T
b1110111011 P
09
06
#19175000
16
#19180000
b1111 )
b1111 B
1+
19
b10111011 *
b10111011 C
b10111011 8
b10111011 >
06
#19185000
b110110101 F
b1110111100 ,
b1110111100 <
b1110111100 L
b1110111011 !
b1110111011 A
b1110111011 E
b1110111100 ;
16
#19190000
b0 )
b0 B
0+
b110110100 T
b1110111100 P
09
06
#19195000
16
#19200000
b1111 )
b1111 B
1+
19
b10111100 *
b10111100 C
b10111100 8
b10111100 >
06
#19205000
b110110110 F
b1110111101 ,
b1110111101 <
b1110111101 L
b1110111100 !
b1110111100 A
b1110111100 E
b1110111101 ;
16
#19210000
b0 )
b0 B
0+
b110110101 T
b1110111101 P
09
06
#19215000
16
#19220000
b1111 )
b1111 B
1+
19
b10111101 *
b10111101 C
b10111101 8
b10111101 >
06
#19225000
b110110111 F
b1110111110 ,
b1110111110 <
b1110111110 L
b1110111101 !
b1110111101 A
b1110111101 E
b1110111110 ;
16
#19230000
b0 )
b0 B
0+
b110110110 T
b1110111110 P
09
06
#19235000
16
#19240000
b1111 )
b1111 B
1+
19
b10111110 *
b10111110 C
b10111110 8
b10111110 >
06
#19245000
b110111000 F
b1110111111 ,
b1110111111 <
b1110111111 L
b1110111110 !
b1110111110 A
b1110111110 E
b1110111111 ;
16
#19250000
b0 )
b0 B
0+
b110110111 T
b1110111111 P
09
06
#19255000
16
#19260000
b1111 )
b1111 B
1+
19
b10111111 *
b10111111 C
b10111111 8
b10111111 >
06
#19265000
b110111001 F
b1111000000 ,
b1111000000 <
b1111000000 L
b1110111111 !
b1110111111 A
b1110111111 E
b1111000000 ;
16
#19270000
b0 )
b0 B
0+
b110111000 T
b1111000000 P
09
06
#19275000
16
#19280000
b1111 )
b1111 B
1+
19
b11000000 *
b11000000 C
b11000000 8
b11000000 >
06
#19285000
b110111010 F
b1111000001 ,
b1111000001 <
b1111000001 L
b1111000000 !
b1111000000 A
b1111000000 E
b1111000001 ;
16
#19290000
b0 )
b0 B
0+
b110111001 T
b1111000001 P
09
06
#19295000
16
#19300000
b1111 )
b1111 B
1+
19
b11000001 *
b11000001 C
b11000001 8
b11000001 >
06
#19305000
b110111011 F
b1111000010 ,
b1111000010 <
b1111000010 L
b1111000001 !
b1111000001 A
b1111000001 E
b1111000010 ;
16
#19310000
b0 )
b0 B
0+
b110111010 T
b1111000010 P
09
06
#19315000
16
#19320000
b1111 )
b1111 B
1+
19
b11000010 *
b11000010 C
b11000010 8
b11000010 >
06
#19325000
b110111100 F
b1111000011 ,
b1111000011 <
b1111000011 L
b1111000010 !
b1111000010 A
b1111000010 E
b1111000011 ;
16
#19330000
b0 )
b0 B
0+
b110111011 T
b1111000011 P
09
06
#19335000
16
#19340000
b1111 )
b1111 B
1+
19
b11000011 *
b11000011 C
b11000011 8
b11000011 >
06
#19345000
b110111101 F
b1111000100 ,
b1111000100 <
b1111000100 L
b1111000011 !
b1111000011 A
b1111000011 E
b1111000100 ;
16
#19350000
b0 )
b0 B
0+
b110111100 T
b1111000100 P
09
06
#19355000
16
#19360000
b1111 )
b1111 B
1+
19
b11000100 *
b11000100 C
b11000100 8
b11000100 >
06
#19365000
b110111110 F
b1111000101 ,
b1111000101 <
b1111000101 L
b1111000100 !
b1111000100 A
b1111000100 E
b1111000101 ;
16
#19370000
b0 )
b0 B
0+
b110111101 T
b1111000101 P
09
06
#19375000
16
#19380000
b1111 )
b1111 B
1+
19
b11000101 *
b11000101 C
b11000101 8
b11000101 >
06
#19385000
b110111111 F
b1111000110 ,
b1111000110 <
b1111000110 L
b1111000101 !
b1111000101 A
b1111000101 E
b1111000110 ;
16
#19390000
b0 )
b0 B
0+
b110111110 T
b1111000110 P
09
06
#19395000
16
#19400000
b1111 )
b1111 B
1+
19
b11000110 *
b11000110 C
b11000110 8
b11000110 >
06
#19405000
b111000000 F
b1111000111 ,
b1111000111 <
b1111000111 L
b1111000110 !
b1111000110 A
b1111000110 E
b1111000111 ;
16
#19410000
b0 )
b0 B
0+
b110111111 T
b1111000111 P
09
06
#19415000
16
#19420000
b1111 )
b1111 B
1+
19
b11000111 *
b11000111 C
b11000111 8
b11000111 >
06
#19425000
b111000001 F
b1111001000 ,
b1111001000 <
b1111001000 L
b1111000111 !
b1111000111 A
b1111000111 E
b1111001000 ;
16
#19430000
b0 )
b0 B
0+
b111000000 T
b1111001000 P
09
06
#19435000
16
#19440000
b1111 )
b1111 B
1+
19
b11001000 *
b11001000 C
b11001000 8
b11001000 >
06
#19445000
b111000010 F
b1111001001 ,
b1111001001 <
b1111001001 L
b1111001000 !
b1111001000 A
b1111001000 E
b1111001001 ;
16
#19450000
b0 )
b0 B
0+
b111000001 T
b1111001001 P
09
06
#19455000
16
#19460000
b1111 )
b1111 B
1+
19
b11001001 *
b11001001 C
b11001001 8
b11001001 >
06
#19465000
b111000011 F
b1111001010 ,
b1111001010 <
b1111001010 L
b1111001001 !
b1111001001 A
b1111001001 E
b1111001010 ;
16
#19470000
b0 )
b0 B
0+
b111000010 T
b1111001010 P
09
06
#19475000
16
#19480000
b1111 )
b1111 B
1+
19
b11001010 *
b11001010 C
b11001010 8
b11001010 >
06
#19485000
b111000100 F
b1111001011 ,
b1111001011 <
b1111001011 L
b1111001010 !
b1111001010 A
b1111001010 E
b1111001011 ;
16
#19490000
b0 )
b0 B
0+
b111000011 T
b1111001011 P
09
06
#19495000
16
#19500000
b1111 )
b1111 B
1+
19
b11001011 *
b11001011 C
b11001011 8
b11001011 >
06
#19505000
b111000101 F
b1111001100 ,
b1111001100 <
b1111001100 L
b1111001011 !
b1111001011 A
b1111001011 E
b1111001100 ;
16
#19510000
b0 )
b0 B
0+
b111000100 T
b1111001100 P
09
06
#19515000
16
#19520000
b1111 )
b1111 B
1+
19
b11001100 *
b11001100 C
b11001100 8
b11001100 >
06
#19525000
b111000110 F
b1111001101 ,
b1111001101 <
b1111001101 L
b1111001100 !
b1111001100 A
b1111001100 E
b1111001101 ;
16
#19530000
b0 )
b0 B
0+
b111000101 T
b1111001101 P
09
06
#19535000
16
#19540000
b1111 )
b1111 B
1+
19
b11001101 *
b11001101 C
b11001101 8
b11001101 >
06
#19545000
b111000111 F
b1111001110 ,
b1111001110 <
b1111001110 L
b1111001101 !
b1111001101 A
b1111001101 E
b1111001110 ;
16
#19550000
b0 )
b0 B
0+
b111000110 T
b1111001110 P
09
06
#19555000
16
#19560000
b1111 )
b1111 B
1+
19
b11001110 *
b11001110 C
b11001110 8
b11001110 >
06
#19565000
b111001000 F
b1111001111 ,
b1111001111 <
b1111001111 L
b1111001110 !
b1111001110 A
b1111001110 E
b1111001111 ;
16
#19570000
b0 )
b0 B
0+
b111000111 T
b1111001111 P
09
06
#19575000
16
#19580000
b1111 )
b1111 B
1+
19
b11001111 *
b11001111 C
b11001111 8
b11001111 >
06
#19585000
b111001001 F
b1111010000 ,
b1111010000 <
b1111010000 L
b1111001111 !
b1111001111 A
b1111001111 E
b1111010000 ;
16
#19590000
b0 )
b0 B
0+
b111001000 T
b1111010000 P
09
06
#19595000
16
#19600000
b1111 )
b1111 B
1+
19
b11010000 *
b11010000 C
b11010000 8
b11010000 >
06
#19605000
b111001010 F
b1111010001 ,
b1111010001 <
b1111010001 L
b1111010000 !
b1111010000 A
b1111010000 E
b1111010001 ;
16
#19610000
b0 )
b0 B
0+
b111001001 T
b1111010001 P
09
06
#19615000
16
#19620000
b1111 )
b1111 B
1+
19
b11010001 *
b11010001 C
b11010001 8
b11010001 >
06
#19625000
b111001011 F
b1111010010 ,
b1111010010 <
b1111010010 L
b1111010001 !
b1111010001 A
b1111010001 E
b1111010010 ;
16
#19630000
b0 )
b0 B
0+
b111001010 T
b1111010010 P
09
06
#19635000
16
#19640000
b1111 )
b1111 B
1+
19
b11010010 *
b11010010 C
b11010010 8
b11010010 >
06
#19645000
b111001100 F
b1111010011 ,
b1111010011 <
b1111010011 L
b1111010010 !
b1111010010 A
b1111010010 E
b1111010011 ;
16
#19650000
b0 )
b0 B
0+
b111001011 T
b1111010011 P
09
06
#19655000
16
#19660000
b1111 )
b1111 B
1+
19
b11010011 *
b11010011 C
b11010011 8
b11010011 >
06
#19665000
b111001101 F
b1111010100 ,
b1111010100 <
b1111010100 L
b1111010011 !
b1111010011 A
b1111010011 E
b1111010100 ;
16
#19670000
b0 )
b0 B
0+
b111001100 T
b1111010100 P
09
06
#19675000
16
#19680000
b1111 )
b1111 B
1+
19
b11010100 *
b11010100 C
b11010100 8
b11010100 >
06
#19685000
b111001110 F
b1111010101 ,
b1111010101 <
b1111010101 L
b1111010100 !
b1111010100 A
b1111010100 E
b1111010101 ;
16
#19690000
b0 )
b0 B
0+
b111001101 T
b1111010101 P
09
06
#19695000
16
#19700000
b1111 )
b1111 B
1+
19
b11010101 *
b11010101 C
b11010101 8
b11010101 >
06
#19705000
b111001111 F
b1111010110 ,
b1111010110 <
b1111010110 L
b1111010101 !
b1111010101 A
b1111010101 E
b1111010110 ;
16
#19710000
b0 )
b0 B
0+
b111001110 T
b1111010110 P
09
06
#19715000
16
#19720000
b1111 )
b1111 B
1+
19
b11010110 *
b11010110 C
b11010110 8
b11010110 >
06
#19725000
b111010000 F
b1111010111 ,
b1111010111 <
b1111010111 L
b1111010110 !
b1111010110 A
b1111010110 E
b1111010111 ;
16
#19730000
b0 )
b0 B
0+
b111001111 T
b1111010111 P
09
06
#19735000
16
#19740000
b1111 )
b1111 B
1+
19
b11010111 *
b11010111 C
b11010111 8
b11010111 >
06
#19745000
b111010001 F
b1111011000 ,
b1111011000 <
b1111011000 L
b1111010111 !
b1111010111 A
b1111010111 E
b1111011000 ;
16
#19750000
b0 )
b0 B
0+
b111010000 T
b1111011000 P
09
06
#19755000
16
#19760000
b1111 )
b1111 B
1+
19
b11011000 *
b11011000 C
b11011000 8
b11011000 >
06
#19765000
b111010010 F
b1111011001 ,
b1111011001 <
b1111011001 L
b1111011000 !
b1111011000 A
b1111011000 E
b1111011001 ;
16
#19770000
b0 )
b0 B
0+
b111010001 T
b1111011001 P
09
06
#19775000
16
#19780000
b1111 )
b1111 B
1+
19
b11011001 *
b11011001 C
b11011001 8
b11011001 >
06
#19785000
b111010011 F
b1111011010 ,
b1111011010 <
b1111011010 L
b1111011001 !
b1111011001 A
b1111011001 E
b1111011010 ;
16
#19790000
b0 )
b0 B
0+
b111010010 T
b1111011010 P
09
06
#19795000
16
#19800000
b1111 )
b1111 B
1+
19
b11011010 *
b11011010 C
b11011010 8
b11011010 >
06
#19805000
b111010100 F
b1111011011 ,
b1111011011 <
b1111011011 L
b1111011010 !
b1111011010 A
b1111011010 E
b1111011011 ;
16
#19810000
b0 )
b0 B
0+
b111010011 T
b1111011011 P
09
06
#19815000
16
#19820000
b1111 )
b1111 B
1+
19
b11011011 *
b11011011 C
b11011011 8
b11011011 >
06
#19825000
b111010101 F
b1111011100 ,
b1111011100 <
b1111011100 L
b1111011011 !
b1111011011 A
b1111011011 E
b1111011100 ;
16
#19830000
b0 )
b0 B
0+
b111010100 T
b1111011100 P
09
06
#19835000
16
#19840000
b1111 )
b1111 B
1+
19
b11011100 *
b11011100 C
b11011100 8
b11011100 >
06
#19845000
b111010110 F
b1111011101 ,
b1111011101 <
b1111011101 L
b1111011100 !
b1111011100 A
b1111011100 E
b1111011101 ;
16
#19850000
b0 )
b0 B
0+
b111010101 T
b1111011101 P
09
06
#19855000
16
#19860000
b1111 )
b1111 B
1+
19
b11011101 *
b11011101 C
b11011101 8
b11011101 >
06
#19865000
b111010111 F
b1111011110 ,
b1111011110 <
b1111011110 L
b1111011101 !
b1111011101 A
b1111011101 E
b1111011110 ;
16
#19870000
b0 )
b0 B
0+
b111010110 T
b1111011110 P
09
06
#19875000
16
#19880000
b1111 )
b1111 B
1+
19
b11011110 *
b11011110 C
b11011110 8
b11011110 >
06
#19885000
b111011000 F
b1111011111 ,
b1111011111 <
b1111011111 L
b1111011110 !
b1111011110 A
b1111011110 E
b1111011111 ;
16
#19890000
b0 )
b0 B
0+
b111010111 T
b1111011111 P
09
06
#19895000
16
#19900000
b1111 )
b1111 B
1+
19
b11011111 *
b11011111 C
b11011111 8
b11011111 >
06
#19905000
b111011001 F
b1111100000 ,
b1111100000 <
b1111100000 L
b1111011111 !
b1111011111 A
b1111011111 E
b1111100000 ;
16
#19910000
b0 )
b0 B
0+
b111011000 T
b1111100000 P
09
06
#19915000
16
#19920000
b1111 )
b1111 B
1+
19
b11100000 *
b11100000 C
b11100000 8
b11100000 >
06
#19925000
b111011010 F
b1111100001 ,
b1111100001 <
b1111100001 L
b1111100000 !
b1111100000 A
b1111100000 E
b1111100001 ;
16
#19930000
b0 )
b0 B
0+
b111011001 T
b1111100001 P
09
06
#19935000
16
#19940000
b1111 )
b1111 B
1+
19
b11100001 *
b11100001 C
b11100001 8
b11100001 >
06
#19945000
b111011011 F
b1111100010 ,
b1111100010 <
b1111100010 L
b1111100001 !
b1111100001 A
b1111100001 E
b1111100010 ;
16
#19950000
b0 )
b0 B
0+
b111011010 T
b1111100010 P
09
06
#19955000
16
#19960000
b1111 )
b1111 B
1+
19
b11100010 *
b11100010 C
b11100010 8
b11100010 >
06
#19965000
b111011100 F
b1111100011 ,
b1111100011 <
b1111100011 L
b1111100010 !
b1111100010 A
b1111100010 E
b1111100011 ;
16
#19970000
b0 )
b0 B
0+
b111011011 T
b1111100011 P
09
06
#19975000
16
#19980000
b1111 )
b1111 B
1+
19
b11100011 *
b11100011 C
b11100011 8
b11100011 >
06
#19985000
b111011101 F
b1111100100 ,
b1111100100 <
b1111100100 L
b1111100011 !
b1111100011 A
b1111100011 E
b1111100100 ;
16
#19990000
b0 )
b0 B
0+
b111011100 T
b1111100100 P
09
06
#19995000
16
#20000000
b1111 )
b1111 B
1+
19
b11100100 *
b11100100 C
b11100100 8
b11100100 >
06
#20005000
b111011110 F
b1111100101 ,
b1111100101 <
b1111100101 L
b1111100100 !
b1111100100 A
b1111100100 E
b1111100101 ;
16
#20010000
b0 )
b0 B
0+
b111011101 T
b1111100101 P
09
06
#20015000
16
#20020000
b1111 )
b1111 B
1+
19
b11100101 *
b11100101 C
b11100101 8
b11100101 >
06
#20025000
b111011111 F
b1111100110 ,
b1111100110 <
b1111100110 L
b1111100101 !
b1111100101 A
b1111100101 E
b1111100110 ;
16
#20030000
b0 )
b0 B
0+
b111011110 T
b1111100110 P
09
06
#20035000
16
#20040000
b1111 )
b1111 B
1+
19
b11100110 *
b11100110 C
b11100110 8
b11100110 >
06
#20045000
b111100000 F
b1111100111 ,
b1111100111 <
b1111100111 L
b1111100110 !
b1111100110 A
b1111100110 E
b1111100111 ;
16
#20050000
b0 )
b0 B
0+
b111011111 T
b1111100111 P
09
06
#20055000
16
#20060000
b1111 )
b1111 B
1+
19
b11100111 *
b11100111 C
b11100111 8
b11100111 >
06
#20065000
b111100001 F
b1111101000 ,
b1111101000 <
b1111101000 L
b1111100111 !
b1111100111 A
b1111100111 E
b1111101000 ;
16
#20070000
b0 )
b0 B
0+
b111100000 T
b1111101000 P
09
06
#20075000
16
#20080000
b1111 )
b1111 B
1+
19
b11101000 *
b11101000 C
b11101000 8
b11101000 >
06
#20085000
b111100010 F
b1111101001 ,
b1111101001 <
b1111101001 L
b1111101000 !
b1111101000 A
b1111101000 E
b1111101001 ;
16
#20090000
b0 )
b0 B
0+
b111100001 T
b1111101001 P
09
06
#20095000
16
#20100000
b1111 )
b1111 B
1+
19
b11101001 *
b11101001 C
b11101001 8
b11101001 >
06
#20105000
b111100011 F
b1111101010 ,
b1111101010 <
b1111101010 L
b1111101001 !
b1111101001 A
b1111101001 E
b1111101010 ;
16
#20110000
b0 )
b0 B
0+
b111100010 T
b1111101010 P
09
06
#20115000
16
#20120000
b1111 )
b1111 B
1+
19
b11101010 *
b11101010 C
b11101010 8
b11101010 >
06
#20125000
b111100100 F
b1111101011 ,
b1111101011 <
b1111101011 L
b1111101010 !
b1111101010 A
b1111101010 E
b1111101011 ;
16
#20130000
b0 )
b0 B
0+
b111100011 T
b1111101011 P
09
06
#20135000
16
#20140000
b1111 )
b1111 B
1+
19
b11101011 *
b11101011 C
b11101011 8
b11101011 >
06
#20145000
b111100101 F
b1111101100 ,
b1111101100 <
b1111101100 L
b1111101011 !
b1111101011 A
b1111101011 E
b1111101100 ;
16
#20150000
b0 )
b0 B
0+
b111100100 T
b1111101100 P
09
06
#20155000
16
#20160000
b1111 )
b1111 B
1+
19
b11101100 *
b11101100 C
b11101100 8
b11101100 >
06
#20165000
b111100110 F
b1111101101 ,
b1111101101 <
b1111101101 L
b1111101100 !
b1111101100 A
b1111101100 E
b1111101101 ;
16
#20170000
b0 )
b0 B
0+
b111100101 T
b1111101101 P
09
06
#20175000
16
#20180000
b1111 )
b1111 B
1+
19
b11101101 *
b11101101 C
b11101101 8
b11101101 >
06
#20185000
b111100111 F
b1111101110 ,
b1111101110 <
b1111101110 L
b1111101101 !
b1111101101 A
b1111101101 E
b1111101110 ;
16
#20190000
b0 )
b0 B
0+
b111100110 T
b1111101110 P
09
06
#20195000
16
#20200000
b1111 )
b1111 B
1+
19
b11101110 *
b11101110 C
b11101110 8
b11101110 >
06
#20205000
b111101000 F
b1111101111 ,
b1111101111 <
b1111101111 L
b1111101110 !
b1111101110 A
b1111101110 E
b1111101111 ;
16
#20210000
b0 )
b0 B
0+
b111100111 T
b1111101111 P
09
06
#20215000
16
#20220000
b1111 )
b1111 B
1+
19
b11101111 *
b11101111 C
b11101111 8
b11101111 >
06
#20225000
b111101001 F
b1111110000 ,
b1111110000 <
b1111110000 L
b1111101111 !
b1111101111 A
b1111101111 E
b1111110000 ;
16
#20230000
b0 )
b0 B
0+
b111101000 T
b1111110000 P
09
06
#20235000
16
#20240000
b1111 )
b1111 B
1+
19
b11110000 *
b11110000 C
b11110000 8
b11110000 >
06
#20245000
b111101010 F
b1111110001 ,
b1111110001 <
b1111110001 L
b1111110000 !
b1111110000 A
b1111110000 E
b1111110001 ;
16
#20250000
b0 )
b0 B
0+
b111101001 T
b1111110001 P
09
06
#20255000
16
#20260000
b1111 )
b1111 B
1+
19
b11110001 *
b11110001 C
b11110001 8
b11110001 >
06
#20265000
b111101011 F
b1111110010 ,
b1111110010 <
b1111110010 L
b1111110001 !
b1111110001 A
b1111110001 E
b1111110010 ;
16
#20270000
b0 )
b0 B
0+
b111101010 T
b1111110010 P
09
06
#20275000
16
#20280000
b1111 )
b1111 B
1+
19
b11110010 *
b11110010 C
b11110010 8
b11110010 >
06
#20285000
b111101100 F
b1111110011 ,
b1111110011 <
b1111110011 L
b1111110010 !
b1111110010 A
b1111110010 E
b1111110011 ;
16
#20290000
b0 )
b0 B
0+
b111101011 T
b1111110011 P
09
06
#20295000
16
#20300000
b1111 )
b1111 B
1+
19
b11110011 *
b11110011 C
b11110011 8
b11110011 >
06
#20305000
b111101101 F
b1111110100 ,
b1111110100 <
b1111110100 L
b1111110011 !
b1111110011 A
b1111110011 E
b1111110100 ;
16
#20310000
b0 )
b0 B
0+
b111101100 T
b1111110100 P
09
06
#20315000
16
#20320000
b1111 )
b1111 B
1+
19
b11110100 *
b11110100 C
b11110100 8
b11110100 >
06
#20325000
b111101110 F
b1111110101 ,
b1111110101 <
b1111110101 L
b1111110100 !
b1111110100 A
b1111110100 E
b1111110101 ;
16
#20330000
b0 )
b0 B
0+
b111101101 T
b1111110101 P
09
06
#20335000
16
#20340000
b1111 )
b1111 B
1+
19
b11110101 *
b11110101 C
b11110101 8
b11110101 >
06
#20345000
b111101111 F
b1111110110 ,
b1111110110 <
b1111110110 L
b1111110101 !
b1111110101 A
b1111110101 E
b1111110110 ;
16
#20350000
b0 )
b0 B
0+
b111101110 T
b1111110110 P
09
06
#20355000
16
#20360000
b1111 )
b1111 B
1+
19
b11110110 *
b11110110 C
b11110110 8
b11110110 >
06
#20365000
b111110000 F
b1111110111 ,
b1111110111 <
b1111110111 L
b1111110110 !
b1111110110 A
b1111110110 E
b1111110111 ;
16
#20370000
b0 )
b0 B
0+
b111101111 T
b1111110111 P
09
06
#20375000
16
#20380000
b1111 )
b1111 B
1+
19
b11110111 *
b11110111 C
b11110111 8
b11110111 >
06
#20385000
b111110001 F
b1111111000 ,
b1111111000 <
b1111111000 L
b1111110111 !
b1111110111 A
b1111110111 E
b1111111000 ;
16
#20390000
b0 )
b0 B
0+
b111110000 T
b1111111000 P
09
06
#20395000
16
#20400000
b1111 )
b1111 B
1+
19
b11111000 *
b11111000 C
b11111000 8
b11111000 >
06
#20405000
b111110010 F
b1111111001 ,
b1111111001 <
b1111111001 L
b1111111000 !
b1111111000 A
b1111111000 E
b1111111001 ;
16
#20410000
b0 )
b0 B
0+
b111110001 T
b1111111001 P
09
06
#20415000
16
#20420000
b1111 )
b1111 B
1+
19
b11111001 *
b11111001 C
b11111001 8
b11111001 >
06
#20425000
b111110011 F
b1111111010 ,
b1111111010 <
b1111111010 L
b1111111001 !
b1111111001 A
b1111111001 E
b1111111010 ;
16
#20430000
b0 )
b0 B
0+
b111110010 T
b1111111010 P
09
06
#20435000
16
#20440000
b1111 )
b1111 B
1+
19
b11111010 *
b11111010 C
b11111010 8
b11111010 >
06
#20445000
b111110100 F
b1111111011 ,
b1111111011 <
b1111111011 L
b1111111010 !
b1111111010 A
b1111111010 E
b1111111011 ;
16
#20450000
b0 )
b0 B
0+
b111110011 T
b1111111011 P
09
06
#20455000
16
#20460000
b1111 )
b1111 B
1+
19
b11111011 *
b11111011 C
b11111011 8
b11111011 >
06
#20465000
b111110101 F
b1111111100 ,
b1111111100 <
b1111111100 L
b1111111011 !
b1111111011 A
b1111111011 E
b1111111100 ;
16
#20470000
b0 )
b0 B
0+
b111110100 T
b1111111100 P
09
06
#20475000
16
#20480000
b1111 )
b1111 B
1+
19
b11111100 *
b11111100 C
b11111100 8
b11111100 >
06
#20485000
b111110110 F
b1111111101 ,
b1111111101 <
b1111111101 L
b1111111100 !
b1111111100 A
b1111111100 E
b1111111101 ;
16
#20490000
b0 )
b0 B
0+
b111110101 T
b1111111101 P
09
06
#20495000
16
#20500000
b1111 )
b1111 B
1+
19
b11111101 *
b11111101 C
b11111101 8
b11111101 >
06
#20505000
b111110111 F
b1111111110 ,
b1111111110 <
b1111111110 L
b1111111101 !
b1111111101 A
b1111111101 E
b1111111110 ;
16
#20510000
b0 )
b0 B
0+
b111110110 T
b1111111110 P
09
06
#20515000
16
#20520000
b1111 )
b1111 B
1+
19
b11111110 *
b11111110 C
b11111110 8
b11111110 >
06
#20525000
b111111000 F
b1111111111 ,
b1111111111 <
b1111111111 L
b1111111110 !
b1111111110 A
b1111111110 E
b1111111111 ;
16
#20530000
b0 )
b0 B
0+
b111110111 T
b1111111111 P
09
06
#20535000
16
#20540000
b1111 )
b1111 B
1+
19
b11111111 *
b11111111 C
b11111111 8
b11111111 >
06
#20545000
b111111001 F
b0 ,
b0 <
b0 L
b1111111111 !
b1111111111 A
b1111111111 E
b10000000000 ;
16
#20550000
b0 )
b0 B
0+
b111111000 T
b10000000000 P
09
06
#20555000
16
#20560000
b1111 )
b1111 B
1+
19
b0 *
b0 C
b0 8
b0 >
06
#20565000
b111111010 F
b1 ,
b1 <
b1 L
b0 !
b0 A
b0 E
b10000000001 ;
16
#20570000
b0 )
b0 B
0+
b111111001 T
b10000000001 P
09
06
#20575000
16
#20580000
b1111 )
b1111 B
1+
19
b1 *
b1 C
b1 8
b1 >
06
#20585000
b111111011 F
b10 ,
b10 <
b10 L
b1 !
b1 A
b1 E
b10000000010 ;
16
#20590000
b0 )
b0 B
0+
b111111010 T
b10000000010 P
09
06
#20595000
16
#20600000
b1111 )
b1111 B
1+
19
b10 *
b10 C
b10 8
b10 >
06
#20605000
b111111100 F
b11 ,
b11 <
b11 L
b10 !
b10 A
b10 E
b10000000011 ;
16
#20610000
b0 )
b0 B
0+
b111111011 T
b10000000011 P
09
06
#20615000
16
#20620000
b1111 )
b1111 B
1+
19
b11 *
b11 C
b11 8
b11 >
06
#20625000
b111111101 F
b100 ,
b100 <
b100 L
b11 !
b11 A
b11 E
b10000000100 ;
16
#20630000
b0 )
b0 B
0+
b111111100 T
b10000000100 P
09
06
#20635000
16
#20640000
b1111 )
b1111 B
1+
19
b100 *
b100 C
b100 8
b100 >
06
#20645000
b111111110 F
b101 ,
b101 <
b101 L
b100 !
b100 A
b100 E
b10000000101 ;
16
#20650000
b0 )
b0 B
0+
b111111101 T
b10000000101 P
09
06
#20655000
16
#20660000
b1111 )
b1111 B
1+
19
b101 *
b101 C
b101 8
b101 >
06
#20665000
b111111111 F
b110 ,
b110 <
b110 L
b101 !
b101 A
b101 E
b10000000110 ;
16
#20670000
b0 )
b0 B
0+
b111111110 T
b10000000110 P
09
06
#20675000
16
#20680000
b1111 )
b1111 B
1+
19
b110 *
b110 C
b110 8
b110 >
06
#20685000
b0 )
b0 B
0+
0(
0=
b100 I
1&
1'
1D
b111 $
b111 ?
b111 H
b1000000000 F
b111 ,
b111 <
b111 L
b110 !
b110 A
b110 E
b10000000111 ;
16
#20690000
b10000000111 Q
b10000000000 U
b110 M
b10000000110 N
b110 O
b10000000111 P
09
06
#20695000
16
#20700000
19
b11101110 *
b11101110 C
b11101110 8
b11101110 >
06
#20705000
16
#20710000
09
06
#20715000
16
#20720000
19
06
#20725000
16
#20730000
09
06
#20735000
16
#20740000
19
06
#20745000
16
#20750000
09
06
