$date
	Mon Jul 27 18:57:07 2026
$end
$version
	Icarus Verilog
$end
$timescale
	1ps
$end
$scope module tb_circular_trace_buffer_axi $end
$var wire 2 ! s_axi_bresp [1:0] $end
$var wire 2 " s_axi_rresp [1:0] $end
$var wire 1 # s_axi_wready $end
$var wire 1 $ s_axi_rvalid $end
$var wire 32 % s_axi_rdata [31:0] $end
$var wire 1 & s_axi_bvalid $end
$var wire 1 ' s_axi_awready $end
$var wire 1 ( s_axi_arready $end
$var wire 1 ) irq_o $end
$var wire 4 * bram_we_o [3:0] $end
$var wire 32 + bram_wdata_o [31:0] $end
$var wire 1 , bram_en_o $end
$var wire 10 - bram_addr_o [9:0] $end
$var parameter 32 . AXI_ADDR_WIDTH $end
$var parameter 32 / AXI_DATA_WIDTH $end
$var parameter 64 0 CLK_PERIOD $end
$var reg 1 1 s_axi_aclk $end
$var reg 6 2 s_axi_araddr [5:0] $end
$var reg 1 3 s_axi_aresetn $end
$var reg 3 4 s_axi_arprot [2:0] $end
$var reg 1 5 s_axi_arvalid $end
$var reg 6 6 s_axi_awaddr [5:0] $end
$var reg 3 7 s_axi_awprot [2:0] $end
$var reg 1 8 s_axi_awvalid $end
$var reg 1 9 s_axi_bready $end
$var reg 1 : s_axi_rready $end
$var reg 32 ; s_axi_wdata [31:0] $end
$var reg 4 < s_axi_wstrb [3:0] $end
$var reg 1 = s_axi_wvalid $end
$var reg 8 > sample_data_i [7:0] $end
$var reg 1 ? sample_valid_i $end
$var reg 1 @ trigger_pulse_i $end
$var reg 32 A bram_write_count [31:0] $end
$scope module dut $end
$var wire 1 B abort_pulse $end
$var wire 1 C arm_pulse $end
$var wire 1 D clear_done_pulse $end
$var wire 1 E control_write $end
$var wire 1 1 s_axi_aclk $end
$var wire 6 F s_axi_araddr [5:0] $end
$var wire 1 3 s_axi_aresetn $end
$var wire 3 G s_axi_arprot [2:0] $end
$var wire 1 5 s_axi_arvalid $end
$var wire 6 H s_axi_awaddr [5:0] $end
$var wire 3 I s_axi_awprot [2:0] $end
$var wire 1 ' s_axi_awready $end
$var wire 1 8 s_axi_awvalid $end
$var wire 1 9 s_axi_bready $end
$var wire 2 J s_axi_bresp [1:0] $end
$var wire 1 & s_axi_bvalid $end
$var wire 32 K s_axi_rdata [31:0] $end
$var wire 1 : s_axi_rready $end
$var wire 2 L s_axi_rresp [1:0] $end
$var wire 1 $ s_axi_rvalid $end
$var wire 32 M s_axi_wdata [31:0] $end
$var wire 1 # s_axi_wready $end
$var wire 4 N s_axi_wstrb [3:0] $end
$var wire 1 = s_axi_wvalid $end
$var wire 8 O sample_data_i [7:0] $end
$var wire 1 ? sample_valid_i $end
$var wire 1 @ trigger_pulse_i $end
$var wire 1 P write_commit $end
$var wire 1 Q unused_prot $end
$var wire 1 ( s_axi_arready $end
$var wire 1 ) irq_o $end
$var wire 10 R core_write_addr [9:0] $end
$var wire 1 S core_triggered $end
$var wire 10 T core_trigger_addr [9:0] $end
$var wire 10 U core_start_addr [9:0] $end
$var wire 1 V core_pre_ready $end
$var wire 1 W core_capture_done $end
$var wire 1 X core_busy $end
$var wire 4 Y bram_we_o [3:0] $end
$var wire 32 Z bram_wdata_o [31:0] $end
$var wire 1 , bram_en_o $end
$var wire 10 [ bram_addr_o [9:0] $end
$var parameter 32 \ AXI_ADDR_WIDTH $end
$var parameter 32 ] AXI_DATA_WIDTH $end
$var parameter 2 ^ AXI_RESP_OKAY $end
$var reg 1 _ aw_hold_valid_q $end
$var reg 6 ` awaddr_q [5:0] $end
$var reg 1 a bvalid_q $end
$var reg 32 b rdata_q [31:0] $end
$var reg 32 c read_mux_data [31:0] $end
$var reg 1 d rvalid_q $end
$var reg 1 e w_hold_valid_q $end
$var reg 32 f wdata_q [31:0] $end
$var reg 4 g wstrb_q [3:0] $end
$scope module u_core $end
$var wire 1 B abort_i $end
$var wire 1 C arm_i $end
$var wire 10 h bram_addr_o [9:0] $end
$var wire 1 , bram_en_o $end
$var wire 1 X busy_o $end
$var wire 1 W capture_done_o $end
$var wire 1 i capture_write_active $end
$var wire 1 D clear_done_i $end
$var wire 1 1 clk_i $end
$var wire 1 ) irq_o $end
$var wire 1 V pre_ready_o $end
$var wire 1 3 rst_ni $end
$var wire 8 j sample_data_i [7:0] $end
$var wire 1 ? sample_valid_i $end
$var wire 10 k start_addr_o [9:0] $end
$var wire 10 l trigger_addr_o [9:0] $end
$var wire 1 @ trigger_pulse_i $end
$var wire 1 S triggered_o $end
$var wire 10 m write_addr_o [9:0] $end
$var wire 4 n bram_we_o [3:0] $end
$var wire 32 o bram_wdata_o [31:0] $end
$var reg 1 p done_q $end
$var reg 10 q last_write_addr_q [9:0] $end
$var reg 10 r post_count_q [9:0] $end
$var reg 10 s prefill_count_q [9:0] $end
$var reg 10 t start_addr_q [9:0] $end
$var reg 3 u state_q [2:0] $end
$var reg 10 v trigger_addr_q [9:0] $end
$var reg 1 w triggered_q $end
$var reg 10 x write_ptr_q [9:0] $end
$upscope $end
$upscope $end
$scope begin $unm_blk_57 $end
$var reg 32 y read_data [31:0] $end
$var reg 32 z sample_number [31:0] $end
$scope begin $ivl_for_loop0 $end
$var reg 32 { i [31:0] $end
$upscope $end
$scope begin $ivl_for_loop1 $end
$var reg 32 | i [31:0] $end
$upscope $end
$upscope $end
$scope task axi_read $end
$upscope $end
$scope task axi_write $end
$upscope $end
$scope task drive_sample $end
$upscope $end
$scope task send_aw $end
$upscope $end
$scope task send_w $end
$upscope $end
$scope task test_partial_channel_reset $end
$upscope $end
$scope task test_read_response_backpressure $end
$upscope $end
$scope task test_write_response_backpressure $end
$upscope $end
$upscope $end
$enddefinitions $end
$comment Show the parameter values. $end
$dumpall
b0 ^
b100000 ]
b110 \
b1010 0
b100000 /
b110 .
$end
#0
$dumpvars
b0 |
b0 {
b0 z
bx y
bx x
xw
bx v
bx u
bx t
bx s
bx r
bx q
xp
b0 o
b0 n
bx m
bx l
bx k
b0 j
xi
bx h
bx g
bx f
xe
xd
b0 c
bx b
xa
bx `
x_
bx [
b0 Z
b0 Y
xX
xW
xV
bx U
bx T
xS
bx R
0Q
xP
b0 O
b0 N
b0 M
b0 L
bx K
b0 J
b0 I
b0 H
b0 G
b0 F
xE
xD
xC
xB
b0 A
0@
0?
b0 >
0=
b0 <
b0 ;
0:
19
08
b0 7
b0 6
05
b0 4
03
b0 2
01
bx -
0,
b0 +
b0 *
x)
x(
x'
x&
bx %
x$
x#
b0 "
b0 !
$end
#5000
0X
0i
0V
0E
0C
0D
0B
0P
1#
1'
0)
0W
0p
0S
0w
b0 r
b0 s
b0 T
b0 l
b0 v
b0 U
b0 k
b0 t
b0 R
b0 m
b0 q
b0 -
b0 [
b0 h
b0 x
b0 u
0&
0a
b0 g
b0 f
0e
b0 `
0_
1(
0$
0d
b0 %
b0 K
b0 b
11
#10000
01
#15000
11
#20000
01
#25000
11
#30000
01
#35000
11
#40000
13
01
#45000
11
#50000
18
01
#55000
0'
1_
11
#60000
08
01
#65000
11
#70000
03
01
#75000
1'
0_
11
#80000
13
01
#85000
11
#90000
1=
b1 <
b1 N
b1 ;
b1 M
01
#95000
0#
b1 g
b1 f
1e
11
#100000
0=
01
#105000
11
#110000
03
01
#115000
1#
b0 g
b0 f
0e
11
#120000
09
13
01
#125000
11
#130000
1=
b1111 <
b1111 N
b10100101101001010101101001011010 ;
b10100101101001010101101001011010 M
18
b11000 6
b11000 H
01
#135000
1P
0#
0'
b1111 g
b10100101101001010101101001011010 f
1e
b11000 `
1_
11
#140000
0=
08
01
#145000
0P
1&
1a
0e
0_
11
#150000
01
#155000
11
#160000
01
#165000
11
#170000
01
#175000
11
#180000
01
#185000
11
#190000
19
01
#195000
1'
1#
0&
0a
11
#200000
b10000000000000010000000000 c
15
b10100 2
b10100 F
01
#205000
0(
1$
1d
b10000000000000010000000000 %
b10000000000000010000000000 K
b10000000000000010000000000 b
11
#210000
b0 c
b100 2
b100 F
05
01
#215000
11
#220000
01
#225000
11
#230000
01
#235000
11
#240000
1:
01
#245000
1(
0$
0d
11
#250000
0:
01
#255000
11
#260000
15
b0 2
b0 F
01
#265000
0(
1$
1d
b0 %
b0 K
b0 b
11
#270000
1:
05
01
#275000
1(
0$
0d
11
#280000
b0 y
0:
01
#285000
11
#290000
15
b100 2
b100 F
01
#295000
0(
1$
1d
11
#300000
1:
05
01
#305000
1(
0$
0d
11
#310000
0:
01
#315000
11
#320000
b10000000000000010000000000 c
15
b10100 2
b10100 F
01
#325000
0(
1$
1d
b10000000000000010000000000 %
b10000000000000010000000000 K
b10000000000000010000000000 b
11
#330000
1:
05
01
#335000
1(
0$
0d
11
#340000
b10000000000000010000000000 y
0:
01
#345000
11
#350000
b0 c
15
b11000 2
b11000 F
01
#355000
0(
1$
1d
b0 %
b0 K
b0 b
11
#360000
1:
05
01
#365000
1(
0$
0d
11
#370000
b0 y
0:
01
#375000
11
#380000
1=
b0 <
b0 N
b1 ;
b1 M
18
b0 6
b0 H
01
#385000
1P
0#
0'
b0 g
b1 f
1e
b0 `
1_
11
#390000
0=
08
01
#395000
0P
1&
1a
0e
0_
11
#400000
01
#405000
1'
1#
0&
0a
11
#410000
01
#415000
11
#420000
15
b100 2
b100 F
01
#425000
0(
1$
1d
11
#430000
1:
05
01
#435000
1(
0$
0d
11
#440000
0:
01
#445000
11
#450000
18
01
#455000
0'
1_
11
#460000
08
01
#465000
11
#470000
01
#475000
11
#480000
1=
b1 <
b1 N
01
#485000
1C
1E
1P
0#
b1 g
1e
11
#490000
0=
01
#495000
0C
0E
b1 c
1X
1i
0P
1&
1a
0e
0_
b1 u
11
#500000
01
#505000
1'
1#
0&
0a
11
#510000
01
#515000
11
#520000
15
01
#525000
0(
1$
1d
b1 %
b1 K
b1 b
11
#530000
1:
05
01
#535000
1(
0$
0d
11
#540000
b1 y
0:
01
#545000
11
#550000
1=
b100 ;
b100 M
01
#555000
0#
b100 f
1e
11
#560000
0=
01
#565000
11
#570000
01
#575000
11
#580000
18
01
#585000
1B
1E
1P
0'
1_
11
#590000
08
01
#595000
0B
0E
b0 c
0X
0i
0P
1&
1a
0e
0_
b0 u
11
#600000
01
#605000
1'
1#
0&
0a
11
#610000
01
#615000
11
#620000
15
01
#625000
0(
1$
1d
b0 %
b0 K
b0 b
11
#630000
1:
05
01
#635000
1(
0$
0d
11
#640000
b0 y
0:
01
#645000
11
#650000
1=
b1 ;
b1 M
18
01
#655000
1C
1E
1P
0#
0'
b1 f
1e
1_
11
#660000
0=
08
01
#665000
0C
b1 c
0E
1X
1i
0P
b1 u
1&
1a
0e
0_
11
#670000
01
#675000
1'
1#
0&
0a
11
#680000
01
#685000
11
#690000
b1111 *
b1111 Y
b1111 n
1,
1?
01
#695000
b1 A
b1 s
b1 -
b1 [
b1 h
b1 x
11
#700000
b0 *
b0 Y
b0 n
0,
b1 {
b1 z
0?
01
#705000
11
#710000
b1111 *
b1111 Y
b1111 n
1,
1?
b1 +
b1 Z
b1 o
b1 >
b1 O
b1 j
01
#715000
b1 c
b10 A
b10 s
b10 -
b10 [
b10 h
b10 x
b1 R
b1 m
b1 q
11
#720000
b0 *
b0 Y
b0 n
0,
b10 {
b10 z
0?
01
#725000
11
#730000
b1111 *
b1111 Y
b1111 n
1,
1?
b10 +
b10 Z
b10 o
b10 >
b10 O
b10 j
01
#735000
b1 c
b11 A
b11 s
b11 -
b11 [
b11 h
b11 x
b10 R
b10 m
b10 q
11
#740000
b0 *
b0 Y
b0 n
0,
b11 {
b11 z
0?
01
#745000
11
#750000
b1111 *
b1111 Y
b1111 n
1,
1?
b11 +
b11 Z
b11 o
b11 >
b11 O
b11 j
01
#755000
b1 c
b100 A
b100 s
b100 -
b100 [
b100 h
b100 x
b11 R
b11 m
b11 q
11
#760000
b0 *
b0 Y
b0 n
0,
b100 {
b100 z
0?
01
#765000
11
#770000
b1111 *
b1111 Y
b1111 n
1,
1?
b100 +
b100 Z
b100 o
b100 >
b100 O
b100 j
01
#775000
b1 c
b101 A
b101 s
b101 -
b101 [
b101 h
b101 x
b100 R
b100 m
b100 q
11
#780000
b0 *
b0 Y
b0 n
0,
b101 {
b101 z
0?
01
#785000
11
#790000
b1111 *
b1111 Y
b1111 n
1,
1?
b101 +
b101 Z
b101 o
b101 >
b101 O
b101 j
01
#795000
b1 c
b110 A
b110 s
b110 -
b110 [
b110 h
b110 x
b101 R
b101 m
b101 q
11
#800000
b0 *
b0 Y
b0 n
0,
b110 {
b110 z
0?
01
#805000
11
#810000
b1111 *
b1111 Y
b1111 n
1,
1?
b110 +
b110 Z
b110 o
b110 >
b110 O
b110 j
01
#815000
b1 c
b111 A
b111 s
b111 -
b111 [
b111 h
b111 x
b110 R
b110 m
b110 q
11
#820000
b0 *
b0 Y
b0 n
0,
b111 {
b111 z
0?
01
#825000
11
#830000
b1111 *
b1111 Y
b1111 n
1,
1?
b111 +
b111 Z
b111 o
b111 >
b111 O
b111 j
01
#835000
b1 c
b1000 A
b1000 s
b1000 -
b1000 [
b1000 h
b1000 x
b111 R
b111 m
b111 q
11
#840000
b0 *
b0 Y
b0 n
0,
b1000 {
b1000 z
0?
01
#845000
11
#850000
b1111 *
b1111 Y
b1111 n
1,
1?
b1000 +
b1000 Z
b1000 o
b1000 >
b1000 O
b1000 j
01
#855000
b1 c
b1001 A
b1001 s
b1001 -
b1001 [
b1001 h
b1001 x
b1000 R
b1000 m
b1000 q
11
#860000
b0 *
b0 Y
b0 n
0,
b1001 {
b1001 z
0?
01
#865000
11
#870000
b1111 *
b1111 Y
b1111 n
1,
1?
b1001 +
b1001 Z
b1001 o
b1001 >
b1001 O
b1001 j
01
#875000
b1 c
b1010 A
b1010 s
b1010 -
b1010 [
b1010 h
b1010 x
b1001 R
b1001 m
b1001 q
11
#880000
b0 *
b0 Y
b0 n
0,
b1010 {
b1010 z
0?
01
#885000
11
#890000
b1111 *
b1111 Y
b1111 n
1,
1?
b1010 +
b1010 Z
b1010 o
b1010 >
b1010 O
b1010 j
01
#895000
b1 c
b1011 A
b1011 s
b1011 -
b1011 [
b1011 h
b1011 x
b1010 R
b1010 m
b1010 q
11
#900000
b0 *
b0 Y
b0 n
0,
b1011 {
b1011 z
0?
01
#905000
11
#910000
b1111 *
b1111 Y
b1111 n
1,
1?
b1011 +
b1011 Z
b1011 o
b1011 >
b1011 O
b1011 j
01
#915000
b1 c
b1100 A
b1100 s
b1100 -
b1100 [
b1100 h
b1100 x
b1011 R
b1011 m
b1011 q
11
#920000
b0 *
b0 Y
b0 n
0,
b1100 {
b1100 z
0?
01
#925000
11
#930000
b1111 *
b1111 Y
b1111 n
1,
1?
b1100 +
b1100 Z
b1100 o
b1100 >
b1100 O
b1100 j
01
#935000
b1 c
b1101 A
b1101 s
b1101 -
b1101 [
b1101 h
b1101 x
b1100 R
b1100 m
b1100 q
11
#940000
b0 *
b0 Y
b0 n
0,
b1101 {
b1101 z
0?
01
#945000
11
#950000
b1111 *
b1111 Y
b1111 n
1,
1?
b1101 +
b1101 Z
b1101 o
b1101 >
b1101 O
b1101 j
01
#955000
b1 c
b1110 A
b1110 s
b1110 -
b1110 [
b1110 h
b1110 x
b1101 R
b1101 m
b1101 q
11
#960000
b0 *
b0 Y
b0 n
0,
b1110 {
b1110 z
0?
01
#965000
11
#970000
b1111 *
b1111 Y
b1111 n
1,
1?
b1110 +
b1110 Z
b1110 o
b1110 >
b1110 O
b1110 j
01
#975000
b1 c
b1111 A
b1111 s
b1111 -
b1111 [
b1111 h
b1111 x
b1110 R
b1110 m
b1110 q
11
#980000
b0 *
b0 Y
b0 n
0,
b1111 {
b1111 z
0?
01
#985000
11
#990000
b1111 *
b1111 Y
b1111 n
1,
1?
b1111 +
b1111 Z
b1111 o
b1111 >
b1111 O
b1111 j
01
#995000
b1 c
b10000 A
b10000 s
b10000 -
b10000 [
b10000 h
b10000 x
b1111 R
b1111 m
b1111 q
11
#1000000
b0 *
b0 Y
b0 n
0,
b10000 {
b10000 z
0?
01
#1005000
11
#1010000
b1111 *
b1111 Y
b1111 n
1,
1?
b10000 +
b10000 Z
b10000 o
b10000 >
b10000 O
b10000 j
01
#1015000
b1 c
b10001 A
b10001 s
b10001 -
b10001 [
b10001 h
b10001 x
b10000 R
b10000 m
b10000 q
11
#1020000
b0 *
b0 Y
b0 n
0,
b10001 {
b10001 z
0?
01
#1025000
11
#1030000
b1111 *
b1111 Y
b1111 n
1,
1?
b10001 +
b10001 Z
b10001 o
b10001 >
b10001 O
b10001 j
01
#1035000
b1 c
b10010 A
b10010 s
b10010 -
b10010 [
b10010 h
b10010 x
b10001 R
b10001 m
b10001 q
11
#1040000
b0 *
b0 Y
b0 n
0,
b10010 {
b10010 z
0?
01
#1045000
11
#1050000
b1111 *
b1111 Y
b1111 n
1,
1?
b10010 +
b10010 Z
b10010 o
b10010 >
b10010 O
b10010 j
01
#1055000
b1 c
b10011 A
b10011 s
b10011 -
b10011 [
b10011 h
b10011 x
b10010 R
b10010 m
b10010 q
11
#1060000
b0 *
b0 Y
b0 n
0,
b10011 {
b10011 z
0?
01
#1065000
11
#1070000
b1111 *
b1111 Y
b1111 n
1,
1?
b10011 +
b10011 Z
b10011 o
b10011 >
b10011 O
b10011 j
01
#1075000
b1 c
b10100 A
b10100 s
b10100 -
b10100 [
b10100 h
b10100 x
b10011 R
b10011 m
b10011 q
11
#1080000
b0 *
b0 Y
b0 n
0,
b10100 {
b10100 z
0?
01
#1085000
11
#1090000
b1111 *
b1111 Y
b1111 n
1,
1?
b10100 +
b10100 Z
b10100 o
b10100 >
b10100 O
b10100 j
01
#1095000
b1 c
b10101 A
b10101 s
b10101 -
b10101 [
b10101 h
b10101 x
b10100 R
b10100 m
b10100 q
11
#1100000
b0 *
b0 Y
b0 n
0,
b10101 {
b10101 z
0?
01
#1105000
11
#1110000
b1111 *
b1111 Y
b1111 n
1,
1?
b10101 +
b10101 Z
b10101 o
b10101 >
b10101 O
b10101 j
01
#1115000
b1 c
b10110 A
b10110 s
b10110 -
b10110 [
b10110 h
b10110 x
b10101 R
b10101 m
b10101 q
11
#1120000
b0 *
b0 Y
b0 n
0,
b10110 {
b10110 z
0?
01
#1125000
11
#1130000
b1111 *
b1111 Y
b1111 n
1,
1?
b10110 +
b10110 Z
b10110 o
b10110 >
b10110 O
b10110 j
01
#1135000
b1 c
b10111 A
b10111 s
b10111 -
b10111 [
b10111 h
b10111 x
b10110 R
b10110 m
b10110 q
11
#1140000
b0 *
b0 Y
b0 n
0,
b10111 {
b10111 z
0?
01
#1145000
11
#1150000
b1111 *
b1111 Y
b1111 n
1,
1?
b10111 +
b10111 Z
b10111 o
b10111 >
b10111 O
b10111 j
01
#1155000
b1 c
b11000 A
b11000 s
b11000 -
b11000 [
b11000 h
b11000 x
b10111 R
b10111 m
b10111 q
11
#1160000
b0 *
b0 Y
b0 n
0,
b11000 {
b11000 z
0?
01
#1165000
11
#1170000
b1111 *
b1111 Y
b1111 n
1,
1?
b11000 +
b11000 Z
b11000 o
b11000 >
b11000 O
b11000 j
01
#1175000
b1 c
b11001 A
b11001 s
b11001 -
b11001 [
b11001 h
b11001 x
b11000 R
b11000 m
b11000 q
11
#1180000
b0 *
b0 Y
b0 n
0,
b11001 {
b11001 z
0?
01
#1185000
11
#1190000
b1111 *
b1111 Y
b1111 n
1,
1?
b11001 +
b11001 Z
b11001 o
b11001 >
b11001 O
b11001 j
01
#1195000
b1 c
b11010 A
b11010 s
b11010 -
b11010 [
b11010 h
b11010 x
b11001 R
b11001 m
b11001 q
11
#1200000
b0 *
b0 Y
b0 n
0,
b11010 {
b11010 z
0?
01
#1205000
11
#1210000
b1111 *
b1111 Y
b1111 n
1,
1?
b11010 +
b11010 Z
b11010 o
b11010 >
b11010 O
b11010 j
01
#1215000
b1 c
b11011 A
b11011 s
b11011 -
b11011 [
b11011 h
b11011 x
b11010 R
b11010 m
b11010 q
11
#1220000
b0 *
b0 Y
b0 n
0,
b11011 {
b11011 z
0?
01
#1225000
11
#1230000
b1111 *
b1111 Y
b1111 n
1,
1?
b11011 +
b11011 Z
b11011 o
b11011 >
b11011 O
b11011 j
01
#1235000
b1 c
b11100 A
b11100 s
b11100 -
b11100 [
b11100 h
b11100 x
b11011 R
b11011 m
b11011 q
11
#1240000
b0 *
b0 Y
b0 n
0,
b11100 {
b11100 z
0?
01
#1245000
11
#1250000
b1111 *
b1111 Y
b1111 n
1,
1?
b11100 +
b11100 Z
b11100 o
b11100 >
b11100 O
b11100 j
01
#1255000
b1 c
b11101 A
b11101 s
b11101 -
b11101 [
b11101 h
b11101 x
b11100 R
b11100 m
b11100 q
11
#1260000
b0 *
b0 Y
b0 n
0,
b11101 {
b11101 z
0?
01
#1265000
11
#1270000
b1111 *
b1111 Y
b1111 n
1,
1?
b11101 +
b11101 Z
b11101 o
b11101 >
b11101 O
b11101 j
01
#1275000
b1 c
b11110 A
b11110 s
b11110 -
b11110 [
b11110 h
b11110 x
b11101 R
b11101 m
b11101 q
11
#1280000
b0 *
b0 Y
b0 n
0,
b11110 {
b11110 z
0?
01
#1285000
11
#1290000
b1111 *
b1111 Y
b1111 n
1,
1?
b11110 +
b11110 Z
b11110 o
b11110 >
b11110 O
b11110 j
01
#1295000
b1 c
b11111 A
b11111 s
b11111 -
b11111 [
b11111 h
b11111 x
b11110 R
b11110 m
b11110 q
11
#1300000
b0 *
b0 Y
b0 n
0,
b11111 {
b11111 z
0?
01
#1305000
11
#1310000
b1111 *
b1111 Y
b1111 n
1,
1?
b11111 +
b11111 Z
b11111 o
b11111 >
b11111 O
b11111 j
01
#1315000
b1 c
b100000 A
b100000 s
b100000 -
b100000 [
b100000 h
b100000 x
b11111 R
b11111 m
b11111 q
11
#1320000
b0 *
b0 Y
b0 n
0,
b100000 {
b100000 z
0?
01
#1325000
11
#1330000
b1111 *
b1111 Y
b1111 n
1,
1?
b100000 +
b100000 Z
b100000 o
b100000 >
b100000 O
b100000 j
01
#1335000
b1 c
b100001 A
b100001 s
b100001 -
b100001 [
b100001 h
b100001 x
b100000 R
b100000 m
b100000 q
11
#1340000
b0 *
b0 Y
b0 n
0,
b100001 {
b100001 z
0?
01
#1345000
11
#1350000
b1111 *
b1111 Y
b1111 n
1,
1?
b100001 +
b100001 Z
b100001 o
b100001 >
b100001 O
b100001 j
01
#1355000
b1 c
b100010 A
b100010 s
b100010 -
b100010 [
b100010 h
b100010 x
b100001 R
b100001 m
b100001 q
11
#1360000
b0 *
b0 Y
b0 n
0,
b100010 {
b100010 z
0?
01
#1365000
11
#1370000
b1111 *
b1111 Y
b1111 n
1,
1?
b100010 +
b100010 Z
b100010 o
b100010 >
b100010 O
b100010 j
01
#1375000
b1 c
b100011 A
b100011 s
b100011 -
b100011 [
b100011 h
b100011 x
b100010 R
b100010 m
b100010 q
11
#1380000
b0 *
b0 Y
b0 n
0,
b100011 {
b100011 z
0?
01
#1385000
11
#1390000
b1111 *
b1111 Y
b1111 n
1,
1?
b100011 +
b100011 Z
b100011 o
b100011 >
b100011 O
b100011 j
01
#1395000
b1 c
b100100 A
b100100 s
b100100 -
b100100 [
b100100 h
b100100 x
b100011 R
b100011 m
b100011 q
11
#1400000
b0 *
b0 Y
b0 n
0,
b100100 {
b100100 z
0?
01
#1405000
11
#1410000
b1111 *
b1111 Y
b1111 n
1,
1?
b100100 +
b100100 Z
b100100 o
b100100 >
b100100 O
b100100 j
01
#1415000
b1 c
b100101 A
b100101 s
b100101 -
b100101 [
b100101 h
b100101 x
b100100 R
b100100 m
b100100 q
11
#1420000
b0 *
b0 Y
b0 n
0,
b100101 {
b100101 z
0?
01
#1425000
11
#1430000
b1111 *
b1111 Y
b1111 n
1,
1?
b100101 +
b100101 Z
b100101 o
b100101 >
b100101 O
b100101 j
01
#1435000
b1 c
b100110 A
b100110 s
b100110 -
b100110 [
b100110 h
b100110 x
b100101 R
b100101 m
b100101 q
11
#1440000
b0 *
b0 Y
b0 n
0,
b100110 {
b100110 z
0?
01
#1445000
11
#1450000
b1111 *
b1111 Y
b1111 n
1,
1?
b100110 +
b100110 Z
b100110 o
b100110 >
b100110 O
b100110 j
01
#1455000
b1 c
b100111 A
b100111 s
b100111 -
b100111 [
b100111 h
b100111 x
b100110 R
b100110 m
b100110 q
11
#1460000
b0 *
b0 Y
b0 n
0,
b100111 {
b100111 z
0?
01
#1465000
11
#1470000
b1111 *
b1111 Y
b1111 n
1,
1?
b100111 +
b100111 Z
b100111 o
b100111 >
b100111 O
b100111 j
01
#1475000
b1 c
b101000 A
b101000 s
b101000 -
b101000 [
b101000 h
b101000 x
b100111 R
b100111 m
b100111 q
11
#1480000
b0 *
b0 Y
b0 n
0,
b101000 {
b101000 z
0?
01
#1485000
11
#1490000
b1111 *
b1111 Y
b1111 n
1,
1?
b101000 +
b101000 Z
b101000 o
b101000 >
b101000 O
b101000 j
01
#1495000
b1 c
b101001 A
b101001 s
b101001 -
b101001 [
b101001 h
b101001 x
b101000 R
b101000 m
b101000 q
11
#1500000
b0 *
b0 Y
b0 n
0,
b101001 {
b101001 z
0?
01
#1505000
11
#1510000
b1111 *
b1111 Y
b1111 n
1,
1?
b101001 +
b101001 Z
b101001 o
b101001 >
b101001 O
b101001 j
01
#1515000
b1 c
b101010 A
b101010 s
b101010 -
b101010 [
b101010 h
b101010 x
b101001 R
b101001 m
b101001 q
11
#1520000
b0 *
b0 Y
b0 n
0,
b101010 {
b101010 z
0?
01
#1525000
11
#1530000
b1111 *
b1111 Y
b1111 n
1,
1?
b101010 +
b101010 Z
b101010 o
b101010 >
b101010 O
b101010 j
01
#1535000
b1 c
b101011 A
b101011 s
b101011 -
b101011 [
b101011 h
b101011 x
b101010 R
b101010 m
b101010 q
11
#1540000
b0 *
b0 Y
b0 n
0,
b101011 {
b101011 z
0?
01
#1545000
11
#1550000
b1111 *
b1111 Y
b1111 n
1,
1?
b101011 +
b101011 Z
b101011 o
b101011 >
b101011 O
b101011 j
01
#1555000
b1 c
b101100 A
b101100 s
b101100 -
b101100 [
b101100 h
b101100 x
b101011 R
b101011 m
b101011 q
11
#1560000
b0 *
b0 Y
b0 n
0,
b101100 {
b101100 z
0?
01
#1565000
11
#1570000
b1111 *
b1111 Y
b1111 n
1,
1?
b101100 +
b101100 Z
b101100 o
b101100 >
b101100 O
b101100 j
01
#1575000
b1 c
b101101 A
b101101 s
b101101 -
b101101 [
b101101 h
b101101 x
b101100 R
b101100 m
b101100 q
11
#1580000
b0 *
b0 Y
b0 n
0,
b101101 {
b101101 z
0?
01
#1585000
11
#1590000
b1111 *
b1111 Y
b1111 n
1,
1?
b101101 +
b101101 Z
b101101 o
b101101 >
b101101 O
b101101 j
01
#1595000
b1 c
b101110 A
b101110 s
b101110 -
b101110 [
b101110 h
b101110 x
b101101 R
b101101 m
b101101 q
11
#1600000
b0 *
b0 Y
b0 n
0,
b101110 {
b101110 z
0?
01
#1605000
11
#1610000
b1111 *
b1111 Y
b1111 n
1,
1?
b101110 +
b101110 Z
b101110 o
b101110 >
b101110 O
b101110 j
01
#1615000
b1 c
b101111 A
b101111 s
b101111 -
b101111 [
b101111 h
b101111 x
b101110 R
b101110 m
b101110 q
11
#1620000
b0 *
b0 Y
b0 n
0,
b101111 {
b101111 z
0?
01
#1625000
11
#1630000
b1111 *
b1111 Y
b1111 n
1,
1?
b101111 +
b101111 Z
b101111 o
b101111 >
b101111 O
b101111 j
01
#1635000
b1 c
b110000 A
b110000 s
b110000 -
b110000 [
b110000 h
b110000 x
b101111 R
b101111 m
b101111 q
11
#1640000
b0 *
b0 Y
b0 n
0,
b110000 {
b110000 z
0?
01
#1645000
11
#1650000
b1111 *
b1111 Y
b1111 n
1,
1?
b110000 +
b110000 Z
b110000 o
b110000 >
b110000 O
b110000 j
01
#1655000
b1 c
b110001 A
b110001 s
b110001 -
b110001 [
b110001 h
b110001 x
b110000 R
b110000 m
b110000 q
11
#1660000
b0 *
b0 Y
b0 n
0,
b110001 {
b110001 z
0?
01
#1665000
11
#1670000
b1111 *
b1111 Y
b1111 n
1,
1?
b110001 +
b110001 Z
b110001 o
b110001 >
b110001 O
b110001 j
01
#1675000
b1 c
b110010 A
b110010 s
b110010 -
b110010 [
b110010 h
b110010 x
b110001 R
b110001 m
b110001 q
11
#1680000
b0 *
b0 Y
b0 n
0,
b110010 {
b110010 z
0?
01
#1685000
11
#1690000
b1111 *
b1111 Y
b1111 n
1,
1?
b110010 +
b110010 Z
b110010 o
b110010 >
b110010 O
b110010 j
01
#1695000
b1 c
b110011 A
b110011 s
b110011 -
b110011 [
b110011 h
b110011 x
b110010 R
b110010 m
b110010 q
11
#1700000
b0 *
b0 Y
b0 n
0,
b110011 {
b110011 z
0?
01
#1705000
11
#1710000
b1111 *
b1111 Y
b1111 n
1,
1?
b110011 +
b110011 Z
b110011 o
b110011 >
b110011 O
b110011 j
01
#1715000
b1 c
b110100 A
b110100 s
b110100 -
b110100 [
b110100 h
b110100 x
b110011 R
b110011 m
b110011 q
11
#1720000
b0 *
b0 Y
b0 n
0,
b110100 {
b110100 z
0?
01
#1725000
11
#1730000
b1111 *
b1111 Y
b1111 n
1,
1?
b110100 +
b110100 Z
b110100 o
b110100 >
b110100 O
b110100 j
01
#1735000
b1 c
b110101 A
b110101 s
b110101 -
b110101 [
b110101 h
b110101 x
b110100 R
b110100 m
b110100 q
11
#1740000
b0 *
b0 Y
b0 n
0,
b110101 {
b110101 z
0?
01
#1745000
11
#1750000
b1111 *
b1111 Y
b1111 n
1,
1?
b110101 +
b110101 Z
b110101 o
b110101 >
b110101 O
b110101 j
01
#1755000
b1 c
b110110 A
b110110 s
b110110 -
b110110 [
b110110 h
b110110 x
b110101 R
b110101 m
b110101 q
11
#1760000
b0 *
b0 Y
b0 n
0,
b110110 {
b110110 z
0?
01
#1765000
11
#1770000
b1111 *
b1111 Y
b1111 n
1,
1?
b110110 +
b110110 Z
b110110 o
b110110 >
b110110 O
b110110 j
01
#1775000
b1 c
b110111 A
b110111 s
b110111 -
b110111 [
b110111 h
b110111 x
b110110 R
b110110 m
b110110 q
11
#1780000
b0 *
b0 Y
b0 n
0,
b110111 {
b110111 z
0?
01
#1785000
11
#1790000
b1111 *
b1111 Y
b1111 n
1,
1?
b110111 +
b110111 Z
b110111 o
b110111 >
b110111 O
b110111 j
01
#1795000
b1 c
b111000 A
b111000 s
b111000 -
b111000 [
b111000 h
b111000 x
b110111 R
b110111 m
b110111 q
11
#1800000
b0 *
b0 Y
b0 n
0,
b111000 {
b111000 z
0?
01
#1805000
11
#1810000
b1111 *
b1111 Y
b1111 n
1,
1?
b111000 +
b111000 Z
b111000 o
b111000 >
b111000 O
b111000 j
01
#1815000
b1 c
b111001 A
b111001 s
b111001 -
b111001 [
b111001 h
b111001 x
b111000 R
b111000 m
b111000 q
11
#1820000
b0 *
b0 Y
b0 n
0,
b111001 {
b111001 z
0?
01
#1825000
11
#1830000
b1111 *
b1111 Y
b1111 n
1,
1?
b111001 +
b111001 Z
b111001 o
b111001 >
b111001 O
b111001 j
01
#1835000
b1 c
b111010 A
b111010 s
b111010 -
b111010 [
b111010 h
b111010 x
b111001 R
b111001 m
b111001 q
11
#1840000
b0 *
b0 Y
b0 n
0,
b111010 {
b111010 z
0?
01
#1845000
11
#1850000
b1111 *
b1111 Y
b1111 n
1,
1?
b111010 +
b111010 Z
b111010 o
b111010 >
b111010 O
b111010 j
01
#1855000
b1 c
b111011 A
b111011 s
b111011 -
b111011 [
b111011 h
b111011 x
b111010 R
b111010 m
b111010 q
11
#1860000
b0 *
b0 Y
b0 n
0,
b111011 {
b111011 z
0?
01
#1865000
11
#1870000
b1111 *
b1111 Y
b1111 n
1,
1?
b111011 +
b111011 Z
b111011 o
b111011 >
b111011 O
b111011 j
01
#1875000
b1 c
b111100 A
b111100 s
b111100 -
b111100 [
b111100 h
b111100 x
b111011 R
b111011 m
b111011 q
11
#1880000
b0 *
b0 Y
b0 n
0,
b111100 {
b111100 z
0?
01
#1885000
11
#1890000
b1111 *
b1111 Y
b1111 n
1,
1?
b111100 +
b111100 Z
b111100 o
b111100 >
b111100 O
b111100 j
01
#1895000
b1 c
b111101 A
b111101 s
b111101 -
b111101 [
b111101 h
b111101 x
b111100 R
b111100 m
b111100 q
11
#1900000
b0 *
b0 Y
b0 n
0,
b111101 {
b111101 z
0?
01
#1905000
11
#1910000
b1111 *
b1111 Y
b1111 n
1,
1?
b111101 +
b111101 Z
b111101 o
b111101 >
b111101 O
b111101 j
01
#1915000
b1 c
b111110 A
b111110 s
b111110 -
b111110 [
b111110 h
b111110 x
b111101 R
b111101 m
b111101 q
11
#1920000
b0 *
b0 Y
b0 n
0,
b111110 {
b111110 z
0?
01
#1925000
11
#1930000
b1111 *
b1111 Y
b1111 n
1,
1?
b111110 +
b111110 Z
b111110 o
b111110 >
b111110 O
b111110 j
01
#1935000
b1 c
b111111 A
b111111 s
b111111 -
b111111 [
b111111 h
b111111 x
b111110 R
b111110 m
b111110 q
11
#1940000
b0 *
b0 Y
b0 n
0,
b111111 {
b111111 z
0?
01
#1945000
11
#1950000
b1111 *
b1111 Y
b1111 n
1,
1?
b111111 +
b111111 Z
b111111 o
b111111 >
b111111 O
b111111 j
01
#1955000
b1 c
b1000000 A
b1000000 s
b1000000 -
b1000000 [
b1000000 h
b1000000 x
b111111 R
b111111 m
b111111 q
11
#1960000
b0 *
b0 Y
b0 n
0,
b1000000 {
b1000000 z
0?
01
#1965000
11
#1970000
b1111 *
b1111 Y
b1111 n
1,
1?
b1000000 +
b1000000 Z
b1000000 o
b1000000 >
b1000000 O
b1000000 j
01
#1975000
b1 c
b1000001 A
b1000001 s
b1000001 -
b1000001 [
b1000001 h
b1000001 x
b1000000 R
b1000000 m
b1000000 q
11
#1980000
b0 *
b0 Y
b0 n
0,
b1000001 {
b1000001 z
0?
01
#1985000
11
#1990000
b1111 *
b1111 Y
b1111 n
1,
1?
b1000001 +
b1000001 Z
b1000001 o
b1000001 >
b1000001 O
b1000001 j
01
#1995000
b1 c
b1000010 A
b1000010 s
b1000010 -
b1000010 [
b1000010 h
b1000010 x
b1000001 R
b1000001 m
b1000001 q
11
#2000000
b0 *
b0 Y
b0 n
0,
b1000010 {
b1000010 z
0?
01
#2005000
11
#2010000
b1111 *
b1111 Y
b1111 n
1,
1?
b1000010 +
b1000010 Z
b1000010 o
b1000010 >
b1000010 O
b1000010 j
01
#2015000
b1 c
b1000011 A
b1000011 s
b1000011 -
b1000011 [
b1000011 h
b1000011 x
b1000010 R
b1000010 m
b1000010 q
11
#2020000
b0 *
b0 Y
b0 n
0,
b1000011 {
b1000011 z
0?
01
#2025000
11
#2030000
b1111 *
b1111 Y
b1111 n
1,
1?
b1000011 +
b1000011 Z
b1000011 o
b1000011 >
b1000011 O
b1000011 j
01
#2035000
b1 c
b1000100 A
b1000100 s
b1000100 -
b1000100 [
b1000100 h
b1000100 x
b1000011 R
b1000011 m
b1000011 q
11
#2040000
b0 *
b0 Y
b0 n
0,
b1000100 {
b1000100 z
0?
01
#2045000
11
#2050000
b1111 *
b1111 Y
b1111 n
1,
1?
b1000100 +
b1000100 Z
b1000100 o
b1000100 >
b1000100 O
b1000100 j
01
#2055000
b1 c
b1000101 A
b1000101 s
b1000101 -
b1000101 [
b1000101 h
b1000101 x
b1000100 R
b1000100 m
b1000100 q
11
#2060000
b0 *
b0 Y
b0 n
0,
b1000101 {
b1000101 z
0?
01
#2065000
11
#2070000
b1111 *
b1111 Y
b1111 n
1,
1?
b1000101 +
b1000101 Z
b1000101 o
b1000101 >
b1000101 O
b1000101 j
01
#2075000
b1 c
b1000110 A
b1000110 s
b1000110 -
b1000110 [
b1000110 h
b1000110 x
b1000101 R
b1000101 m
b1000101 q
11
#2080000
b0 *
b0 Y
b0 n
0,
b1000110 {
b1000110 z
0?
01
#2085000
11
#2090000
b1111 *
b1111 Y
b1111 n
1,
1?
b1000110 +
b1000110 Z
b1000110 o
b1000110 >
b1000110 O
b1000110 j
01
#2095000
b1 c
b1000111 A
b1000111 s
b1000111 -
b1000111 [
b1000111 h
b1000111 x
b1000110 R
b1000110 m
b1000110 q
11
#2100000
b0 *
b0 Y
b0 n
0,
b1000111 {
b1000111 z
0?
01
#2105000
11
#2110000
b1111 *
b1111 Y
b1111 n
1,
1?
b1000111 +
b1000111 Z
b1000111 o
b1000111 >
b1000111 O
b1000111 j
01
#2115000
b1 c
b1001000 A
b1001000 s
b1001000 -
b1001000 [
b1001000 h
b1001000 x
b1000111 R
b1000111 m
b1000111 q
11
#2120000
b0 *
b0 Y
b0 n
0,
b1001000 {
b1001000 z
0?
01
#2125000
11
#2130000
b1111 *
b1111 Y
b1111 n
1,
1?
b1001000 +
b1001000 Z
b1001000 o
b1001000 >
b1001000 O
b1001000 j
01
#2135000
b1 c
b1001001 A
b1001001 s
b1001001 -
b1001001 [
b1001001 h
b1001001 x
b1001000 R
b1001000 m
b1001000 q
11
#2140000
b0 *
b0 Y
b0 n
0,
b1001001 {
b1001001 z
0?
01
#2145000
11
#2150000
b1111 *
b1111 Y
b1111 n
1,
1?
b1001001 +
b1001001 Z
b1001001 o
b1001001 >
b1001001 O
b1001001 j
01
#2155000
b1 c
b1001010 A
b1001010 s
b1001010 -
b1001010 [
b1001010 h
b1001010 x
b1001001 R
b1001001 m
b1001001 q
11
#2160000
b0 *
b0 Y
b0 n
0,
b1001010 {
b1001010 z
0?
01
#2165000
11
#2170000
b1111 *
b1111 Y
b1111 n
1,
1?
b1001010 +
b1001010 Z
b1001010 o
b1001010 >
b1001010 O
b1001010 j
01
#2175000
b1 c
b1001011 A
b1001011 s
b1001011 -
b1001011 [
b1001011 h
b1001011 x
b1001010 R
b1001010 m
b1001010 q
11
#2180000
b0 *
b0 Y
b0 n
0,
b1001011 {
b1001011 z
0?
01
#2185000
11
#2190000
b1111 *
b1111 Y
b1111 n
1,
1?
b1001011 +
b1001011 Z
b1001011 o
b1001011 >
b1001011 O
b1001011 j
01
#2195000
b1 c
b1001100 A
b1001100 s
b1001100 -
b1001100 [
b1001100 h
b1001100 x
b1001011 R
b1001011 m
b1001011 q
11
#2200000
b0 *
b0 Y
b0 n
0,
b1001100 {
b1001100 z
0?
01
#2205000
11
#2210000
b1111 *
b1111 Y
b1111 n
1,
1?
b1001100 +
b1001100 Z
b1001100 o
b1001100 >
b1001100 O
b1001100 j
01
#2215000
b1 c
b1001101 A
b1001101 s
b1001101 -
b1001101 [
b1001101 h
b1001101 x
b1001100 R
b1001100 m
b1001100 q
11
#2220000
b0 *
b0 Y
b0 n
0,
b1001101 {
b1001101 z
0?
01
#2225000
11
#2230000
b1111 *
b1111 Y
b1111 n
1,
1?
b1001101 +
b1001101 Z
b1001101 o
b1001101 >
b1001101 O
b1001101 j
01
#2235000
b1 c
b1001110 A
b1001110 s
b1001110 -
b1001110 [
b1001110 h
b1001110 x
b1001101 R
b1001101 m
b1001101 q
11
#2240000
b0 *
b0 Y
b0 n
0,
b1001110 {
b1001110 z
0?
01
#2245000
11
#2250000
b1111 *
b1111 Y
b1111 n
1,
1?
b1001110 +
b1001110 Z
b1001110 o
b1001110 >
b1001110 O
b1001110 j
01
#2255000
b1 c
b1001111 A
b1001111 s
b1001111 -
b1001111 [
b1001111 h
b1001111 x
b1001110 R
b1001110 m
b1001110 q
11
#2260000
b0 *
b0 Y
b0 n
0,
b1001111 {
b1001111 z
0?
01
#2265000
11
#2270000
b1111 *
b1111 Y
b1111 n
1,
1?
b1001111 +
b1001111 Z
b1001111 o
b1001111 >
b1001111 O
b1001111 j
01
#2275000
b1 c
b1010000 A
b1010000 s
b1010000 -
b1010000 [
b1010000 h
b1010000 x
b1001111 R
b1001111 m
b1001111 q
11
#2280000
b0 *
b0 Y
b0 n
0,
b1010000 {
b1010000 z
0?
01
#2285000
11
#2290000
b1111 *
b1111 Y
b1111 n
1,
1?
b1010000 +
b1010000 Z
b1010000 o
b1010000 >
b1010000 O
b1010000 j
01
#2295000
b1 c
b1010001 A
b1010001 s
b1010001 -
b1010001 [
b1010001 h
b1010001 x
b1010000 R
b1010000 m
b1010000 q
11
#2300000
b0 *
b0 Y
b0 n
0,
b1010001 {
b1010001 z
0?
01
#2305000
11
#2310000
b1111 *
b1111 Y
b1111 n
1,
1?
b1010001 +
b1010001 Z
b1010001 o
b1010001 >
b1010001 O
b1010001 j
01
#2315000
b1 c
b1010010 A
b1010010 s
b1010010 -
b1010010 [
b1010010 h
b1010010 x
b1010001 R
b1010001 m
b1010001 q
11
#2320000
b0 *
b0 Y
b0 n
0,
b1010010 {
b1010010 z
0?
01
#2325000
11
#2330000
b1111 *
b1111 Y
b1111 n
1,
1?
b1010010 +
b1010010 Z
b1010010 o
b1010010 >
b1010010 O
b1010010 j
01
#2335000
b1 c
b1010011 A
b1010011 s
b1010011 -
b1010011 [
b1010011 h
b1010011 x
b1010010 R
b1010010 m
b1010010 q
11
#2340000
b0 *
b0 Y
b0 n
0,
b1010011 {
b1010011 z
0?
01
#2345000
11
#2350000
b1111 *
b1111 Y
b1111 n
1,
1?
b1010011 +
b1010011 Z
b1010011 o
b1010011 >
b1010011 O
b1010011 j
01
#2355000
b1 c
b1010100 A
b1010100 s
b1010100 -
b1010100 [
b1010100 h
b1010100 x
b1010011 R
b1010011 m
b1010011 q
11
#2360000
b0 *
b0 Y
b0 n
0,
b1010100 {
b1010100 z
0?
01
#2365000
11
#2370000
b1111 *
b1111 Y
b1111 n
1,
1?
b1010100 +
b1010100 Z
b1010100 o
b1010100 >
b1010100 O
b1010100 j
01
#2375000
b1 c
b1010101 A
b1010101 s
b1010101 -
b1010101 [
b1010101 h
b1010101 x
b1010100 R
b1010100 m
b1010100 q
11
#2380000
b0 *
b0 Y
b0 n
0,
b1010101 {
b1010101 z
0?
01
#2385000
11
#2390000
b1111 *
b1111 Y
b1111 n
1,
1?
b1010101 +
b1010101 Z
b1010101 o
b1010101 >
b1010101 O
b1010101 j
01
#2395000
b1 c
b1010110 A
b1010110 s
b1010110 -
b1010110 [
b1010110 h
b1010110 x
b1010101 R
b1010101 m
b1010101 q
11
#2400000
b0 *
b0 Y
b0 n
0,
b1010110 {
b1010110 z
0?
01
#2405000
11
#2410000
b1111 *
b1111 Y
b1111 n
1,
1?
b1010110 +
b1010110 Z
b1010110 o
b1010110 >
b1010110 O
b1010110 j
01
#2415000
b1 c
b1010111 A
b1010111 s
b1010111 -
b1010111 [
b1010111 h
b1010111 x
b1010110 R
b1010110 m
b1010110 q
11
#2420000
b0 *
b0 Y
b0 n
0,
b1010111 {
b1010111 z
0?
01
#2425000
11
#2430000
b1111 *
b1111 Y
b1111 n
1,
1?
b1010111 +
b1010111 Z
b1010111 o
b1010111 >
b1010111 O
b1010111 j
01
#2435000
b1 c
b1011000 A
b1011000 s
b1011000 -
b1011000 [
b1011000 h
b1011000 x
b1010111 R
b1010111 m
b1010111 q
11
#2440000
b0 *
b0 Y
b0 n
0,
b1011000 {
b1011000 z
0?
01
#2445000
11
#2450000
b1111 *
b1111 Y
b1111 n
1,
1?
b1011000 +
b1011000 Z
b1011000 o
b1011000 >
b1011000 O
b1011000 j
01
#2455000
b1 c
b1011001 A
b1011001 s
b1011001 -
b1011001 [
b1011001 h
b1011001 x
b1011000 R
b1011000 m
b1011000 q
11
#2460000
b0 *
b0 Y
b0 n
0,
b1011001 {
b1011001 z
0?
01
#2465000
11
#2470000
b1111 *
b1111 Y
b1111 n
1,
1?
b1011001 +
b1011001 Z
b1011001 o
b1011001 >
b1011001 O
b1011001 j
01
#2475000
b1 c
b1011010 A
b1011010 s
b1011010 -
b1011010 [
b1011010 h
b1011010 x
b1011001 R
b1011001 m
b1011001 q
11
#2480000
b0 *
b0 Y
b0 n
0,
b1011010 {
b1011010 z
0?
01
#2485000
11
#2490000
b1111 *
b1111 Y
b1111 n
1,
1?
b1011010 +
b1011010 Z
b1011010 o
b1011010 >
b1011010 O
b1011010 j
01
#2495000
b1 c
b1011011 A
b1011011 s
b1011011 -
b1011011 [
b1011011 h
b1011011 x
b1011010 R
b1011010 m
b1011010 q
11
#2500000
b0 *
b0 Y
b0 n
0,
b1011011 {
b1011011 z
0?
01
#2505000
11
#2510000
b1111 *
b1111 Y
b1111 n
1,
1?
b1011011 +
b1011011 Z
b1011011 o
b1011011 >
b1011011 O
b1011011 j
01
#2515000
b1 c
b1011100 A
b1011100 s
b1011100 -
b1011100 [
b1011100 h
b1011100 x
b1011011 R
b1011011 m
b1011011 q
11
#2520000
b0 *
b0 Y
b0 n
0,
b1011100 {
b1011100 z
0?
01
#2525000
11
#2530000
b1111 *
b1111 Y
b1111 n
1,
1?
b1011100 +
b1011100 Z
b1011100 o
b1011100 >
b1011100 O
b1011100 j
01
#2535000
b1 c
b1011101 A
b1011101 s
b1011101 -
b1011101 [
b1011101 h
b1011101 x
b1011100 R
b1011100 m
b1011100 q
11
#2540000
b0 *
b0 Y
b0 n
0,
b1011101 {
b1011101 z
0?
01
#2545000
11
#2550000
b1111 *
b1111 Y
b1111 n
1,
1?
b1011101 +
b1011101 Z
b1011101 o
b1011101 >
b1011101 O
b1011101 j
01
#2555000
b1 c
b1011110 A
b1011110 s
b1011110 -
b1011110 [
b1011110 h
b1011110 x
b1011101 R
b1011101 m
b1011101 q
11
#2560000
b0 *
b0 Y
b0 n
0,
b1011110 {
b1011110 z
0?
01
#2565000
11
#2570000
b1111 *
b1111 Y
b1111 n
1,
1?
b1011110 +
b1011110 Z
b1011110 o
b1011110 >
b1011110 O
b1011110 j
01
#2575000
b1 c
b1011111 A
b1011111 s
b1011111 -
b1011111 [
b1011111 h
b1011111 x
b1011110 R
b1011110 m
b1011110 q
11
#2580000
b0 *
b0 Y
b0 n
0,
b1011111 {
b1011111 z
0?
01
#2585000
11
#2590000
b1111 *
b1111 Y
b1111 n
1,
1?
b1011111 +
b1011111 Z
b1011111 o
b1011111 >
b1011111 O
b1011111 j
01
#2595000
b1 c
b1100000 A
b1100000 s
b1100000 -
b1100000 [
b1100000 h
b1100000 x
b1011111 R
b1011111 m
b1011111 q
11
#2600000
b0 *
b0 Y
b0 n
0,
b1100000 {
b1100000 z
0?
01
#2605000
11
#2610000
b1111 *
b1111 Y
b1111 n
1,
1?
b1100000 +
b1100000 Z
b1100000 o
b1100000 >
b1100000 O
b1100000 j
01
#2615000
b1 c
b1100001 A
b1100001 s
b1100001 -
b1100001 [
b1100001 h
b1100001 x
b1100000 R
b1100000 m
b1100000 q
11
#2620000
b0 *
b0 Y
b0 n
0,
b1100001 {
b1100001 z
0?
01
#2625000
11
#2630000
b1111 *
b1111 Y
b1111 n
1,
1?
b1100001 +
b1100001 Z
b1100001 o
b1100001 >
b1100001 O
b1100001 j
01
#2635000
b1 c
b1100010 A
b1100010 s
b1100010 -
b1100010 [
b1100010 h
b1100010 x
b1100001 R
b1100001 m
b1100001 q
11
#2640000
b0 *
b0 Y
b0 n
0,
b1100010 {
b1100010 z
0?
01
#2645000
11
#2650000
b1111 *
b1111 Y
b1111 n
1,
1?
b1100010 +
b1100010 Z
b1100010 o
b1100010 >
b1100010 O
b1100010 j
01
#2655000
b1 c
b1100011 A
b1100011 s
b1100011 -
b1100011 [
b1100011 h
b1100011 x
b1100010 R
b1100010 m
b1100010 q
11
#2660000
b0 *
b0 Y
b0 n
0,
b1100011 {
b1100011 z
0?
01
#2665000
11
#2670000
b1111 *
b1111 Y
b1111 n
1,
1?
b1100011 +
b1100011 Z
b1100011 o
b1100011 >
b1100011 O
b1100011 j
01
#2675000
b1 c
b1100100 A
b1100100 s
b1100100 -
b1100100 [
b1100100 h
b1100100 x
b1100011 R
b1100011 m
b1100011 q
11
#2680000
b0 *
b0 Y
b0 n
0,
b1100100 {
b1100100 z
0?
01
#2685000
11
#2690000
b1111 *
b1111 Y
b1111 n
1,
1?
b1100100 +
b1100100 Z
b1100100 o
b1100100 >
b1100100 O
b1100100 j
01
#2695000
b1 c
b1100101 A
b1100101 s
b1100101 -
b1100101 [
b1100101 h
b1100101 x
b1100100 R
b1100100 m
b1100100 q
11
#2700000
b0 *
b0 Y
b0 n
0,
b1100101 {
b1100101 z
0?
01
#2705000
11
#2710000
b1111 *
b1111 Y
b1111 n
1,
1?
b1100101 +
b1100101 Z
b1100101 o
b1100101 >
b1100101 O
b1100101 j
01
#2715000
b1 c
b1100110 A
b1100110 s
b1100110 -
b1100110 [
b1100110 h
b1100110 x
b1100101 R
b1100101 m
b1100101 q
11
#2720000
b0 *
b0 Y
b0 n
0,
b1100110 {
b1100110 z
0?
01
#2725000
11
#2730000
b1111 *
b1111 Y
b1111 n
1,
1?
b1100110 +
b1100110 Z
b1100110 o
b1100110 >
b1100110 O
b1100110 j
01
#2735000
b1 c
b1100111 A
b1100111 s
b1100111 -
b1100111 [
b1100111 h
b1100111 x
b1100110 R
b1100110 m
b1100110 q
11
#2740000
b0 *
b0 Y
b0 n
0,
b1100111 {
b1100111 z
0?
01
#2745000
11
#2750000
b1111 *
b1111 Y
b1111 n
1,
1?
b1100111 +
b1100111 Z
b1100111 o
b1100111 >
b1100111 O
b1100111 j
01
#2755000
b1 c
b1101000 A
b1101000 s
b1101000 -
b1101000 [
b1101000 h
b1101000 x
b1100111 R
b1100111 m
b1100111 q
11
#2760000
b0 *
b0 Y
b0 n
0,
b1101000 {
b1101000 z
0?
01
#2765000
11
#2770000
b1111 *
b1111 Y
b1111 n
1,
1?
b1101000 +
b1101000 Z
b1101000 o
b1101000 >
b1101000 O
b1101000 j
01
#2775000
b1 c
b1101001 A
b1101001 s
b1101001 -
b1101001 [
b1101001 h
b1101001 x
b1101000 R
b1101000 m
b1101000 q
11
#2780000
b0 *
b0 Y
b0 n
0,
b1101001 {
b1101001 z
0?
01
#2785000
11
#2790000
b1111 *
b1111 Y
b1111 n
1,
1?
b1101001 +
b1101001 Z
b1101001 o
b1101001 >
b1101001 O
b1101001 j
01
#2795000
b1 c
b1101010 A
b1101010 s
b1101010 -
b1101010 [
b1101010 h
b1101010 x
b1101001 R
b1101001 m
b1101001 q
11
#2800000
b0 *
b0 Y
b0 n
0,
b1101010 {
b1101010 z
0?
01
#2805000
11
#2810000
b1111 *
b1111 Y
b1111 n
1,
1?
b1101010 +
b1101010 Z
b1101010 o
b1101010 >
b1101010 O
b1101010 j
01
#2815000
b1 c
b1101011 A
b1101011 s
b1101011 -
b1101011 [
b1101011 h
b1101011 x
b1101010 R
b1101010 m
b1101010 q
11
#2820000
b0 *
b0 Y
b0 n
0,
b1101011 {
b1101011 z
0?
01
#2825000
11
#2830000
b1111 *
b1111 Y
b1111 n
1,
1?
b1101011 +
b1101011 Z
b1101011 o
b1101011 >
b1101011 O
b1101011 j
01
#2835000
b1 c
b1101100 A
b1101100 s
b1101100 -
b1101100 [
b1101100 h
b1101100 x
b1101011 R
b1101011 m
b1101011 q
11
#2840000
b0 *
b0 Y
b0 n
0,
b1101100 {
b1101100 z
0?
01
#2845000
11
#2850000
b1111 *
b1111 Y
b1111 n
1,
1?
b1101100 +
b1101100 Z
b1101100 o
b1101100 >
b1101100 O
b1101100 j
01
#2855000
b1 c
b1101101 A
b1101101 s
b1101101 -
b1101101 [
b1101101 h
b1101101 x
b1101100 R
b1101100 m
b1101100 q
11
#2860000
b0 *
b0 Y
b0 n
0,
b1101101 {
b1101101 z
0?
01
#2865000
11
#2870000
b1111 *
b1111 Y
b1111 n
1,
1?
b1101101 +
b1101101 Z
b1101101 o
b1101101 >
b1101101 O
b1101101 j
01
#2875000
b1 c
b1101110 A
b1101110 s
b1101110 -
b1101110 [
b1101110 h
b1101110 x
b1101101 R
b1101101 m
b1101101 q
11
#2880000
b0 *
b0 Y
b0 n
0,
b1101110 {
b1101110 z
0?
01
#2885000
11
#2890000
b1111 *
b1111 Y
b1111 n
1,
1?
b1101110 +
b1101110 Z
b1101110 o
b1101110 >
b1101110 O
b1101110 j
01
#2895000
b1 c
b1101111 A
b1101111 s
b1101111 -
b1101111 [
b1101111 h
b1101111 x
b1101110 R
b1101110 m
b1101110 q
11
#2900000
b0 *
b0 Y
b0 n
0,
b1101111 {
b1101111 z
0?
01
#2905000
11
#2910000
b1111 *
b1111 Y
b1111 n
1,
1?
b1101111 +
b1101111 Z
b1101111 o
b1101111 >
b1101111 O
b1101111 j
01
#2915000
b1 c
b1110000 A
b1110000 s
b1110000 -
b1110000 [
b1110000 h
b1110000 x
b1101111 R
b1101111 m
b1101111 q
11
#2920000
b0 *
b0 Y
b0 n
0,
b1110000 {
b1110000 z
0?
01
#2925000
11
#2930000
b1111 *
b1111 Y
b1111 n
1,
1?
b1110000 +
b1110000 Z
b1110000 o
b1110000 >
b1110000 O
b1110000 j
01
#2935000
b1 c
b1110001 A
b1110001 s
b1110001 -
b1110001 [
b1110001 h
b1110001 x
b1110000 R
b1110000 m
b1110000 q
11
#2940000
b0 *
b0 Y
b0 n
0,
b1110001 {
b1110001 z
0?
01
#2945000
11
#2950000
b1111 *
b1111 Y
b1111 n
1,
1?
b1110001 +
b1110001 Z
b1110001 o
b1110001 >
b1110001 O
b1110001 j
01
#2955000
b1 c
b1110010 A
b1110010 s
b1110010 -
b1110010 [
b1110010 h
b1110010 x
b1110001 R
b1110001 m
b1110001 q
11
#2960000
b0 *
b0 Y
b0 n
0,
b1110010 {
b1110010 z
0?
01
#2965000
11
#2970000
b1111 *
b1111 Y
b1111 n
1,
1?
b1110010 +
b1110010 Z
b1110010 o
b1110010 >
b1110010 O
b1110010 j
01
#2975000
b1 c
b1110011 A
b1110011 s
b1110011 -
b1110011 [
b1110011 h
b1110011 x
b1110010 R
b1110010 m
b1110010 q
11
#2980000
b0 *
b0 Y
b0 n
0,
b1110011 {
b1110011 z
0?
01
#2985000
11
#2990000
b1111 *
b1111 Y
b1111 n
1,
1?
b1110011 +
b1110011 Z
b1110011 o
b1110011 >
b1110011 O
b1110011 j
01
#2995000
b1 c
b1110100 A
b1110100 s
b1110100 -
b1110100 [
b1110100 h
b1110100 x
b1110011 R
b1110011 m
b1110011 q
11
#3000000
b0 *
b0 Y
b0 n
0,
b1110100 {
b1110100 z
0?
01
#3005000
11
#3010000
b1111 *
b1111 Y
b1111 n
1,
1?
b1110100 +
b1110100 Z
b1110100 o
b1110100 >
b1110100 O
b1110100 j
01
#3015000
b1 c
b1110101 A
b1110101 s
b1110101 -
b1110101 [
b1110101 h
b1110101 x
b1110100 R
b1110100 m
b1110100 q
11
#3020000
b0 *
b0 Y
b0 n
0,
b1110101 {
b1110101 z
0?
01
#3025000
11
#3030000
b1111 *
b1111 Y
b1111 n
1,
1?
b1110101 +
b1110101 Z
b1110101 o
b1110101 >
b1110101 O
b1110101 j
01
#3035000
b1 c
b1110110 A
b1110110 s
b1110110 -
b1110110 [
b1110110 h
b1110110 x
b1110101 R
b1110101 m
b1110101 q
11
#3040000
b0 *
b0 Y
b0 n
0,
b1110110 {
b1110110 z
0?
01
#3045000
11
#3050000
b1111 *
b1111 Y
b1111 n
1,
1?
b1110110 +
b1110110 Z
b1110110 o
b1110110 >
b1110110 O
b1110110 j
01
#3055000
b1 c
b1110111 A
b1110111 s
b1110111 -
b1110111 [
b1110111 h
b1110111 x
b1110110 R
b1110110 m
b1110110 q
11
#3060000
b0 *
b0 Y
b0 n
0,
b1110111 {
b1110111 z
0?
01
#3065000
11
#3070000
b1111 *
b1111 Y
b1111 n
1,
1?
b1110111 +
b1110111 Z
b1110111 o
b1110111 >
b1110111 O
b1110111 j
01
#3075000
b1 c
b1111000 A
b1111000 s
b1111000 -
b1111000 [
b1111000 h
b1111000 x
b1110111 R
b1110111 m
b1110111 q
11
#3080000
b0 *
b0 Y
b0 n
0,
b1111000 {
b1111000 z
0?
01
#3085000
11
#3090000
b1111 *
b1111 Y
b1111 n
1,
1?
b1111000 +
b1111000 Z
b1111000 o
b1111000 >
b1111000 O
b1111000 j
01
#3095000
b1 c
b1111001 A
b1111001 s
b1111001 -
b1111001 [
b1111001 h
b1111001 x
b1111000 R
b1111000 m
b1111000 q
11
#3100000
b0 *
b0 Y
b0 n
0,
b1111001 {
b1111001 z
0?
01
#3105000
11
#3110000
b1111 *
b1111 Y
b1111 n
1,
1?
b1111001 +
b1111001 Z
b1111001 o
b1111001 >
b1111001 O
b1111001 j
01
#3115000
b1 c
b1111010 A
b1111010 s
b1111010 -
b1111010 [
b1111010 h
b1111010 x
b1111001 R
b1111001 m
b1111001 q
11
#3120000
b0 *
b0 Y
b0 n
0,
b1111010 {
b1111010 z
0?
01
#3125000
11
#3130000
b1111 *
b1111 Y
b1111 n
1,
1?
b1111010 +
b1111010 Z
b1111010 o
b1111010 >
b1111010 O
b1111010 j
01
#3135000
b1 c
b1111011 A
b1111011 s
b1111011 -
b1111011 [
b1111011 h
b1111011 x
b1111010 R
b1111010 m
b1111010 q
11
#3140000
b0 *
b0 Y
b0 n
0,
b1111011 {
b1111011 z
0?
01
#3145000
11
#3150000
b1111 *
b1111 Y
b1111 n
1,
1?
b1111011 +
b1111011 Z
b1111011 o
b1111011 >
b1111011 O
b1111011 j
01
#3155000
b1 c
b1111100 A
b1111100 s
b1111100 -
b1111100 [
b1111100 h
b1111100 x
b1111011 R
b1111011 m
b1111011 q
11
#3160000
b0 *
b0 Y
b0 n
0,
b1111100 {
b1111100 z
0?
01
#3165000
11
#3170000
b1111 *
b1111 Y
b1111 n
1,
1?
b1111100 +
b1111100 Z
b1111100 o
b1111100 >
b1111100 O
b1111100 j
01
#3175000
b1 c
b1111101 A
b1111101 s
b1111101 -
b1111101 [
b1111101 h
b1111101 x
b1111100 R
b1111100 m
b1111100 q
11
#3180000
b0 *
b0 Y
b0 n
0,
b1111101 {
b1111101 z
0?
01
#3185000
11
#3190000
b1111 *
b1111 Y
b1111 n
1,
1?
b1111101 +
b1111101 Z
b1111101 o
b1111101 >
b1111101 O
b1111101 j
01
#3195000
b1 c
b1111110 A
b1111110 s
b1111110 -
b1111110 [
b1111110 h
b1111110 x
b1111101 R
b1111101 m
b1111101 q
11
#3200000
b0 *
b0 Y
b0 n
0,
b1111110 {
b1111110 z
0?
01
#3205000
11
#3210000
b1111 *
b1111 Y
b1111 n
1,
1?
b1111110 +
b1111110 Z
b1111110 o
b1111110 >
b1111110 O
b1111110 j
01
#3215000
b1 c
b1111111 A
b1111111 s
b1111111 -
b1111111 [
b1111111 h
b1111111 x
b1111110 R
b1111110 m
b1111110 q
11
#3220000
b0 *
b0 Y
b0 n
0,
b1111111 {
b1111111 z
0?
01
#3225000
11
#3230000
b1111 *
b1111 Y
b1111 n
1,
1?
b1111111 +
b1111111 Z
b1111111 o
b1111111 >
b1111111 O
b1111111 j
01
#3235000
b1 c
b10000000 A
b10000000 s
b10000000 -
b10000000 [
b10000000 h
b10000000 x
b1111111 R
b1111111 m
b1111111 q
11
#3240000
b0 *
b0 Y
b0 n
0,
b10000000 {
b10000000 z
0?
01
#3245000
11
#3250000
b1111 *
b1111 Y
b1111 n
1,
1?
b10000000 +
b10000000 Z
b10000000 o
b10000000 >
b10000000 O
b10000000 j
01
#3255000
b1 c
b10000001 A
b10000001 s
b10000001 -
b10000001 [
b10000001 h
b10000001 x
b10000000 R
b10000000 m
b10000000 q
11
#3260000
b0 *
b0 Y
b0 n
0,
b10000001 {
b10000001 z
0?
01
#3265000
11
#3270000
b1111 *
b1111 Y
b1111 n
1,
1?
b10000001 +
b10000001 Z
b10000001 o
b10000001 >
b10000001 O
b10000001 j
01
#3275000
b1 c
b10000010 A
b10000010 s
b10000010 -
b10000010 [
b10000010 h
b10000010 x
b10000001 R
b10000001 m
b10000001 q
11
#3280000
b0 *
b0 Y
b0 n
0,
b10000010 {
b10000010 z
0?
01
#3285000
11
#3290000
b1111 *
b1111 Y
b1111 n
1,
1?
b10000010 +
b10000010 Z
b10000010 o
b10000010 >
b10000010 O
b10000010 j
01
#3295000
b1 c
b10000011 A
b10000011 s
b10000011 -
b10000011 [
b10000011 h
b10000011 x
b10000010 R
b10000010 m
b10000010 q
11
#3300000
b0 *
b0 Y
b0 n
0,
b10000011 {
b10000011 z
0?
01
#3305000
11
#3310000
b1111 *
b1111 Y
b1111 n
1,
1?
b10000011 +
b10000011 Z
b10000011 o
b10000011 >
b10000011 O
b10000011 j
01
#3315000
b1 c
b10000100 A
b10000100 s
b10000100 -
b10000100 [
b10000100 h
b10000100 x
b10000011 R
b10000011 m
b10000011 q
11
#3320000
b0 *
b0 Y
b0 n
0,
b10000100 {
b10000100 z
0?
01
#3325000
11
#3330000
b1111 *
b1111 Y
b1111 n
1,
1?
b10000100 +
b10000100 Z
b10000100 o
b10000100 >
b10000100 O
b10000100 j
01
#3335000
b1 c
b10000101 A
b10000101 s
b10000101 -
b10000101 [
b10000101 h
b10000101 x
b10000100 R
b10000100 m
b10000100 q
11
#3340000
b0 *
b0 Y
b0 n
0,
b10000101 {
b10000101 z
0?
01
#3345000
11
#3350000
b1111 *
b1111 Y
b1111 n
1,
1?
b10000101 +
b10000101 Z
b10000101 o
b10000101 >
b10000101 O
b10000101 j
01
#3355000
b1 c
b10000110 A
b10000110 s
b10000110 -
b10000110 [
b10000110 h
b10000110 x
b10000101 R
b10000101 m
b10000101 q
11
#3360000
b0 *
b0 Y
b0 n
0,
b10000110 {
b10000110 z
0?
01
#3365000
11
#3370000
b1111 *
b1111 Y
b1111 n
1,
1?
b10000110 +
b10000110 Z
b10000110 o
b10000110 >
b10000110 O
b10000110 j
01
#3375000
b1 c
b10000111 A
b10000111 s
b10000111 -
b10000111 [
b10000111 h
b10000111 x
b10000110 R
b10000110 m
b10000110 q
11
#3380000
b0 *
b0 Y
b0 n
0,
b10000111 {
b10000111 z
0?
01
#3385000
11
#3390000
b1111 *
b1111 Y
b1111 n
1,
1?
b10000111 +
b10000111 Z
b10000111 o
b10000111 >
b10000111 O
b10000111 j
01
#3395000
b1 c
b10001000 A
b10001000 s
b10001000 -
b10001000 [
b10001000 h
b10001000 x
b10000111 R
b10000111 m
b10000111 q
11
#3400000
b0 *
b0 Y
b0 n
0,
b10001000 {
b10001000 z
0?
01
#3405000
11
#3410000
b1111 *
b1111 Y
b1111 n
1,
1?
b10001000 +
b10001000 Z
b10001000 o
b10001000 >
b10001000 O
b10001000 j
01
#3415000
b1 c
b10001001 A
b10001001 s
b10001001 -
b10001001 [
b10001001 h
b10001001 x
b10001000 R
b10001000 m
b10001000 q
11
#3420000
b0 *
b0 Y
b0 n
0,
b10001001 {
b10001001 z
0?
01
#3425000
11
#3430000
b1111 *
b1111 Y
b1111 n
1,
1?
b10001001 +
b10001001 Z
b10001001 o
b10001001 >
b10001001 O
b10001001 j
01
#3435000
b1 c
b10001010 A
b10001010 s
b10001010 -
b10001010 [
b10001010 h
b10001010 x
b10001001 R
b10001001 m
b10001001 q
11
#3440000
b0 *
b0 Y
b0 n
0,
b10001010 {
b10001010 z
0?
01
#3445000
11
#3450000
b1111 *
b1111 Y
b1111 n
1,
1?
b10001010 +
b10001010 Z
b10001010 o
b10001010 >
b10001010 O
b10001010 j
01
#3455000
b1 c
b10001011 A
b10001011 s
b10001011 -
b10001011 [
b10001011 h
b10001011 x
b10001010 R
b10001010 m
b10001010 q
11
#3460000
b0 *
b0 Y
b0 n
0,
b10001011 {
b10001011 z
0?
01
#3465000
11
#3470000
b1111 *
b1111 Y
b1111 n
1,
1?
b10001011 +
b10001011 Z
b10001011 o
b10001011 >
b10001011 O
b10001011 j
01
#3475000
b1 c
b10001100 A
b10001100 s
b10001100 -
b10001100 [
b10001100 h
b10001100 x
b10001011 R
b10001011 m
b10001011 q
11
#3480000
b0 *
b0 Y
b0 n
0,
b10001100 {
b10001100 z
0?
01
#3485000
11
#3490000
b1111 *
b1111 Y
b1111 n
1,
1?
b10001100 +
b10001100 Z
b10001100 o
b10001100 >
b10001100 O
b10001100 j
01
#3495000
b1 c
b10001101 A
b10001101 s
b10001101 -
b10001101 [
b10001101 h
b10001101 x
b10001100 R
b10001100 m
b10001100 q
11
#3500000
b0 *
b0 Y
b0 n
0,
b10001101 {
b10001101 z
0?
01
#3505000
11
#3510000
b1111 *
b1111 Y
b1111 n
1,
1?
b10001101 +
b10001101 Z
b10001101 o
b10001101 >
b10001101 O
b10001101 j
01
#3515000
b1 c
b10001110 A
b10001110 s
b10001110 -
b10001110 [
b10001110 h
b10001110 x
b10001101 R
b10001101 m
b10001101 q
11
#3520000
b0 *
b0 Y
b0 n
0,
b10001110 {
b10001110 z
0?
01
#3525000
11
#3530000
b1111 *
b1111 Y
b1111 n
1,
1?
b10001110 +
b10001110 Z
b10001110 o
b10001110 >
b10001110 O
b10001110 j
01
#3535000
b1 c
b10001111 A
b10001111 s
b10001111 -
b10001111 [
b10001111 h
b10001111 x
b10001110 R
b10001110 m
b10001110 q
11
#3540000
b0 *
b0 Y
b0 n
0,
b10001111 {
b10001111 z
0?
01
#3545000
11
#3550000
b1111 *
b1111 Y
b1111 n
1,
1?
b10001111 +
b10001111 Z
b10001111 o
b10001111 >
b10001111 O
b10001111 j
01
#3555000
b1 c
b10010000 A
b10010000 s
b10010000 -
b10010000 [
b10010000 h
b10010000 x
b10001111 R
b10001111 m
b10001111 q
11
#3560000
b0 *
b0 Y
b0 n
0,
b10010000 {
b10010000 z
0?
01
#3565000
11
#3570000
b1111 *
b1111 Y
b1111 n
1,
1?
b10010000 +
b10010000 Z
b10010000 o
b10010000 >
b10010000 O
b10010000 j
01
#3575000
b1 c
b10010001 A
b10010001 s
b10010001 -
b10010001 [
b10010001 h
b10010001 x
b10010000 R
b10010000 m
b10010000 q
11
#3580000
b0 *
b0 Y
b0 n
0,
b10010001 {
b10010001 z
0?
01
#3585000
11
#3590000
b1111 *
b1111 Y
b1111 n
1,
1?
b10010001 +
b10010001 Z
b10010001 o
b10010001 >
b10010001 O
b10010001 j
01
#3595000
b1 c
b10010010 A
b10010010 s
b10010010 -
b10010010 [
b10010010 h
b10010010 x
b10010001 R
b10010001 m
b10010001 q
11
#3600000
b0 *
b0 Y
b0 n
0,
b10010010 {
b10010010 z
0?
01
#3605000
11
#3610000
b1111 *
b1111 Y
b1111 n
1,
1?
b10010010 +
b10010010 Z
b10010010 o
b10010010 >
b10010010 O
b10010010 j
01
#3615000
b1 c
b10010011 A
b10010011 s
b10010011 -
b10010011 [
b10010011 h
b10010011 x
b10010010 R
b10010010 m
b10010010 q
11
#3620000
b0 *
b0 Y
b0 n
0,
b10010011 {
b10010011 z
0?
01
#3625000
11
#3630000
b1111 *
b1111 Y
b1111 n
1,
1?
b10010011 +
b10010011 Z
b10010011 o
b10010011 >
b10010011 O
b10010011 j
01
#3635000
b1 c
b10010100 A
b10010100 s
b10010100 -
b10010100 [
b10010100 h
b10010100 x
b10010011 R
b10010011 m
b10010011 q
11
#3640000
b0 *
b0 Y
b0 n
0,
b10010100 {
b10010100 z
0?
01
#3645000
11
#3650000
b1111 *
b1111 Y
b1111 n
1,
1?
b10010100 +
b10010100 Z
b10010100 o
b10010100 >
b10010100 O
b10010100 j
01
#3655000
b1 c
b10010101 A
b10010101 s
b10010101 -
b10010101 [
b10010101 h
b10010101 x
b10010100 R
b10010100 m
b10010100 q
11
#3660000
b0 *
b0 Y
b0 n
0,
b10010101 {
b10010101 z
0?
01
#3665000
11
#3670000
b1111 *
b1111 Y
b1111 n
1,
1?
b10010101 +
b10010101 Z
b10010101 o
b10010101 >
b10010101 O
b10010101 j
01
#3675000
b1 c
b10010110 A
b10010110 s
b10010110 -
b10010110 [
b10010110 h
b10010110 x
b10010101 R
b10010101 m
b10010101 q
11
#3680000
b0 *
b0 Y
b0 n
0,
b10010110 {
b10010110 z
0?
01
#3685000
11
#3690000
b1111 *
b1111 Y
b1111 n
1,
1?
b10010110 +
b10010110 Z
b10010110 o
b10010110 >
b10010110 O
b10010110 j
01
#3695000
b1 c
b10010111 A
b10010111 s
b10010111 -
b10010111 [
b10010111 h
b10010111 x
b10010110 R
b10010110 m
b10010110 q
11
#3700000
b0 *
b0 Y
b0 n
0,
b10010111 {
b10010111 z
0?
01
#3705000
11
#3710000
b1111 *
b1111 Y
b1111 n
1,
1?
b10010111 +
b10010111 Z
b10010111 o
b10010111 >
b10010111 O
b10010111 j
01
#3715000
b1 c
b10011000 A
b10011000 s
b10011000 -
b10011000 [
b10011000 h
b10011000 x
b10010111 R
b10010111 m
b10010111 q
11
#3720000
b0 *
b0 Y
b0 n
0,
b10011000 {
b10011000 z
0?
01
#3725000
11
#3730000
b1111 *
b1111 Y
b1111 n
1,
1?
b10011000 +
b10011000 Z
b10011000 o
b10011000 >
b10011000 O
b10011000 j
01
#3735000
b1 c
b10011001 A
b10011001 s
b10011001 -
b10011001 [
b10011001 h
b10011001 x
b10011000 R
b10011000 m
b10011000 q
11
#3740000
b0 *
b0 Y
b0 n
0,
b10011001 {
b10011001 z
0?
01
#3745000
11
#3750000
b1111 *
b1111 Y
b1111 n
1,
1?
b10011001 +
b10011001 Z
b10011001 o
b10011001 >
b10011001 O
b10011001 j
01
#3755000
b1 c
b10011010 A
b10011010 s
b10011010 -
b10011010 [
b10011010 h
b10011010 x
b10011001 R
b10011001 m
b10011001 q
11
#3760000
b0 *
b0 Y
b0 n
0,
b10011010 {
b10011010 z
0?
01
#3765000
11
#3770000
b1111 *
b1111 Y
b1111 n
1,
1?
b10011010 +
b10011010 Z
b10011010 o
b10011010 >
b10011010 O
b10011010 j
01
#3775000
b1 c
b10011011 A
b10011011 s
b10011011 -
b10011011 [
b10011011 h
b10011011 x
b10011010 R
b10011010 m
b10011010 q
11
#3780000
b0 *
b0 Y
b0 n
0,
b10011011 {
b10011011 z
0?
01
#3785000
11
#3790000
b1111 *
b1111 Y
b1111 n
1,
1?
b10011011 +
b10011011 Z
b10011011 o
b10011011 >
b10011011 O
b10011011 j
01
#3795000
b1 c
b10011100 A
b10011100 s
b10011100 -
b10011100 [
b10011100 h
b10011100 x
b10011011 R
b10011011 m
b10011011 q
11
#3800000
b0 *
b0 Y
b0 n
0,
b10011100 {
b10011100 z
0?
01
#3805000
11
#3810000
b1111 *
b1111 Y
b1111 n
1,
1?
b10011100 +
b10011100 Z
b10011100 o
b10011100 >
b10011100 O
b10011100 j
01
#3815000
b1 c
b10011101 A
b10011101 s
b10011101 -
b10011101 [
b10011101 h
b10011101 x
b10011100 R
b10011100 m
b10011100 q
11
#3820000
b0 *
b0 Y
b0 n
0,
b10011101 {
b10011101 z
0?
01
#3825000
11
#3830000
b1111 *
b1111 Y
b1111 n
1,
1?
b10011101 +
b10011101 Z
b10011101 o
b10011101 >
b10011101 O
b10011101 j
01
#3835000
b1 c
b10011110 A
b10011110 s
b10011110 -
b10011110 [
b10011110 h
b10011110 x
b10011101 R
b10011101 m
b10011101 q
11
#3840000
b0 *
b0 Y
b0 n
0,
b10011110 {
b10011110 z
0?
01
#3845000
11
#3850000
b1111 *
b1111 Y
b1111 n
1,
1?
b10011110 +
b10011110 Z
b10011110 o
b10011110 >
b10011110 O
b10011110 j
01
#3855000
b1 c
b10011111 A
b10011111 s
b10011111 -
b10011111 [
b10011111 h
b10011111 x
b10011110 R
b10011110 m
b10011110 q
11
#3860000
b0 *
b0 Y
b0 n
0,
b10011111 {
b10011111 z
0?
01
#3865000
11
#3870000
b1111 *
b1111 Y
b1111 n
1,
1?
b10011111 +
b10011111 Z
b10011111 o
b10011111 >
b10011111 O
b10011111 j
01
#3875000
b1 c
b10100000 A
b10100000 s
b10100000 -
b10100000 [
b10100000 h
b10100000 x
b10011111 R
b10011111 m
b10011111 q
11
#3880000
b0 *
b0 Y
b0 n
0,
b10100000 {
b10100000 z
0?
01
#3885000
11
#3890000
b1111 *
b1111 Y
b1111 n
1,
1?
b10100000 +
b10100000 Z
b10100000 o
b10100000 >
b10100000 O
b10100000 j
01
#3895000
b1 c
b10100001 A
b10100001 s
b10100001 -
b10100001 [
b10100001 h
b10100001 x
b10100000 R
b10100000 m
b10100000 q
11
#3900000
b0 *
b0 Y
b0 n
0,
b10100001 {
b10100001 z
0?
01
#3905000
11
#3910000
b1111 *
b1111 Y
b1111 n
1,
1?
b10100001 +
b10100001 Z
b10100001 o
b10100001 >
b10100001 O
b10100001 j
01
#3915000
b1 c
b10100010 A
b10100010 s
b10100010 -
b10100010 [
b10100010 h
b10100010 x
b10100001 R
b10100001 m
b10100001 q
11
#3920000
b0 *
b0 Y
b0 n
0,
b10100010 {
b10100010 z
0?
01
#3925000
11
#3930000
b1111 *
b1111 Y
b1111 n
1,
1?
b10100010 +
b10100010 Z
b10100010 o
b10100010 >
b10100010 O
b10100010 j
01
#3935000
b1 c
b10100011 A
b10100011 s
b10100011 -
b10100011 [
b10100011 h
b10100011 x
b10100010 R
b10100010 m
b10100010 q
11
#3940000
b0 *
b0 Y
b0 n
0,
b10100011 {
b10100011 z
0?
01
#3945000
11
#3950000
b1111 *
b1111 Y
b1111 n
1,
1?
b10100011 +
b10100011 Z
b10100011 o
b10100011 >
b10100011 O
b10100011 j
01
#3955000
b1 c
b10100100 A
b10100100 s
b10100100 -
b10100100 [
b10100100 h
b10100100 x
b10100011 R
b10100011 m
b10100011 q
11
#3960000
b0 *
b0 Y
b0 n
0,
b10100100 {
b10100100 z
0?
01
#3965000
11
#3970000
b1111 *
b1111 Y
b1111 n
1,
1?
b10100100 +
b10100100 Z
b10100100 o
b10100100 >
b10100100 O
b10100100 j
01
#3975000
b1 c
b10100101 A
b10100101 s
b10100101 -
b10100101 [
b10100101 h
b10100101 x
b10100100 R
b10100100 m
b10100100 q
11
#3980000
b0 *
b0 Y
b0 n
0,
b10100101 {
b10100101 z
0?
01
#3985000
11
#3990000
b1111 *
b1111 Y
b1111 n
1,
1?
b10100101 +
b10100101 Z
b10100101 o
b10100101 >
b10100101 O
b10100101 j
01
#3995000
b1 c
b10100110 A
b10100110 s
b10100110 -
b10100110 [
b10100110 h
b10100110 x
b10100101 R
b10100101 m
b10100101 q
11
#4000000
b0 *
b0 Y
b0 n
0,
b10100110 {
b10100110 z
0?
01
#4005000
11
#4010000
b1111 *
b1111 Y
b1111 n
1,
1?
b10100110 +
b10100110 Z
b10100110 o
b10100110 >
b10100110 O
b10100110 j
01
#4015000
b1 c
b10100111 A
b10100111 s
b10100111 -
b10100111 [
b10100111 h
b10100111 x
b10100110 R
b10100110 m
b10100110 q
11
#4020000
b0 *
b0 Y
b0 n
0,
b10100111 {
b10100111 z
0?
01
#4025000
11
#4030000
b1111 *
b1111 Y
b1111 n
1,
1?
b10100111 +
b10100111 Z
b10100111 o
b10100111 >
b10100111 O
b10100111 j
01
#4035000
b1 c
b10101000 A
b10101000 s
b10101000 -
b10101000 [
b10101000 h
b10101000 x
b10100111 R
b10100111 m
b10100111 q
11
#4040000
b0 *
b0 Y
b0 n
0,
b10101000 {
b10101000 z
0?
01
#4045000
11
#4050000
b1111 *
b1111 Y
b1111 n
1,
1?
b10101000 +
b10101000 Z
b10101000 o
b10101000 >
b10101000 O
b10101000 j
01
#4055000
b1 c
b10101001 A
b10101001 s
b10101001 -
b10101001 [
b10101001 h
b10101001 x
b10101000 R
b10101000 m
b10101000 q
11
#4060000
b0 *
b0 Y
b0 n
0,
b10101001 {
b10101001 z
0?
01
#4065000
11
#4070000
b1111 *
b1111 Y
b1111 n
1,
1?
b10101001 +
b10101001 Z
b10101001 o
b10101001 >
b10101001 O
b10101001 j
01
#4075000
b1 c
b10101010 A
b10101010 s
b10101010 -
b10101010 [
b10101010 h
b10101010 x
b10101001 R
b10101001 m
b10101001 q
11
#4080000
b0 *
b0 Y
b0 n
0,
b10101010 {
b10101010 z
0?
01
#4085000
11
#4090000
b1111 *
b1111 Y
b1111 n
1,
1?
b10101010 +
b10101010 Z
b10101010 o
b10101010 >
b10101010 O
b10101010 j
01
#4095000
b1 c
b10101011 A
b10101011 s
b10101011 -
b10101011 [
b10101011 h
b10101011 x
b10101010 R
b10101010 m
b10101010 q
11
#4100000
b0 *
b0 Y
b0 n
0,
b10101011 {
b10101011 z
0?
01
#4105000
11
#4110000
b1111 *
b1111 Y
b1111 n
1,
1?
b10101011 +
b10101011 Z
b10101011 o
b10101011 >
b10101011 O
b10101011 j
01
#4115000
b1 c
b10101100 A
b10101100 s
b10101100 -
b10101100 [
b10101100 h
b10101100 x
b10101011 R
b10101011 m
b10101011 q
11
#4120000
b0 *
b0 Y
b0 n
0,
b10101100 {
b10101100 z
0?
01
#4125000
11
#4130000
b1111 *
b1111 Y
b1111 n
1,
1?
b10101100 +
b10101100 Z
b10101100 o
b10101100 >
b10101100 O
b10101100 j
01
#4135000
b1 c
b10101101 A
b10101101 s
b10101101 -
b10101101 [
b10101101 h
b10101101 x
b10101100 R
b10101100 m
b10101100 q
11
#4140000
b0 *
b0 Y
b0 n
0,
b10101101 {
b10101101 z
0?
01
#4145000
11
#4150000
b1111 *
b1111 Y
b1111 n
1,
1?
b10101101 +
b10101101 Z
b10101101 o
b10101101 >
b10101101 O
b10101101 j
01
#4155000
b1 c
b10101110 A
b10101110 s
b10101110 -
b10101110 [
b10101110 h
b10101110 x
b10101101 R
b10101101 m
b10101101 q
11
#4160000
b0 *
b0 Y
b0 n
0,
b10101110 {
b10101110 z
0?
01
#4165000
11
#4170000
b1111 *
b1111 Y
b1111 n
1,
1?
b10101110 +
b10101110 Z
b10101110 o
b10101110 >
b10101110 O
b10101110 j
01
#4175000
b1 c
b10101111 A
b10101111 s
b10101111 -
b10101111 [
b10101111 h
b10101111 x
b10101110 R
b10101110 m
b10101110 q
11
#4180000
b0 *
b0 Y
b0 n
0,
b10101111 {
b10101111 z
0?
01
#4185000
11
#4190000
b1111 *
b1111 Y
b1111 n
1,
1?
b10101111 +
b10101111 Z
b10101111 o
b10101111 >
b10101111 O
b10101111 j
01
#4195000
b1 c
b10110000 A
b10110000 s
b10110000 -
b10110000 [
b10110000 h
b10110000 x
b10101111 R
b10101111 m
b10101111 q
11
#4200000
b0 *
b0 Y
b0 n
0,
b10110000 {
b10110000 z
0?
01
#4205000
11
#4210000
b1111 *
b1111 Y
b1111 n
1,
1?
b10110000 +
b10110000 Z
b10110000 o
b10110000 >
b10110000 O
b10110000 j
01
#4215000
b1 c
b10110001 A
b10110001 s
b10110001 -
b10110001 [
b10110001 h
b10110001 x
b10110000 R
b10110000 m
b10110000 q
11
#4220000
b0 *
b0 Y
b0 n
0,
b10110001 {
b10110001 z
0?
01
#4225000
11
#4230000
b1111 *
b1111 Y
b1111 n
1,
1?
b10110001 +
b10110001 Z
b10110001 o
b10110001 >
b10110001 O
b10110001 j
01
#4235000
b1 c
b10110010 A
b10110010 s
b10110010 -
b10110010 [
b10110010 h
b10110010 x
b10110001 R
b10110001 m
b10110001 q
11
#4240000
b0 *
b0 Y
b0 n
0,
b10110010 {
b10110010 z
0?
01
#4245000
11
#4250000
b1111 *
b1111 Y
b1111 n
1,
1?
b10110010 +
b10110010 Z
b10110010 o
b10110010 >
b10110010 O
b10110010 j
01
#4255000
b1 c
b10110011 A
b10110011 s
b10110011 -
b10110011 [
b10110011 h
b10110011 x
b10110010 R
b10110010 m
b10110010 q
11
#4260000
b0 *
b0 Y
b0 n
0,
b10110011 {
b10110011 z
0?
01
#4265000
11
#4270000
b1111 *
b1111 Y
b1111 n
1,
1?
b10110011 +
b10110011 Z
b10110011 o
b10110011 >
b10110011 O
b10110011 j
01
#4275000
b1 c
b10110100 A
b10110100 s
b10110100 -
b10110100 [
b10110100 h
b10110100 x
b10110011 R
b10110011 m
b10110011 q
11
#4280000
b0 *
b0 Y
b0 n
0,
b10110100 {
b10110100 z
0?
01
#4285000
11
#4290000
b1111 *
b1111 Y
b1111 n
1,
1?
b10110100 +
b10110100 Z
b10110100 o
b10110100 >
b10110100 O
b10110100 j
01
#4295000
b1 c
b10110101 A
b10110101 s
b10110101 -
b10110101 [
b10110101 h
b10110101 x
b10110100 R
b10110100 m
b10110100 q
11
#4300000
b0 *
b0 Y
b0 n
0,
b10110101 {
b10110101 z
0?
01
#4305000
11
#4310000
b1111 *
b1111 Y
b1111 n
1,
1?
b10110101 +
b10110101 Z
b10110101 o
b10110101 >
b10110101 O
b10110101 j
01
#4315000
b1 c
b10110110 A
b10110110 s
b10110110 -
b10110110 [
b10110110 h
b10110110 x
b10110101 R
b10110101 m
b10110101 q
11
#4320000
b0 *
b0 Y
b0 n
0,
b10110110 {
b10110110 z
0?
01
#4325000
11
#4330000
b1111 *
b1111 Y
b1111 n
1,
1?
b10110110 +
b10110110 Z
b10110110 o
b10110110 >
b10110110 O
b10110110 j
01
#4335000
b1 c
b10110111 A
b10110111 s
b10110111 -
b10110111 [
b10110111 h
b10110111 x
b10110110 R
b10110110 m
b10110110 q
11
#4340000
b0 *
b0 Y
b0 n
0,
b10110111 {
b10110111 z
0?
01
#4345000
11
#4350000
b1111 *
b1111 Y
b1111 n
1,
1?
b10110111 +
b10110111 Z
b10110111 o
b10110111 >
b10110111 O
b10110111 j
01
#4355000
b1 c
b10111000 A
b10111000 s
b10111000 -
b10111000 [
b10111000 h
b10111000 x
b10110111 R
b10110111 m
b10110111 q
11
#4360000
b0 *
b0 Y
b0 n
0,
b10111000 {
b10111000 z
0?
01
#4365000
11
#4370000
b1111 *
b1111 Y
b1111 n
1,
1?
b10111000 +
b10111000 Z
b10111000 o
b10111000 >
b10111000 O
b10111000 j
01
#4375000
b1 c
b10111001 A
b10111001 s
b10111001 -
b10111001 [
b10111001 h
b10111001 x
b10111000 R
b10111000 m
b10111000 q
11
#4380000
b0 *
b0 Y
b0 n
0,
b10111001 {
b10111001 z
0?
01
#4385000
11
#4390000
b1111 *
b1111 Y
b1111 n
1,
1?
b10111001 +
b10111001 Z
b10111001 o
b10111001 >
b10111001 O
b10111001 j
01
#4395000
b1 c
b10111010 A
b10111010 s
b10111010 -
b10111010 [
b10111010 h
b10111010 x
b10111001 R
b10111001 m
b10111001 q
11
#4400000
b0 *
b0 Y
b0 n
0,
b10111010 {
b10111010 z
0?
01
#4405000
11
#4410000
b1111 *
b1111 Y
b1111 n
1,
1?
b10111010 +
b10111010 Z
b10111010 o
b10111010 >
b10111010 O
b10111010 j
01
#4415000
b1 c
b10111011 A
b10111011 s
b10111011 -
b10111011 [
b10111011 h
b10111011 x
b10111010 R
b10111010 m
b10111010 q
11
#4420000
b0 *
b0 Y
b0 n
0,
b10111011 {
b10111011 z
0?
01
#4425000
11
#4430000
b1111 *
b1111 Y
b1111 n
1,
1?
b10111011 +
b10111011 Z
b10111011 o
b10111011 >
b10111011 O
b10111011 j
01
#4435000
b1 c
b10111100 A
b10111100 s
b10111100 -
b10111100 [
b10111100 h
b10111100 x
b10111011 R
b10111011 m
b10111011 q
11
#4440000
b0 *
b0 Y
b0 n
0,
b10111100 {
b10111100 z
0?
01
#4445000
11
#4450000
b1111 *
b1111 Y
b1111 n
1,
1?
b10111100 +
b10111100 Z
b10111100 o
b10111100 >
b10111100 O
b10111100 j
01
#4455000
b1 c
b10111101 A
b10111101 s
b10111101 -
b10111101 [
b10111101 h
b10111101 x
b10111100 R
b10111100 m
b10111100 q
11
#4460000
b0 *
b0 Y
b0 n
0,
b10111101 {
b10111101 z
0?
01
#4465000
11
#4470000
b1111 *
b1111 Y
b1111 n
1,
1?
b10111101 +
b10111101 Z
b10111101 o
b10111101 >
b10111101 O
b10111101 j
01
#4475000
b1 c
b10111110 A
b10111110 s
b10111110 -
b10111110 [
b10111110 h
b10111110 x
b10111101 R
b10111101 m
b10111101 q
11
#4480000
b0 *
b0 Y
b0 n
0,
b10111110 {
b10111110 z
0?
01
#4485000
11
#4490000
b1111 *
b1111 Y
b1111 n
1,
1?
b10111110 +
b10111110 Z
b10111110 o
b10111110 >
b10111110 O
b10111110 j
01
#4495000
b1 c
b10111111 A
b10111111 s
b10111111 -
b10111111 [
b10111111 h
b10111111 x
b10111110 R
b10111110 m
b10111110 q
11
#4500000
b0 *
b0 Y
b0 n
0,
b10111111 {
b10111111 z
0?
01
#4505000
11
#4510000
b1111 *
b1111 Y
b1111 n
1,
1?
b10111111 +
b10111111 Z
b10111111 o
b10111111 >
b10111111 O
b10111111 j
01
#4515000
b1 c
b11000000 A
b11000000 s
b11000000 -
b11000000 [
b11000000 h
b11000000 x
b10111111 R
b10111111 m
b10111111 q
11
#4520000
b0 *
b0 Y
b0 n
0,
b11000000 {
b11000000 z
0?
01
#4525000
11
#4530000
b1111 *
b1111 Y
b1111 n
1,
1?
b11000000 +
b11000000 Z
b11000000 o
b11000000 >
b11000000 O
b11000000 j
01
#4535000
b1 c
b11000001 A
b11000001 s
b11000001 -
b11000001 [
b11000001 h
b11000001 x
b11000000 R
b11000000 m
b11000000 q
11
#4540000
b0 *
b0 Y
b0 n
0,
b11000001 {
b11000001 z
0?
01
#4545000
11
#4550000
b1111 *
b1111 Y
b1111 n
1,
1?
b11000001 +
b11000001 Z
b11000001 o
b11000001 >
b11000001 O
b11000001 j
01
#4555000
b1 c
b11000010 A
b11000010 s
b11000010 -
b11000010 [
b11000010 h
b11000010 x
b11000001 R
b11000001 m
b11000001 q
11
#4560000
b0 *
b0 Y
b0 n
0,
b11000010 {
b11000010 z
0?
01
#4565000
11
#4570000
b1111 *
b1111 Y
b1111 n
1,
1?
b11000010 +
b11000010 Z
b11000010 o
b11000010 >
b11000010 O
b11000010 j
01
#4575000
b1 c
b11000011 A
b11000011 s
b11000011 -
b11000011 [
b11000011 h
b11000011 x
b11000010 R
b11000010 m
b11000010 q
11
#4580000
b0 *
b0 Y
b0 n
0,
b11000011 {
b11000011 z
0?
01
#4585000
11
#4590000
b1111 *
b1111 Y
b1111 n
1,
1?
b11000011 +
b11000011 Z
b11000011 o
b11000011 >
b11000011 O
b11000011 j
01
#4595000
b1 c
b11000100 A
b11000100 s
b11000100 -
b11000100 [
b11000100 h
b11000100 x
b11000011 R
b11000011 m
b11000011 q
11
#4600000
b0 *
b0 Y
b0 n
0,
b11000100 {
b11000100 z
0?
01
#4605000
11
#4610000
b1111 *
b1111 Y
b1111 n
1,
1?
b11000100 +
b11000100 Z
b11000100 o
b11000100 >
b11000100 O
b11000100 j
01
#4615000
b1 c
b11000101 A
b11000101 s
b11000101 -
b11000101 [
b11000101 h
b11000101 x
b11000100 R
b11000100 m
b11000100 q
11
#4620000
b0 *
b0 Y
b0 n
0,
b11000101 {
b11000101 z
0?
01
#4625000
11
#4630000
b1111 *
b1111 Y
b1111 n
1,
1?
b11000101 +
b11000101 Z
b11000101 o
b11000101 >
b11000101 O
b11000101 j
01
#4635000
b1 c
b11000110 A
b11000110 s
b11000110 -
b11000110 [
b11000110 h
b11000110 x
b11000101 R
b11000101 m
b11000101 q
11
#4640000
b0 *
b0 Y
b0 n
0,
b11000110 {
b11000110 z
0?
01
#4645000
11
#4650000
b1111 *
b1111 Y
b1111 n
1,
1?
b11000110 +
b11000110 Z
b11000110 o
b11000110 >
b11000110 O
b11000110 j
01
#4655000
b1 c
b11000111 A
b11000111 s
b11000111 -
b11000111 [
b11000111 h
b11000111 x
b11000110 R
b11000110 m
b11000110 q
11
#4660000
b0 *
b0 Y
b0 n
0,
b11000111 {
b11000111 z
0?
01
#4665000
11
#4670000
b1111 *
b1111 Y
b1111 n
1,
1?
b11000111 +
b11000111 Z
b11000111 o
b11000111 >
b11000111 O
b11000111 j
01
#4675000
b1 c
b11001000 A
b11001000 s
b11001000 -
b11001000 [
b11001000 h
b11001000 x
b11000111 R
b11000111 m
b11000111 q
11
#4680000
b0 *
b0 Y
b0 n
0,
b11001000 {
b11001000 z
0?
01
#4685000
11
#4690000
b1111 *
b1111 Y
b1111 n
1,
1?
b11001000 +
b11001000 Z
b11001000 o
b11001000 >
b11001000 O
b11001000 j
01
#4695000
b1 c
b11001001 A
b11001001 s
b11001001 -
b11001001 [
b11001001 h
b11001001 x
b11001000 R
b11001000 m
b11001000 q
11
#4700000
b0 *
b0 Y
b0 n
0,
b11001001 {
b11001001 z
0?
01
#4705000
11
#4710000
b1111 *
b1111 Y
b1111 n
1,
1?
b11001001 +
b11001001 Z
b11001001 o
b11001001 >
b11001001 O
b11001001 j
01
#4715000
b1 c
b11001010 A
b11001010 s
b11001010 -
b11001010 [
b11001010 h
b11001010 x
b11001001 R
b11001001 m
b11001001 q
11
#4720000
b0 *
b0 Y
b0 n
0,
b11001010 {
b11001010 z
0?
01
#4725000
11
#4730000
b1111 *
b1111 Y
b1111 n
1,
1?
b11001010 +
b11001010 Z
b11001010 o
b11001010 >
b11001010 O
b11001010 j
01
#4735000
b1 c
b11001011 A
b11001011 s
b11001011 -
b11001011 [
b11001011 h
b11001011 x
b11001010 R
b11001010 m
b11001010 q
11
#4740000
b0 *
b0 Y
b0 n
0,
b11001011 {
b11001011 z
0?
01
#4745000
11
#4750000
b1111 *
b1111 Y
b1111 n
1,
1?
b11001011 +
b11001011 Z
b11001011 o
b11001011 >
b11001011 O
b11001011 j
01
#4755000
b1 c
b11001100 A
b11001100 s
b11001100 -
b11001100 [
b11001100 h
b11001100 x
b11001011 R
b11001011 m
b11001011 q
11
#4760000
b0 *
b0 Y
b0 n
0,
b11001100 {
b11001100 z
0?
01
#4765000
11
#4770000
b1111 *
b1111 Y
b1111 n
1,
1?
b11001100 +
b11001100 Z
b11001100 o
b11001100 >
b11001100 O
b11001100 j
01
#4775000
b1 c
b11001101 A
b11001101 s
b11001101 -
b11001101 [
b11001101 h
b11001101 x
b11001100 R
b11001100 m
b11001100 q
11
#4780000
b0 *
b0 Y
b0 n
0,
b11001101 {
b11001101 z
0?
01
#4785000
11
#4790000
b1111 *
b1111 Y
b1111 n
1,
1?
b11001101 +
b11001101 Z
b11001101 o
b11001101 >
b11001101 O
b11001101 j
01
#4795000
b1 c
b11001110 A
b11001110 s
b11001110 -
b11001110 [
b11001110 h
b11001110 x
b11001101 R
b11001101 m
b11001101 q
11
#4800000
b0 *
b0 Y
b0 n
0,
b11001110 {
b11001110 z
0?
01
#4805000
11
#4810000
b1111 *
b1111 Y
b1111 n
1,
1?
b11001110 +
b11001110 Z
b11001110 o
b11001110 >
b11001110 O
b11001110 j
01
#4815000
b1 c
b11001111 A
b11001111 s
b11001111 -
b11001111 [
b11001111 h
b11001111 x
b11001110 R
b11001110 m
b11001110 q
11
#4820000
b0 *
b0 Y
b0 n
0,
b11001111 {
b11001111 z
0?
01
#4825000
11
#4830000
b1111 *
b1111 Y
b1111 n
1,
1?
b11001111 +
b11001111 Z
b11001111 o
b11001111 >
b11001111 O
b11001111 j
01
#4835000
b1 c
b11010000 A
b11010000 s
b11010000 -
b11010000 [
b11010000 h
b11010000 x
b11001111 R
b11001111 m
b11001111 q
11
#4840000
b0 *
b0 Y
b0 n
0,
b11010000 {
b11010000 z
0?
01
#4845000
11
#4850000
b1111 *
b1111 Y
b1111 n
1,
1?
b11010000 +
b11010000 Z
b11010000 o
b11010000 >
b11010000 O
b11010000 j
01
#4855000
b1 c
b11010001 A
b11010001 s
b11010001 -
b11010001 [
b11010001 h
b11010001 x
b11010000 R
b11010000 m
b11010000 q
11
#4860000
b0 *
b0 Y
b0 n
0,
b11010001 {
b11010001 z
0?
01
#4865000
11
#4870000
b1111 *
b1111 Y
b1111 n
1,
1?
b11010001 +
b11010001 Z
b11010001 o
b11010001 >
b11010001 O
b11010001 j
01
#4875000
b1 c
b11010010 A
b11010010 s
b11010010 -
b11010010 [
b11010010 h
b11010010 x
b11010001 R
b11010001 m
b11010001 q
11
#4880000
b0 *
b0 Y
b0 n
0,
b11010010 {
b11010010 z
0?
01
#4885000
11
#4890000
b1111 *
b1111 Y
b1111 n
1,
1?
b11010010 +
b11010010 Z
b11010010 o
b11010010 >
b11010010 O
b11010010 j
01
#4895000
b1 c
b11010011 A
b11010011 s
b11010011 -
b11010011 [
b11010011 h
b11010011 x
b11010010 R
b11010010 m
b11010010 q
11
#4900000
b0 *
b0 Y
b0 n
0,
b11010011 {
b11010011 z
0?
01
#4905000
11
#4910000
b1111 *
b1111 Y
b1111 n
1,
1?
b11010011 +
b11010011 Z
b11010011 o
b11010011 >
b11010011 O
b11010011 j
01
#4915000
b1 c
b11010100 A
b11010100 s
b11010100 -
b11010100 [
b11010100 h
b11010100 x
b11010011 R
b11010011 m
b11010011 q
11
#4920000
b0 *
b0 Y
b0 n
0,
b11010100 {
b11010100 z
0?
01
#4925000
11
#4930000
b1111 *
b1111 Y
b1111 n
1,
1?
b11010100 +
b11010100 Z
b11010100 o
b11010100 >
b11010100 O
b11010100 j
01
#4935000
b1 c
b11010101 A
b11010101 s
b11010101 -
b11010101 [
b11010101 h
b11010101 x
b11010100 R
b11010100 m
b11010100 q
11
#4940000
b0 *
b0 Y
b0 n
0,
b11010101 {
b11010101 z
0?
01
#4945000
11
#4950000
b1111 *
b1111 Y
b1111 n
1,
1?
b11010101 +
b11010101 Z
b11010101 o
b11010101 >
b11010101 O
b11010101 j
01
#4955000
b1 c
b11010110 A
b11010110 s
b11010110 -
b11010110 [
b11010110 h
b11010110 x
b11010101 R
b11010101 m
b11010101 q
11
#4960000
b0 *
b0 Y
b0 n
0,
b11010110 {
b11010110 z
0?
01
#4965000
11
#4970000
b1111 *
b1111 Y
b1111 n
1,
1?
b11010110 +
b11010110 Z
b11010110 o
b11010110 >
b11010110 O
b11010110 j
01
#4975000
b1 c
b11010111 A
b11010111 s
b11010111 -
b11010111 [
b11010111 h
b11010111 x
b11010110 R
b11010110 m
b11010110 q
11
#4980000
b0 *
b0 Y
b0 n
0,
b11010111 {
b11010111 z
0?
01
#4985000
11
#4990000
b1111 *
b1111 Y
b1111 n
1,
1?
b11010111 +
b11010111 Z
b11010111 o
b11010111 >
b11010111 O
b11010111 j
01
#4995000
b1 c
b11011000 A
b11011000 s
b11011000 -
b11011000 [
b11011000 h
b11011000 x
b11010111 R
b11010111 m
b11010111 q
11
#5000000
b0 *
b0 Y
b0 n
0,
b11011000 {
b11011000 z
0?
01
#5005000
11
#5010000
b1111 *
b1111 Y
b1111 n
1,
1?
b11011000 +
b11011000 Z
b11011000 o
b11011000 >
b11011000 O
b11011000 j
01
#5015000
b1 c
b11011001 A
b11011001 s
b11011001 -
b11011001 [
b11011001 h
b11011001 x
b11011000 R
b11011000 m
b11011000 q
11
#5020000
b0 *
b0 Y
b0 n
0,
b11011001 {
b11011001 z
0?
01
#5025000
11
#5030000
b1111 *
b1111 Y
b1111 n
1,
1?
b11011001 +
b11011001 Z
b11011001 o
b11011001 >
b11011001 O
b11011001 j
01
#5035000
b1 c
b11011010 A
b11011010 s
b11011010 -
b11011010 [
b11011010 h
b11011010 x
b11011001 R
b11011001 m
b11011001 q
11
#5040000
b0 *
b0 Y
b0 n
0,
b11011010 {
b11011010 z
0?
01
#5045000
11
#5050000
b1111 *
b1111 Y
b1111 n
1,
1?
b11011010 +
b11011010 Z
b11011010 o
b11011010 >
b11011010 O
b11011010 j
01
#5055000
b1 c
b11011011 A
b11011011 s
b11011011 -
b11011011 [
b11011011 h
b11011011 x
b11011010 R
b11011010 m
b11011010 q
11
#5060000
b0 *
b0 Y
b0 n
0,
b11011011 {
b11011011 z
0?
01
#5065000
11
#5070000
b1111 *
b1111 Y
b1111 n
1,
1?
b11011011 +
b11011011 Z
b11011011 o
b11011011 >
b11011011 O
b11011011 j
01
#5075000
b1 c
b11011100 A
b11011100 s
b11011100 -
b11011100 [
b11011100 h
b11011100 x
b11011011 R
b11011011 m
b11011011 q
11
#5080000
b0 *
b0 Y
b0 n
0,
b11011100 {
b11011100 z
0?
01
#5085000
11
#5090000
b1111 *
b1111 Y
b1111 n
1,
1?
b11011100 +
b11011100 Z
b11011100 o
b11011100 >
b11011100 O
b11011100 j
01
#5095000
b1 c
b11011101 A
b11011101 s
b11011101 -
b11011101 [
b11011101 h
b11011101 x
b11011100 R
b11011100 m
b11011100 q
11
#5100000
b0 *
b0 Y
b0 n
0,
b11011101 {
b11011101 z
0?
01
#5105000
11
#5110000
b1111 *
b1111 Y
b1111 n
1,
1?
b11011101 +
b11011101 Z
b11011101 o
b11011101 >
b11011101 O
b11011101 j
01
#5115000
b1 c
b11011110 A
b11011110 s
b11011110 -
b11011110 [
b11011110 h
b11011110 x
b11011101 R
b11011101 m
b11011101 q
11
#5120000
b0 *
b0 Y
b0 n
0,
b11011110 {
b11011110 z
0?
01
#5125000
11
#5130000
b1111 *
b1111 Y
b1111 n
1,
1?
b11011110 +
b11011110 Z
b11011110 o
b11011110 >
b11011110 O
b11011110 j
01
#5135000
b1 c
b11011111 A
b11011111 s
b11011111 -
b11011111 [
b11011111 h
b11011111 x
b11011110 R
b11011110 m
b11011110 q
11
#5140000
b0 *
b0 Y
b0 n
0,
b11011111 {
b11011111 z
0?
01
#5145000
11
#5150000
b1111 *
b1111 Y
b1111 n
1,
1?
b11011111 +
b11011111 Z
b11011111 o
b11011111 >
b11011111 O
b11011111 j
01
#5155000
b1 c
b11100000 A
b11100000 s
b11100000 -
b11100000 [
b11100000 h
b11100000 x
b11011111 R
b11011111 m
b11011111 q
11
#5160000
b0 *
b0 Y
b0 n
0,
b11100000 {
b11100000 z
0?
01
#5165000
11
#5170000
b1111 *
b1111 Y
b1111 n
1,
1?
b11100000 +
b11100000 Z
b11100000 o
b11100000 >
b11100000 O
b11100000 j
01
#5175000
b1 c
b11100001 A
b11100001 s
b11100001 -
b11100001 [
b11100001 h
b11100001 x
b11100000 R
b11100000 m
b11100000 q
11
#5180000
b0 *
b0 Y
b0 n
0,
b11100001 {
b11100001 z
0?
01
#5185000
11
#5190000
b1111 *
b1111 Y
b1111 n
1,
1?
b11100001 +
b11100001 Z
b11100001 o
b11100001 >
b11100001 O
b11100001 j
01
#5195000
b1 c
b11100010 A
b11100010 s
b11100010 -
b11100010 [
b11100010 h
b11100010 x
b11100001 R
b11100001 m
b11100001 q
11
#5200000
b0 *
b0 Y
b0 n
0,
b11100010 {
b11100010 z
0?
01
#5205000
11
#5210000
b1111 *
b1111 Y
b1111 n
1,
1?
b11100010 +
b11100010 Z
b11100010 o
b11100010 >
b11100010 O
b11100010 j
01
#5215000
b1 c
b11100011 A
b11100011 s
b11100011 -
b11100011 [
b11100011 h
b11100011 x
b11100010 R
b11100010 m
b11100010 q
11
#5220000
b0 *
b0 Y
b0 n
0,
b11100011 {
b11100011 z
0?
01
#5225000
11
#5230000
b1111 *
b1111 Y
b1111 n
1,
1?
b11100011 +
b11100011 Z
b11100011 o
b11100011 >
b11100011 O
b11100011 j
01
#5235000
b1 c
b11100100 A
b11100100 s
b11100100 -
b11100100 [
b11100100 h
b11100100 x
b11100011 R
b11100011 m
b11100011 q
11
#5240000
b0 *
b0 Y
b0 n
0,
b11100100 {
b11100100 z
0?
01
#5245000
11
#5250000
b1111 *
b1111 Y
b1111 n
1,
1?
b11100100 +
b11100100 Z
b11100100 o
b11100100 >
b11100100 O
b11100100 j
01
#5255000
b1 c
b11100101 A
b11100101 s
b11100101 -
b11100101 [
b11100101 h
b11100101 x
b11100100 R
b11100100 m
b11100100 q
11
#5260000
b0 *
b0 Y
b0 n
0,
b11100101 {
b11100101 z
0?
01
#5265000
11
#5270000
b1111 *
b1111 Y
b1111 n
1,
1?
b11100101 +
b11100101 Z
b11100101 o
b11100101 >
b11100101 O
b11100101 j
01
#5275000
b1 c
b11100110 A
b11100110 s
b11100110 -
b11100110 [
b11100110 h
b11100110 x
b11100101 R
b11100101 m
b11100101 q
11
#5280000
b0 *
b0 Y
b0 n
0,
b11100110 {
b11100110 z
0?
01
#5285000
11
#5290000
b1111 *
b1111 Y
b1111 n
1,
1?
b11100110 +
b11100110 Z
b11100110 o
b11100110 >
b11100110 O
b11100110 j
01
#5295000
b1 c
b11100111 A
b11100111 s
b11100111 -
b11100111 [
b11100111 h
b11100111 x
b11100110 R
b11100110 m
b11100110 q
11
#5300000
b0 *
b0 Y
b0 n
0,
b11100111 {
b11100111 z
0?
01
#5305000
11
#5310000
b1111 *
b1111 Y
b1111 n
1,
1?
b11100111 +
b11100111 Z
b11100111 o
b11100111 >
b11100111 O
b11100111 j
01
#5315000
b1 c
b11101000 A
b11101000 s
b11101000 -
b11101000 [
b11101000 h
b11101000 x
b11100111 R
b11100111 m
b11100111 q
11
#5320000
b0 *
b0 Y
b0 n
0,
b11101000 {
b11101000 z
0?
01
#5325000
11
#5330000
b1111 *
b1111 Y
b1111 n
1,
1?
b11101000 +
b11101000 Z
b11101000 o
b11101000 >
b11101000 O
b11101000 j
01
#5335000
b1 c
b11101001 A
b11101001 s
b11101001 -
b11101001 [
b11101001 h
b11101001 x
b11101000 R
b11101000 m
b11101000 q
11
#5340000
b0 *
b0 Y
b0 n
0,
b11101001 {
b11101001 z
0?
01
#5345000
11
#5350000
b1111 *
b1111 Y
b1111 n
1,
1?
b11101001 +
b11101001 Z
b11101001 o
b11101001 >
b11101001 O
b11101001 j
01
#5355000
b1 c
b11101010 A
b11101010 s
b11101010 -
b11101010 [
b11101010 h
b11101010 x
b11101001 R
b11101001 m
b11101001 q
11
#5360000
b0 *
b0 Y
b0 n
0,
b11101010 {
b11101010 z
0?
01
#5365000
11
#5370000
b1111 *
b1111 Y
b1111 n
1,
1?
b11101010 +
b11101010 Z
b11101010 o
b11101010 >
b11101010 O
b11101010 j
01
#5375000
b1 c
b11101011 A
b11101011 s
b11101011 -
b11101011 [
b11101011 h
b11101011 x
b11101010 R
b11101010 m
b11101010 q
11
#5380000
b0 *
b0 Y
b0 n
0,
b11101011 {
b11101011 z
0?
01
#5385000
11
#5390000
b1111 *
b1111 Y
b1111 n
1,
1?
b11101011 +
b11101011 Z
b11101011 o
b11101011 >
b11101011 O
b11101011 j
01
#5395000
b1 c
b11101100 A
b11101100 s
b11101100 -
b11101100 [
b11101100 h
b11101100 x
b11101011 R
b11101011 m
b11101011 q
11
#5400000
b0 *
b0 Y
b0 n
0,
b11101100 {
b11101100 z
0?
01
#5405000
11
#5410000
b1111 *
b1111 Y
b1111 n
1,
1?
b11101100 +
b11101100 Z
b11101100 o
b11101100 >
b11101100 O
b11101100 j
01
#5415000
b1 c
b11101101 A
b11101101 s
b11101101 -
b11101101 [
b11101101 h
b11101101 x
b11101100 R
b11101100 m
b11101100 q
11
#5420000
b0 *
b0 Y
b0 n
0,
b11101101 {
b11101101 z
0?
01
#5425000
11
#5430000
b1111 *
b1111 Y
b1111 n
1,
1?
b11101101 +
b11101101 Z
b11101101 o
b11101101 >
b11101101 O
b11101101 j
01
#5435000
b1 c
b11101110 A
b11101110 s
b11101110 -
b11101110 [
b11101110 h
b11101110 x
b11101101 R
b11101101 m
b11101101 q
11
#5440000
b0 *
b0 Y
b0 n
0,
b11101110 {
b11101110 z
0?
01
#5445000
11
#5450000
b1111 *
b1111 Y
b1111 n
1,
1?
b11101110 +
b11101110 Z
b11101110 o
b11101110 >
b11101110 O
b11101110 j
01
#5455000
b1 c
b11101111 A
b11101111 s
b11101111 -
b11101111 [
b11101111 h
b11101111 x
b11101110 R
b11101110 m
b11101110 q
11
#5460000
b0 *
b0 Y
b0 n
0,
b11101111 {
b11101111 z
0?
01
#5465000
11
#5470000
b1111 *
b1111 Y
b1111 n
1,
1?
b11101111 +
b11101111 Z
b11101111 o
b11101111 >
b11101111 O
b11101111 j
01
#5475000
b1 c
b11110000 A
b11110000 s
b11110000 -
b11110000 [
b11110000 h
b11110000 x
b11101111 R
b11101111 m
b11101111 q
11
#5480000
b0 *
b0 Y
b0 n
0,
b11110000 {
b11110000 z
0?
01
#5485000
11
#5490000
b1111 *
b1111 Y
b1111 n
1,
1?
b11110000 +
b11110000 Z
b11110000 o
b11110000 >
b11110000 O
b11110000 j
01
#5495000
b1 c
b11110001 A
b11110001 s
b11110001 -
b11110001 [
b11110001 h
b11110001 x
b11110000 R
b11110000 m
b11110000 q
11
#5500000
b0 *
b0 Y
b0 n
0,
b11110001 {
b11110001 z
0?
01
#5505000
11
#5510000
b1111 *
b1111 Y
b1111 n
1,
1?
b11110001 +
b11110001 Z
b11110001 o
b11110001 >
b11110001 O
b11110001 j
01
#5515000
b1 c
b11110010 A
b11110010 s
b11110010 -
b11110010 [
b11110010 h
b11110010 x
b11110001 R
b11110001 m
b11110001 q
11
#5520000
b0 *
b0 Y
b0 n
0,
b11110010 {
b11110010 z
0?
01
#5525000
11
#5530000
b1111 *
b1111 Y
b1111 n
1,
1?
b11110010 +
b11110010 Z
b11110010 o
b11110010 >
b11110010 O
b11110010 j
01
#5535000
b1 c
b11110011 A
b11110011 s
b11110011 -
b11110011 [
b11110011 h
b11110011 x
b11110010 R
b11110010 m
b11110010 q
11
#5540000
b0 *
b0 Y
b0 n
0,
b11110011 {
b11110011 z
0?
01
#5545000
11
#5550000
b1111 *
b1111 Y
b1111 n
1,
1?
b11110011 +
b11110011 Z
b11110011 o
b11110011 >
b11110011 O
b11110011 j
01
#5555000
b1 c
b11110100 A
b11110100 s
b11110100 -
b11110100 [
b11110100 h
b11110100 x
b11110011 R
b11110011 m
b11110011 q
11
#5560000
b0 *
b0 Y
b0 n
0,
b11110100 {
b11110100 z
0?
01
#5565000
11
#5570000
b1111 *
b1111 Y
b1111 n
1,
1?
b11110100 +
b11110100 Z
b11110100 o
b11110100 >
b11110100 O
b11110100 j
01
#5575000
b1 c
b11110101 A
b11110101 s
b11110101 -
b11110101 [
b11110101 h
b11110101 x
b11110100 R
b11110100 m
b11110100 q
11
#5580000
b0 *
b0 Y
b0 n
0,
b11110101 {
b11110101 z
0?
01
#5585000
11
#5590000
b1111 *
b1111 Y
b1111 n
1,
1?
b11110101 +
b11110101 Z
b11110101 o
b11110101 >
b11110101 O
b11110101 j
01
#5595000
b1 c
b11110110 A
b11110110 s
b11110110 -
b11110110 [
b11110110 h
b11110110 x
b11110101 R
b11110101 m
b11110101 q
11
#5600000
b0 *
b0 Y
b0 n
0,
b11110110 {
b11110110 z
0?
01
#5605000
11
#5610000
b1111 *
b1111 Y
b1111 n
1,
1?
b11110110 +
b11110110 Z
b11110110 o
b11110110 >
b11110110 O
b11110110 j
01
#5615000
b1 c
b11110111 A
b11110111 s
b11110111 -
b11110111 [
b11110111 h
b11110111 x
b11110110 R
b11110110 m
b11110110 q
11
#5620000
b0 *
b0 Y
b0 n
0,
b11110111 {
b11110111 z
0?
01
#5625000
11
#5630000
b1111 *
b1111 Y
b1111 n
1,
1?
b11110111 +
b11110111 Z
b11110111 o
b11110111 >
b11110111 O
b11110111 j
01
#5635000
b1 c
b11111000 A
b11111000 s
b11111000 -
b11111000 [
b11111000 h
b11111000 x
b11110111 R
b11110111 m
b11110111 q
11
#5640000
b0 *
b0 Y
b0 n
0,
b11111000 {
b11111000 z
0?
01
#5645000
11
#5650000
b1111 *
b1111 Y
b1111 n
1,
1?
b11111000 +
b11111000 Z
b11111000 o
b11111000 >
b11111000 O
b11111000 j
01
#5655000
b1 c
b11111001 A
b11111001 s
b11111001 -
b11111001 [
b11111001 h
b11111001 x
b11111000 R
b11111000 m
b11111000 q
11
#5660000
b0 *
b0 Y
b0 n
0,
b11111001 {
b11111001 z
0?
01
#5665000
11
#5670000
b1111 *
b1111 Y
b1111 n
1,
1?
b11111001 +
b11111001 Z
b11111001 o
b11111001 >
b11111001 O
b11111001 j
01
#5675000
b1 c
b11111010 A
b11111010 s
b11111010 -
b11111010 [
b11111010 h
b11111010 x
b11111001 R
b11111001 m
b11111001 q
11
#5680000
b0 *
b0 Y
b0 n
0,
b11111010 {
b11111010 z
0?
01
#5685000
11
#5690000
b1111 *
b1111 Y
b1111 n
1,
1?
b11111010 +
b11111010 Z
b11111010 o
b11111010 >
b11111010 O
b11111010 j
01
#5695000
b1 c
b11111011 A
b11111011 s
b11111011 -
b11111011 [
b11111011 h
b11111011 x
b11111010 R
b11111010 m
b11111010 q
11
#5700000
b0 *
b0 Y
b0 n
0,
b11111011 {
b11111011 z
0?
01
#5705000
11
#5710000
b1111 *
b1111 Y
b1111 n
1,
1?
b11111011 +
b11111011 Z
b11111011 o
b11111011 >
b11111011 O
b11111011 j
01
#5715000
b1 c
b11111100 A
b11111100 s
b11111100 -
b11111100 [
b11111100 h
b11111100 x
b11111011 R
b11111011 m
b11111011 q
11
#5720000
b0 *
b0 Y
b0 n
0,
b11111100 {
b11111100 z
0?
01
#5725000
11
#5730000
b1111 *
b1111 Y
b1111 n
1,
1?
b11111100 +
b11111100 Z
b11111100 o
b11111100 >
b11111100 O
b11111100 j
01
#5735000
b1 c
b11111101 A
b11111101 s
b11111101 -
b11111101 [
b11111101 h
b11111101 x
b11111100 R
b11111100 m
b11111100 q
11
#5740000
b0 *
b0 Y
b0 n
0,
b11111101 {
b11111101 z
0?
01
#5745000
11
#5750000
b1111 *
b1111 Y
b1111 n
1,
1?
b11111101 +
b11111101 Z
b11111101 o
b11111101 >
b11111101 O
b11111101 j
01
#5755000
b1 c
b11111110 A
b11111110 s
b11111110 -
b11111110 [
b11111110 h
b11111110 x
b11111101 R
b11111101 m
b11111101 q
11
#5760000
b0 *
b0 Y
b0 n
0,
b11111110 {
b11111110 z
0?
01
#5765000
11
#5770000
b1111 *
b1111 Y
b1111 n
1,
1?
b11111110 +
b11111110 Z
b11111110 o
b11111110 >
b11111110 O
b11111110 j
01
#5775000
b1 c
b11111111 A
b11111111 s
b11111111 -
b11111111 [
b11111111 h
b11111111 x
b11111110 R
b11111110 m
b11111110 q
11
#5780000
b0 *
b0 Y
b0 n
0,
b11111111 {
b11111111 z
0?
01
#5785000
11
#5790000
b1111 *
b1111 Y
b1111 n
1,
1?
b11111111 +
b11111111 Z
b11111111 o
b11111111 >
b11111111 O
b11111111 j
01
#5795000
b1 c
b100000000 A
b100000000 s
b100000000 -
b100000000 [
b100000000 h
b100000000 x
b11111111 R
b11111111 m
b11111111 q
11
#5800000
b0 *
b0 Y
b0 n
0,
b100000000 {
b100000000 z
0?
01
#5805000
11
#5810000
b1111 *
b1111 Y
b1111 n
1,
1?
b0 +
b0 Z
b0 o
b0 >
b0 O
b0 j
01
#5815000
b1 c
b100000001 A
b100000001 s
b100000001 -
b100000001 [
b100000001 h
b100000001 x
b100000000 R
b100000000 m
b100000000 q
11
#5820000
b0 *
b0 Y
b0 n
0,
b100000001 {
b100000001 z
0?
01
#5825000
11
#5830000
b1111 *
b1111 Y
b1111 n
1,
1?
b1 +
b1 Z
b1 o
b1 >
b1 O
b1 j
01
#5835000
b1 c
b100000010 A
b100000010 s
b100000010 -
b100000010 [
b100000010 h
b100000010 x
b100000001 R
b100000001 m
b100000001 q
11
#5840000
b0 *
b0 Y
b0 n
0,
b100000010 {
b100000010 z
0?
01
#5845000
11
#5850000
b1111 *
b1111 Y
b1111 n
1,
1?
b10 +
b10 Z
b10 o
b10 >
b10 O
b10 j
01
#5855000
b1 c
b100000011 A
b100000011 s
b100000011 -
b100000011 [
b100000011 h
b100000011 x
b100000010 R
b100000010 m
b100000010 q
11
#5860000
b0 *
b0 Y
b0 n
0,
b100000011 {
b100000011 z
0?
01
#5865000
11
#5870000
b1111 *
b1111 Y
b1111 n
1,
1?
b11 +
b11 Z
b11 o
b11 >
b11 O
b11 j
01
#5875000
b1 c
b100000100 A
b100000100 s
b100000100 -
b100000100 [
b100000100 h
b100000100 x
b100000011 R
b100000011 m
b100000011 q
11
#5880000
b0 *
b0 Y
b0 n
0,
b100000100 {
b100000100 z
0?
01
#5885000
11
#5890000
b1111 *
b1111 Y
b1111 n
1,
1?
b100 +
b100 Z
b100 o
b100 >
b100 O
b100 j
01
#5895000
b1 c
b100000101 A
b100000101 s
b100000101 -
b100000101 [
b100000101 h
b100000101 x
b100000100 R
b100000100 m
b100000100 q
11
#5900000
b0 *
b0 Y
b0 n
0,
b100000101 {
b100000101 z
0?
01
#5905000
11
#5910000
b1111 *
b1111 Y
b1111 n
1,
1?
b101 +
b101 Z
b101 o
b101 >
b101 O
b101 j
01
#5915000
b1 c
b100000110 A
b100000110 s
b100000110 -
b100000110 [
b100000110 h
b100000110 x
b100000101 R
b100000101 m
b100000101 q
11
#5920000
b0 *
b0 Y
b0 n
0,
b100000110 {
b100000110 z
0?
01
#5925000
11
#5930000
b1111 *
b1111 Y
b1111 n
1,
1?
b110 +
b110 Z
b110 o
b110 >
b110 O
b110 j
01
#5935000
b1 c
b100000111 A
b100000111 s
b100000111 -
b100000111 [
b100000111 h
b100000111 x
b100000110 R
b100000110 m
b100000110 q
11
#5940000
b0 *
b0 Y
b0 n
0,
b100000111 {
b100000111 z
0?
01
#5945000
11
#5950000
b1111 *
b1111 Y
b1111 n
1,
1?
b111 +
b111 Z
b111 o
b111 >
b111 O
b111 j
01
#5955000
b1 c
b100001000 A
b100001000 s
b100001000 -
b100001000 [
b100001000 h
b100001000 x
b100000111 R
b100000111 m
b100000111 q
11
#5960000
b0 *
b0 Y
b0 n
0,
b100001000 {
b100001000 z
0?
01
#5965000
11
#5970000
b1111 *
b1111 Y
b1111 n
1,
1?
b1000 +
b1000 Z
b1000 o
b1000 >
b1000 O
b1000 j
01
#5975000
b1 c
b100001001 A
b100001001 s
b100001001 -
b100001001 [
b100001001 h
b100001001 x
b100001000 R
b100001000 m
b100001000 q
11
#5980000
b0 *
b0 Y
b0 n
0,
b100001001 {
b100001001 z
0?
01
#5985000
11
#5990000
b1111 *
b1111 Y
b1111 n
1,
1?
b1001 +
b1001 Z
b1001 o
b1001 >
b1001 O
b1001 j
01
#5995000
b1 c
b100001010 A
b100001010 s
b100001010 -
b100001010 [
b100001010 h
b100001010 x
b100001001 R
b100001001 m
b100001001 q
11
#6000000
b0 *
b0 Y
b0 n
0,
b100001010 {
b100001010 z
0?
01
#6005000
11
#6010000
b1111 *
b1111 Y
b1111 n
1,
1?
b1010 +
b1010 Z
b1010 o
b1010 >
b1010 O
b1010 j
01
#6015000
b1 c
b100001011 A
b100001011 s
b100001011 -
b100001011 [
b100001011 h
b100001011 x
b100001010 R
b100001010 m
b100001010 q
11
#6020000
b0 *
b0 Y
b0 n
0,
b100001011 {
b100001011 z
0?
01
#6025000
11
#6030000
b1111 *
b1111 Y
b1111 n
1,
1?
b1011 +
b1011 Z
b1011 o
b1011 >
b1011 O
b1011 j
01
#6035000
b1 c
b100001100 A
b100001100 s
b100001100 -
b100001100 [
b100001100 h
b100001100 x
b100001011 R
b100001011 m
b100001011 q
11
#6040000
b0 *
b0 Y
b0 n
0,
b100001100 {
b100001100 z
0?
01
#6045000
11
#6050000
b1111 *
b1111 Y
b1111 n
1,
1?
b1100 +
b1100 Z
b1100 o
b1100 >
b1100 O
b1100 j
01
#6055000
b1 c
b100001101 A
b100001101 s
b100001101 -
b100001101 [
b100001101 h
b100001101 x
b100001100 R
b100001100 m
b100001100 q
11
#6060000
b0 *
b0 Y
b0 n
0,
b100001101 {
b100001101 z
0?
01
#6065000
11
#6070000
b1111 *
b1111 Y
b1111 n
1,
1?
b1101 +
b1101 Z
b1101 o
b1101 >
b1101 O
b1101 j
01
#6075000
b1 c
b100001110 A
b100001110 s
b100001110 -
b100001110 [
b100001110 h
b100001110 x
b100001101 R
b100001101 m
b100001101 q
11
#6080000
b0 *
b0 Y
b0 n
0,
b100001110 {
b100001110 z
0?
01
#6085000
11
#6090000
b1111 *
b1111 Y
b1111 n
1,
1?
b1110 +
b1110 Z
b1110 o
b1110 >
b1110 O
b1110 j
01
#6095000
b1 c
b100001111 A
b100001111 s
b100001111 -
b100001111 [
b100001111 h
b100001111 x
b100001110 R
b100001110 m
b100001110 q
11
#6100000
b0 *
b0 Y
b0 n
0,
b100001111 {
b100001111 z
0?
01
#6105000
11
#6110000
b1111 *
b1111 Y
b1111 n
1,
1?
b1111 +
b1111 Z
b1111 o
b1111 >
b1111 O
b1111 j
01
#6115000
b1 c
b100010000 A
b100010000 s
b100010000 -
b100010000 [
b100010000 h
b100010000 x
b100001111 R
b100001111 m
b100001111 q
11
#6120000
b0 *
b0 Y
b0 n
0,
b100010000 {
b100010000 z
0?
01
#6125000
11
#6130000
b1111 *
b1111 Y
b1111 n
1,
1?
b10000 +
b10000 Z
b10000 o
b10000 >
b10000 O
b10000 j
01
#6135000
b1 c
b100010001 A
b100010001 s
b100010001 -
b100010001 [
b100010001 h
b100010001 x
b100010000 R
b100010000 m
b100010000 q
11
#6140000
b0 *
b0 Y
b0 n
0,
b100010001 {
b100010001 z
0?
01
#6145000
11
#6150000
b1111 *
b1111 Y
b1111 n
1,
1?
b10001 +
b10001 Z
b10001 o
b10001 >
b10001 O
b10001 j
01
#6155000
b1 c
b100010010 A
b100010010 s
b100010010 -
b100010010 [
b100010010 h
b100010010 x
b100010001 R
b100010001 m
b100010001 q
11
#6160000
b0 *
b0 Y
b0 n
0,
b100010010 {
b100010010 z
0?
01
#6165000
11
#6170000
b1111 *
b1111 Y
b1111 n
1,
1?
b10010 +
b10010 Z
b10010 o
b10010 >
b10010 O
b10010 j
01
#6175000
b1 c
b100010011 A
b100010011 s
b100010011 -
b100010011 [
b100010011 h
b100010011 x
b100010010 R
b100010010 m
b100010010 q
11
#6180000
b0 *
b0 Y
b0 n
0,
b100010011 {
b100010011 z
0?
01
#6185000
11
#6190000
b1111 *
b1111 Y
b1111 n
1,
1?
b10011 +
b10011 Z
b10011 o
b10011 >
b10011 O
b10011 j
01
#6195000
b1 c
b100010100 A
b100010100 s
b100010100 -
b100010100 [
b100010100 h
b100010100 x
b100010011 R
b100010011 m
b100010011 q
11
#6200000
b0 *
b0 Y
b0 n
0,
b100010100 {
b100010100 z
0?
01
#6205000
11
#6210000
b1111 *
b1111 Y
b1111 n
1,
1?
b10100 +
b10100 Z
b10100 o
b10100 >
b10100 O
b10100 j
01
#6215000
b1 c
b100010101 A
b100010101 s
b100010101 -
b100010101 [
b100010101 h
b100010101 x
b100010100 R
b100010100 m
b100010100 q
11
#6220000
b0 *
b0 Y
b0 n
0,
b100010101 {
b100010101 z
0?
01
#6225000
11
#6230000
b1111 *
b1111 Y
b1111 n
1,
1?
b10101 +
b10101 Z
b10101 o
b10101 >
b10101 O
b10101 j
01
#6235000
b1 c
b100010110 A
b100010110 s
b100010110 -
b100010110 [
b100010110 h
b100010110 x
b100010101 R
b100010101 m
b100010101 q
11
#6240000
b0 *
b0 Y
b0 n
0,
b100010110 {
b100010110 z
0?
01
#6245000
11
#6250000
b1111 *
b1111 Y
b1111 n
1,
1?
b10110 +
b10110 Z
b10110 o
b10110 >
b10110 O
b10110 j
01
#6255000
b1 c
b100010111 A
b100010111 s
b100010111 -
b100010111 [
b100010111 h
b100010111 x
b100010110 R
b100010110 m
b100010110 q
11
#6260000
b0 *
b0 Y
b0 n
0,
b100010111 {
b100010111 z
0?
01
#6265000
11
#6270000
b1111 *
b1111 Y
b1111 n
1,
1?
b10111 +
b10111 Z
b10111 o
b10111 >
b10111 O
b10111 j
01
#6275000
b1 c
b100011000 A
b100011000 s
b100011000 -
b100011000 [
b100011000 h
b100011000 x
b100010111 R
b100010111 m
b100010111 q
11
#6280000
b0 *
b0 Y
b0 n
0,
b100011000 {
b100011000 z
0?
01
#6285000
11
#6290000
b1111 *
b1111 Y
b1111 n
1,
1?
b11000 +
b11000 Z
b11000 o
b11000 >
b11000 O
b11000 j
01
#6295000
b1 c
b100011001 A
b100011001 s
b100011001 -
b100011001 [
b100011001 h
b100011001 x
b100011000 R
b100011000 m
b100011000 q
11
#6300000
b0 *
b0 Y
b0 n
0,
b100011001 {
b100011001 z
0?
01
#6305000
11
#6310000
b1111 *
b1111 Y
b1111 n
1,
1?
b11001 +
b11001 Z
b11001 o
b11001 >
b11001 O
b11001 j
01
#6315000
b1 c
b100011010 A
b100011010 s
b100011010 -
b100011010 [
b100011010 h
b100011010 x
b100011001 R
b100011001 m
b100011001 q
11
#6320000
b0 *
b0 Y
b0 n
0,
b100011010 {
b100011010 z
0?
01
#6325000
11
#6330000
b1111 *
b1111 Y
b1111 n
1,
1?
b11010 +
b11010 Z
b11010 o
b11010 >
b11010 O
b11010 j
01
#6335000
b1 c
b100011011 A
b100011011 s
b100011011 -
b100011011 [
b100011011 h
b100011011 x
b100011010 R
b100011010 m
b100011010 q
11
#6340000
b0 *
b0 Y
b0 n
0,
b100011011 {
b100011011 z
0?
01
#6345000
11
#6350000
b1111 *
b1111 Y
b1111 n
1,
1?
b11011 +
b11011 Z
b11011 o
b11011 >
b11011 O
b11011 j
01
#6355000
b1 c
b100011100 A
b100011100 s
b100011100 -
b100011100 [
b100011100 h
b100011100 x
b100011011 R
b100011011 m
b100011011 q
11
#6360000
b0 *
b0 Y
b0 n
0,
b100011100 {
b100011100 z
0?
01
#6365000
11
#6370000
b1111 *
b1111 Y
b1111 n
1,
1?
b11100 +
b11100 Z
b11100 o
b11100 >
b11100 O
b11100 j
01
#6375000
b1 c
b100011101 A
b100011101 s
b100011101 -
b100011101 [
b100011101 h
b100011101 x
b100011100 R
b100011100 m
b100011100 q
11
#6380000
b0 *
b0 Y
b0 n
0,
b100011101 {
b100011101 z
0?
01
#6385000
11
#6390000
b1111 *
b1111 Y
b1111 n
1,
1?
b11101 +
b11101 Z
b11101 o
b11101 >
b11101 O
b11101 j
01
#6395000
b1 c
b100011110 A
b100011110 s
b100011110 -
b100011110 [
b100011110 h
b100011110 x
b100011101 R
b100011101 m
b100011101 q
11
#6400000
b0 *
b0 Y
b0 n
0,
b100011110 {
b100011110 z
0?
01
#6405000
11
#6410000
b1111 *
b1111 Y
b1111 n
1,
1?
b11110 +
b11110 Z
b11110 o
b11110 >
b11110 O
b11110 j
01
#6415000
b1 c
b100011111 A
b100011111 s
b100011111 -
b100011111 [
b100011111 h
b100011111 x
b100011110 R
b100011110 m
b100011110 q
11
#6420000
b0 *
b0 Y
b0 n
0,
b100011111 {
b100011111 z
0?
01
#6425000
11
#6430000
b1111 *
b1111 Y
b1111 n
1,
1?
b11111 +
b11111 Z
b11111 o
b11111 >
b11111 O
b11111 j
01
#6435000
b1 c
b100100000 A
b100100000 s
b100100000 -
b100100000 [
b100100000 h
b100100000 x
b100011111 R
b100011111 m
b100011111 q
11
#6440000
b0 *
b0 Y
b0 n
0,
b100100000 {
b100100000 z
0?
01
#6445000
11
#6450000
b1111 *
b1111 Y
b1111 n
1,
1?
b100000 +
b100000 Z
b100000 o
b100000 >
b100000 O
b100000 j
01
#6455000
b1 c
b100100001 A
b100100001 s
b100100001 -
b100100001 [
b100100001 h
b100100001 x
b100100000 R
b100100000 m
b100100000 q
11
#6460000
b0 *
b0 Y
b0 n
0,
b100100001 {
b100100001 z
0?
01
#6465000
11
#6470000
b1111 *
b1111 Y
b1111 n
1,
1?
b100001 +
b100001 Z
b100001 o
b100001 >
b100001 O
b100001 j
01
#6475000
b1 c
b100100010 A
b100100010 s
b100100010 -
b100100010 [
b100100010 h
b100100010 x
b100100001 R
b100100001 m
b100100001 q
11
#6480000
b0 *
b0 Y
b0 n
0,
b100100010 {
b100100010 z
0?
01
#6485000
11
#6490000
b1111 *
b1111 Y
b1111 n
1,
1?
b100010 +
b100010 Z
b100010 o
b100010 >
b100010 O
b100010 j
01
#6495000
b1 c
b100100011 A
b100100011 s
b100100011 -
b100100011 [
b100100011 h
b100100011 x
b100100010 R
b100100010 m
b100100010 q
11
#6500000
b0 *
b0 Y
b0 n
0,
b100100011 {
b100100011 z
0?
01
#6505000
11
#6510000
b1111 *
b1111 Y
b1111 n
1,
1?
b100011 +
b100011 Z
b100011 o
b100011 >
b100011 O
b100011 j
01
#6515000
b1 c
b100100100 A
b100100100 s
b100100100 -
b100100100 [
b100100100 h
b100100100 x
b100100011 R
b100100011 m
b100100011 q
11
#6520000
b0 *
b0 Y
b0 n
0,
b100100100 {
b100100100 z
0?
01
#6525000
11
#6530000
b1111 *
b1111 Y
b1111 n
1,
1?
b100100 +
b100100 Z
b100100 o
b100100 >
b100100 O
b100100 j
01
#6535000
b1 c
b100100101 A
b100100101 s
b100100101 -
b100100101 [
b100100101 h
b100100101 x
b100100100 R
b100100100 m
b100100100 q
11
#6540000
b0 *
b0 Y
b0 n
0,
b100100101 {
b100100101 z
0?
01
#6545000
11
#6550000
b1111 *
b1111 Y
b1111 n
1,
1?
b100101 +
b100101 Z
b100101 o
b100101 >
b100101 O
b100101 j
01
#6555000
b1 c
b100100110 A
b100100110 s
b100100110 -
b100100110 [
b100100110 h
b100100110 x
b100100101 R
b100100101 m
b100100101 q
11
#6560000
b0 *
b0 Y
b0 n
0,
b100100110 {
b100100110 z
0?
01
#6565000
11
#6570000
b1111 *
b1111 Y
b1111 n
1,
1?
b100110 +
b100110 Z
b100110 o
b100110 >
b100110 O
b100110 j
01
#6575000
b1 c
b100100111 A
b100100111 s
b100100111 -
b100100111 [
b100100111 h
b100100111 x
b100100110 R
b100100110 m
b100100110 q
11
#6580000
b0 *
b0 Y
b0 n
0,
b100100111 {
b100100111 z
0?
01
#6585000
11
#6590000
b1111 *
b1111 Y
b1111 n
1,
1?
b100111 +
b100111 Z
b100111 o
b100111 >
b100111 O
b100111 j
01
#6595000
b1 c
b100101000 A
b100101000 s
b100101000 -
b100101000 [
b100101000 h
b100101000 x
b100100111 R
b100100111 m
b100100111 q
11
#6600000
b0 *
b0 Y
b0 n
0,
b100101000 {
b100101000 z
0?
01
#6605000
11
#6610000
b1111 *
b1111 Y
b1111 n
1,
1?
b101000 +
b101000 Z
b101000 o
b101000 >
b101000 O
b101000 j
01
#6615000
b1 c
b100101001 A
b100101001 s
b100101001 -
b100101001 [
b100101001 h
b100101001 x
b100101000 R
b100101000 m
b100101000 q
11
#6620000
b0 *
b0 Y
b0 n
0,
b100101001 {
b100101001 z
0?
01
#6625000
11
#6630000
b1111 *
b1111 Y
b1111 n
1,
1?
b101001 +
b101001 Z
b101001 o
b101001 >
b101001 O
b101001 j
01
#6635000
b1 c
b100101010 A
b100101010 s
b100101010 -
b100101010 [
b100101010 h
b100101010 x
b100101001 R
b100101001 m
b100101001 q
11
#6640000
b0 *
b0 Y
b0 n
0,
b100101010 {
b100101010 z
0?
01
#6645000
11
#6650000
b1111 *
b1111 Y
b1111 n
1,
1?
b101010 +
b101010 Z
b101010 o
b101010 >
b101010 O
b101010 j
01
#6655000
b1 c
b100101011 A
b100101011 s
b100101011 -
b100101011 [
b100101011 h
b100101011 x
b100101010 R
b100101010 m
b100101010 q
11
#6660000
b0 *
b0 Y
b0 n
0,
b100101011 {
b100101011 z
0?
01
#6665000
11
#6670000
b1111 *
b1111 Y
b1111 n
1,
1?
b101011 +
b101011 Z
b101011 o
b101011 >
b101011 O
b101011 j
01
#6675000
b1 c
b100101100 A
b100101100 s
b100101100 -
b100101100 [
b100101100 h
b100101100 x
b100101011 R
b100101011 m
b100101011 q
11
#6680000
b0 *
b0 Y
b0 n
0,
b100101100 {
b100101100 z
0?
01
#6685000
11
#6690000
b1111 *
b1111 Y
b1111 n
1,
1?
b101100 +
b101100 Z
b101100 o
b101100 >
b101100 O
b101100 j
01
#6695000
b1 c
b100101101 A
b100101101 s
b100101101 -
b100101101 [
b100101101 h
b100101101 x
b100101100 R
b100101100 m
b100101100 q
11
#6700000
b0 *
b0 Y
b0 n
0,
b100101101 {
b100101101 z
0?
01
#6705000
11
#6710000
b1111 *
b1111 Y
b1111 n
1,
1?
b101101 +
b101101 Z
b101101 o
b101101 >
b101101 O
b101101 j
01
#6715000
b1 c
b100101110 A
b100101110 s
b100101110 -
b100101110 [
b100101110 h
b100101110 x
b100101101 R
b100101101 m
b100101101 q
11
#6720000
b0 *
b0 Y
b0 n
0,
b100101110 {
b100101110 z
0?
01
#6725000
11
#6730000
b1111 *
b1111 Y
b1111 n
1,
1?
b101110 +
b101110 Z
b101110 o
b101110 >
b101110 O
b101110 j
01
#6735000
b1 c
b100101111 A
b100101111 s
b100101111 -
b100101111 [
b100101111 h
b100101111 x
b100101110 R
b100101110 m
b100101110 q
11
#6740000
b0 *
b0 Y
b0 n
0,
b100101111 {
b100101111 z
0?
01
#6745000
11
#6750000
b1111 *
b1111 Y
b1111 n
1,
1?
b101111 +
b101111 Z
b101111 o
b101111 >
b101111 O
b101111 j
01
#6755000
b1 c
b100110000 A
b100110000 s
b100110000 -
b100110000 [
b100110000 h
b100110000 x
b100101111 R
b100101111 m
b100101111 q
11
#6760000
b0 *
b0 Y
b0 n
0,
b100110000 {
b100110000 z
0?
01
#6765000
11
#6770000
b1111 *
b1111 Y
b1111 n
1,
1?
b110000 +
b110000 Z
b110000 o
b110000 >
b110000 O
b110000 j
01
#6775000
b1 c
b100110001 A
b100110001 s
b100110001 -
b100110001 [
b100110001 h
b100110001 x
b100110000 R
b100110000 m
b100110000 q
11
#6780000
b0 *
b0 Y
b0 n
0,
b100110001 {
b100110001 z
0?
01
#6785000
11
#6790000
b1111 *
b1111 Y
b1111 n
1,
1?
b110001 +
b110001 Z
b110001 o
b110001 >
b110001 O
b110001 j
01
#6795000
b1 c
b100110010 A
b100110010 s
b100110010 -
b100110010 [
b100110010 h
b100110010 x
b100110001 R
b100110001 m
b100110001 q
11
#6800000
b0 *
b0 Y
b0 n
0,
b100110010 {
b100110010 z
0?
01
#6805000
11
#6810000
b1111 *
b1111 Y
b1111 n
1,
1?
b110010 +
b110010 Z
b110010 o
b110010 >
b110010 O
b110010 j
01
#6815000
b1 c
b100110011 A
b100110011 s
b100110011 -
b100110011 [
b100110011 h
b100110011 x
b100110010 R
b100110010 m
b100110010 q
11
#6820000
b0 *
b0 Y
b0 n
0,
b100110011 {
b100110011 z
0?
01
#6825000
11
#6830000
b1111 *
b1111 Y
b1111 n
1,
1?
b110011 +
b110011 Z
b110011 o
b110011 >
b110011 O
b110011 j
01
#6835000
b1 c
b100110100 A
b100110100 s
b100110100 -
b100110100 [
b100110100 h
b100110100 x
b100110011 R
b100110011 m
b100110011 q
11
#6840000
b0 *
b0 Y
b0 n
0,
b100110100 {
b100110100 z
0?
01
#6845000
11
#6850000
b1111 *
b1111 Y
b1111 n
1,
1?
b110100 +
b110100 Z
b110100 o
b110100 >
b110100 O
b110100 j
01
#6855000
b1 c
b100110101 A
b100110101 s
b100110101 -
b100110101 [
b100110101 h
b100110101 x
b100110100 R
b100110100 m
b100110100 q
11
#6860000
b0 *
b0 Y
b0 n
0,
b100110101 {
b100110101 z
0?
01
#6865000
11
#6870000
b1111 *
b1111 Y
b1111 n
1,
1?
b110101 +
b110101 Z
b110101 o
b110101 >
b110101 O
b110101 j
01
#6875000
b1 c
b100110110 A
b100110110 s
b100110110 -
b100110110 [
b100110110 h
b100110110 x
b100110101 R
b100110101 m
b100110101 q
11
#6880000
b0 *
b0 Y
b0 n
0,
b100110110 {
b100110110 z
0?
01
#6885000
11
#6890000
b1111 *
b1111 Y
b1111 n
1,
1?
b110110 +
b110110 Z
b110110 o
b110110 >
b110110 O
b110110 j
01
#6895000
b1 c
b100110111 A
b100110111 s
b100110111 -
b100110111 [
b100110111 h
b100110111 x
b100110110 R
b100110110 m
b100110110 q
11
#6900000
b0 *
b0 Y
b0 n
0,
b100110111 {
b100110111 z
0?
01
#6905000
11
#6910000
b1111 *
b1111 Y
b1111 n
1,
1?
b110111 +
b110111 Z
b110111 o
b110111 >
b110111 O
b110111 j
01
#6915000
b1 c
b100111000 A
b100111000 s
b100111000 -
b100111000 [
b100111000 h
b100111000 x
b100110111 R
b100110111 m
b100110111 q
11
#6920000
b0 *
b0 Y
b0 n
0,
b100111000 {
b100111000 z
0?
01
#6925000
11
#6930000
b1111 *
b1111 Y
b1111 n
1,
1?
b111000 +
b111000 Z
b111000 o
b111000 >
b111000 O
b111000 j
01
#6935000
b1 c
b100111001 A
b100111001 s
b100111001 -
b100111001 [
b100111001 h
b100111001 x
b100111000 R
b100111000 m
b100111000 q
11
#6940000
b0 *
b0 Y
b0 n
0,
b100111001 {
b100111001 z
0?
01
#6945000
11
#6950000
b1111 *
b1111 Y
b1111 n
1,
1?
b111001 +
b111001 Z
b111001 o
b111001 >
b111001 O
b111001 j
01
#6955000
b1 c
b100111010 A
b100111010 s
b100111010 -
b100111010 [
b100111010 h
b100111010 x
b100111001 R
b100111001 m
b100111001 q
11
#6960000
b0 *
b0 Y
b0 n
0,
b100111010 {
b100111010 z
0?
01
#6965000
11
#6970000
b1111 *
b1111 Y
b1111 n
1,
1?
b111010 +
b111010 Z
b111010 o
b111010 >
b111010 O
b111010 j
01
#6975000
b1 c
b100111011 A
b100111011 s
b100111011 -
b100111011 [
b100111011 h
b100111011 x
b100111010 R
b100111010 m
b100111010 q
11
#6980000
b0 *
b0 Y
b0 n
0,
b100111011 {
b100111011 z
0?
01
#6985000
11
#6990000
b1111 *
b1111 Y
b1111 n
1,
1?
b111011 +
b111011 Z
b111011 o
b111011 >
b111011 O
b111011 j
01
#6995000
b1 c
b100111100 A
b100111100 s
b100111100 -
b100111100 [
b100111100 h
b100111100 x
b100111011 R
b100111011 m
b100111011 q
11
#7000000
b0 *
b0 Y
b0 n
0,
b100111100 {
b100111100 z
0?
01
#7005000
11
#7010000
b1111 *
b1111 Y
b1111 n
1,
1?
b111100 +
b111100 Z
b111100 o
b111100 >
b111100 O
b111100 j
01
#7015000
b1 c
b100111101 A
b100111101 s
b100111101 -
b100111101 [
b100111101 h
b100111101 x
b100111100 R
b100111100 m
b100111100 q
11
#7020000
b0 *
b0 Y
b0 n
0,
b100111101 {
b100111101 z
0?
01
#7025000
11
#7030000
b1111 *
b1111 Y
b1111 n
1,
1?
b111101 +
b111101 Z
b111101 o
b111101 >
b111101 O
b111101 j
01
#7035000
b1 c
b100111110 A
b100111110 s
b100111110 -
b100111110 [
b100111110 h
b100111110 x
b100111101 R
b100111101 m
b100111101 q
11
#7040000
b0 *
b0 Y
b0 n
0,
b100111110 {
b100111110 z
0?
01
#7045000
11
#7050000
b1111 *
b1111 Y
b1111 n
1,
1?
b111110 +
b111110 Z
b111110 o
b111110 >
b111110 O
b111110 j
01
#7055000
b1 c
b100111111 A
b100111111 s
b100111111 -
b100111111 [
b100111111 h
b100111111 x
b100111110 R
b100111110 m
b100111110 q
11
#7060000
b0 *
b0 Y
b0 n
0,
b100111111 {
b100111111 z
0?
01
#7065000
11
#7070000
b1111 *
b1111 Y
b1111 n
1,
1?
b111111 +
b111111 Z
b111111 o
b111111 >
b111111 O
b111111 j
01
#7075000
b1 c
b101000000 A
b101000000 s
b101000000 -
b101000000 [
b101000000 h
b101000000 x
b100111111 R
b100111111 m
b100111111 q
11
#7080000
b0 *
b0 Y
b0 n
0,
b101000000 {
b101000000 z
0?
01
#7085000
11
#7090000
b1111 *
b1111 Y
b1111 n
1,
1?
b1000000 +
b1000000 Z
b1000000 o
b1000000 >
b1000000 O
b1000000 j
01
#7095000
b1 c
b101000001 A
b101000001 s
b101000001 -
b101000001 [
b101000001 h
b101000001 x
b101000000 R
b101000000 m
b101000000 q
11
#7100000
b0 *
b0 Y
b0 n
0,
b101000001 {
b101000001 z
0?
01
#7105000
11
#7110000
b1111 *
b1111 Y
b1111 n
1,
1?
b1000001 +
b1000001 Z
b1000001 o
b1000001 >
b1000001 O
b1000001 j
01
#7115000
b1 c
b101000010 A
b101000010 s
b101000010 -
b101000010 [
b101000010 h
b101000010 x
b101000001 R
b101000001 m
b101000001 q
11
#7120000
b0 *
b0 Y
b0 n
0,
b101000010 {
b101000010 z
0?
01
#7125000
11
#7130000
b1111 *
b1111 Y
b1111 n
1,
1?
b1000010 +
b1000010 Z
b1000010 o
b1000010 >
b1000010 O
b1000010 j
01
#7135000
b1 c
b101000011 A
b101000011 s
b101000011 -
b101000011 [
b101000011 h
b101000011 x
b101000010 R
b101000010 m
b101000010 q
11
#7140000
b0 *
b0 Y
b0 n
0,
b101000011 {
b101000011 z
0?
01
#7145000
11
#7150000
b1111 *
b1111 Y
b1111 n
1,
1?
b1000011 +
b1000011 Z
b1000011 o
b1000011 >
b1000011 O
b1000011 j
01
#7155000
b1 c
b101000100 A
b101000100 s
b101000100 -
b101000100 [
b101000100 h
b101000100 x
b101000011 R
b101000011 m
b101000011 q
11
#7160000
b0 *
b0 Y
b0 n
0,
b101000100 {
b101000100 z
0?
01
#7165000
11
#7170000
b1111 *
b1111 Y
b1111 n
1,
1?
b1000100 +
b1000100 Z
b1000100 o
b1000100 >
b1000100 O
b1000100 j
01
#7175000
b1 c
b101000101 A
b101000101 s
b101000101 -
b101000101 [
b101000101 h
b101000101 x
b101000100 R
b101000100 m
b101000100 q
11
#7180000
b0 *
b0 Y
b0 n
0,
b101000101 {
b101000101 z
0?
01
#7185000
11
#7190000
b1111 *
b1111 Y
b1111 n
1,
1?
b1000101 +
b1000101 Z
b1000101 o
b1000101 >
b1000101 O
b1000101 j
01
#7195000
b1 c
b101000110 A
b101000110 s
b101000110 -
b101000110 [
b101000110 h
b101000110 x
b101000101 R
b101000101 m
b101000101 q
11
#7200000
b0 *
b0 Y
b0 n
0,
b101000110 {
b101000110 z
0?
01
#7205000
11
#7210000
b1111 *
b1111 Y
b1111 n
1,
1?
b1000110 +
b1000110 Z
b1000110 o
b1000110 >
b1000110 O
b1000110 j
01
#7215000
b1 c
b101000111 A
b101000111 s
b101000111 -
b101000111 [
b101000111 h
b101000111 x
b101000110 R
b101000110 m
b101000110 q
11
#7220000
b0 *
b0 Y
b0 n
0,
b101000111 {
b101000111 z
0?
01
#7225000
11
#7230000
b1111 *
b1111 Y
b1111 n
1,
1?
b1000111 +
b1000111 Z
b1000111 o
b1000111 >
b1000111 O
b1000111 j
01
#7235000
b1 c
b101001000 A
b101001000 s
b101001000 -
b101001000 [
b101001000 h
b101001000 x
b101000111 R
b101000111 m
b101000111 q
11
#7240000
b0 *
b0 Y
b0 n
0,
b101001000 {
b101001000 z
0?
01
#7245000
11
#7250000
b1111 *
b1111 Y
b1111 n
1,
1?
b1001000 +
b1001000 Z
b1001000 o
b1001000 >
b1001000 O
b1001000 j
01
#7255000
b1 c
b101001001 A
b101001001 s
b101001001 -
b101001001 [
b101001001 h
b101001001 x
b101001000 R
b101001000 m
b101001000 q
11
#7260000
b0 *
b0 Y
b0 n
0,
b101001001 {
b101001001 z
0?
01
#7265000
11
#7270000
b1111 *
b1111 Y
b1111 n
1,
1?
b1001001 +
b1001001 Z
b1001001 o
b1001001 >
b1001001 O
b1001001 j
01
#7275000
b1 c
b101001010 A
b101001010 s
b101001010 -
b101001010 [
b101001010 h
b101001010 x
b101001001 R
b101001001 m
b101001001 q
11
#7280000
b0 *
b0 Y
b0 n
0,
b101001010 {
b101001010 z
0?
01
#7285000
11
#7290000
b1111 *
b1111 Y
b1111 n
1,
1?
b1001010 +
b1001010 Z
b1001010 o
b1001010 >
b1001010 O
b1001010 j
01
#7295000
b1 c
b101001011 A
b101001011 s
b101001011 -
b101001011 [
b101001011 h
b101001011 x
b101001010 R
b101001010 m
b101001010 q
11
#7300000
b0 *
b0 Y
b0 n
0,
b101001011 {
b101001011 z
0?
01
#7305000
11
#7310000
b1111 *
b1111 Y
b1111 n
1,
1?
b1001011 +
b1001011 Z
b1001011 o
b1001011 >
b1001011 O
b1001011 j
01
#7315000
b1 c
b101001100 A
b101001100 s
b101001100 -
b101001100 [
b101001100 h
b101001100 x
b101001011 R
b101001011 m
b101001011 q
11
#7320000
b0 *
b0 Y
b0 n
0,
b101001100 {
b101001100 z
0?
01
#7325000
11
#7330000
b1111 *
b1111 Y
b1111 n
1,
1?
b1001100 +
b1001100 Z
b1001100 o
b1001100 >
b1001100 O
b1001100 j
01
#7335000
b1 c
b101001101 A
b101001101 s
b101001101 -
b101001101 [
b101001101 h
b101001101 x
b101001100 R
b101001100 m
b101001100 q
11
#7340000
b0 *
b0 Y
b0 n
0,
b101001101 {
b101001101 z
0?
01
#7345000
11
#7350000
b1111 *
b1111 Y
b1111 n
1,
1?
b1001101 +
b1001101 Z
b1001101 o
b1001101 >
b1001101 O
b1001101 j
01
#7355000
b1 c
b101001110 A
b101001110 s
b101001110 -
b101001110 [
b101001110 h
b101001110 x
b101001101 R
b101001101 m
b101001101 q
11
#7360000
b0 *
b0 Y
b0 n
0,
b101001110 {
b101001110 z
0?
01
#7365000
11
#7370000
b1111 *
b1111 Y
b1111 n
1,
1?
b1001110 +
b1001110 Z
b1001110 o
b1001110 >
b1001110 O
b1001110 j
01
#7375000
b1 c
b101001111 A
b101001111 s
b101001111 -
b101001111 [
b101001111 h
b101001111 x
b101001110 R
b101001110 m
b101001110 q
11
#7380000
b0 *
b0 Y
b0 n
0,
b101001111 {
b101001111 z
0?
01
#7385000
11
#7390000
b1111 *
b1111 Y
b1111 n
1,
1?
b1001111 +
b1001111 Z
b1001111 o
b1001111 >
b1001111 O
b1001111 j
01
#7395000
b1 c
b101010000 A
b101010000 s
b101010000 -
b101010000 [
b101010000 h
b101010000 x
b101001111 R
b101001111 m
b101001111 q
11
#7400000
b0 *
b0 Y
b0 n
0,
b101010000 {
b101010000 z
0?
01
#7405000
11
#7410000
b1111 *
b1111 Y
b1111 n
1,
1?
b1010000 +
b1010000 Z
b1010000 o
b1010000 >
b1010000 O
b1010000 j
01
#7415000
b1 c
b101010001 A
b101010001 s
b101010001 -
b101010001 [
b101010001 h
b101010001 x
b101010000 R
b101010000 m
b101010000 q
11
#7420000
b0 *
b0 Y
b0 n
0,
b101010001 {
b101010001 z
0?
01
#7425000
11
#7430000
b1111 *
b1111 Y
b1111 n
1,
1?
b1010001 +
b1010001 Z
b1010001 o
b1010001 >
b1010001 O
b1010001 j
01
#7435000
b1 c
b101010010 A
b101010010 s
b101010010 -
b101010010 [
b101010010 h
b101010010 x
b101010001 R
b101010001 m
b101010001 q
11
#7440000
b0 *
b0 Y
b0 n
0,
b101010010 {
b101010010 z
0?
01
#7445000
11
#7450000
b1111 *
b1111 Y
b1111 n
1,
1?
b1010010 +
b1010010 Z
b1010010 o
b1010010 >
b1010010 O
b1010010 j
01
#7455000
b1 c
b101010011 A
b101010011 s
b101010011 -
b101010011 [
b101010011 h
b101010011 x
b101010010 R
b101010010 m
b101010010 q
11
#7460000
b0 *
b0 Y
b0 n
0,
b101010011 {
b101010011 z
0?
01
#7465000
11
#7470000
b1111 *
b1111 Y
b1111 n
1,
1?
b1010011 +
b1010011 Z
b1010011 o
b1010011 >
b1010011 O
b1010011 j
01
#7475000
b1 c
b101010100 A
b101010100 s
b101010100 -
b101010100 [
b101010100 h
b101010100 x
b101010011 R
b101010011 m
b101010011 q
11
#7480000
b0 *
b0 Y
b0 n
0,
b101010100 {
b101010100 z
0?
01
#7485000
11
#7490000
b1111 *
b1111 Y
b1111 n
1,
1?
b1010100 +
b1010100 Z
b1010100 o
b1010100 >
b1010100 O
b1010100 j
01
#7495000
b1 c
b101010101 A
b101010101 s
b101010101 -
b101010101 [
b101010101 h
b101010101 x
b101010100 R
b101010100 m
b101010100 q
11
#7500000
b0 *
b0 Y
b0 n
0,
b101010101 {
b101010101 z
0?
01
#7505000
11
#7510000
b1111 *
b1111 Y
b1111 n
1,
1?
b1010101 +
b1010101 Z
b1010101 o
b1010101 >
b1010101 O
b1010101 j
01
#7515000
b1 c
b101010110 A
b101010110 s
b101010110 -
b101010110 [
b101010110 h
b101010110 x
b101010101 R
b101010101 m
b101010101 q
11
#7520000
b0 *
b0 Y
b0 n
0,
b101010110 {
b101010110 z
0?
01
#7525000
11
#7530000
b1111 *
b1111 Y
b1111 n
1,
1?
b1010110 +
b1010110 Z
b1010110 o
b1010110 >
b1010110 O
b1010110 j
01
#7535000
b1 c
b101010111 A
b101010111 s
b101010111 -
b101010111 [
b101010111 h
b101010111 x
b101010110 R
b101010110 m
b101010110 q
11
#7540000
b0 *
b0 Y
b0 n
0,
b101010111 {
b101010111 z
0?
01
#7545000
11
#7550000
b1111 *
b1111 Y
b1111 n
1,
1?
b1010111 +
b1010111 Z
b1010111 o
b1010111 >
b1010111 O
b1010111 j
01
#7555000
b1 c
b101011000 A
b101011000 s
b101011000 -
b101011000 [
b101011000 h
b101011000 x
b101010111 R
b101010111 m
b101010111 q
11
#7560000
b0 *
b0 Y
b0 n
0,
b101011000 {
b101011000 z
0?
01
#7565000
11
#7570000
b1111 *
b1111 Y
b1111 n
1,
1?
b1011000 +
b1011000 Z
b1011000 o
b1011000 >
b1011000 O
b1011000 j
01
#7575000
b1 c
b101011001 A
b101011001 s
b101011001 -
b101011001 [
b101011001 h
b101011001 x
b101011000 R
b101011000 m
b101011000 q
11
#7580000
b0 *
b0 Y
b0 n
0,
b101011001 {
b101011001 z
0?
01
#7585000
11
#7590000
b1111 *
b1111 Y
b1111 n
1,
1?
b1011001 +
b1011001 Z
b1011001 o
b1011001 >
b1011001 O
b1011001 j
01
#7595000
b1 c
b101011010 A
b101011010 s
b101011010 -
b101011010 [
b101011010 h
b101011010 x
b101011001 R
b101011001 m
b101011001 q
11
#7600000
b0 *
b0 Y
b0 n
0,
b101011010 {
b101011010 z
0?
01
#7605000
11
#7610000
b1111 *
b1111 Y
b1111 n
1,
1?
b1011010 +
b1011010 Z
b1011010 o
b1011010 >
b1011010 O
b1011010 j
01
#7615000
b1 c
b101011011 A
b101011011 s
b101011011 -
b101011011 [
b101011011 h
b101011011 x
b101011010 R
b101011010 m
b101011010 q
11
#7620000
b0 *
b0 Y
b0 n
0,
b101011011 {
b101011011 z
0?
01
#7625000
11
#7630000
b1111 *
b1111 Y
b1111 n
1,
1?
b1011011 +
b1011011 Z
b1011011 o
b1011011 >
b1011011 O
b1011011 j
01
#7635000
b1 c
b101011100 A
b101011100 s
b101011100 -
b101011100 [
b101011100 h
b101011100 x
b101011011 R
b101011011 m
b101011011 q
11
#7640000
b0 *
b0 Y
b0 n
0,
b101011100 {
b101011100 z
0?
01
#7645000
11
#7650000
b1111 *
b1111 Y
b1111 n
1,
1?
b1011100 +
b1011100 Z
b1011100 o
b1011100 >
b1011100 O
b1011100 j
01
#7655000
b1 c
b101011101 A
b101011101 s
b101011101 -
b101011101 [
b101011101 h
b101011101 x
b101011100 R
b101011100 m
b101011100 q
11
#7660000
b0 *
b0 Y
b0 n
0,
b101011101 {
b101011101 z
0?
01
#7665000
11
#7670000
b1111 *
b1111 Y
b1111 n
1,
1?
b1011101 +
b1011101 Z
b1011101 o
b1011101 >
b1011101 O
b1011101 j
01
#7675000
b1 c
b101011110 A
b101011110 s
b101011110 -
b101011110 [
b101011110 h
b101011110 x
b101011101 R
b101011101 m
b101011101 q
11
#7680000
b0 *
b0 Y
b0 n
0,
b101011110 {
b101011110 z
0?
01
#7685000
11
#7690000
b1111 *
b1111 Y
b1111 n
1,
1?
b1011110 +
b1011110 Z
b1011110 o
b1011110 >
b1011110 O
b1011110 j
01
#7695000
b1 c
b101011111 A
b101011111 s
b101011111 -
b101011111 [
b101011111 h
b101011111 x
b101011110 R
b101011110 m
b101011110 q
11
#7700000
b0 *
b0 Y
b0 n
0,
b101011111 {
b101011111 z
0?
01
#7705000
11
#7710000
b1111 *
b1111 Y
b1111 n
1,
1?
b1011111 +
b1011111 Z
b1011111 o
b1011111 >
b1011111 O
b1011111 j
01
#7715000
b1 c
b101100000 A
b101100000 s
b101100000 -
b101100000 [
b101100000 h
b101100000 x
b101011111 R
b101011111 m
b101011111 q
11
#7720000
b0 *
b0 Y
b0 n
0,
b101100000 {
b101100000 z
0?
01
#7725000
11
#7730000
b1111 *
b1111 Y
b1111 n
1,
1?
b1100000 +
b1100000 Z
b1100000 o
b1100000 >
b1100000 O
b1100000 j
01
#7735000
b1 c
b101100001 A
b101100001 s
b101100001 -
b101100001 [
b101100001 h
b101100001 x
b101100000 R
b101100000 m
b101100000 q
11
#7740000
b0 *
b0 Y
b0 n
0,
b101100001 {
b101100001 z
0?
01
#7745000
11
#7750000
b1111 *
b1111 Y
b1111 n
1,
1?
b1100001 +
b1100001 Z
b1100001 o
b1100001 >
b1100001 O
b1100001 j
01
#7755000
b1 c
b101100010 A
b101100010 s
b101100010 -
b101100010 [
b101100010 h
b101100010 x
b101100001 R
b101100001 m
b101100001 q
11
#7760000
b0 *
b0 Y
b0 n
0,
b101100010 {
b101100010 z
0?
01
#7765000
11
#7770000
b1111 *
b1111 Y
b1111 n
1,
1?
b1100010 +
b1100010 Z
b1100010 o
b1100010 >
b1100010 O
b1100010 j
01
#7775000
b1 c
b101100011 A
b101100011 s
b101100011 -
b101100011 [
b101100011 h
b101100011 x
b101100010 R
b101100010 m
b101100010 q
11
#7780000
b0 *
b0 Y
b0 n
0,
b101100011 {
b101100011 z
0?
01
#7785000
11
#7790000
b1111 *
b1111 Y
b1111 n
1,
1?
b1100011 +
b1100011 Z
b1100011 o
b1100011 >
b1100011 O
b1100011 j
01
#7795000
b1 c
b101100100 A
b101100100 s
b101100100 -
b101100100 [
b101100100 h
b101100100 x
b101100011 R
b101100011 m
b101100011 q
11
#7800000
b0 *
b0 Y
b0 n
0,
b101100100 {
b101100100 z
0?
01
#7805000
11
#7810000
b1111 *
b1111 Y
b1111 n
1,
1?
b1100100 +
b1100100 Z
b1100100 o
b1100100 >
b1100100 O
b1100100 j
01
#7815000
b1 c
b101100101 A
b101100101 s
b101100101 -
b101100101 [
b101100101 h
b101100101 x
b101100100 R
b101100100 m
b101100100 q
11
#7820000
b0 *
b0 Y
b0 n
0,
b101100101 {
b101100101 z
0?
01
#7825000
11
#7830000
b1111 *
b1111 Y
b1111 n
1,
1?
b1100101 +
b1100101 Z
b1100101 o
b1100101 >
b1100101 O
b1100101 j
01
#7835000
b1 c
b101100110 A
b101100110 s
b101100110 -
b101100110 [
b101100110 h
b101100110 x
b101100101 R
b101100101 m
b101100101 q
11
#7840000
b0 *
b0 Y
b0 n
0,
b101100110 {
b101100110 z
0?
01
#7845000
11
#7850000
b1111 *
b1111 Y
b1111 n
1,
1?
b1100110 +
b1100110 Z
b1100110 o
b1100110 >
b1100110 O
b1100110 j
01
#7855000
b1 c
b101100111 A
b101100111 s
b101100111 -
b101100111 [
b101100111 h
b101100111 x
b101100110 R
b101100110 m
b101100110 q
11
#7860000
b0 *
b0 Y
b0 n
0,
b101100111 {
b101100111 z
0?
01
#7865000
11
#7870000
b1111 *
b1111 Y
b1111 n
1,
1?
b1100111 +
b1100111 Z
b1100111 o
b1100111 >
b1100111 O
b1100111 j
01
#7875000
b1 c
b101101000 A
b101101000 s
b101101000 -
b101101000 [
b101101000 h
b101101000 x
b101100111 R
b101100111 m
b101100111 q
11
#7880000
b0 *
b0 Y
b0 n
0,
b101101000 {
b101101000 z
0?
01
#7885000
11
#7890000
b1111 *
b1111 Y
b1111 n
1,
1?
b1101000 +
b1101000 Z
b1101000 o
b1101000 >
b1101000 O
b1101000 j
01
#7895000
b1 c
b101101001 A
b101101001 s
b101101001 -
b101101001 [
b101101001 h
b101101001 x
b101101000 R
b101101000 m
b101101000 q
11
#7900000
b0 *
b0 Y
b0 n
0,
b101101001 {
b101101001 z
0?
01
#7905000
11
#7910000
b1111 *
b1111 Y
b1111 n
1,
1?
b1101001 +
b1101001 Z
b1101001 o
b1101001 >
b1101001 O
b1101001 j
01
#7915000
b1 c
b101101010 A
b101101010 s
b101101010 -
b101101010 [
b101101010 h
b101101010 x
b101101001 R
b101101001 m
b101101001 q
11
#7920000
b0 *
b0 Y
b0 n
0,
b101101010 {
b101101010 z
0?
01
#7925000
11
#7930000
b1111 *
b1111 Y
b1111 n
1,
1?
b1101010 +
b1101010 Z
b1101010 o
b1101010 >
b1101010 O
b1101010 j
01
#7935000
b1 c
b101101011 A
b101101011 s
b101101011 -
b101101011 [
b101101011 h
b101101011 x
b101101010 R
b101101010 m
b101101010 q
11
#7940000
b0 *
b0 Y
b0 n
0,
b101101011 {
b101101011 z
0?
01
#7945000
11
#7950000
b1111 *
b1111 Y
b1111 n
1,
1?
b1101011 +
b1101011 Z
b1101011 o
b1101011 >
b1101011 O
b1101011 j
01
#7955000
b1 c
b101101100 A
b101101100 s
b101101100 -
b101101100 [
b101101100 h
b101101100 x
b101101011 R
b101101011 m
b101101011 q
11
#7960000
b0 *
b0 Y
b0 n
0,
b101101100 {
b101101100 z
0?
01
#7965000
11
#7970000
b1111 *
b1111 Y
b1111 n
1,
1?
b1101100 +
b1101100 Z
b1101100 o
b1101100 >
b1101100 O
b1101100 j
01
#7975000
b1 c
b101101101 A
b101101101 s
b101101101 -
b101101101 [
b101101101 h
b101101101 x
b101101100 R
b101101100 m
b101101100 q
11
#7980000
b0 *
b0 Y
b0 n
0,
b101101101 {
b101101101 z
0?
01
#7985000
11
#7990000
b1111 *
b1111 Y
b1111 n
1,
1?
b1101101 +
b1101101 Z
b1101101 o
b1101101 >
b1101101 O
b1101101 j
01
#7995000
b1 c
b101101110 A
b101101110 s
b101101110 -
b101101110 [
b101101110 h
b101101110 x
b101101101 R
b101101101 m
b101101101 q
11
#8000000
b0 *
b0 Y
b0 n
0,
b101101110 {
b101101110 z
0?
01
#8005000
11
#8010000
b1111 *
b1111 Y
b1111 n
1,
1?
b1101110 +
b1101110 Z
b1101110 o
b1101110 >
b1101110 O
b1101110 j
01
#8015000
b1 c
b101101111 A
b101101111 s
b101101111 -
b101101111 [
b101101111 h
b101101111 x
b101101110 R
b101101110 m
b101101110 q
11
#8020000
b0 *
b0 Y
b0 n
0,
b101101111 {
b101101111 z
0?
01
#8025000
11
#8030000
b1111 *
b1111 Y
b1111 n
1,
1?
b1101111 +
b1101111 Z
b1101111 o
b1101111 >
b1101111 O
b1101111 j
01
#8035000
b1 c
b101110000 A
b101110000 s
b101110000 -
b101110000 [
b101110000 h
b101110000 x
b101101111 R
b101101111 m
b101101111 q
11
#8040000
b0 *
b0 Y
b0 n
0,
b101110000 {
b101110000 z
0?
01
#8045000
11
#8050000
b1111 *
b1111 Y
b1111 n
1,
1?
b1110000 +
b1110000 Z
b1110000 o
b1110000 >
b1110000 O
b1110000 j
01
#8055000
b1 c
b101110001 A
b101110001 s
b101110001 -
b101110001 [
b101110001 h
b101110001 x
b101110000 R
b101110000 m
b101110000 q
11
#8060000
b0 *
b0 Y
b0 n
0,
b101110001 {
b101110001 z
0?
01
#8065000
11
#8070000
b1111 *
b1111 Y
b1111 n
1,
1?
b1110001 +
b1110001 Z
b1110001 o
b1110001 >
b1110001 O
b1110001 j
01
#8075000
b1 c
b101110010 A
b101110010 s
b101110010 -
b101110010 [
b101110010 h
b101110010 x
b101110001 R
b101110001 m
b101110001 q
11
#8080000
b0 *
b0 Y
b0 n
0,
b101110010 {
b101110010 z
0?
01
#8085000
11
#8090000
b1111 *
b1111 Y
b1111 n
1,
1?
b1110010 +
b1110010 Z
b1110010 o
b1110010 >
b1110010 O
b1110010 j
01
#8095000
b1 c
b101110011 A
b101110011 s
b101110011 -
b101110011 [
b101110011 h
b101110011 x
b101110010 R
b101110010 m
b101110010 q
11
#8100000
b0 *
b0 Y
b0 n
0,
b101110011 {
b101110011 z
0?
01
#8105000
11
#8110000
b1111 *
b1111 Y
b1111 n
1,
1?
b1110011 +
b1110011 Z
b1110011 o
b1110011 >
b1110011 O
b1110011 j
01
#8115000
b1 c
b101110100 A
b101110100 s
b101110100 -
b101110100 [
b101110100 h
b101110100 x
b101110011 R
b101110011 m
b101110011 q
11
#8120000
b0 *
b0 Y
b0 n
0,
b101110100 {
b101110100 z
0?
01
#8125000
11
#8130000
b1111 *
b1111 Y
b1111 n
1,
1?
b1110100 +
b1110100 Z
b1110100 o
b1110100 >
b1110100 O
b1110100 j
01
#8135000
b1 c
b101110101 A
b101110101 s
b101110101 -
b101110101 [
b101110101 h
b101110101 x
b101110100 R
b101110100 m
b101110100 q
11
#8140000
b0 *
b0 Y
b0 n
0,
b101110101 {
b101110101 z
0?
01
#8145000
11
#8150000
b1111 *
b1111 Y
b1111 n
1,
1?
b1110101 +
b1110101 Z
b1110101 o
b1110101 >
b1110101 O
b1110101 j
01
#8155000
b1 c
b101110110 A
b101110110 s
b101110110 -
b101110110 [
b101110110 h
b101110110 x
b101110101 R
b101110101 m
b101110101 q
11
#8160000
b0 *
b0 Y
b0 n
0,
b101110110 {
b101110110 z
0?
01
#8165000
11
#8170000
b1111 *
b1111 Y
b1111 n
1,
1?
b1110110 +
b1110110 Z
b1110110 o
b1110110 >
b1110110 O
b1110110 j
01
#8175000
b1 c
b101110111 A
b101110111 s
b101110111 -
b101110111 [
b101110111 h
b101110111 x
b101110110 R
b101110110 m
b101110110 q
11
#8180000
b0 *
b0 Y
b0 n
0,
b101110111 {
b101110111 z
0?
01
#8185000
11
#8190000
b1111 *
b1111 Y
b1111 n
1,
1?
b1110111 +
b1110111 Z
b1110111 o
b1110111 >
b1110111 O
b1110111 j
01
#8195000
b1 c
b101111000 A
b101111000 s
b101111000 -
b101111000 [
b101111000 h
b101111000 x
b101110111 R
b101110111 m
b101110111 q
11
#8200000
b0 *
b0 Y
b0 n
0,
b101111000 {
b101111000 z
0?
01
#8205000
11
#8210000
b1111 *
b1111 Y
b1111 n
1,
1?
b1111000 +
b1111000 Z
b1111000 o
b1111000 >
b1111000 O
b1111000 j
01
#8215000
b1 c
b101111001 A
b101111001 s
b101111001 -
b101111001 [
b101111001 h
b101111001 x
b101111000 R
b101111000 m
b101111000 q
11
#8220000
b0 *
b0 Y
b0 n
0,
b101111001 {
b101111001 z
0?
01
#8225000
11
#8230000
b1111 *
b1111 Y
b1111 n
1,
1?
b1111001 +
b1111001 Z
b1111001 o
b1111001 >
b1111001 O
b1111001 j
01
#8235000
b1 c
b101111010 A
b101111010 s
b101111010 -
b101111010 [
b101111010 h
b101111010 x
b101111001 R
b101111001 m
b101111001 q
11
#8240000
b0 *
b0 Y
b0 n
0,
b101111010 {
b101111010 z
0?
01
#8245000
11
#8250000
b1111 *
b1111 Y
b1111 n
1,
1?
b1111010 +
b1111010 Z
b1111010 o
b1111010 >
b1111010 O
b1111010 j
01
#8255000
b1 c
b101111011 A
b101111011 s
b101111011 -
b101111011 [
b101111011 h
b101111011 x
b101111010 R
b101111010 m
b101111010 q
11
#8260000
b0 *
b0 Y
b0 n
0,
b101111011 {
b101111011 z
0?
01
#8265000
11
#8270000
b1111 *
b1111 Y
b1111 n
1,
1?
b1111011 +
b1111011 Z
b1111011 o
b1111011 >
b1111011 O
b1111011 j
01
#8275000
b1 c
b101111100 A
b101111100 s
b101111100 -
b101111100 [
b101111100 h
b101111100 x
b101111011 R
b101111011 m
b101111011 q
11
#8280000
b0 *
b0 Y
b0 n
0,
b101111100 {
b101111100 z
0?
01
#8285000
11
#8290000
b1111 *
b1111 Y
b1111 n
1,
1?
b1111100 +
b1111100 Z
b1111100 o
b1111100 >
b1111100 O
b1111100 j
01
#8295000
b1 c
b101111101 A
b101111101 s
b101111101 -
b101111101 [
b101111101 h
b101111101 x
b101111100 R
b101111100 m
b101111100 q
11
#8300000
b0 *
b0 Y
b0 n
0,
b101111101 {
b101111101 z
0?
01
#8305000
11
#8310000
b1111 *
b1111 Y
b1111 n
1,
1?
b1111101 +
b1111101 Z
b1111101 o
b1111101 >
b1111101 O
b1111101 j
01
#8315000
b1 c
b101111110 A
b101111110 s
b101111110 -
b101111110 [
b101111110 h
b101111110 x
b101111101 R
b101111101 m
b101111101 q
11
#8320000
b0 *
b0 Y
b0 n
0,
b101111110 {
b101111110 z
0?
01
#8325000
11
#8330000
b1111 *
b1111 Y
b1111 n
1,
1?
b1111110 +
b1111110 Z
b1111110 o
b1111110 >
b1111110 O
b1111110 j
01
#8335000
b1 c
b101111111 A
b101111111 s
b101111111 -
b101111111 [
b101111111 h
b101111111 x
b101111110 R
b101111110 m
b101111110 q
11
#8340000
b0 *
b0 Y
b0 n
0,
b101111111 {
b101111111 z
0?
01
#8345000
11
#8350000
b1111 *
b1111 Y
b1111 n
1,
1?
b1111111 +
b1111111 Z
b1111111 o
b1111111 >
b1111111 O
b1111111 j
01
#8355000
b1 c
b110000000 A
b110000000 s
b110000000 -
b110000000 [
b110000000 h
b110000000 x
b101111111 R
b101111111 m
b101111111 q
11
#8360000
b0 *
b0 Y
b0 n
0,
b110000000 {
b110000000 z
0?
01
#8365000
11
#8370000
b1111 *
b1111 Y
b1111 n
1,
1?
b10000000 +
b10000000 Z
b10000000 o
b10000000 >
b10000000 O
b10000000 j
01
#8375000
b1 c
b110000001 A
b110000001 s
b110000001 -
b110000001 [
b110000001 h
b110000001 x
b110000000 R
b110000000 m
b110000000 q
11
#8380000
b0 *
b0 Y
b0 n
0,
b110000001 {
b110000001 z
0?
01
#8385000
11
#8390000
b1111 *
b1111 Y
b1111 n
1,
1?
b10000001 +
b10000001 Z
b10000001 o
b10000001 >
b10000001 O
b10000001 j
01
#8395000
b1 c
b110000010 A
b110000010 s
b110000010 -
b110000010 [
b110000010 h
b110000010 x
b110000001 R
b110000001 m
b110000001 q
11
#8400000
b0 *
b0 Y
b0 n
0,
b110000010 {
b110000010 z
0?
01
#8405000
11
#8410000
b1111 *
b1111 Y
b1111 n
1,
1?
b10000010 +
b10000010 Z
b10000010 o
b10000010 >
b10000010 O
b10000010 j
01
#8415000
b1 c
b110000011 A
b110000011 s
b110000011 -
b110000011 [
b110000011 h
b110000011 x
b110000010 R
b110000010 m
b110000010 q
11
#8420000
b0 *
b0 Y
b0 n
0,
b110000011 {
b110000011 z
0?
01
#8425000
11
#8430000
b1111 *
b1111 Y
b1111 n
1,
1?
b10000011 +
b10000011 Z
b10000011 o
b10000011 >
b10000011 O
b10000011 j
01
#8435000
b1 c
b110000100 A
b110000100 s
b110000100 -
b110000100 [
b110000100 h
b110000100 x
b110000011 R
b110000011 m
b110000011 q
11
#8440000
b0 *
b0 Y
b0 n
0,
b110000100 {
b110000100 z
0?
01
#8445000
11
#8450000
b1111 *
b1111 Y
b1111 n
1,
1?
b10000100 +
b10000100 Z
b10000100 o
b10000100 >
b10000100 O
b10000100 j
01
#8455000
b1 c
b110000101 A
b110000101 s
b110000101 -
b110000101 [
b110000101 h
b110000101 x
b110000100 R
b110000100 m
b110000100 q
11
#8460000
b0 *
b0 Y
b0 n
0,
b110000101 {
b110000101 z
0?
01
#8465000
11
#8470000
b1111 *
b1111 Y
b1111 n
1,
1?
b10000101 +
b10000101 Z
b10000101 o
b10000101 >
b10000101 O
b10000101 j
01
#8475000
b1 c
b110000110 A
b110000110 s
b110000110 -
b110000110 [
b110000110 h
b110000110 x
b110000101 R
b110000101 m
b110000101 q
11
#8480000
b0 *
b0 Y
b0 n
0,
b110000110 {
b110000110 z
0?
01
#8485000
11
#8490000
b1111 *
b1111 Y
b1111 n
1,
1?
b10000110 +
b10000110 Z
b10000110 o
b10000110 >
b10000110 O
b10000110 j
01
#8495000
b1 c
b110000111 A
b110000111 s
b110000111 -
b110000111 [
b110000111 h
b110000111 x
b110000110 R
b110000110 m
b110000110 q
11
#8500000
b0 *
b0 Y
b0 n
0,
b110000111 {
b110000111 z
0?
01
#8505000
11
#8510000
b1111 *
b1111 Y
b1111 n
1,
1?
b10000111 +
b10000111 Z
b10000111 o
b10000111 >
b10000111 O
b10000111 j
01
#8515000
b1 c
b110001000 A
b110001000 s
b110001000 -
b110001000 [
b110001000 h
b110001000 x
b110000111 R
b110000111 m
b110000111 q
11
#8520000
b0 *
b0 Y
b0 n
0,
b110001000 {
b110001000 z
0?
01
#8525000
11
#8530000
b1111 *
b1111 Y
b1111 n
1,
1?
b10001000 +
b10001000 Z
b10001000 o
b10001000 >
b10001000 O
b10001000 j
01
#8535000
b1 c
b110001001 A
b110001001 s
b110001001 -
b110001001 [
b110001001 h
b110001001 x
b110001000 R
b110001000 m
b110001000 q
11
#8540000
b0 *
b0 Y
b0 n
0,
b110001001 {
b110001001 z
0?
01
#8545000
11
#8550000
b1111 *
b1111 Y
b1111 n
1,
1?
b10001001 +
b10001001 Z
b10001001 o
b10001001 >
b10001001 O
b10001001 j
01
#8555000
b1 c
b110001010 A
b110001010 s
b110001010 -
b110001010 [
b110001010 h
b110001010 x
b110001001 R
b110001001 m
b110001001 q
11
#8560000
b0 *
b0 Y
b0 n
0,
b110001010 {
b110001010 z
0?
01
#8565000
11
#8570000
b1111 *
b1111 Y
b1111 n
1,
1?
b10001010 +
b10001010 Z
b10001010 o
b10001010 >
b10001010 O
b10001010 j
01
#8575000
b1 c
b110001011 A
b110001011 s
b110001011 -
b110001011 [
b110001011 h
b110001011 x
b110001010 R
b110001010 m
b110001010 q
11
#8580000
b0 *
b0 Y
b0 n
0,
b110001011 {
b110001011 z
0?
01
#8585000
11
#8590000
b1111 *
b1111 Y
b1111 n
1,
1?
b10001011 +
b10001011 Z
b10001011 o
b10001011 >
b10001011 O
b10001011 j
01
#8595000
b1 c
b110001100 A
b110001100 s
b110001100 -
b110001100 [
b110001100 h
b110001100 x
b110001011 R
b110001011 m
b110001011 q
11
#8600000
b0 *
b0 Y
b0 n
0,
b110001100 {
b110001100 z
0?
01
#8605000
11
#8610000
b1111 *
b1111 Y
b1111 n
1,
1?
b10001100 +
b10001100 Z
b10001100 o
b10001100 >
b10001100 O
b10001100 j
01
#8615000
b1 c
b110001101 A
b110001101 s
b110001101 -
b110001101 [
b110001101 h
b110001101 x
b110001100 R
b110001100 m
b110001100 q
11
#8620000
b0 *
b0 Y
b0 n
0,
b110001101 {
b110001101 z
0?
01
#8625000
11
#8630000
b1111 *
b1111 Y
b1111 n
1,
1?
b10001101 +
b10001101 Z
b10001101 o
b10001101 >
b10001101 O
b10001101 j
01
#8635000
b1 c
b110001110 A
b110001110 s
b110001110 -
b110001110 [
b110001110 h
b110001110 x
b110001101 R
b110001101 m
b110001101 q
11
#8640000
b0 *
b0 Y
b0 n
0,
b110001110 {
b110001110 z
0?
01
#8645000
11
#8650000
b1111 *
b1111 Y
b1111 n
1,
1?
b10001110 +
b10001110 Z
b10001110 o
b10001110 >
b10001110 O
b10001110 j
01
#8655000
b1 c
b110001111 A
b110001111 s
b110001111 -
b110001111 [
b110001111 h
b110001111 x
b110001110 R
b110001110 m
b110001110 q
11
#8660000
b0 *
b0 Y
b0 n
0,
b110001111 {
b110001111 z
0?
01
#8665000
11
#8670000
b1111 *
b1111 Y
b1111 n
1,
1?
b10001111 +
b10001111 Z
b10001111 o
b10001111 >
b10001111 O
b10001111 j
01
#8675000
b1 c
b110010000 A
b110010000 s
b110010000 -
b110010000 [
b110010000 h
b110010000 x
b110001111 R
b110001111 m
b110001111 q
11
#8680000
b0 *
b0 Y
b0 n
0,
b110010000 {
b110010000 z
0?
01
#8685000
11
#8690000
b1111 *
b1111 Y
b1111 n
1,
1?
b10010000 +
b10010000 Z
b10010000 o
b10010000 >
b10010000 O
b10010000 j
01
#8695000
b1 c
b110010001 A
b110010001 s
b110010001 -
b110010001 [
b110010001 h
b110010001 x
b110010000 R
b110010000 m
b110010000 q
11
#8700000
b0 *
b0 Y
b0 n
0,
b110010001 {
b110010001 z
0?
01
#8705000
11
#8710000
b1111 *
b1111 Y
b1111 n
1,
1?
b10010001 +
b10010001 Z
b10010001 o
b10010001 >
b10010001 O
b10010001 j
01
#8715000
b1 c
b110010010 A
b110010010 s
b110010010 -
b110010010 [
b110010010 h
b110010010 x
b110010001 R
b110010001 m
b110010001 q
11
#8720000
b0 *
b0 Y
b0 n
0,
b110010010 {
b110010010 z
0?
01
#8725000
11
#8730000
b1111 *
b1111 Y
b1111 n
1,
1?
b10010010 +
b10010010 Z
b10010010 o
b10010010 >
b10010010 O
b10010010 j
01
#8735000
b1 c
b110010011 A
b110010011 s
b110010011 -
b110010011 [
b110010011 h
b110010011 x
b110010010 R
b110010010 m
b110010010 q
11
#8740000
b0 *
b0 Y
b0 n
0,
b110010011 {
b110010011 z
0?
01
#8745000
11
#8750000
b1111 *
b1111 Y
b1111 n
1,
1?
b10010011 +
b10010011 Z
b10010011 o
b10010011 >
b10010011 O
b10010011 j
01
#8755000
b1 c
b110010100 A
b110010100 s
b110010100 -
b110010100 [
b110010100 h
b110010100 x
b110010011 R
b110010011 m
b110010011 q
11
#8760000
b0 *
b0 Y
b0 n
0,
b110010100 {
b110010100 z
0?
01
#8765000
11
#8770000
b1111 *
b1111 Y
b1111 n
1,
1?
b10010100 +
b10010100 Z
b10010100 o
b10010100 >
b10010100 O
b10010100 j
01
#8775000
b1 c
b110010101 A
b110010101 s
b110010101 -
b110010101 [
b110010101 h
b110010101 x
b110010100 R
b110010100 m
b110010100 q
11
#8780000
b0 *
b0 Y
b0 n
0,
b110010101 {
b110010101 z
0?
01
#8785000
11
#8790000
b1111 *
b1111 Y
b1111 n
1,
1?
b10010101 +
b10010101 Z
b10010101 o
b10010101 >
b10010101 O
b10010101 j
01
#8795000
b1 c
b110010110 A
b110010110 s
b110010110 -
b110010110 [
b110010110 h
b110010110 x
b110010101 R
b110010101 m
b110010101 q
11
#8800000
b0 *
b0 Y
b0 n
0,
b110010110 {
b110010110 z
0?
01
#8805000
11
#8810000
b1111 *
b1111 Y
b1111 n
1,
1?
b10010110 +
b10010110 Z
b10010110 o
b10010110 >
b10010110 O
b10010110 j
01
#8815000
b1 c
b110010111 A
b110010111 s
b110010111 -
b110010111 [
b110010111 h
b110010111 x
b110010110 R
b110010110 m
b110010110 q
11
#8820000
b0 *
b0 Y
b0 n
0,
b110010111 {
b110010111 z
0?
01
#8825000
11
#8830000
b1111 *
b1111 Y
b1111 n
1,
1?
b10010111 +
b10010111 Z
b10010111 o
b10010111 >
b10010111 O
b10010111 j
01
#8835000
b1 c
b110011000 A
b110011000 s
b110011000 -
b110011000 [
b110011000 h
b110011000 x
b110010111 R
b110010111 m
b110010111 q
11
#8840000
b0 *
b0 Y
b0 n
0,
b110011000 {
b110011000 z
0?
01
#8845000
11
#8850000
b1111 *
b1111 Y
b1111 n
1,
1?
b10011000 +
b10011000 Z
b10011000 o
b10011000 >
b10011000 O
b10011000 j
01
#8855000
b1 c
b110011001 A
b110011001 s
b110011001 -
b110011001 [
b110011001 h
b110011001 x
b110011000 R
b110011000 m
b110011000 q
11
#8860000
b0 *
b0 Y
b0 n
0,
b110011001 {
b110011001 z
0?
01
#8865000
11
#8870000
b1111 *
b1111 Y
b1111 n
1,
1?
b10011001 +
b10011001 Z
b10011001 o
b10011001 >
b10011001 O
b10011001 j
01
#8875000
b1 c
b110011010 A
b110011010 s
b110011010 -
b110011010 [
b110011010 h
b110011010 x
b110011001 R
b110011001 m
b110011001 q
11
#8880000
b0 *
b0 Y
b0 n
0,
b110011010 {
b110011010 z
0?
01
#8885000
11
#8890000
b1111 *
b1111 Y
b1111 n
1,
1?
b10011010 +
b10011010 Z
b10011010 o
b10011010 >
b10011010 O
b10011010 j
01
#8895000
b1 c
b110011011 A
b110011011 s
b110011011 -
b110011011 [
b110011011 h
b110011011 x
b110011010 R
b110011010 m
b110011010 q
11
#8900000
b0 *
b0 Y
b0 n
0,
b110011011 {
b110011011 z
0?
01
#8905000
11
#8910000
b1111 *
b1111 Y
b1111 n
1,
1?
b10011011 +
b10011011 Z
b10011011 o
b10011011 >
b10011011 O
b10011011 j
01
#8915000
b1 c
b110011100 A
b110011100 s
b110011100 -
b110011100 [
b110011100 h
b110011100 x
b110011011 R
b110011011 m
b110011011 q
11
#8920000
b0 *
b0 Y
b0 n
0,
b110011100 {
b110011100 z
0?
01
#8925000
11
#8930000
b1111 *
b1111 Y
b1111 n
1,
1?
b10011100 +
b10011100 Z
b10011100 o
b10011100 >
b10011100 O
b10011100 j
01
#8935000
b1 c
b110011101 A
b110011101 s
b110011101 -
b110011101 [
b110011101 h
b110011101 x
b110011100 R
b110011100 m
b110011100 q
11
#8940000
b0 *
b0 Y
b0 n
0,
b110011101 {
b110011101 z
0?
01
#8945000
11
#8950000
b1111 *
b1111 Y
b1111 n
1,
1?
b10011101 +
b10011101 Z
b10011101 o
b10011101 >
b10011101 O
b10011101 j
01
#8955000
b1 c
b110011110 A
b110011110 s
b110011110 -
b110011110 [
b110011110 h
b110011110 x
b110011101 R
b110011101 m
b110011101 q
11
#8960000
b0 *
b0 Y
b0 n
0,
b110011110 {
b110011110 z
0?
01
#8965000
11
#8970000
b1111 *
b1111 Y
b1111 n
1,
1?
b10011110 +
b10011110 Z
b10011110 o
b10011110 >
b10011110 O
b10011110 j
01
#8975000
b1 c
b110011111 A
b110011111 s
b110011111 -
b110011111 [
b110011111 h
b110011111 x
b110011110 R
b110011110 m
b110011110 q
11
#8980000
b0 *
b0 Y
b0 n
0,
b110011111 {
b110011111 z
0?
01
#8985000
11
#8990000
b1111 *
b1111 Y
b1111 n
1,
1?
b10011111 +
b10011111 Z
b10011111 o
b10011111 >
b10011111 O
b10011111 j
01
#8995000
b1 c
b110100000 A
b110100000 s
b110100000 -
b110100000 [
b110100000 h
b110100000 x
b110011111 R
b110011111 m
b110011111 q
11
#9000000
b0 *
b0 Y
b0 n
0,
b110100000 {
b110100000 z
0?
01
#9005000
11
#9010000
b1111 *
b1111 Y
b1111 n
1,
1?
b10100000 +
b10100000 Z
b10100000 o
b10100000 >
b10100000 O
b10100000 j
01
#9015000
b1 c
b110100001 A
b110100001 s
b110100001 -
b110100001 [
b110100001 h
b110100001 x
b110100000 R
b110100000 m
b110100000 q
11
#9020000
b0 *
b0 Y
b0 n
0,
b110100001 {
b110100001 z
0?
01
#9025000
11
#9030000
b1111 *
b1111 Y
b1111 n
1,
1?
b10100001 +
b10100001 Z
b10100001 o
b10100001 >
b10100001 O
b10100001 j
01
#9035000
b1 c
b110100010 A
b110100010 s
b110100010 -
b110100010 [
b110100010 h
b110100010 x
b110100001 R
b110100001 m
b110100001 q
11
#9040000
b0 *
b0 Y
b0 n
0,
b110100010 {
b110100010 z
0?
01
#9045000
11
#9050000
b1111 *
b1111 Y
b1111 n
1,
1?
b10100010 +
b10100010 Z
b10100010 o
b10100010 >
b10100010 O
b10100010 j
01
#9055000
b1 c
b110100011 A
b110100011 s
b110100011 -
b110100011 [
b110100011 h
b110100011 x
b110100010 R
b110100010 m
b110100010 q
11
#9060000
b0 *
b0 Y
b0 n
0,
b110100011 {
b110100011 z
0?
01
#9065000
11
#9070000
b1111 *
b1111 Y
b1111 n
1,
1?
b10100011 +
b10100011 Z
b10100011 o
b10100011 >
b10100011 O
b10100011 j
01
#9075000
b1 c
b110100100 A
b110100100 s
b110100100 -
b110100100 [
b110100100 h
b110100100 x
b110100011 R
b110100011 m
b110100011 q
11
#9080000
b0 *
b0 Y
b0 n
0,
b110100100 {
b110100100 z
0?
01
#9085000
11
#9090000
b1111 *
b1111 Y
b1111 n
1,
1?
b10100100 +
b10100100 Z
b10100100 o
b10100100 >
b10100100 O
b10100100 j
01
#9095000
b1 c
b110100101 A
b110100101 s
b110100101 -
b110100101 [
b110100101 h
b110100101 x
b110100100 R
b110100100 m
b110100100 q
11
#9100000
b0 *
b0 Y
b0 n
0,
b110100101 {
b110100101 z
0?
01
#9105000
11
#9110000
b1111 *
b1111 Y
b1111 n
1,
1?
b10100101 +
b10100101 Z
b10100101 o
b10100101 >
b10100101 O
b10100101 j
01
#9115000
b1 c
b110100110 A
b110100110 s
b110100110 -
b110100110 [
b110100110 h
b110100110 x
b110100101 R
b110100101 m
b110100101 q
11
#9120000
b0 *
b0 Y
b0 n
0,
b110100110 {
b110100110 z
0?
01
#9125000
11
#9130000
b1111 *
b1111 Y
b1111 n
1,
1?
b10100110 +
b10100110 Z
b10100110 o
b10100110 >
b10100110 O
b10100110 j
01
#9135000
b1 c
b110100111 A
b110100111 s
b110100111 -
b110100111 [
b110100111 h
b110100111 x
b110100110 R
b110100110 m
b110100110 q
11
#9140000
b0 *
b0 Y
b0 n
0,
b110100111 {
b110100111 z
0?
01
#9145000
11
#9150000
b1111 *
b1111 Y
b1111 n
1,
1?
b10100111 +
b10100111 Z
b10100111 o
b10100111 >
b10100111 O
b10100111 j
01
#9155000
b1 c
b110101000 A
b110101000 s
b110101000 -
b110101000 [
b110101000 h
b110101000 x
b110100111 R
b110100111 m
b110100111 q
11
#9160000
b0 *
b0 Y
b0 n
0,
b110101000 {
b110101000 z
0?
01
#9165000
11
#9170000
b1111 *
b1111 Y
b1111 n
1,
1?
b10101000 +
b10101000 Z
b10101000 o
b10101000 >
b10101000 O
b10101000 j
01
#9175000
b1 c
b110101001 A
b110101001 s
b110101001 -
b110101001 [
b110101001 h
b110101001 x
b110101000 R
b110101000 m
b110101000 q
11
#9180000
b0 *
b0 Y
b0 n
0,
b110101001 {
b110101001 z
0?
01
#9185000
11
#9190000
b1111 *
b1111 Y
b1111 n
1,
1?
b10101001 +
b10101001 Z
b10101001 o
b10101001 >
b10101001 O
b10101001 j
01
#9195000
b1 c
b110101010 A
b110101010 s
b110101010 -
b110101010 [
b110101010 h
b110101010 x
b110101001 R
b110101001 m
b110101001 q
11
#9200000
b0 *
b0 Y
b0 n
0,
b110101010 {
b110101010 z
0?
01
#9205000
11
#9210000
b1111 *
b1111 Y
b1111 n
1,
1?
b10101010 +
b10101010 Z
b10101010 o
b10101010 >
b10101010 O
b10101010 j
01
#9215000
b1 c
b110101011 A
b110101011 s
b110101011 -
b110101011 [
b110101011 h
b110101011 x
b110101010 R
b110101010 m
b110101010 q
11
#9220000
b0 *
b0 Y
b0 n
0,
b110101011 {
b110101011 z
0?
01
#9225000
11
#9230000
b1111 *
b1111 Y
b1111 n
1,
1?
b10101011 +
b10101011 Z
b10101011 o
b10101011 >
b10101011 O
b10101011 j
01
#9235000
b1 c
b110101100 A
b110101100 s
b110101100 -
b110101100 [
b110101100 h
b110101100 x
b110101011 R
b110101011 m
b110101011 q
11
#9240000
b0 *
b0 Y
b0 n
0,
b110101100 {
b110101100 z
0?
01
#9245000
11
#9250000
b1111 *
b1111 Y
b1111 n
1,
1?
b10101100 +
b10101100 Z
b10101100 o
b10101100 >
b10101100 O
b10101100 j
01
#9255000
b1 c
b110101101 A
b110101101 s
b110101101 -
b110101101 [
b110101101 h
b110101101 x
b110101100 R
b110101100 m
b110101100 q
11
#9260000
b0 *
b0 Y
b0 n
0,
b110101101 {
b110101101 z
0?
01
#9265000
11
#9270000
b1111 *
b1111 Y
b1111 n
1,
1?
b10101101 +
b10101101 Z
b10101101 o
b10101101 >
b10101101 O
b10101101 j
01
#9275000
b1 c
b110101110 A
b110101110 s
b110101110 -
b110101110 [
b110101110 h
b110101110 x
b110101101 R
b110101101 m
b110101101 q
11
#9280000
b0 *
b0 Y
b0 n
0,
b110101110 {
b110101110 z
0?
01
#9285000
11
#9290000
b1111 *
b1111 Y
b1111 n
1,
1?
b10101110 +
b10101110 Z
b10101110 o
b10101110 >
b10101110 O
b10101110 j
01
#9295000
b1 c
b110101111 A
b110101111 s
b110101111 -
b110101111 [
b110101111 h
b110101111 x
b110101110 R
b110101110 m
b110101110 q
11
#9300000
b0 *
b0 Y
b0 n
0,
b110101111 {
b110101111 z
0?
01
#9305000
11
#9310000
b1111 *
b1111 Y
b1111 n
1,
1?
b10101111 +
b10101111 Z
b10101111 o
b10101111 >
b10101111 O
b10101111 j
01
#9315000
b1 c
b110110000 A
b110110000 s
b110110000 -
b110110000 [
b110110000 h
b110110000 x
b110101111 R
b110101111 m
b110101111 q
11
#9320000
b0 *
b0 Y
b0 n
0,
b110110000 {
b110110000 z
0?
01
#9325000
11
#9330000
b1111 *
b1111 Y
b1111 n
1,
1?
b10110000 +
b10110000 Z
b10110000 o
b10110000 >
b10110000 O
b10110000 j
01
#9335000
b1 c
b110110001 A
b110110001 s
b110110001 -
b110110001 [
b110110001 h
b110110001 x
b110110000 R
b110110000 m
b110110000 q
11
#9340000
b0 *
b0 Y
b0 n
0,
b110110001 {
b110110001 z
0?
01
#9345000
11
#9350000
b1111 *
b1111 Y
b1111 n
1,
1?
b10110001 +
b10110001 Z
b10110001 o
b10110001 >
b10110001 O
b10110001 j
01
#9355000
b1 c
b110110010 A
b110110010 s
b110110010 -
b110110010 [
b110110010 h
b110110010 x
b110110001 R
b110110001 m
b110110001 q
11
#9360000
b0 *
b0 Y
b0 n
0,
b110110010 {
b110110010 z
0?
01
#9365000
11
#9370000
b1111 *
b1111 Y
b1111 n
1,
1?
b10110010 +
b10110010 Z
b10110010 o
b10110010 >
b10110010 O
b10110010 j
01
#9375000
b1 c
b110110011 A
b110110011 s
b110110011 -
b110110011 [
b110110011 h
b110110011 x
b110110010 R
b110110010 m
b110110010 q
11
#9380000
b0 *
b0 Y
b0 n
0,
b110110011 {
b110110011 z
0?
01
#9385000
11
#9390000
b1111 *
b1111 Y
b1111 n
1,
1?
b10110011 +
b10110011 Z
b10110011 o
b10110011 >
b10110011 O
b10110011 j
01
#9395000
b1 c
b110110100 A
b110110100 s
b110110100 -
b110110100 [
b110110100 h
b110110100 x
b110110011 R
b110110011 m
b110110011 q
11
#9400000
b0 *
b0 Y
b0 n
0,
b110110100 {
b110110100 z
0?
01
#9405000
11
#9410000
b1111 *
b1111 Y
b1111 n
1,
1?
b10110100 +
b10110100 Z
b10110100 o
b10110100 >
b10110100 O
b10110100 j
01
#9415000
b1 c
b110110101 A
b110110101 s
b110110101 -
b110110101 [
b110110101 h
b110110101 x
b110110100 R
b110110100 m
b110110100 q
11
#9420000
b0 *
b0 Y
b0 n
0,
b110110101 {
b110110101 z
0?
01
#9425000
11
#9430000
b1111 *
b1111 Y
b1111 n
1,
1?
b10110101 +
b10110101 Z
b10110101 o
b10110101 >
b10110101 O
b10110101 j
01
#9435000
b1 c
b110110110 A
b110110110 s
b110110110 -
b110110110 [
b110110110 h
b110110110 x
b110110101 R
b110110101 m
b110110101 q
11
#9440000
b0 *
b0 Y
b0 n
0,
b110110110 {
b110110110 z
0?
01
#9445000
11
#9450000
b1111 *
b1111 Y
b1111 n
1,
1?
b10110110 +
b10110110 Z
b10110110 o
b10110110 >
b10110110 O
b10110110 j
01
#9455000
b1 c
b110110111 A
b110110111 s
b110110111 -
b110110111 [
b110110111 h
b110110111 x
b110110110 R
b110110110 m
b110110110 q
11
#9460000
b0 *
b0 Y
b0 n
0,
b110110111 {
b110110111 z
0?
01
#9465000
11
#9470000
b1111 *
b1111 Y
b1111 n
1,
1?
b10110111 +
b10110111 Z
b10110111 o
b10110111 >
b10110111 O
b10110111 j
01
#9475000
b1 c
b110111000 A
b110111000 s
b110111000 -
b110111000 [
b110111000 h
b110111000 x
b110110111 R
b110110111 m
b110110111 q
11
#9480000
b0 *
b0 Y
b0 n
0,
b110111000 {
b110111000 z
0?
01
#9485000
11
#9490000
b1111 *
b1111 Y
b1111 n
1,
1?
b10111000 +
b10111000 Z
b10111000 o
b10111000 >
b10111000 O
b10111000 j
01
#9495000
b1 c
b110111001 A
b110111001 s
b110111001 -
b110111001 [
b110111001 h
b110111001 x
b110111000 R
b110111000 m
b110111000 q
11
#9500000
b0 *
b0 Y
b0 n
0,
b110111001 {
b110111001 z
0?
01
#9505000
11
#9510000
b1111 *
b1111 Y
b1111 n
1,
1?
b10111001 +
b10111001 Z
b10111001 o
b10111001 >
b10111001 O
b10111001 j
01
#9515000
b1 c
b110111010 A
b110111010 s
b110111010 -
b110111010 [
b110111010 h
b110111010 x
b110111001 R
b110111001 m
b110111001 q
11
#9520000
b0 *
b0 Y
b0 n
0,
b110111010 {
b110111010 z
0?
01
#9525000
11
#9530000
b1111 *
b1111 Y
b1111 n
1,
1?
b10111010 +
b10111010 Z
b10111010 o
b10111010 >
b10111010 O
b10111010 j
01
#9535000
b1 c
b110111011 A
b110111011 s
b110111011 -
b110111011 [
b110111011 h
b110111011 x
b110111010 R
b110111010 m
b110111010 q
11
#9540000
b0 *
b0 Y
b0 n
0,
b110111011 {
b110111011 z
0?
01
#9545000
11
#9550000
b1111 *
b1111 Y
b1111 n
1,
1?
b10111011 +
b10111011 Z
b10111011 o
b10111011 >
b10111011 O
b10111011 j
01
#9555000
b1 c
b110111100 A
b110111100 s
b110111100 -
b110111100 [
b110111100 h
b110111100 x
b110111011 R
b110111011 m
b110111011 q
11
#9560000
b0 *
b0 Y
b0 n
0,
b110111100 {
b110111100 z
0?
01
#9565000
11
#9570000
b1111 *
b1111 Y
b1111 n
1,
1?
b10111100 +
b10111100 Z
b10111100 o
b10111100 >
b10111100 O
b10111100 j
01
#9575000
b1 c
b110111101 A
b110111101 s
b110111101 -
b110111101 [
b110111101 h
b110111101 x
b110111100 R
b110111100 m
b110111100 q
11
#9580000
b0 *
b0 Y
b0 n
0,
b110111101 {
b110111101 z
0?
01
#9585000
11
#9590000
b1111 *
b1111 Y
b1111 n
1,
1?
b10111101 +
b10111101 Z
b10111101 o
b10111101 >
b10111101 O
b10111101 j
01
#9595000
b1 c
b110111110 A
b110111110 s
b110111110 -
b110111110 [
b110111110 h
b110111110 x
b110111101 R
b110111101 m
b110111101 q
11
#9600000
b0 *
b0 Y
b0 n
0,
b110111110 {
b110111110 z
0?
01
#9605000
11
#9610000
b1111 *
b1111 Y
b1111 n
1,
1?
b10111110 +
b10111110 Z
b10111110 o
b10111110 >
b10111110 O
b10111110 j
01
#9615000
b1 c
b110111111 A
b110111111 s
b110111111 -
b110111111 [
b110111111 h
b110111111 x
b110111110 R
b110111110 m
b110111110 q
11
#9620000
b0 *
b0 Y
b0 n
0,
b110111111 {
b110111111 z
0?
01
#9625000
11
#9630000
b1111 *
b1111 Y
b1111 n
1,
1?
b10111111 +
b10111111 Z
b10111111 o
b10111111 >
b10111111 O
b10111111 j
01
#9635000
b1 c
b111000000 A
b111000000 s
b111000000 -
b111000000 [
b111000000 h
b111000000 x
b110111111 R
b110111111 m
b110111111 q
11
#9640000
b0 *
b0 Y
b0 n
0,
b111000000 {
b111000000 z
0?
01
#9645000
11
#9650000
b1111 *
b1111 Y
b1111 n
1,
1?
b11000000 +
b11000000 Z
b11000000 o
b11000000 >
b11000000 O
b11000000 j
01
#9655000
b1 c
b111000001 A
b111000001 s
b111000001 -
b111000001 [
b111000001 h
b111000001 x
b111000000 R
b111000000 m
b111000000 q
11
#9660000
b0 *
b0 Y
b0 n
0,
b111000001 {
b111000001 z
0?
01
#9665000
11
#9670000
b1111 *
b1111 Y
b1111 n
1,
1?
b11000001 +
b11000001 Z
b11000001 o
b11000001 >
b11000001 O
b11000001 j
01
#9675000
b1 c
b111000010 A
b111000010 s
b111000010 -
b111000010 [
b111000010 h
b111000010 x
b111000001 R
b111000001 m
b111000001 q
11
#9680000
b0 *
b0 Y
b0 n
0,
b111000010 {
b111000010 z
0?
01
#9685000
11
#9690000
b1111 *
b1111 Y
b1111 n
1,
1?
b11000010 +
b11000010 Z
b11000010 o
b11000010 >
b11000010 O
b11000010 j
01
#9695000
b1 c
b111000011 A
b111000011 s
b111000011 -
b111000011 [
b111000011 h
b111000011 x
b111000010 R
b111000010 m
b111000010 q
11
#9700000
b0 *
b0 Y
b0 n
0,
b111000011 {
b111000011 z
0?
01
#9705000
11
#9710000
b1111 *
b1111 Y
b1111 n
1,
1?
b11000011 +
b11000011 Z
b11000011 o
b11000011 >
b11000011 O
b11000011 j
01
#9715000
b1 c
b111000100 A
b111000100 s
b111000100 -
b111000100 [
b111000100 h
b111000100 x
b111000011 R
b111000011 m
b111000011 q
11
#9720000
b0 *
b0 Y
b0 n
0,
b111000100 {
b111000100 z
0?
01
#9725000
11
#9730000
b1111 *
b1111 Y
b1111 n
1,
1?
b11000100 +
b11000100 Z
b11000100 o
b11000100 >
b11000100 O
b11000100 j
01
#9735000
b1 c
b111000101 A
b111000101 s
b111000101 -
b111000101 [
b111000101 h
b111000101 x
b111000100 R
b111000100 m
b111000100 q
11
#9740000
b0 *
b0 Y
b0 n
0,
b111000101 {
b111000101 z
0?
01
#9745000
11
#9750000
b1111 *
b1111 Y
b1111 n
1,
1?
b11000101 +
b11000101 Z
b11000101 o
b11000101 >
b11000101 O
b11000101 j
01
#9755000
b1 c
b111000110 A
b111000110 s
b111000110 -
b111000110 [
b111000110 h
b111000110 x
b111000101 R
b111000101 m
b111000101 q
11
#9760000
b0 *
b0 Y
b0 n
0,
b111000110 {
b111000110 z
0?
01
#9765000
11
#9770000
b1111 *
b1111 Y
b1111 n
1,
1?
b11000110 +
b11000110 Z
b11000110 o
b11000110 >
b11000110 O
b11000110 j
01
#9775000
b1 c
b111000111 A
b111000111 s
b111000111 -
b111000111 [
b111000111 h
b111000111 x
b111000110 R
b111000110 m
b111000110 q
11
#9780000
b0 *
b0 Y
b0 n
0,
b111000111 {
b111000111 z
0?
01
#9785000
11
#9790000
b1111 *
b1111 Y
b1111 n
1,
1?
b11000111 +
b11000111 Z
b11000111 o
b11000111 >
b11000111 O
b11000111 j
01
#9795000
b1 c
b111001000 A
b111001000 s
b111001000 -
b111001000 [
b111001000 h
b111001000 x
b111000111 R
b111000111 m
b111000111 q
11
#9800000
b0 *
b0 Y
b0 n
0,
b111001000 {
b111001000 z
0?
01
#9805000
11
#9810000
b1111 *
b1111 Y
b1111 n
1,
1?
b11001000 +
b11001000 Z
b11001000 o
b11001000 >
b11001000 O
b11001000 j
01
#9815000
b1 c
b111001001 A
b111001001 s
b111001001 -
b111001001 [
b111001001 h
b111001001 x
b111001000 R
b111001000 m
b111001000 q
11
#9820000
b0 *
b0 Y
b0 n
0,
b111001001 {
b111001001 z
0?
01
#9825000
11
#9830000
b1111 *
b1111 Y
b1111 n
1,
1?
b11001001 +
b11001001 Z
b11001001 o
b11001001 >
b11001001 O
b11001001 j
01
#9835000
b1 c
b111001010 A
b111001010 s
b111001010 -
b111001010 [
b111001010 h
b111001010 x
b111001001 R
b111001001 m
b111001001 q
11
#9840000
b0 *
b0 Y
b0 n
0,
b111001010 {
b111001010 z
0?
01
#9845000
11
#9850000
b1111 *
b1111 Y
b1111 n
1,
1?
b11001010 +
b11001010 Z
b11001010 o
b11001010 >
b11001010 O
b11001010 j
01
#9855000
b1 c
b111001011 A
b111001011 s
b111001011 -
b111001011 [
b111001011 h
b111001011 x
b111001010 R
b111001010 m
b111001010 q
11
#9860000
b0 *
b0 Y
b0 n
0,
b111001011 {
b111001011 z
0?
01
#9865000
11
#9870000
b1111 *
b1111 Y
b1111 n
1,
1?
b11001011 +
b11001011 Z
b11001011 o
b11001011 >
b11001011 O
b11001011 j
01
#9875000
b1 c
b111001100 A
b111001100 s
b111001100 -
b111001100 [
b111001100 h
b111001100 x
b111001011 R
b111001011 m
b111001011 q
11
#9880000
b0 *
b0 Y
b0 n
0,
b111001100 {
b111001100 z
0?
01
#9885000
11
#9890000
b1111 *
b1111 Y
b1111 n
1,
1?
b11001100 +
b11001100 Z
b11001100 o
b11001100 >
b11001100 O
b11001100 j
01
#9895000
b1 c
b111001101 A
b111001101 s
b111001101 -
b111001101 [
b111001101 h
b111001101 x
b111001100 R
b111001100 m
b111001100 q
11
#9900000
b0 *
b0 Y
b0 n
0,
b111001101 {
b111001101 z
0?
01
#9905000
11
#9910000
b1111 *
b1111 Y
b1111 n
1,
1?
b11001101 +
b11001101 Z
b11001101 o
b11001101 >
b11001101 O
b11001101 j
01
#9915000
b1 c
b111001110 A
b111001110 s
b111001110 -
b111001110 [
b111001110 h
b111001110 x
b111001101 R
b111001101 m
b111001101 q
11
#9920000
b0 *
b0 Y
b0 n
0,
b111001110 {
b111001110 z
0?
01
#9925000
11
#9930000
b1111 *
b1111 Y
b1111 n
1,
1?
b11001110 +
b11001110 Z
b11001110 o
b11001110 >
b11001110 O
b11001110 j
01
#9935000
b1 c
b111001111 A
b111001111 s
b111001111 -
b111001111 [
b111001111 h
b111001111 x
b111001110 R
b111001110 m
b111001110 q
11
#9940000
b0 *
b0 Y
b0 n
0,
b111001111 {
b111001111 z
0?
01
#9945000
11
#9950000
b1111 *
b1111 Y
b1111 n
1,
1?
b11001111 +
b11001111 Z
b11001111 o
b11001111 >
b11001111 O
b11001111 j
01
#9955000
b1 c
b111010000 A
b111010000 s
b111010000 -
b111010000 [
b111010000 h
b111010000 x
b111001111 R
b111001111 m
b111001111 q
11
#9960000
b0 *
b0 Y
b0 n
0,
b111010000 {
b111010000 z
0?
01
#9965000
11
#9970000
b1111 *
b1111 Y
b1111 n
1,
1?
b11010000 +
b11010000 Z
b11010000 o
b11010000 >
b11010000 O
b11010000 j
01
#9975000
b1 c
b111010001 A
b111010001 s
b111010001 -
b111010001 [
b111010001 h
b111010001 x
b111010000 R
b111010000 m
b111010000 q
11
#9980000
b0 *
b0 Y
b0 n
0,
b111010001 {
b111010001 z
0?
01
#9985000
11
#9990000
b1111 *
b1111 Y
b1111 n
1,
1?
b11010001 +
b11010001 Z
b11010001 o
b11010001 >
b11010001 O
b11010001 j
01
#9995000
b1 c
b111010010 A
b111010010 s
b111010010 -
b111010010 [
b111010010 h
b111010010 x
b111010001 R
b111010001 m
b111010001 q
11
#10000000
b0 *
b0 Y
b0 n
0,
b111010010 {
b111010010 z
0?
01
#10005000
11
#10010000
b1111 *
b1111 Y
b1111 n
1,
1?
b11010010 +
b11010010 Z
b11010010 o
b11010010 >
b11010010 O
b11010010 j
01
#10015000
b1 c
b111010011 A
b111010011 s
b111010011 -
b111010011 [
b111010011 h
b111010011 x
b111010010 R
b111010010 m
b111010010 q
11
#10020000
b0 *
b0 Y
b0 n
0,
b111010011 {
b111010011 z
0?
01
#10025000
11
#10030000
b1111 *
b1111 Y
b1111 n
1,
1?
b11010011 +
b11010011 Z
b11010011 o
b11010011 >
b11010011 O
b11010011 j
01
#10035000
b1 c
b111010100 A
b111010100 s
b111010100 -
b111010100 [
b111010100 h
b111010100 x
b111010011 R
b111010011 m
b111010011 q
11
#10040000
b0 *
b0 Y
b0 n
0,
b111010100 {
b111010100 z
0?
01
#10045000
11
#10050000
b1111 *
b1111 Y
b1111 n
1,
1?
b11010100 +
b11010100 Z
b11010100 o
b11010100 >
b11010100 O
b11010100 j
01
#10055000
b1 c
b111010101 A
b111010101 s
b111010101 -
b111010101 [
b111010101 h
b111010101 x
b111010100 R
b111010100 m
b111010100 q
11
#10060000
b0 *
b0 Y
b0 n
0,
b111010101 {
b111010101 z
0?
01
#10065000
11
#10070000
b1111 *
b1111 Y
b1111 n
1,
1?
b11010101 +
b11010101 Z
b11010101 o
b11010101 >
b11010101 O
b11010101 j
01
#10075000
b1 c
b111010110 A
b111010110 s
b111010110 -
b111010110 [
b111010110 h
b111010110 x
b111010101 R
b111010101 m
b111010101 q
11
#10080000
b0 *
b0 Y
b0 n
0,
b111010110 {
b111010110 z
0?
01
#10085000
11
#10090000
b1111 *
b1111 Y
b1111 n
1,
1?
b11010110 +
b11010110 Z
b11010110 o
b11010110 >
b11010110 O
b11010110 j
01
#10095000
b1 c
b111010111 A
b111010111 s
b111010111 -
b111010111 [
b111010111 h
b111010111 x
b111010110 R
b111010110 m
b111010110 q
11
#10100000
b0 *
b0 Y
b0 n
0,
b111010111 {
b111010111 z
0?
01
#10105000
11
#10110000
b1111 *
b1111 Y
b1111 n
1,
1?
b11010111 +
b11010111 Z
b11010111 o
b11010111 >
b11010111 O
b11010111 j
01
#10115000
b1 c
b111011000 A
b111011000 s
b111011000 -
b111011000 [
b111011000 h
b111011000 x
b111010111 R
b111010111 m
b111010111 q
11
#10120000
b0 *
b0 Y
b0 n
0,
b111011000 {
b111011000 z
0?
01
#10125000
11
#10130000
b1111 *
b1111 Y
b1111 n
1,
1?
b11011000 +
b11011000 Z
b11011000 o
b11011000 >
b11011000 O
b11011000 j
01
#10135000
b1 c
b111011001 A
b111011001 s
b111011001 -
b111011001 [
b111011001 h
b111011001 x
b111011000 R
b111011000 m
b111011000 q
11
#10140000
b0 *
b0 Y
b0 n
0,
b111011001 {
b111011001 z
0?
01
#10145000
11
#10150000
b1111 *
b1111 Y
b1111 n
1,
1?
b11011001 +
b11011001 Z
b11011001 o
b11011001 >
b11011001 O
b11011001 j
01
#10155000
b1 c
b111011010 A
b111011010 s
b111011010 -
b111011010 [
b111011010 h
b111011010 x
b111011001 R
b111011001 m
b111011001 q
11
#10160000
b0 *
b0 Y
b0 n
0,
b111011010 {
b111011010 z
0?
01
#10165000
11
#10170000
b1111 *
b1111 Y
b1111 n
1,
1?
b11011010 +
b11011010 Z
b11011010 o
b11011010 >
b11011010 O
b11011010 j
01
#10175000
b1 c
b111011011 A
b111011011 s
b111011011 -
b111011011 [
b111011011 h
b111011011 x
b111011010 R
b111011010 m
b111011010 q
11
#10180000
b0 *
b0 Y
b0 n
0,
b111011011 {
b111011011 z
0?
01
#10185000
11
#10190000
b1111 *
b1111 Y
b1111 n
1,
1?
b11011011 +
b11011011 Z
b11011011 o
b11011011 >
b11011011 O
b11011011 j
01
#10195000
b1 c
b111011100 A
b111011100 s
b111011100 -
b111011100 [
b111011100 h
b111011100 x
b111011011 R
b111011011 m
b111011011 q
11
#10200000
b0 *
b0 Y
b0 n
0,
b111011100 {
b111011100 z
0?
01
#10205000
11
#10210000
b1111 *
b1111 Y
b1111 n
1,
1?
b11011100 +
b11011100 Z
b11011100 o
b11011100 >
b11011100 O
b11011100 j
01
#10215000
b1 c
b111011101 A
b111011101 s
b111011101 -
b111011101 [
b111011101 h
b111011101 x
b111011100 R
b111011100 m
b111011100 q
11
#10220000
b0 *
b0 Y
b0 n
0,
b111011101 {
b111011101 z
0?
01
#10225000
11
#10230000
b1111 *
b1111 Y
b1111 n
1,
1?
b11011101 +
b11011101 Z
b11011101 o
b11011101 >
b11011101 O
b11011101 j
01
#10235000
b1 c
b111011110 A
b111011110 s
b111011110 -
b111011110 [
b111011110 h
b111011110 x
b111011101 R
b111011101 m
b111011101 q
11
#10240000
b0 *
b0 Y
b0 n
0,
b111011110 {
b111011110 z
0?
01
#10245000
11
#10250000
b1111 *
b1111 Y
b1111 n
1,
1?
b11011110 +
b11011110 Z
b11011110 o
b11011110 >
b11011110 O
b11011110 j
01
#10255000
b1 c
b111011111 A
b111011111 s
b111011111 -
b111011111 [
b111011111 h
b111011111 x
b111011110 R
b111011110 m
b111011110 q
11
#10260000
b0 *
b0 Y
b0 n
0,
b111011111 {
b111011111 z
0?
01
#10265000
11
#10270000
b1111 *
b1111 Y
b1111 n
1,
1?
b11011111 +
b11011111 Z
b11011111 o
b11011111 >
b11011111 O
b11011111 j
01
#10275000
b1 c
b111100000 A
b111100000 s
b111100000 -
b111100000 [
b111100000 h
b111100000 x
b111011111 R
b111011111 m
b111011111 q
11
#10280000
b0 *
b0 Y
b0 n
0,
b111100000 {
b111100000 z
0?
01
#10285000
11
#10290000
b1111 *
b1111 Y
b1111 n
1,
1?
b11100000 +
b11100000 Z
b11100000 o
b11100000 >
b11100000 O
b11100000 j
01
#10295000
b1 c
b111100001 A
b111100001 s
b111100001 -
b111100001 [
b111100001 h
b111100001 x
b111100000 R
b111100000 m
b111100000 q
11
#10300000
b0 *
b0 Y
b0 n
0,
b111100001 {
b111100001 z
0?
01
#10305000
11
#10310000
b1111 *
b1111 Y
b1111 n
1,
1?
b11100001 +
b11100001 Z
b11100001 o
b11100001 >
b11100001 O
b11100001 j
01
#10315000
b1 c
b111100010 A
b111100010 s
b111100010 -
b111100010 [
b111100010 h
b111100010 x
b111100001 R
b111100001 m
b111100001 q
11
#10320000
b0 *
b0 Y
b0 n
0,
b111100010 {
b111100010 z
0?
01
#10325000
11
#10330000
b1111 *
b1111 Y
b1111 n
1,
1?
b11100010 +
b11100010 Z
b11100010 o
b11100010 >
b11100010 O
b11100010 j
01
#10335000
b1 c
b111100011 A
b111100011 s
b111100011 -
b111100011 [
b111100011 h
b111100011 x
b111100010 R
b111100010 m
b111100010 q
11
#10340000
b0 *
b0 Y
b0 n
0,
b111100011 {
b111100011 z
0?
01
#10345000
11
#10350000
b1111 *
b1111 Y
b1111 n
1,
1?
b11100011 +
b11100011 Z
b11100011 o
b11100011 >
b11100011 O
b11100011 j
01
#10355000
b1 c
b111100100 A
b111100100 s
b111100100 -
b111100100 [
b111100100 h
b111100100 x
b111100011 R
b111100011 m
b111100011 q
11
#10360000
b0 *
b0 Y
b0 n
0,
b111100100 {
b111100100 z
0?
01
#10365000
11
#10370000
b1111 *
b1111 Y
b1111 n
1,
1?
b11100100 +
b11100100 Z
b11100100 o
b11100100 >
b11100100 O
b11100100 j
01
#10375000
b1 c
b111100101 A
b111100101 s
b111100101 -
b111100101 [
b111100101 h
b111100101 x
b111100100 R
b111100100 m
b111100100 q
11
#10380000
b0 *
b0 Y
b0 n
0,
b111100101 {
b111100101 z
0?
01
#10385000
11
#10390000
b1111 *
b1111 Y
b1111 n
1,
1?
b11100101 +
b11100101 Z
b11100101 o
b11100101 >
b11100101 O
b11100101 j
01
#10395000
b1 c
b111100110 A
b111100110 s
b111100110 -
b111100110 [
b111100110 h
b111100110 x
b111100101 R
b111100101 m
b111100101 q
11
#10400000
b0 *
b0 Y
b0 n
0,
b111100110 {
b111100110 z
0?
01
#10405000
11
#10410000
b1111 *
b1111 Y
b1111 n
1,
1?
b11100110 +
b11100110 Z
b11100110 o
b11100110 >
b11100110 O
b11100110 j
01
#10415000
b1 c
b111100111 A
b111100111 s
b111100111 -
b111100111 [
b111100111 h
b111100111 x
b111100110 R
b111100110 m
b111100110 q
11
#10420000
b0 *
b0 Y
b0 n
0,
b111100111 {
b111100111 z
0?
01
#10425000
11
#10430000
b1111 *
b1111 Y
b1111 n
1,
1?
b11100111 +
b11100111 Z
b11100111 o
b11100111 >
b11100111 O
b11100111 j
01
#10435000
b1 c
b111101000 A
b111101000 s
b111101000 -
b111101000 [
b111101000 h
b111101000 x
b111100111 R
b111100111 m
b111100111 q
11
#10440000
b0 *
b0 Y
b0 n
0,
b111101000 {
b111101000 z
0?
01
#10445000
11
#10450000
b1111 *
b1111 Y
b1111 n
1,
1?
b11101000 +
b11101000 Z
b11101000 o
b11101000 >
b11101000 O
b11101000 j
01
#10455000
b1 c
b111101001 A
b111101001 s
b111101001 -
b111101001 [
b111101001 h
b111101001 x
b111101000 R
b111101000 m
b111101000 q
11
#10460000
b0 *
b0 Y
b0 n
0,
b111101001 {
b111101001 z
0?
01
#10465000
11
#10470000
b1111 *
b1111 Y
b1111 n
1,
1?
b11101001 +
b11101001 Z
b11101001 o
b11101001 >
b11101001 O
b11101001 j
01
#10475000
b1 c
b111101010 A
b111101010 s
b111101010 -
b111101010 [
b111101010 h
b111101010 x
b111101001 R
b111101001 m
b111101001 q
11
#10480000
b0 *
b0 Y
b0 n
0,
b111101010 {
b111101010 z
0?
01
#10485000
11
#10490000
b1111 *
b1111 Y
b1111 n
1,
1?
b11101010 +
b11101010 Z
b11101010 o
b11101010 >
b11101010 O
b11101010 j
01
#10495000
b1 c
b111101011 A
b111101011 s
b111101011 -
b111101011 [
b111101011 h
b111101011 x
b111101010 R
b111101010 m
b111101010 q
11
#10500000
b0 *
b0 Y
b0 n
0,
b111101011 {
b111101011 z
0?
01
#10505000
11
#10510000
b1111 *
b1111 Y
b1111 n
1,
1?
b11101011 +
b11101011 Z
b11101011 o
b11101011 >
b11101011 O
b11101011 j
01
#10515000
b1 c
b111101100 A
b111101100 s
b111101100 -
b111101100 [
b111101100 h
b111101100 x
b111101011 R
b111101011 m
b111101011 q
11
#10520000
b0 *
b0 Y
b0 n
0,
b111101100 {
b111101100 z
0?
01
#10525000
11
#10530000
b1111 *
b1111 Y
b1111 n
1,
1?
b11101100 +
b11101100 Z
b11101100 o
b11101100 >
b11101100 O
b11101100 j
01
#10535000
b1 c
b111101101 A
b111101101 s
b111101101 -
b111101101 [
b111101101 h
b111101101 x
b111101100 R
b111101100 m
b111101100 q
11
#10540000
b0 *
b0 Y
b0 n
0,
b111101101 {
b111101101 z
0?
01
#10545000
11
#10550000
b1111 *
b1111 Y
b1111 n
1,
1?
b11101101 +
b11101101 Z
b11101101 o
b11101101 >
b11101101 O
b11101101 j
01
#10555000
b1 c
b111101110 A
b111101110 s
b111101110 -
b111101110 [
b111101110 h
b111101110 x
b111101101 R
b111101101 m
b111101101 q
11
#10560000
b0 *
b0 Y
b0 n
0,
b111101110 {
b111101110 z
0?
01
#10565000
11
#10570000
b1111 *
b1111 Y
b1111 n
1,
1?
b11101110 +
b11101110 Z
b11101110 o
b11101110 >
b11101110 O
b11101110 j
01
#10575000
b1 c
b111101111 A
b111101111 s
b111101111 -
b111101111 [
b111101111 h
b111101111 x
b111101110 R
b111101110 m
b111101110 q
11
#10580000
b0 *
b0 Y
b0 n
0,
b111101111 {
b111101111 z
0?
01
#10585000
11
#10590000
b1111 *
b1111 Y
b1111 n
1,
1?
b11101111 +
b11101111 Z
b11101111 o
b11101111 >
b11101111 O
b11101111 j
01
#10595000
b1 c
b111110000 A
b111110000 s
b111110000 -
b111110000 [
b111110000 h
b111110000 x
b111101111 R
b111101111 m
b111101111 q
11
#10600000
b0 *
b0 Y
b0 n
0,
b111110000 {
b111110000 z
0?
01
#10605000
11
#10610000
b1111 *
b1111 Y
b1111 n
1,
1?
b11110000 +
b11110000 Z
b11110000 o
b11110000 >
b11110000 O
b11110000 j
01
#10615000
b1 c
b111110001 A
b111110001 s
b111110001 -
b111110001 [
b111110001 h
b111110001 x
b111110000 R
b111110000 m
b111110000 q
11
#10620000
b0 *
b0 Y
b0 n
0,
b111110001 {
b111110001 z
0?
01
#10625000
11
#10630000
b1111 *
b1111 Y
b1111 n
1,
1?
b11110001 +
b11110001 Z
b11110001 o
b11110001 >
b11110001 O
b11110001 j
01
#10635000
b1 c
b111110010 A
b111110010 s
b111110010 -
b111110010 [
b111110010 h
b111110010 x
b111110001 R
b111110001 m
b111110001 q
11
#10640000
b0 *
b0 Y
b0 n
0,
b111110010 {
b111110010 z
0?
01
#10645000
11
#10650000
b1111 *
b1111 Y
b1111 n
1,
1?
b11110010 +
b11110010 Z
b11110010 o
b11110010 >
b11110010 O
b11110010 j
01
#10655000
b1 c
b111110011 A
b111110011 s
b111110011 -
b111110011 [
b111110011 h
b111110011 x
b111110010 R
b111110010 m
b111110010 q
11
#10660000
b0 *
b0 Y
b0 n
0,
b111110011 {
b111110011 z
0?
01
#10665000
11
#10670000
b1111 *
b1111 Y
b1111 n
1,
1?
b11110011 +
b11110011 Z
b11110011 o
b11110011 >
b11110011 O
b11110011 j
01
#10675000
b1 c
b111110100 A
b111110100 s
b111110100 -
b111110100 [
b111110100 h
b111110100 x
b111110011 R
b111110011 m
b111110011 q
11
#10680000
b0 *
b0 Y
b0 n
0,
b111110100 {
b111110100 z
0?
01
#10685000
11
#10690000
b1111 *
b1111 Y
b1111 n
1,
1?
b11110100 +
b11110100 Z
b11110100 o
b11110100 >
b11110100 O
b11110100 j
01
#10695000
b1 c
b111110101 A
b111110101 s
b111110101 -
b111110101 [
b111110101 h
b111110101 x
b111110100 R
b111110100 m
b111110100 q
11
#10700000
b0 *
b0 Y
b0 n
0,
b111110101 {
b111110101 z
0?
01
#10705000
11
#10710000
b1111 *
b1111 Y
b1111 n
1,
1?
b11110101 +
b11110101 Z
b11110101 o
b11110101 >
b11110101 O
b11110101 j
01
#10715000
b1 c
b111110110 A
b111110110 s
b111110110 -
b111110110 [
b111110110 h
b111110110 x
b111110101 R
b111110101 m
b111110101 q
11
#10720000
b0 *
b0 Y
b0 n
0,
b111110110 {
b111110110 z
0?
01
#10725000
11
#10730000
b1111 *
b1111 Y
b1111 n
1,
1?
b11110110 +
b11110110 Z
b11110110 o
b11110110 >
b11110110 O
b11110110 j
01
#10735000
b1 c
b111110111 A
b111110111 s
b111110111 -
b111110111 [
b111110111 h
b111110111 x
b111110110 R
b111110110 m
b111110110 q
11
#10740000
b0 *
b0 Y
b0 n
0,
b111110111 {
b111110111 z
0?
01
#10745000
11
#10750000
b1111 *
b1111 Y
b1111 n
1,
1?
b11110111 +
b11110111 Z
b11110111 o
b11110111 >
b11110111 O
b11110111 j
01
#10755000
b1 c
b111111000 A
b111111000 s
b111111000 -
b111111000 [
b111111000 h
b111111000 x
b111110111 R
b111110111 m
b111110111 q
11
#10760000
b0 *
b0 Y
b0 n
0,
b111111000 {
b111111000 z
0?
01
#10765000
11
#10770000
b1111 *
b1111 Y
b1111 n
1,
1?
b11111000 +
b11111000 Z
b11111000 o
b11111000 >
b11111000 O
b11111000 j
01
#10775000
b1 c
b111111001 A
b111111001 s
b111111001 -
b111111001 [
b111111001 h
b111111001 x
b111111000 R
b111111000 m
b111111000 q
11
#10780000
b0 *
b0 Y
b0 n
0,
b111111001 {
b111111001 z
0?
01
#10785000
11
#10790000
b1111 *
b1111 Y
b1111 n
1,
1?
b11111001 +
b11111001 Z
b11111001 o
b11111001 >
b11111001 O
b11111001 j
01
#10795000
b1 c
b111111010 A
b111111010 s
b111111010 -
b111111010 [
b111111010 h
b111111010 x
b111111001 R
b111111001 m
b111111001 q
11
#10800000
b0 *
b0 Y
b0 n
0,
b111111010 {
b111111010 z
0?
01
#10805000
11
#10810000
b1111 *
b1111 Y
b1111 n
1,
1?
b11111010 +
b11111010 Z
b11111010 o
b11111010 >
b11111010 O
b11111010 j
01
#10815000
b1 c
b111111011 A
b111111011 s
b111111011 -
b111111011 [
b111111011 h
b111111011 x
b111111010 R
b111111010 m
b111111010 q
11
#10820000
b0 *
b0 Y
b0 n
0,
b111111011 {
b111111011 z
0?
01
#10825000
11
#10830000
b1111 *
b1111 Y
b1111 n
1,
1?
b11111011 +
b11111011 Z
b11111011 o
b11111011 >
b11111011 O
b11111011 j
01
#10835000
b1 c
b111111100 A
b111111100 s
b111111100 -
b111111100 [
b111111100 h
b111111100 x
b111111011 R
b111111011 m
b111111011 q
11
#10840000
b0 *
b0 Y
b0 n
0,
b111111100 {
b111111100 z
0?
01
#10845000
11
#10850000
b1111 *
b1111 Y
b1111 n
1,
1?
b11111100 +
b11111100 Z
b11111100 o
b11111100 >
b11111100 O
b11111100 j
01
#10855000
b1 c
b111111101 A
b111111101 s
b111111101 -
b111111101 [
b111111101 h
b111111101 x
b111111100 R
b111111100 m
b111111100 q
11
#10860000
b0 *
b0 Y
b0 n
0,
b111111101 {
b111111101 z
0?
01
#10865000
11
#10870000
b1111 *
b1111 Y
b1111 n
1,
1?
b11111101 +
b11111101 Z
b11111101 o
b11111101 >
b11111101 O
b11111101 j
01
#10875000
b1 c
b111111110 A
b111111110 s
b111111110 -
b111111110 [
b111111110 h
b111111110 x
b111111101 R
b111111101 m
b111111101 q
11
#10880000
b0 *
b0 Y
b0 n
0,
b111111110 {
b111111110 z
0?
01
#10885000
11
#10890000
b1111 *
b1111 Y
b1111 n
1,
1?
b11111110 +
b11111110 Z
b11111110 o
b11111110 >
b11111110 O
b11111110 j
01
#10895000
b1 c
b111111111 A
b111111111 s
b111111111 -
b111111111 [
b111111111 h
b111111111 x
b111111110 R
b111111110 m
b111111110 q
11
#10900000
b0 *
b0 Y
b0 n
0,
b111111111 {
b111111111 z
0?
01
#10905000
11
#10910000
b1111 *
b1111 Y
b1111 n
1,
1?
b11111111 +
b11111111 Z
b11111111 o
b11111111 >
b11111111 O
b11111111 j
01
#10915000
1V
b11 c
b1000000000 A
b10 u
b1000000000 s
b1000000000 -
b1000000000 [
b1000000000 h
b1000000000 x
b111111111 R
b111111111 m
b111111111 q
11
#10920000
b0 *
b0 Y
b0 n
0,
b1000000000 {
b1000000000 z
0?
01
#10925000
11
#10930000
15
01
#10935000
0(
1$
1d
b11 %
b11 K
b11 b
11
#10940000
1:
05
01
#10945000
1(
0$
0d
11
#10950000
b11 y
0:
01
#10955000
11
#10960000
b1111 *
b1111 Y
b1111 n
1,
1@
1?
b0 +
b0 Z
b0 o
b0 >
b0 O
b0 j
01
#10965000
b111 c
b11 u
1S
1w
b1 r
b1000000000 T
b1000000000 l
b1000000000 v
b1000000001 -
b1000000001 [
b1000000001 h
b1000000001 x
b1000000000 R
b1000000000 m
b1000000000 q
b1000000001 A
11
#10970000
b0 *
b0 Y
b0 n
0,
b1000000001 z
0@
0?
01
#10975000
11
#10980000
15
01
#10985000
0(
1$
1d
b111 %
b111 K
b111 b
11
#10990000
1:
05
01
#10995000
1(
0$
0d
11
#11000000
b1 |
b111 y
0:
01
#11005000
11
#11010000
b1111 *
b1111 Y
b1111 n
1,
1?
b1 +
b1 Z
b1 o
b1 >
b1 O
b1 j
01
#11015000
b111 c
b1000000010 A
b10 r
b1000000010 -
b1000000010 [
b1000000010 h
b1000000010 x
b1000000001 R
b1000000001 m
b1000000001 q
11
#11020000
b0 *
b0 Y
b0 n
0,
b10 |
b1000000010 z
0?
01
#11025000
11
#11030000
b1111 *
b1111 Y
b1111 n
1,
1?
b10 +
b10 Z
b10 o
b10 >
b10 O
b10 j
01
#11035000
b111 c
b1000000011 A
b11 r
b1000000011 -
b1000000011 [
b1000000011 h
b1000000011 x
b1000000010 R
b1000000010 m
b1000000010 q
11
#11040000
b0 *
b0 Y
b0 n
0,
b11 |
b1000000011 z
0?
01
#11045000
11
#11050000
b1111 *
b1111 Y
b1111 n
1,
1?
b11 +
b11 Z
b11 o
b11 >
b11 O
b11 j
01
#11055000
b111 c
b1000000100 A
b100 r
b1000000100 -
b1000000100 [
b1000000100 h
b1000000100 x
b1000000011 R
b1000000011 m
b1000000011 q
11
#11060000
b0 *
b0 Y
b0 n
0,
b100 |
b1000000100 z
0?
01
#11065000
11
#11070000
b1111 *
b1111 Y
b1111 n
1,
1?
b100 +
b100 Z
b100 o
b100 >
b100 O
b100 j
01
#11075000
b111 c
b1000000101 A
b101 r
b1000000101 -
b1000000101 [
b1000000101 h
b1000000101 x
b1000000100 R
b1000000100 m
b1000000100 q
11
#11080000
b0 *
b0 Y
b0 n
0,
b101 |
b1000000101 z
0?
01
#11085000
11
#11090000
b1111 *
b1111 Y
b1111 n
1,
1?
b101 +
b101 Z
b101 o
b101 >
b101 O
b101 j
01
#11095000
b111 c
b1000000110 A
b110 r
b1000000110 -
b1000000110 [
b1000000110 h
b1000000110 x
b1000000101 R
b1000000101 m
b1000000101 q
11
#11100000
b0 *
b0 Y
b0 n
0,
b110 |
b1000000110 z
0?
01
#11105000
11
#11110000
b1111 *
b1111 Y
b1111 n
1,
1?
b110 +
b110 Z
b110 o
b110 >
b110 O
b110 j
01
#11115000
b111 c
b1000000111 A
b111 r
b1000000111 -
b1000000111 [
b1000000111 h
b1000000111 x
b1000000110 R
b1000000110 m
b1000000110 q
11
#11120000
b0 *
b0 Y
b0 n
0,
b111 |
b1000000111 z
0?
01
#11125000
11
#11130000
b1111 *
b1111 Y
b1111 n
1,
1?
b111 +
b111 Z
b111 o
b111 >
b111 O
b111 j
01
#11135000
b111 c
b1000001000 A
b1000 r
b1000001000 -
b1000001000 [
b1000001000 h
b1000001000 x
b1000000111 R
b1000000111 m
b1000000111 q
11
#11140000
b0 *
b0 Y
b0 n
0,
b1000 |
b1000001000 z
0?
01
#11145000
11
#11150000
b1111 *
b1111 Y
b1111 n
1,
1?
b1000 +
b1000 Z
b1000 o
b1000 >
b1000 O
b1000 j
01
#11155000
b111 c
b1000001001 A
b1001 r
b1000001001 -
b1000001001 [
b1000001001 h
b1000001001 x
b1000001000 R
b1000001000 m
b1000001000 q
11
#11160000
b0 *
b0 Y
b0 n
0,
b1001 |
b1000001001 z
0?
01
#11165000
11
#11170000
b1111 *
b1111 Y
b1111 n
1,
1?
b1001 +
b1001 Z
b1001 o
b1001 >
b1001 O
b1001 j
01
#11175000
b111 c
b1000001010 A
b1010 r
b1000001010 -
b1000001010 [
b1000001010 h
b1000001010 x
b1000001001 R
b1000001001 m
b1000001001 q
11
#11180000
b0 *
b0 Y
b0 n
0,
b1010 |
b1000001010 z
0?
01
#11185000
11
#11190000
b1111 *
b1111 Y
b1111 n
1,
1?
b1010 +
b1010 Z
b1010 o
b1010 >
b1010 O
b1010 j
01
#11195000
b111 c
b1000001011 A
b1011 r
b1000001011 -
b1000001011 [
b1000001011 h
b1000001011 x
b1000001010 R
b1000001010 m
b1000001010 q
11
#11200000
b0 *
b0 Y
b0 n
0,
b1011 |
b1000001011 z
0?
01
#11205000
11
#11210000
b1111 *
b1111 Y
b1111 n
1,
1?
b1011 +
b1011 Z
b1011 o
b1011 >
b1011 O
b1011 j
01
#11215000
b111 c
b1000001100 A
b1100 r
b1000001100 -
b1000001100 [
b1000001100 h
b1000001100 x
b1000001011 R
b1000001011 m
b1000001011 q
11
#11220000
b0 *
b0 Y
b0 n
0,
b1100 |
b1000001100 z
0?
01
#11225000
11
#11230000
b1111 *
b1111 Y
b1111 n
1,
1?
b1100 +
b1100 Z
b1100 o
b1100 >
b1100 O
b1100 j
01
#11235000
b111 c
b1000001101 A
b1101 r
b1000001101 -
b1000001101 [
b1000001101 h
b1000001101 x
b1000001100 R
b1000001100 m
b1000001100 q
11
#11240000
b0 *
b0 Y
b0 n
0,
b1101 |
b1000001101 z
0?
01
#11245000
11
#11250000
b1111 *
b1111 Y
b1111 n
1,
1?
b1101 +
b1101 Z
b1101 o
b1101 >
b1101 O
b1101 j
01
#11255000
b111 c
b1000001110 A
b1110 r
b1000001110 -
b1000001110 [
b1000001110 h
b1000001110 x
b1000001101 R
b1000001101 m
b1000001101 q
11
#11260000
b0 *
b0 Y
b0 n
0,
b1110 |
b1000001110 z
0?
01
#11265000
11
#11270000
b1111 *
b1111 Y
b1111 n
1,
1?
b1110 +
b1110 Z
b1110 o
b1110 >
b1110 O
b1110 j
01
#11275000
b111 c
b1000001111 A
b1111 r
b1000001111 -
b1000001111 [
b1000001111 h
b1000001111 x
b1000001110 R
b1000001110 m
b1000001110 q
11
#11280000
b0 *
b0 Y
b0 n
0,
b1111 |
b1000001111 z
0?
01
#11285000
11
#11290000
b1111 *
b1111 Y
b1111 n
1,
1?
b1111 +
b1111 Z
b1111 o
b1111 >
b1111 O
b1111 j
01
#11295000
b111 c
b1000010000 A
b10000 r
b1000010000 -
b1000010000 [
b1000010000 h
b1000010000 x
b1000001111 R
b1000001111 m
b1000001111 q
11
#11300000
b0 *
b0 Y
b0 n
0,
b10000 |
b1000010000 z
0?
01
#11305000
11
#11310000
b1111 *
b1111 Y
b1111 n
1,
1?
b10000 +
b10000 Z
b10000 o
b10000 >
b10000 O
b10000 j
01
#11315000
b111 c
b1000010001 A
b10001 r
b1000010001 -
b1000010001 [
b1000010001 h
b1000010001 x
b1000010000 R
b1000010000 m
b1000010000 q
11
#11320000
b0 *
b0 Y
b0 n
0,
b10001 |
b1000010001 z
0?
01
#11325000
11
#11330000
b1111 *
b1111 Y
b1111 n
1,
1?
b10001 +
b10001 Z
b10001 o
b10001 >
b10001 O
b10001 j
01
#11335000
b111 c
b1000010010 A
b10010 r
b1000010010 -
b1000010010 [
b1000010010 h
b1000010010 x
b1000010001 R
b1000010001 m
b1000010001 q
11
#11340000
b0 *
b0 Y
b0 n
0,
b10010 |
b1000010010 z
0?
01
#11345000
11
#11350000
b1111 *
b1111 Y
b1111 n
1,
1?
b10010 +
b10010 Z
b10010 o
b10010 >
b10010 O
b10010 j
01
#11355000
b111 c
b1000010011 A
b10011 r
b1000010011 -
b1000010011 [
b1000010011 h
b1000010011 x
b1000010010 R
b1000010010 m
b1000010010 q
11
#11360000
b0 *
b0 Y
b0 n
0,
b10011 |
b1000010011 z
0?
01
#11365000
11
#11370000
b1111 *
b1111 Y
b1111 n
1,
1?
b10011 +
b10011 Z
b10011 o
b10011 >
b10011 O
b10011 j
01
#11375000
b111 c
b1000010100 A
b10100 r
b1000010100 -
b1000010100 [
b1000010100 h
b1000010100 x
b1000010011 R
b1000010011 m
b1000010011 q
11
#11380000
b0 *
b0 Y
b0 n
0,
b10100 |
b1000010100 z
0?
01
#11385000
11
#11390000
b1111 *
b1111 Y
b1111 n
1,
1?
b10100 +
b10100 Z
b10100 o
b10100 >
b10100 O
b10100 j
01
#11395000
b111 c
b1000010101 A
b10101 r
b1000010101 -
b1000010101 [
b1000010101 h
b1000010101 x
b1000010100 R
b1000010100 m
b1000010100 q
11
#11400000
b0 *
b0 Y
b0 n
0,
b10101 |
b1000010101 z
0?
01
#11405000
11
#11410000
b1111 *
b1111 Y
b1111 n
1,
1?
b10101 +
b10101 Z
b10101 o
b10101 >
b10101 O
b10101 j
01
#11415000
b111 c
b1000010110 A
b10110 r
b1000010110 -
b1000010110 [
b1000010110 h
b1000010110 x
b1000010101 R
b1000010101 m
b1000010101 q
11
#11420000
b0 *
b0 Y
b0 n
0,
b10110 |
b1000010110 z
0?
01
#11425000
11
#11430000
b1111 *
b1111 Y
b1111 n
1,
1?
b10110 +
b10110 Z
b10110 o
b10110 >
b10110 O
b10110 j
01
#11435000
b111 c
b1000010111 A
b10111 r
b1000010111 -
b1000010111 [
b1000010111 h
b1000010111 x
b1000010110 R
b1000010110 m
b1000010110 q
11
#11440000
b0 *
b0 Y
b0 n
0,
b10111 |
b1000010111 z
0?
01
#11445000
11
#11450000
b1111 *
b1111 Y
b1111 n
1,
1?
b10111 +
b10111 Z
b10111 o
b10111 >
b10111 O
b10111 j
01
#11455000
b111 c
b1000011000 A
b11000 r
b1000011000 -
b1000011000 [
b1000011000 h
b1000011000 x
b1000010111 R
b1000010111 m
b1000010111 q
11
#11460000
b0 *
b0 Y
b0 n
0,
b11000 |
b1000011000 z
0?
01
#11465000
11
#11470000
b1111 *
b1111 Y
b1111 n
1,
1?
b11000 +
b11000 Z
b11000 o
b11000 >
b11000 O
b11000 j
01
#11475000
b111 c
b1000011001 A
b11001 r
b1000011001 -
b1000011001 [
b1000011001 h
b1000011001 x
b1000011000 R
b1000011000 m
b1000011000 q
11
#11480000
b0 *
b0 Y
b0 n
0,
b11001 |
b1000011001 z
0?
01
#11485000
11
#11490000
b1111 *
b1111 Y
b1111 n
1,
1?
b11001 +
b11001 Z
b11001 o
b11001 >
b11001 O
b11001 j
01
#11495000
b111 c
b1000011010 A
b11010 r
b1000011010 -
b1000011010 [
b1000011010 h
b1000011010 x
b1000011001 R
b1000011001 m
b1000011001 q
11
#11500000
b0 *
b0 Y
b0 n
0,
b11010 |
b1000011010 z
0?
01
#11505000
11
#11510000
b1111 *
b1111 Y
b1111 n
1,
1?
b11010 +
b11010 Z
b11010 o
b11010 >
b11010 O
b11010 j
01
#11515000
b111 c
b1000011011 A
b11011 r
b1000011011 -
b1000011011 [
b1000011011 h
b1000011011 x
b1000011010 R
b1000011010 m
b1000011010 q
11
#11520000
b0 *
b0 Y
b0 n
0,
b11011 |
b1000011011 z
0?
01
#11525000
11
#11530000
b1111 *
b1111 Y
b1111 n
1,
1?
b11011 +
b11011 Z
b11011 o
b11011 >
b11011 O
b11011 j
01
#11535000
b111 c
b1000011100 A
b11100 r
b1000011100 -
b1000011100 [
b1000011100 h
b1000011100 x
b1000011011 R
b1000011011 m
b1000011011 q
11
#11540000
b0 *
b0 Y
b0 n
0,
b11100 |
b1000011100 z
0?
01
#11545000
11
#11550000
b1111 *
b1111 Y
b1111 n
1,
1?
b11100 +
b11100 Z
b11100 o
b11100 >
b11100 O
b11100 j
01
#11555000
b111 c
b1000011101 A
b11101 r
b1000011101 -
b1000011101 [
b1000011101 h
b1000011101 x
b1000011100 R
b1000011100 m
b1000011100 q
11
#11560000
b0 *
b0 Y
b0 n
0,
b11101 |
b1000011101 z
0?
01
#11565000
11
#11570000
b1111 *
b1111 Y
b1111 n
1,
1?
b11101 +
b11101 Z
b11101 o
b11101 >
b11101 O
b11101 j
01
#11575000
b111 c
b1000011110 A
b11110 r
b1000011110 -
b1000011110 [
b1000011110 h
b1000011110 x
b1000011101 R
b1000011101 m
b1000011101 q
11
#11580000
b0 *
b0 Y
b0 n
0,
b11110 |
b1000011110 z
0?
01
#11585000
11
#11590000
b1111 *
b1111 Y
b1111 n
1,
1?
b11110 +
b11110 Z
b11110 o
b11110 >
b11110 O
b11110 j
01
#11595000
b111 c
b1000011111 A
b11111 r
b1000011111 -
b1000011111 [
b1000011111 h
b1000011111 x
b1000011110 R
b1000011110 m
b1000011110 q
11
#11600000
b0 *
b0 Y
b0 n
0,
b11111 |
b1000011111 z
0?
01
#11605000
11
#11610000
b1111 *
b1111 Y
b1111 n
1,
1?
b11111 +
b11111 Z
b11111 o
b11111 >
b11111 O
b11111 j
01
#11615000
b111 c
b1000100000 A
b100000 r
b1000100000 -
b1000100000 [
b1000100000 h
b1000100000 x
b1000011111 R
b1000011111 m
b1000011111 q
11
#11620000
b0 *
b0 Y
b0 n
0,
b100000 |
b1000100000 z
0?
01
#11625000
11
#11630000
b1111 *
b1111 Y
b1111 n
1,
1?
b100000 +
b100000 Z
b100000 o
b100000 >
b100000 O
b100000 j
01
#11635000
b111 c
b1000100001 A
b100001 r
b1000100001 -
b1000100001 [
b1000100001 h
b1000100001 x
b1000100000 R
b1000100000 m
b1000100000 q
11
#11640000
b0 *
b0 Y
b0 n
0,
b100001 |
b1000100001 z
0?
01
#11645000
11
#11650000
b1111 *
b1111 Y
b1111 n
1,
1?
b100001 +
b100001 Z
b100001 o
b100001 >
b100001 O
b100001 j
01
#11655000
b111 c
b1000100010 A
b100010 r
b1000100010 -
b1000100010 [
b1000100010 h
b1000100010 x
b1000100001 R
b1000100001 m
b1000100001 q
11
#11660000
b0 *
b0 Y
b0 n
0,
b100010 |
b1000100010 z
0?
01
#11665000
11
#11670000
b1111 *
b1111 Y
b1111 n
1,
1?
b100010 +
b100010 Z
b100010 o
b100010 >
b100010 O
b100010 j
01
#11675000
b111 c
b1000100011 A
b100011 r
b1000100011 -
b1000100011 [
b1000100011 h
b1000100011 x
b1000100010 R
b1000100010 m
b1000100010 q
11
#11680000
b0 *
b0 Y
b0 n
0,
b100011 |
b1000100011 z
0?
01
#11685000
11
#11690000
b1111 *
b1111 Y
b1111 n
1,
1?
b100011 +
b100011 Z
b100011 o
b100011 >
b100011 O
b100011 j
01
#11695000
b111 c
b1000100100 A
b100100 r
b1000100100 -
b1000100100 [
b1000100100 h
b1000100100 x
b1000100011 R
b1000100011 m
b1000100011 q
11
#11700000
b0 *
b0 Y
b0 n
0,
b100100 |
b1000100100 z
0?
01
#11705000
11
#11710000
b1111 *
b1111 Y
b1111 n
1,
1?
b100100 +
b100100 Z
b100100 o
b100100 >
b100100 O
b100100 j
01
#11715000
b111 c
b1000100101 A
b100101 r
b1000100101 -
b1000100101 [
b1000100101 h
b1000100101 x
b1000100100 R
b1000100100 m
b1000100100 q
11
#11720000
b0 *
b0 Y
b0 n
0,
b100101 |
b1000100101 z
0?
01
#11725000
11
#11730000
b1111 *
b1111 Y
b1111 n
1,
1?
b100101 +
b100101 Z
b100101 o
b100101 >
b100101 O
b100101 j
01
#11735000
b111 c
b1000100110 A
b100110 r
b1000100110 -
b1000100110 [
b1000100110 h
b1000100110 x
b1000100101 R
b1000100101 m
b1000100101 q
11
#11740000
b0 *
b0 Y
b0 n
0,
b100110 |
b1000100110 z
0?
01
#11745000
11
#11750000
b1111 *
b1111 Y
b1111 n
1,
1?
b100110 +
b100110 Z
b100110 o
b100110 >
b100110 O
b100110 j
01
#11755000
b111 c
b1000100111 A
b100111 r
b1000100111 -
b1000100111 [
b1000100111 h
b1000100111 x
b1000100110 R
b1000100110 m
b1000100110 q
11
#11760000
b0 *
b0 Y
b0 n
0,
b100111 |
b1000100111 z
0?
01
#11765000
11
#11770000
b1111 *
b1111 Y
b1111 n
1,
1?
b100111 +
b100111 Z
b100111 o
b100111 >
b100111 O
b100111 j
01
#11775000
b111 c
b1000101000 A
b101000 r
b1000101000 -
b1000101000 [
b1000101000 h
b1000101000 x
b1000100111 R
b1000100111 m
b1000100111 q
11
#11780000
b0 *
b0 Y
b0 n
0,
b101000 |
b1000101000 z
0?
01
#11785000
11
#11790000
b1111 *
b1111 Y
b1111 n
1,
1?
b101000 +
b101000 Z
b101000 o
b101000 >
b101000 O
b101000 j
01
#11795000
b111 c
b1000101001 A
b101001 r
b1000101001 -
b1000101001 [
b1000101001 h
b1000101001 x
b1000101000 R
b1000101000 m
b1000101000 q
11
#11800000
b0 *
b0 Y
b0 n
0,
b101001 |
b1000101001 z
0?
01
#11805000
11
#11810000
b1111 *
b1111 Y
b1111 n
1,
1?
b101001 +
b101001 Z
b101001 o
b101001 >
b101001 O
b101001 j
01
#11815000
b111 c
b1000101010 A
b101010 r
b1000101010 -
b1000101010 [
b1000101010 h
b1000101010 x
b1000101001 R
b1000101001 m
b1000101001 q
11
#11820000
b0 *
b0 Y
b0 n
0,
b101010 |
b1000101010 z
0?
01
#11825000
11
#11830000
b1111 *
b1111 Y
b1111 n
1,
1?
b101010 +
b101010 Z
b101010 o
b101010 >
b101010 O
b101010 j
01
#11835000
b111 c
b1000101011 A
b101011 r
b1000101011 -
b1000101011 [
b1000101011 h
b1000101011 x
b1000101010 R
b1000101010 m
b1000101010 q
11
#11840000
b0 *
b0 Y
b0 n
0,
b101011 |
b1000101011 z
0?
01
#11845000
11
#11850000
b1111 *
b1111 Y
b1111 n
1,
1?
b101011 +
b101011 Z
b101011 o
b101011 >
b101011 O
b101011 j
01
#11855000
b111 c
b1000101100 A
b101100 r
b1000101100 -
b1000101100 [
b1000101100 h
b1000101100 x
b1000101011 R
b1000101011 m
b1000101011 q
11
#11860000
b0 *
b0 Y
b0 n
0,
b101100 |
b1000101100 z
0?
01
#11865000
11
#11870000
b1111 *
b1111 Y
b1111 n
1,
1?
b101100 +
b101100 Z
b101100 o
b101100 >
b101100 O
b101100 j
01
#11875000
b111 c
b1000101101 A
b101101 r
b1000101101 -
b1000101101 [
b1000101101 h
b1000101101 x
b1000101100 R
b1000101100 m
b1000101100 q
11
#11880000
b0 *
b0 Y
b0 n
0,
b101101 |
b1000101101 z
0?
01
#11885000
11
#11890000
b1111 *
b1111 Y
b1111 n
1,
1?
b101101 +
b101101 Z
b101101 o
b101101 >
b101101 O
b101101 j
01
#11895000
b111 c
b1000101110 A
b101110 r
b1000101110 -
b1000101110 [
b1000101110 h
b1000101110 x
b1000101101 R
b1000101101 m
b1000101101 q
11
#11900000
b0 *
b0 Y
b0 n
0,
b101110 |
b1000101110 z
0?
01
#11905000
11
#11910000
b1111 *
b1111 Y
b1111 n
1,
1?
b101110 +
b101110 Z
b101110 o
b101110 >
b101110 O
b101110 j
01
#11915000
b111 c
b1000101111 A
b101111 r
b1000101111 -
b1000101111 [
b1000101111 h
b1000101111 x
b1000101110 R
b1000101110 m
b1000101110 q
11
#11920000
b0 *
b0 Y
b0 n
0,
b101111 |
b1000101111 z
0?
01
#11925000
11
#11930000
b1111 *
b1111 Y
b1111 n
1,
1?
b101111 +
b101111 Z
b101111 o
b101111 >
b101111 O
b101111 j
01
#11935000
b111 c
b1000110000 A
b110000 r
b1000110000 -
b1000110000 [
b1000110000 h
b1000110000 x
b1000101111 R
b1000101111 m
b1000101111 q
11
#11940000
b0 *
b0 Y
b0 n
0,
b110000 |
b1000110000 z
0?
01
#11945000
11
#11950000
b1111 *
b1111 Y
b1111 n
1,
1?
b110000 +
b110000 Z
b110000 o
b110000 >
b110000 O
b110000 j
01
#11955000
b111 c
b1000110001 A
b110001 r
b1000110001 -
b1000110001 [
b1000110001 h
b1000110001 x
b1000110000 R
b1000110000 m
b1000110000 q
11
#11960000
b0 *
b0 Y
b0 n
0,
b110001 |
b1000110001 z
0?
01
#11965000
11
#11970000
b1111 *
b1111 Y
b1111 n
1,
1?
b110001 +
b110001 Z
b110001 o
b110001 >
b110001 O
b110001 j
01
#11975000
b111 c
b1000110010 A
b110010 r
b1000110010 -
b1000110010 [
b1000110010 h
b1000110010 x
b1000110001 R
b1000110001 m
b1000110001 q
11
#11980000
b0 *
b0 Y
b0 n
0,
b110010 |
b1000110010 z
0?
01
#11985000
11
#11990000
b1111 *
b1111 Y
b1111 n
1,
1?
b110010 +
b110010 Z
b110010 o
b110010 >
b110010 O
b110010 j
01
#11995000
b111 c
b1000110011 A
b110011 r
b1000110011 -
b1000110011 [
b1000110011 h
b1000110011 x
b1000110010 R
b1000110010 m
b1000110010 q
11
#12000000
b0 *
b0 Y
b0 n
0,
b110011 |
b1000110011 z
0?
01
#12005000
11
#12010000
b1111 *
b1111 Y
b1111 n
1,
1?
b110011 +
b110011 Z
b110011 o
b110011 >
b110011 O
b110011 j
01
#12015000
b111 c
b1000110100 A
b110100 r
b1000110100 -
b1000110100 [
b1000110100 h
b1000110100 x
b1000110011 R
b1000110011 m
b1000110011 q
11
#12020000
b0 *
b0 Y
b0 n
0,
b110100 |
b1000110100 z
0?
01
#12025000
11
#12030000
b1111 *
b1111 Y
b1111 n
1,
1?
b110100 +
b110100 Z
b110100 o
b110100 >
b110100 O
b110100 j
01
#12035000
b111 c
b1000110101 A
b110101 r
b1000110101 -
b1000110101 [
b1000110101 h
b1000110101 x
b1000110100 R
b1000110100 m
b1000110100 q
11
#12040000
b0 *
b0 Y
b0 n
0,
b110101 |
b1000110101 z
0?
01
#12045000
11
#12050000
b1111 *
b1111 Y
b1111 n
1,
1?
b110101 +
b110101 Z
b110101 o
b110101 >
b110101 O
b110101 j
01
#12055000
b111 c
b1000110110 A
b110110 r
b1000110110 -
b1000110110 [
b1000110110 h
b1000110110 x
b1000110101 R
b1000110101 m
b1000110101 q
11
#12060000
b0 *
b0 Y
b0 n
0,
b110110 |
b1000110110 z
0?
01
#12065000
11
#12070000
b1111 *
b1111 Y
b1111 n
1,
1?
b110110 +
b110110 Z
b110110 o
b110110 >
b110110 O
b110110 j
01
#12075000
b111 c
b1000110111 A
b110111 r
b1000110111 -
b1000110111 [
b1000110111 h
b1000110111 x
b1000110110 R
b1000110110 m
b1000110110 q
11
#12080000
b0 *
b0 Y
b0 n
0,
b110111 |
b1000110111 z
0?
01
#12085000
11
#12090000
b1111 *
b1111 Y
b1111 n
1,
1?
b110111 +
b110111 Z
b110111 o
b110111 >
b110111 O
b110111 j
01
#12095000
b111 c
b1000111000 A
b111000 r
b1000111000 -
b1000111000 [
b1000111000 h
b1000111000 x
b1000110111 R
b1000110111 m
b1000110111 q
11
#12100000
b0 *
b0 Y
b0 n
0,
b111000 |
b1000111000 z
0?
01
#12105000
11
#12110000
b1111 *
b1111 Y
b1111 n
1,
1?
b111000 +
b111000 Z
b111000 o
b111000 >
b111000 O
b111000 j
01
#12115000
b111 c
b1000111001 A
b111001 r
b1000111001 -
b1000111001 [
b1000111001 h
b1000111001 x
b1000111000 R
b1000111000 m
b1000111000 q
11
#12120000
b0 *
b0 Y
b0 n
0,
b111001 |
b1000111001 z
0?
01
#12125000
11
#12130000
b1111 *
b1111 Y
b1111 n
1,
1?
b111001 +
b111001 Z
b111001 o
b111001 >
b111001 O
b111001 j
01
#12135000
b111 c
b1000111010 A
b111010 r
b1000111010 -
b1000111010 [
b1000111010 h
b1000111010 x
b1000111001 R
b1000111001 m
b1000111001 q
11
#12140000
b0 *
b0 Y
b0 n
0,
b111010 |
b1000111010 z
0?
01
#12145000
11
#12150000
b1111 *
b1111 Y
b1111 n
1,
1?
b111010 +
b111010 Z
b111010 o
b111010 >
b111010 O
b111010 j
01
#12155000
b111 c
b1000111011 A
b111011 r
b1000111011 -
b1000111011 [
b1000111011 h
b1000111011 x
b1000111010 R
b1000111010 m
b1000111010 q
11
#12160000
b0 *
b0 Y
b0 n
0,
b111011 |
b1000111011 z
0?
01
#12165000
11
#12170000
b1111 *
b1111 Y
b1111 n
1,
1?
b111011 +
b111011 Z
b111011 o
b111011 >
b111011 O
b111011 j
01
#12175000
b111 c
b1000111100 A
b111100 r
b1000111100 -
b1000111100 [
b1000111100 h
b1000111100 x
b1000111011 R
b1000111011 m
b1000111011 q
11
#12180000
b0 *
b0 Y
b0 n
0,
b111100 |
b1000111100 z
0?
01
#12185000
11
#12190000
b1111 *
b1111 Y
b1111 n
1,
1?
b111100 +
b111100 Z
b111100 o
b111100 >
b111100 O
b111100 j
01
#12195000
b111 c
b1000111101 A
b111101 r
b1000111101 -
b1000111101 [
b1000111101 h
b1000111101 x
b1000111100 R
b1000111100 m
b1000111100 q
11
#12200000
b0 *
b0 Y
b0 n
0,
b111101 |
b1000111101 z
0?
01
#12205000
11
#12210000
b1111 *
b1111 Y
b1111 n
1,
1?
b111101 +
b111101 Z
b111101 o
b111101 >
b111101 O
b111101 j
01
#12215000
b111 c
b1000111110 A
b111110 r
b1000111110 -
b1000111110 [
b1000111110 h
b1000111110 x
b1000111101 R
b1000111101 m
b1000111101 q
11
#12220000
b0 *
b0 Y
b0 n
0,
b111110 |
b1000111110 z
0?
01
#12225000
11
#12230000
b1111 *
b1111 Y
b1111 n
1,
1?
b111110 +
b111110 Z
b111110 o
b111110 >
b111110 O
b111110 j
01
#12235000
b111 c
b1000111111 A
b111111 r
b1000111111 -
b1000111111 [
b1000111111 h
b1000111111 x
b1000111110 R
b1000111110 m
b1000111110 q
11
#12240000
b0 *
b0 Y
b0 n
0,
b111111 |
b1000111111 z
0?
01
#12245000
11
#12250000
b1111 *
b1111 Y
b1111 n
1,
1?
b111111 +
b111111 Z
b111111 o
b111111 >
b111111 O
b111111 j
01
#12255000
b111 c
b1001000000 A
b1000000 r
b1001000000 -
b1001000000 [
b1001000000 h
b1001000000 x
b1000111111 R
b1000111111 m
b1000111111 q
11
#12260000
b0 *
b0 Y
b0 n
0,
b1000000 |
b1001000000 z
0?
01
#12265000
11
#12270000
b1111 *
b1111 Y
b1111 n
1,
1?
b1000000 +
b1000000 Z
b1000000 o
b1000000 >
b1000000 O
b1000000 j
01
#12275000
b111 c
b1001000001 A
b1000001 r
b1001000001 -
b1001000001 [
b1001000001 h
b1001000001 x
b1001000000 R
b1001000000 m
b1001000000 q
11
#12280000
b0 *
b0 Y
b0 n
0,
b1000001 |
b1001000001 z
0?
01
#12285000
11
#12290000
b1111 *
b1111 Y
b1111 n
1,
1?
b1000001 +
b1000001 Z
b1000001 o
b1000001 >
b1000001 O
b1000001 j
01
#12295000
b111 c
b1001000010 A
b1000010 r
b1001000010 -
b1001000010 [
b1001000010 h
b1001000010 x
b1001000001 R
b1001000001 m
b1001000001 q
11
#12300000
b0 *
b0 Y
b0 n
0,
b1000010 |
b1001000010 z
0?
01
#12305000
11
#12310000
b1111 *
b1111 Y
b1111 n
1,
1?
b1000010 +
b1000010 Z
b1000010 o
b1000010 >
b1000010 O
b1000010 j
01
#12315000
b111 c
b1001000011 A
b1000011 r
b1001000011 -
b1001000011 [
b1001000011 h
b1001000011 x
b1001000010 R
b1001000010 m
b1001000010 q
11
#12320000
b0 *
b0 Y
b0 n
0,
b1000011 |
b1001000011 z
0?
01
#12325000
11
#12330000
b1111 *
b1111 Y
b1111 n
1,
1?
b1000011 +
b1000011 Z
b1000011 o
b1000011 >
b1000011 O
b1000011 j
01
#12335000
b111 c
b1001000100 A
b1000100 r
b1001000100 -
b1001000100 [
b1001000100 h
b1001000100 x
b1001000011 R
b1001000011 m
b1001000011 q
11
#12340000
b0 *
b0 Y
b0 n
0,
b1000100 |
b1001000100 z
0?
01
#12345000
11
#12350000
b1111 *
b1111 Y
b1111 n
1,
1?
b1000100 +
b1000100 Z
b1000100 o
b1000100 >
b1000100 O
b1000100 j
01
#12355000
b111 c
b1001000101 A
b1000101 r
b1001000101 -
b1001000101 [
b1001000101 h
b1001000101 x
b1001000100 R
b1001000100 m
b1001000100 q
11
#12360000
b0 *
b0 Y
b0 n
0,
b1000101 |
b1001000101 z
0?
01
#12365000
11
#12370000
b1111 *
b1111 Y
b1111 n
1,
1?
b1000101 +
b1000101 Z
b1000101 o
b1000101 >
b1000101 O
b1000101 j
01
#12375000
b111 c
b1001000110 A
b1000110 r
b1001000110 -
b1001000110 [
b1001000110 h
b1001000110 x
b1001000101 R
b1001000101 m
b1001000101 q
11
#12380000
b0 *
b0 Y
b0 n
0,
b1000110 |
b1001000110 z
0?
01
#12385000
11
#12390000
b1111 *
b1111 Y
b1111 n
1,
1?
b1000110 +
b1000110 Z
b1000110 o
b1000110 >
b1000110 O
b1000110 j
01
#12395000
b111 c
b1001000111 A
b1000111 r
b1001000111 -
b1001000111 [
b1001000111 h
b1001000111 x
b1001000110 R
b1001000110 m
b1001000110 q
11
#12400000
b0 *
b0 Y
b0 n
0,
b1000111 |
b1001000111 z
0?
01
#12405000
11
#12410000
b1111 *
b1111 Y
b1111 n
1,
1?
b1000111 +
b1000111 Z
b1000111 o
b1000111 >
b1000111 O
b1000111 j
01
#12415000
b111 c
b1001001000 A
b1001000 r
b1001001000 -
b1001001000 [
b1001001000 h
b1001001000 x
b1001000111 R
b1001000111 m
b1001000111 q
11
#12420000
b0 *
b0 Y
b0 n
0,
b1001000 |
b1001001000 z
0?
01
#12425000
11
#12430000
b1111 *
b1111 Y
b1111 n
1,
1?
b1001000 +
b1001000 Z
b1001000 o
b1001000 >
b1001000 O
b1001000 j
01
#12435000
b111 c
b1001001001 A
b1001001 r
b1001001001 -
b1001001001 [
b1001001001 h
b1001001001 x
b1001001000 R
b1001001000 m
b1001001000 q
11
#12440000
b0 *
b0 Y
b0 n
0,
b1001001 |
b1001001001 z
0?
01
#12445000
11
#12450000
b1111 *
b1111 Y
b1111 n
1,
1?
b1001001 +
b1001001 Z
b1001001 o
b1001001 >
b1001001 O
b1001001 j
01
#12455000
b111 c
b1001001010 A
b1001010 r
b1001001010 -
b1001001010 [
b1001001010 h
b1001001010 x
b1001001001 R
b1001001001 m
b1001001001 q
11
#12460000
b0 *
b0 Y
b0 n
0,
b1001010 |
b1001001010 z
0?
01
#12465000
11
#12470000
b1111 *
b1111 Y
b1111 n
1,
1?
b1001010 +
b1001010 Z
b1001010 o
b1001010 >
b1001010 O
b1001010 j
01
#12475000
b111 c
b1001001011 A
b1001011 r
b1001001011 -
b1001001011 [
b1001001011 h
b1001001011 x
b1001001010 R
b1001001010 m
b1001001010 q
11
#12480000
b0 *
b0 Y
b0 n
0,
b1001011 |
b1001001011 z
0?
01
#12485000
11
#12490000
b1111 *
b1111 Y
b1111 n
1,
1?
b1001011 +
b1001011 Z
b1001011 o
b1001011 >
b1001011 O
b1001011 j
01
#12495000
b111 c
b1001001100 A
b1001100 r
b1001001100 -
b1001001100 [
b1001001100 h
b1001001100 x
b1001001011 R
b1001001011 m
b1001001011 q
11
#12500000
b0 *
b0 Y
b0 n
0,
b1001100 |
b1001001100 z
0?
01
#12505000
11
#12510000
b1111 *
b1111 Y
b1111 n
1,
1?
b1001100 +
b1001100 Z
b1001100 o
b1001100 >
b1001100 O
b1001100 j
01
#12515000
b111 c
b1001001101 A
b1001101 r
b1001001101 -
b1001001101 [
b1001001101 h
b1001001101 x
b1001001100 R
b1001001100 m
b1001001100 q
11
#12520000
b0 *
b0 Y
b0 n
0,
b1001101 |
b1001001101 z
0?
01
#12525000
11
#12530000
b1111 *
b1111 Y
b1111 n
1,
1?
b1001101 +
b1001101 Z
b1001101 o
b1001101 >
b1001101 O
b1001101 j
01
#12535000
b111 c
b1001001110 A
b1001110 r
b1001001110 -
b1001001110 [
b1001001110 h
b1001001110 x
b1001001101 R
b1001001101 m
b1001001101 q
11
#12540000
b0 *
b0 Y
b0 n
0,
b1001110 |
b1001001110 z
0?
01
#12545000
11
#12550000
b1111 *
b1111 Y
b1111 n
1,
1?
b1001110 +
b1001110 Z
b1001110 o
b1001110 >
b1001110 O
b1001110 j
01
#12555000
b111 c
b1001001111 A
b1001111 r
b1001001111 -
b1001001111 [
b1001001111 h
b1001001111 x
b1001001110 R
b1001001110 m
b1001001110 q
11
#12560000
b0 *
b0 Y
b0 n
0,
b1001111 |
b1001001111 z
0?
01
#12565000
11
#12570000
b1111 *
b1111 Y
b1111 n
1,
1?
b1001111 +
b1001111 Z
b1001111 o
b1001111 >
b1001111 O
b1001111 j
01
#12575000
b111 c
b1001010000 A
b1010000 r
b1001010000 -
b1001010000 [
b1001010000 h
b1001010000 x
b1001001111 R
b1001001111 m
b1001001111 q
11
#12580000
b0 *
b0 Y
b0 n
0,
b1010000 |
b1001010000 z
0?
01
#12585000
11
#12590000
b1111 *
b1111 Y
b1111 n
1,
1?
b1010000 +
b1010000 Z
b1010000 o
b1010000 >
b1010000 O
b1010000 j
01
#12595000
b111 c
b1001010001 A
b1010001 r
b1001010001 -
b1001010001 [
b1001010001 h
b1001010001 x
b1001010000 R
b1001010000 m
b1001010000 q
11
#12600000
b0 *
b0 Y
b0 n
0,
b1010001 |
b1001010001 z
0?
01
#12605000
11
#12610000
b1111 *
b1111 Y
b1111 n
1,
1?
b1010001 +
b1010001 Z
b1010001 o
b1010001 >
b1010001 O
b1010001 j
01
#12615000
b111 c
b1001010010 A
b1010010 r
b1001010010 -
b1001010010 [
b1001010010 h
b1001010010 x
b1001010001 R
b1001010001 m
b1001010001 q
11
#12620000
b0 *
b0 Y
b0 n
0,
b1010010 |
b1001010010 z
0?
01
#12625000
11
#12630000
b1111 *
b1111 Y
b1111 n
1,
1?
b1010010 +
b1010010 Z
b1010010 o
b1010010 >
b1010010 O
b1010010 j
01
#12635000
b111 c
b1001010011 A
b1010011 r
b1001010011 -
b1001010011 [
b1001010011 h
b1001010011 x
b1001010010 R
b1001010010 m
b1001010010 q
11
#12640000
b0 *
b0 Y
b0 n
0,
b1010011 |
b1001010011 z
0?
01
#12645000
11
#12650000
b1111 *
b1111 Y
b1111 n
1,
1?
b1010011 +
b1010011 Z
b1010011 o
b1010011 >
b1010011 O
b1010011 j
01
#12655000
b111 c
b1001010100 A
b1010100 r
b1001010100 -
b1001010100 [
b1001010100 h
b1001010100 x
b1001010011 R
b1001010011 m
b1001010011 q
11
#12660000
b0 *
b0 Y
b0 n
0,
b1010100 |
b1001010100 z
0?
01
#12665000
11
#12670000
b1111 *
b1111 Y
b1111 n
1,
1?
b1010100 +
b1010100 Z
b1010100 o
b1010100 >
b1010100 O
b1010100 j
01
#12675000
b111 c
b1001010101 A
b1010101 r
b1001010101 -
b1001010101 [
b1001010101 h
b1001010101 x
b1001010100 R
b1001010100 m
b1001010100 q
11
#12680000
b0 *
b0 Y
b0 n
0,
b1010101 |
b1001010101 z
0?
01
#12685000
11
#12690000
b1111 *
b1111 Y
b1111 n
1,
1?
b1010101 +
b1010101 Z
b1010101 o
b1010101 >
b1010101 O
b1010101 j
01
#12695000
b111 c
b1001010110 A
b1010110 r
b1001010110 -
b1001010110 [
b1001010110 h
b1001010110 x
b1001010101 R
b1001010101 m
b1001010101 q
11
#12700000
b0 *
b0 Y
b0 n
0,
b1010110 |
b1001010110 z
0?
01
#12705000
11
#12710000
b1111 *
b1111 Y
b1111 n
1,
1?
b1010110 +
b1010110 Z
b1010110 o
b1010110 >
b1010110 O
b1010110 j
01
#12715000
b111 c
b1001010111 A
b1010111 r
b1001010111 -
b1001010111 [
b1001010111 h
b1001010111 x
b1001010110 R
b1001010110 m
b1001010110 q
11
#12720000
b0 *
b0 Y
b0 n
0,
b1010111 |
b1001010111 z
0?
01
#12725000
11
#12730000
b1111 *
b1111 Y
b1111 n
1,
1?
b1010111 +
b1010111 Z
b1010111 o
b1010111 >
b1010111 O
b1010111 j
01
#12735000
b111 c
b1001011000 A
b1011000 r
b1001011000 -
b1001011000 [
b1001011000 h
b1001011000 x
b1001010111 R
b1001010111 m
b1001010111 q
11
#12740000
b0 *
b0 Y
b0 n
0,
b1011000 |
b1001011000 z
0?
01
#12745000
11
#12750000
b1111 *
b1111 Y
b1111 n
1,
1?
b1011000 +
b1011000 Z
b1011000 o
b1011000 >
b1011000 O
b1011000 j
01
#12755000
b111 c
b1001011001 A
b1011001 r
b1001011001 -
b1001011001 [
b1001011001 h
b1001011001 x
b1001011000 R
b1001011000 m
b1001011000 q
11
#12760000
b0 *
b0 Y
b0 n
0,
b1011001 |
b1001011001 z
0?
01
#12765000
11
#12770000
b1111 *
b1111 Y
b1111 n
1,
1?
b1011001 +
b1011001 Z
b1011001 o
b1011001 >
b1011001 O
b1011001 j
01
#12775000
b111 c
b1001011010 A
b1011010 r
b1001011010 -
b1001011010 [
b1001011010 h
b1001011010 x
b1001011001 R
b1001011001 m
b1001011001 q
11
#12780000
b0 *
b0 Y
b0 n
0,
b1011010 |
b1001011010 z
0?
01
#12785000
11
#12790000
b1111 *
b1111 Y
b1111 n
1,
1?
b1011010 +
b1011010 Z
b1011010 o
b1011010 >
b1011010 O
b1011010 j
01
#12795000
b111 c
b1001011011 A
b1011011 r
b1001011011 -
b1001011011 [
b1001011011 h
b1001011011 x
b1001011010 R
b1001011010 m
b1001011010 q
11
#12800000
b0 *
b0 Y
b0 n
0,
b1011011 |
b1001011011 z
0?
01
#12805000
11
#12810000
b1111 *
b1111 Y
b1111 n
1,
1?
b1011011 +
b1011011 Z
b1011011 o
b1011011 >
b1011011 O
b1011011 j
01
#12815000
b111 c
b1001011100 A
b1011100 r
b1001011100 -
b1001011100 [
b1001011100 h
b1001011100 x
b1001011011 R
b1001011011 m
b1001011011 q
11
#12820000
b0 *
b0 Y
b0 n
0,
b1011100 |
b1001011100 z
0?
01
#12825000
11
#12830000
b1111 *
b1111 Y
b1111 n
1,
1?
b1011100 +
b1011100 Z
b1011100 o
b1011100 >
b1011100 O
b1011100 j
01
#12835000
b111 c
b1001011101 A
b1011101 r
b1001011101 -
b1001011101 [
b1001011101 h
b1001011101 x
b1001011100 R
b1001011100 m
b1001011100 q
11
#12840000
b0 *
b0 Y
b0 n
0,
b1011101 |
b1001011101 z
0?
01
#12845000
11
#12850000
b1111 *
b1111 Y
b1111 n
1,
1?
b1011101 +
b1011101 Z
b1011101 o
b1011101 >
b1011101 O
b1011101 j
01
#12855000
b111 c
b1001011110 A
b1011110 r
b1001011110 -
b1001011110 [
b1001011110 h
b1001011110 x
b1001011101 R
b1001011101 m
b1001011101 q
11
#12860000
b0 *
b0 Y
b0 n
0,
b1011110 |
b1001011110 z
0?
01
#12865000
11
#12870000
b1111 *
b1111 Y
b1111 n
1,
1?
b1011110 +
b1011110 Z
b1011110 o
b1011110 >
b1011110 O
b1011110 j
01
#12875000
b111 c
b1001011111 A
b1011111 r
b1001011111 -
b1001011111 [
b1001011111 h
b1001011111 x
b1001011110 R
b1001011110 m
b1001011110 q
11
#12880000
b0 *
b0 Y
b0 n
0,
b1011111 |
b1001011111 z
0?
01
#12885000
11
#12890000
b1111 *
b1111 Y
b1111 n
1,
1?
b1011111 +
b1011111 Z
b1011111 o
b1011111 >
b1011111 O
b1011111 j
01
#12895000
b111 c
b1001100000 A
b1100000 r
b1001100000 -
b1001100000 [
b1001100000 h
b1001100000 x
b1001011111 R
b1001011111 m
b1001011111 q
11
#12900000
b0 *
b0 Y
b0 n
0,
b1100000 |
b1001100000 z
0?
01
#12905000
11
#12910000
b1111 *
b1111 Y
b1111 n
1,
1?
b1100000 +
b1100000 Z
b1100000 o
b1100000 >
b1100000 O
b1100000 j
01
#12915000
b111 c
b1001100001 A
b1100001 r
b1001100001 -
b1001100001 [
b1001100001 h
b1001100001 x
b1001100000 R
b1001100000 m
b1001100000 q
11
#12920000
b0 *
b0 Y
b0 n
0,
b1100001 |
b1001100001 z
0?
01
#12925000
11
#12930000
b1111 *
b1111 Y
b1111 n
1,
1?
b1100001 +
b1100001 Z
b1100001 o
b1100001 >
b1100001 O
b1100001 j
01
#12935000
b111 c
b1001100010 A
b1100010 r
b1001100010 -
b1001100010 [
b1001100010 h
b1001100010 x
b1001100001 R
b1001100001 m
b1001100001 q
11
#12940000
b0 *
b0 Y
b0 n
0,
b1100010 |
b1001100010 z
0?
01
#12945000
11
#12950000
b1111 *
b1111 Y
b1111 n
1,
1?
b1100010 +
b1100010 Z
b1100010 o
b1100010 >
b1100010 O
b1100010 j
01
#12955000
b111 c
b1001100011 A
b1100011 r
b1001100011 -
b1001100011 [
b1001100011 h
b1001100011 x
b1001100010 R
b1001100010 m
b1001100010 q
11
#12960000
b0 *
b0 Y
b0 n
0,
b1100011 |
b1001100011 z
0?
01
#12965000
11
#12970000
b1111 *
b1111 Y
b1111 n
1,
1?
b1100011 +
b1100011 Z
b1100011 o
b1100011 >
b1100011 O
b1100011 j
01
#12975000
b111 c
b1001100100 A
b1100100 r
b1001100100 -
b1001100100 [
b1001100100 h
b1001100100 x
b1001100011 R
b1001100011 m
b1001100011 q
11
#12980000
b0 *
b0 Y
b0 n
0,
b1100100 |
b1001100100 z
0?
01
#12985000
11
#12990000
b1111 *
b1111 Y
b1111 n
1,
1?
b1100100 +
b1100100 Z
b1100100 o
b1100100 >
b1100100 O
b1100100 j
01
#12995000
b111 c
b1001100101 A
b1100101 r
b1001100101 -
b1001100101 [
b1001100101 h
b1001100101 x
b1001100100 R
b1001100100 m
b1001100100 q
11
#13000000
b0 *
b0 Y
b0 n
0,
b1100101 |
b1001100101 z
0?
01
#13005000
11
#13010000
b1111 *
b1111 Y
b1111 n
1,
1?
b1100101 +
b1100101 Z
b1100101 o
b1100101 >
b1100101 O
b1100101 j
01
#13015000
b111 c
b1001100110 A
b1100110 r
b1001100110 -
b1001100110 [
b1001100110 h
b1001100110 x
b1001100101 R
b1001100101 m
b1001100101 q
11
#13020000
b0 *
b0 Y
b0 n
0,
b1100110 |
b1001100110 z
0?
01
#13025000
11
#13030000
b1111 *
b1111 Y
b1111 n
1,
1?
b1100110 +
b1100110 Z
b1100110 o
b1100110 >
b1100110 O
b1100110 j
01
#13035000
b111 c
b1001100111 A
b1100111 r
b1001100111 -
b1001100111 [
b1001100111 h
b1001100111 x
b1001100110 R
b1001100110 m
b1001100110 q
11
#13040000
b0 *
b0 Y
b0 n
0,
b1100111 |
b1001100111 z
0?
01
#13045000
11
#13050000
b1111 *
b1111 Y
b1111 n
1,
1?
b1100111 +
b1100111 Z
b1100111 o
b1100111 >
b1100111 O
b1100111 j
01
#13055000
b111 c
b1001101000 A
b1101000 r
b1001101000 -
b1001101000 [
b1001101000 h
b1001101000 x
b1001100111 R
b1001100111 m
b1001100111 q
11
#13060000
b0 *
b0 Y
b0 n
0,
b1101000 |
b1001101000 z
0?
01
#13065000
11
#13070000
b1111 *
b1111 Y
b1111 n
1,
1?
b1101000 +
b1101000 Z
b1101000 o
b1101000 >
b1101000 O
b1101000 j
01
#13075000
b111 c
b1001101001 A
b1101001 r
b1001101001 -
b1001101001 [
b1001101001 h
b1001101001 x
b1001101000 R
b1001101000 m
b1001101000 q
11
#13080000
b0 *
b0 Y
b0 n
0,
b1101001 |
b1001101001 z
0?
01
#13085000
11
#13090000
b1111 *
b1111 Y
b1111 n
1,
1?
b1101001 +
b1101001 Z
b1101001 o
b1101001 >
b1101001 O
b1101001 j
01
#13095000
b111 c
b1001101010 A
b1101010 r
b1001101010 -
b1001101010 [
b1001101010 h
b1001101010 x
b1001101001 R
b1001101001 m
b1001101001 q
11
#13100000
b0 *
b0 Y
b0 n
0,
b1101010 |
b1001101010 z
0?
01
#13105000
11
#13110000
b1111 *
b1111 Y
b1111 n
1,
1?
b1101010 +
b1101010 Z
b1101010 o
b1101010 >
b1101010 O
b1101010 j
01
#13115000
b111 c
b1001101011 A
b1101011 r
b1001101011 -
b1001101011 [
b1001101011 h
b1001101011 x
b1001101010 R
b1001101010 m
b1001101010 q
11
#13120000
b0 *
b0 Y
b0 n
0,
b1101011 |
b1001101011 z
0?
01
#13125000
11
#13130000
b1111 *
b1111 Y
b1111 n
1,
1?
b1101011 +
b1101011 Z
b1101011 o
b1101011 >
b1101011 O
b1101011 j
01
#13135000
b111 c
b1001101100 A
b1101100 r
b1001101100 -
b1001101100 [
b1001101100 h
b1001101100 x
b1001101011 R
b1001101011 m
b1001101011 q
11
#13140000
b0 *
b0 Y
b0 n
0,
b1101100 |
b1001101100 z
0?
01
#13145000
11
#13150000
b1111 *
b1111 Y
b1111 n
1,
1?
b1101100 +
b1101100 Z
b1101100 o
b1101100 >
b1101100 O
b1101100 j
01
#13155000
b111 c
b1001101101 A
b1101101 r
b1001101101 -
b1001101101 [
b1001101101 h
b1001101101 x
b1001101100 R
b1001101100 m
b1001101100 q
11
#13160000
b0 *
b0 Y
b0 n
0,
b1101101 |
b1001101101 z
0?
01
#13165000
11
#13170000
b1111 *
b1111 Y
b1111 n
1,
1?
b1101101 +
b1101101 Z
b1101101 o
b1101101 >
b1101101 O
b1101101 j
01
#13175000
b111 c
b1001101110 A
b1101110 r
b1001101110 -
b1001101110 [
b1001101110 h
b1001101110 x
b1001101101 R
b1001101101 m
b1001101101 q
11
#13180000
b0 *
b0 Y
b0 n
0,
b1101110 |
b1001101110 z
0?
01
#13185000
11
#13190000
b1111 *
b1111 Y
b1111 n
1,
1?
b1101110 +
b1101110 Z
b1101110 o
b1101110 >
b1101110 O
b1101110 j
01
#13195000
b111 c
b1001101111 A
b1101111 r
b1001101111 -
b1001101111 [
b1001101111 h
b1001101111 x
b1001101110 R
b1001101110 m
b1001101110 q
11
#13200000
b0 *
b0 Y
b0 n
0,
b1101111 |
b1001101111 z
0?
01
#13205000
11
#13210000
b1111 *
b1111 Y
b1111 n
1,
1?
b1101111 +
b1101111 Z
b1101111 o
b1101111 >
b1101111 O
b1101111 j
01
#13215000
b111 c
b1001110000 A
b1110000 r
b1001110000 -
b1001110000 [
b1001110000 h
b1001110000 x
b1001101111 R
b1001101111 m
b1001101111 q
11
#13220000
b0 *
b0 Y
b0 n
0,
b1110000 |
b1001110000 z
0?
01
#13225000
11
#13230000
b1111 *
b1111 Y
b1111 n
1,
1?
b1110000 +
b1110000 Z
b1110000 o
b1110000 >
b1110000 O
b1110000 j
01
#13235000
b111 c
b1001110001 A
b1110001 r
b1001110001 -
b1001110001 [
b1001110001 h
b1001110001 x
b1001110000 R
b1001110000 m
b1001110000 q
11
#13240000
b0 *
b0 Y
b0 n
0,
b1110001 |
b1001110001 z
0?
01
#13245000
11
#13250000
b1111 *
b1111 Y
b1111 n
1,
1?
b1110001 +
b1110001 Z
b1110001 o
b1110001 >
b1110001 O
b1110001 j
01
#13255000
b111 c
b1001110010 A
b1110010 r
b1001110010 -
b1001110010 [
b1001110010 h
b1001110010 x
b1001110001 R
b1001110001 m
b1001110001 q
11
#13260000
b0 *
b0 Y
b0 n
0,
b1110010 |
b1001110010 z
0?
01
#13265000
11
#13270000
b1111 *
b1111 Y
b1111 n
1,
1?
b1110010 +
b1110010 Z
b1110010 o
b1110010 >
b1110010 O
b1110010 j
01
#13275000
b111 c
b1001110011 A
b1110011 r
b1001110011 -
b1001110011 [
b1001110011 h
b1001110011 x
b1001110010 R
b1001110010 m
b1001110010 q
11
#13280000
b0 *
b0 Y
b0 n
0,
b1110011 |
b1001110011 z
0?
01
#13285000
11
#13290000
b1111 *
b1111 Y
b1111 n
1,
1?
b1110011 +
b1110011 Z
b1110011 o
b1110011 >
b1110011 O
b1110011 j
01
#13295000
b111 c
b1001110100 A
b1110100 r
b1001110100 -
b1001110100 [
b1001110100 h
b1001110100 x
b1001110011 R
b1001110011 m
b1001110011 q
11
#13300000
b0 *
b0 Y
b0 n
0,
b1110100 |
b1001110100 z
0?
01
#13305000
11
#13310000
b1111 *
b1111 Y
b1111 n
1,
1?
b1110100 +
b1110100 Z
b1110100 o
b1110100 >
b1110100 O
b1110100 j
01
#13315000
b111 c
b1001110101 A
b1110101 r
b1001110101 -
b1001110101 [
b1001110101 h
b1001110101 x
b1001110100 R
b1001110100 m
b1001110100 q
11
#13320000
b0 *
b0 Y
b0 n
0,
b1110101 |
b1001110101 z
0?
01
#13325000
11
#13330000
b1111 *
b1111 Y
b1111 n
1,
1?
b1110101 +
b1110101 Z
b1110101 o
b1110101 >
b1110101 O
b1110101 j
01
#13335000
b111 c
b1001110110 A
b1110110 r
b1001110110 -
b1001110110 [
b1001110110 h
b1001110110 x
b1001110101 R
b1001110101 m
b1001110101 q
11
#13340000
b0 *
b0 Y
b0 n
0,
b1110110 |
b1001110110 z
0?
01
#13345000
11
#13350000
b1111 *
b1111 Y
b1111 n
1,
1?
b1110110 +
b1110110 Z
b1110110 o
b1110110 >
b1110110 O
b1110110 j
01
#13355000
b111 c
b1001110111 A
b1110111 r
b1001110111 -
b1001110111 [
b1001110111 h
b1001110111 x
b1001110110 R
b1001110110 m
b1001110110 q
11
#13360000
b0 *
b0 Y
b0 n
0,
b1110111 |
b1001110111 z
0?
01
#13365000
11
#13370000
b1111 *
b1111 Y
b1111 n
1,
1?
b1110111 +
b1110111 Z
b1110111 o
b1110111 >
b1110111 O
b1110111 j
01
#13375000
b111 c
b1001111000 A
b1111000 r
b1001111000 -
b1001111000 [
b1001111000 h
b1001111000 x
b1001110111 R
b1001110111 m
b1001110111 q
11
#13380000
b0 *
b0 Y
b0 n
0,
b1111000 |
b1001111000 z
0?
01
#13385000
11
#13390000
b1111 *
b1111 Y
b1111 n
1,
1?
b1111000 +
b1111000 Z
b1111000 o
b1111000 >
b1111000 O
b1111000 j
01
#13395000
b111 c
b1001111001 A
b1111001 r
b1001111001 -
b1001111001 [
b1001111001 h
b1001111001 x
b1001111000 R
b1001111000 m
b1001111000 q
11
#13400000
b0 *
b0 Y
b0 n
0,
b1111001 |
b1001111001 z
0?
01
#13405000
11
#13410000
b1111 *
b1111 Y
b1111 n
1,
1?
b1111001 +
b1111001 Z
b1111001 o
b1111001 >
b1111001 O
b1111001 j
01
#13415000
b111 c
b1001111010 A
b1111010 r
b1001111010 -
b1001111010 [
b1001111010 h
b1001111010 x
b1001111001 R
b1001111001 m
b1001111001 q
11
#13420000
b0 *
b0 Y
b0 n
0,
b1111010 |
b1001111010 z
0?
01
#13425000
11
#13430000
b1111 *
b1111 Y
b1111 n
1,
1?
b1111010 +
b1111010 Z
b1111010 o
b1111010 >
b1111010 O
b1111010 j
01
#13435000
b111 c
b1001111011 A
b1111011 r
b1001111011 -
b1001111011 [
b1001111011 h
b1001111011 x
b1001111010 R
b1001111010 m
b1001111010 q
11
#13440000
b0 *
b0 Y
b0 n
0,
b1111011 |
b1001111011 z
0?
01
#13445000
11
#13450000
b1111 *
b1111 Y
b1111 n
1,
1?
b1111011 +
b1111011 Z
b1111011 o
b1111011 >
b1111011 O
b1111011 j
01
#13455000
b111 c
b1001111100 A
b1111100 r
b1001111100 -
b1001111100 [
b1001111100 h
b1001111100 x
b1001111011 R
b1001111011 m
b1001111011 q
11
#13460000
b0 *
b0 Y
b0 n
0,
b1111100 |
b1001111100 z
0?
01
#13465000
11
#13470000
b1111 *
b1111 Y
b1111 n
1,
1?
b1111100 +
b1111100 Z
b1111100 o
b1111100 >
b1111100 O
b1111100 j
01
#13475000
b111 c
b1001111101 A
b1111101 r
b1001111101 -
b1001111101 [
b1001111101 h
b1001111101 x
b1001111100 R
b1001111100 m
b1001111100 q
11
#13480000
b0 *
b0 Y
b0 n
0,
b1111101 |
b1001111101 z
0?
01
#13485000
11
#13490000
b1111 *
b1111 Y
b1111 n
1,
1?
b1111101 +
b1111101 Z
b1111101 o
b1111101 >
b1111101 O
b1111101 j
01
#13495000
b111 c
b1001111110 A
b1111110 r
b1001111110 -
b1001111110 [
b1001111110 h
b1001111110 x
b1001111101 R
b1001111101 m
b1001111101 q
11
#13500000
b0 *
b0 Y
b0 n
0,
b1111110 |
b1001111110 z
0?
01
#13505000
11
#13510000
b1111 *
b1111 Y
b1111 n
1,
1?
b1111110 +
b1111110 Z
b1111110 o
b1111110 >
b1111110 O
b1111110 j
01
#13515000
b111 c
b1001111111 A
b1111111 r
b1001111111 -
b1001111111 [
b1001111111 h
b1001111111 x
b1001111110 R
b1001111110 m
b1001111110 q
11
#13520000
b0 *
b0 Y
b0 n
0,
b1111111 |
b1001111111 z
0?
01
#13525000
11
#13530000
b1111 *
b1111 Y
b1111 n
1,
1?
b1111111 +
b1111111 Z
b1111111 o
b1111111 >
b1111111 O
b1111111 j
01
#13535000
b111 c
b1010000000 A
b10000000 r
b1010000000 -
b1010000000 [
b1010000000 h
b1010000000 x
b1001111111 R
b1001111111 m
b1001111111 q
11
#13540000
b0 *
b0 Y
b0 n
0,
b10000000 |
b1010000000 z
0?
01
#13545000
11
#13550000
b1111 *
b1111 Y
b1111 n
1,
1?
b10000000 +
b10000000 Z
b10000000 o
b10000000 >
b10000000 O
b10000000 j
01
#13555000
b111 c
b1010000001 A
b10000001 r
b1010000001 -
b1010000001 [
b1010000001 h
b1010000001 x
b1010000000 R
b1010000000 m
b1010000000 q
11
#13560000
b0 *
b0 Y
b0 n
0,
b10000001 |
b1010000001 z
0?
01
#13565000
11
#13570000
b1111 *
b1111 Y
b1111 n
1,
1?
b10000001 +
b10000001 Z
b10000001 o
b10000001 >
b10000001 O
b10000001 j
01
#13575000
b111 c
b1010000010 A
b10000010 r
b1010000010 -
b1010000010 [
b1010000010 h
b1010000010 x
b1010000001 R
b1010000001 m
b1010000001 q
11
#13580000
b0 *
b0 Y
b0 n
0,
b10000010 |
b1010000010 z
0?
01
#13585000
11
#13590000
b1111 *
b1111 Y
b1111 n
1,
1?
b10000010 +
b10000010 Z
b10000010 o
b10000010 >
b10000010 O
b10000010 j
01
#13595000
b111 c
b1010000011 A
b10000011 r
b1010000011 -
b1010000011 [
b1010000011 h
b1010000011 x
b1010000010 R
b1010000010 m
b1010000010 q
11
#13600000
b0 *
b0 Y
b0 n
0,
b10000011 |
b1010000011 z
0?
01
#13605000
11
#13610000
b1111 *
b1111 Y
b1111 n
1,
1?
b10000011 +
b10000011 Z
b10000011 o
b10000011 >
b10000011 O
b10000011 j
01
#13615000
b111 c
b1010000100 A
b10000100 r
b1010000100 -
b1010000100 [
b1010000100 h
b1010000100 x
b1010000011 R
b1010000011 m
b1010000011 q
11
#13620000
b0 *
b0 Y
b0 n
0,
b10000100 |
b1010000100 z
0?
01
#13625000
11
#13630000
b1111 *
b1111 Y
b1111 n
1,
1?
b10000100 +
b10000100 Z
b10000100 o
b10000100 >
b10000100 O
b10000100 j
01
#13635000
b111 c
b1010000101 A
b10000101 r
b1010000101 -
b1010000101 [
b1010000101 h
b1010000101 x
b1010000100 R
b1010000100 m
b1010000100 q
11
#13640000
b0 *
b0 Y
b0 n
0,
b10000101 |
b1010000101 z
0?
01
#13645000
11
#13650000
b1111 *
b1111 Y
b1111 n
1,
1?
b10000101 +
b10000101 Z
b10000101 o
b10000101 >
b10000101 O
b10000101 j
01
#13655000
b111 c
b1010000110 A
b10000110 r
b1010000110 -
b1010000110 [
b1010000110 h
b1010000110 x
b1010000101 R
b1010000101 m
b1010000101 q
11
#13660000
b0 *
b0 Y
b0 n
0,
b10000110 |
b1010000110 z
0?
01
#13665000
11
#13670000
b1111 *
b1111 Y
b1111 n
1,
1?
b10000110 +
b10000110 Z
b10000110 o
b10000110 >
b10000110 O
b10000110 j
01
#13675000
b111 c
b1010000111 A
b10000111 r
b1010000111 -
b1010000111 [
b1010000111 h
b1010000111 x
b1010000110 R
b1010000110 m
b1010000110 q
11
#13680000
b0 *
b0 Y
b0 n
0,
b10000111 |
b1010000111 z
0?
01
#13685000
11
#13690000
b1111 *
b1111 Y
b1111 n
1,
1?
b10000111 +
b10000111 Z
b10000111 o
b10000111 >
b10000111 O
b10000111 j
01
#13695000
b111 c
b1010001000 A
b10001000 r
b1010001000 -
b1010001000 [
b1010001000 h
b1010001000 x
b1010000111 R
b1010000111 m
b1010000111 q
11
#13700000
b0 *
b0 Y
b0 n
0,
b10001000 |
b1010001000 z
0?
01
#13705000
11
#13710000
b1111 *
b1111 Y
b1111 n
1,
1?
b10001000 +
b10001000 Z
b10001000 o
b10001000 >
b10001000 O
b10001000 j
01
#13715000
b111 c
b1010001001 A
b10001001 r
b1010001001 -
b1010001001 [
b1010001001 h
b1010001001 x
b1010001000 R
b1010001000 m
b1010001000 q
11
#13720000
b0 *
b0 Y
b0 n
0,
b10001001 |
b1010001001 z
0?
01
#13725000
11
#13730000
b1111 *
b1111 Y
b1111 n
1,
1?
b10001001 +
b10001001 Z
b10001001 o
b10001001 >
b10001001 O
b10001001 j
01
#13735000
b111 c
b1010001010 A
b10001010 r
b1010001010 -
b1010001010 [
b1010001010 h
b1010001010 x
b1010001001 R
b1010001001 m
b1010001001 q
11
#13740000
b0 *
b0 Y
b0 n
0,
b10001010 |
b1010001010 z
0?
01
#13745000
11
#13750000
b1111 *
b1111 Y
b1111 n
1,
1?
b10001010 +
b10001010 Z
b10001010 o
b10001010 >
b10001010 O
b10001010 j
01
#13755000
b111 c
b1010001011 A
b10001011 r
b1010001011 -
b1010001011 [
b1010001011 h
b1010001011 x
b1010001010 R
b1010001010 m
b1010001010 q
11
#13760000
b0 *
b0 Y
b0 n
0,
b10001011 |
b1010001011 z
0?
01
#13765000
11
#13770000
b1111 *
b1111 Y
b1111 n
1,
1?
b10001011 +
b10001011 Z
b10001011 o
b10001011 >
b10001011 O
b10001011 j
01
#13775000
b111 c
b1010001100 A
b10001100 r
b1010001100 -
b1010001100 [
b1010001100 h
b1010001100 x
b1010001011 R
b1010001011 m
b1010001011 q
11
#13780000
b0 *
b0 Y
b0 n
0,
b10001100 |
b1010001100 z
0?
01
#13785000
11
#13790000
b1111 *
b1111 Y
b1111 n
1,
1?
b10001100 +
b10001100 Z
b10001100 o
b10001100 >
b10001100 O
b10001100 j
01
#13795000
b111 c
b1010001101 A
b10001101 r
b1010001101 -
b1010001101 [
b1010001101 h
b1010001101 x
b1010001100 R
b1010001100 m
b1010001100 q
11
#13800000
b0 *
b0 Y
b0 n
0,
b10001101 |
b1010001101 z
0?
01
#13805000
11
#13810000
b1111 *
b1111 Y
b1111 n
1,
1?
b10001101 +
b10001101 Z
b10001101 o
b10001101 >
b10001101 O
b10001101 j
01
#13815000
b111 c
b1010001110 A
b10001110 r
b1010001110 -
b1010001110 [
b1010001110 h
b1010001110 x
b1010001101 R
b1010001101 m
b1010001101 q
11
#13820000
b0 *
b0 Y
b0 n
0,
b10001110 |
b1010001110 z
0?
01
#13825000
11
#13830000
b1111 *
b1111 Y
b1111 n
1,
1?
b10001110 +
b10001110 Z
b10001110 o
b10001110 >
b10001110 O
b10001110 j
01
#13835000
b111 c
b1010001111 A
b10001111 r
b1010001111 -
b1010001111 [
b1010001111 h
b1010001111 x
b1010001110 R
b1010001110 m
b1010001110 q
11
#13840000
b0 *
b0 Y
b0 n
0,
b10001111 |
b1010001111 z
0?
01
#13845000
11
#13850000
b1111 *
b1111 Y
b1111 n
1,
1?
b10001111 +
b10001111 Z
b10001111 o
b10001111 >
b10001111 O
b10001111 j
01
#13855000
b111 c
b1010010000 A
b10010000 r
b1010010000 -
b1010010000 [
b1010010000 h
b1010010000 x
b1010001111 R
b1010001111 m
b1010001111 q
11
#13860000
b0 *
b0 Y
b0 n
0,
b10010000 |
b1010010000 z
0?
01
#13865000
11
#13870000
b1111 *
b1111 Y
b1111 n
1,
1?
b10010000 +
b10010000 Z
b10010000 o
b10010000 >
b10010000 O
b10010000 j
01
#13875000
b111 c
b1010010001 A
b10010001 r
b1010010001 -
b1010010001 [
b1010010001 h
b1010010001 x
b1010010000 R
b1010010000 m
b1010010000 q
11
#13880000
b0 *
b0 Y
b0 n
0,
b10010001 |
b1010010001 z
0?
01
#13885000
11
#13890000
b1111 *
b1111 Y
b1111 n
1,
1?
b10010001 +
b10010001 Z
b10010001 o
b10010001 >
b10010001 O
b10010001 j
01
#13895000
b111 c
b1010010010 A
b10010010 r
b1010010010 -
b1010010010 [
b1010010010 h
b1010010010 x
b1010010001 R
b1010010001 m
b1010010001 q
11
#13900000
b0 *
b0 Y
b0 n
0,
b10010010 |
b1010010010 z
0?
01
#13905000
11
#13910000
b1111 *
b1111 Y
b1111 n
1,
1?
b10010010 +
b10010010 Z
b10010010 o
b10010010 >
b10010010 O
b10010010 j
01
#13915000
b111 c
b1010010011 A
b10010011 r
b1010010011 -
b1010010011 [
b1010010011 h
b1010010011 x
b1010010010 R
b1010010010 m
b1010010010 q
11
#13920000
b0 *
b0 Y
b0 n
0,
b10010011 |
b1010010011 z
0?
01
#13925000
11
#13930000
b1111 *
b1111 Y
b1111 n
1,
1?
b10010011 +
b10010011 Z
b10010011 o
b10010011 >
b10010011 O
b10010011 j
01
#13935000
b111 c
b1010010100 A
b10010100 r
b1010010100 -
b1010010100 [
b1010010100 h
b1010010100 x
b1010010011 R
b1010010011 m
b1010010011 q
11
#13940000
b0 *
b0 Y
b0 n
0,
b10010100 |
b1010010100 z
0?
01
#13945000
11
#13950000
b1111 *
b1111 Y
b1111 n
1,
1?
b10010100 +
b10010100 Z
b10010100 o
b10010100 >
b10010100 O
b10010100 j
01
#13955000
b111 c
b1010010101 A
b10010101 r
b1010010101 -
b1010010101 [
b1010010101 h
b1010010101 x
b1010010100 R
b1010010100 m
b1010010100 q
11
#13960000
b0 *
b0 Y
b0 n
0,
b10010101 |
b1010010101 z
0?
01
#13965000
11
#13970000
b1111 *
b1111 Y
b1111 n
1,
1?
b10010101 +
b10010101 Z
b10010101 o
b10010101 >
b10010101 O
b10010101 j
01
#13975000
b111 c
b1010010110 A
b10010110 r
b1010010110 -
b1010010110 [
b1010010110 h
b1010010110 x
b1010010101 R
b1010010101 m
b1010010101 q
11
#13980000
b0 *
b0 Y
b0 n
0,
b10010110 |
b1010010110 z
0?
01
#13985000
11
#13990000
b1111 *
b1111 Y
b1111 n
1,
1?
b10010110 +
b10010110 Z
b10010110 o
b10010110 >
b10010110 O
b10010110 j
01
#13995000
b111 c
b1010010111 A
b10010111 r
b1010010111 -
b1010010111 [
b1010010111 h
b1010010111 x
b1010010110 R
b1010010110 m
b1010010110 q
11
#14000000
b0 *
b0 Y
b0 n
0,
b10010111 |
b1010010111 z
0?
01
#14005000
11
#14010000
b1111 *
b1111 Y
b1111 n
1,
1?
b10010111 +
b10010111 Z
b10010111 o
b10010111 >
b10010111 O
b10010111 j
01
#14015000
b111 c
b1010011000 A
b10011000 r
b1010011000 -
b1010011000 [
b1010011000 h
b1010011000 x
b1010010111 R
b1010010111 m
b1010010111 q
11
#14020000
b0 *
b0 Y
b0 n
0,
b10011000 |
b1010011000 z
0?
01
#14025000
11
#14030000
b1111 *
b1111 Y
b1111 n
1,
1?
b10011000 +
b10011000 Z
b10011000 o
b10011000 >
b10011000 O
b10011000 j
01
#14035000
b111 c
b1010011001 A
b10011001 r
b1010011001 -
b1010011001 [
b1010011001 h
b1010011001 x
b1010011000 R
b1010011000 m
b1010011000 q
11
#14040000
b0 *
b0 Y
b0 n
0,
b10011001 |
b1010011001 z
0?
01
#14045000
11
#14050000
b1111 *
b1111 Y
b1111 n
1,
1?
b10011001 +
b10011001 Z
b10011001 o
b10011001 >
b10011001 O
b10011001 j
01
#14055000
b111 c
b1010011010 A
b10011010 r
b1010011010 -
b1010011010 [
b1010011010 h
b1010011010 x
b1010011001 R
b1010011001 m
b1010011001 q
11
#14060000
b0 *
b0 Y
b0 n
0,
b10011010 |
b1010011010 z
0?
01
#14065000
11
#14070000
b1111 *
b1111 Y
b1111 n
1,
1?
b10011010 +
b10011010 Z
b10011010 o
b10011010 >
b10011010 O
b10011010 j
01
#14075000
b111 c
b1010011011 A
b10011011 r
b1010011011 -
b1010011011 [
b1010011011 h
b1010011011 x
b1010011010 R
b1010011010 m
b1010011010 q
11
#14080000
b0 *
b0 Y
b0 n
0,
b10011011 |
b1010011011 z
0?
01
#14085000
11
#14090000
b1111 *
b1111 Y
b1111 n
1,
1?
b10011011 +
b10011011 Z
b10011011 o
b10011011 >
b10011011 O
b10011011 j
01
#14095000
b111 c
b1010011100 A
b10011100 r
b1010011100 -
b1010011100 [
b1010011100 h
b1010011100 x
b1010011011 R
b1010011011 m
b1010011011 q
11
#14100000
b0 *
b0 Y
b0 n
0,
b10011100 |
b1010011100 z
0?
01
#14105000
11
#14110000
b1111 *
b1111 Y
b1111 n
1,
1?
b10011100 +
b10011100 Z
b10011100 o
b10011100 >
b10011100 O
b10011100 j
01
#14115000
b111 c
b1010011101 A
b10011101 r
b1010011101 -
b1010011101 [
b1010011101 h
b1010011101 x
b1010011100 R
b1010011100 m
b1010011100 q
11
#14120000
b0 *
b0 Y
b0 n
0,
b10011101 |
b1010011101 z
0?
01
#14125000
11
#14130000
b1111 *
b1111 Y
b1111 n
1,
1?
b10011101 +
b10011101 Z
b10011101 o
b10011101 >
b10011101 O
b10011101 j
01
#14135000
b111 c
b1010011110 A
b10011110 r
b1010011110 -
b1010011110 [
b1010011110 h
b1010011110 x
b1010011101 R
b1010011101 m
b1010011101 q
11
#14140000
b0 *
b0 Y
b0 n
0,
b10011110 |
b1010011110 z
0?
01
#14145000
11
#14150000
b1111 *
b1111 Y
b1111 n
1,
1?
b10011110 +
b10011110 Z
b10011110 o
b10011110 >
b10011110 O
b10011110 j
01
#14155000
b111 c
b1010011111 A
b10011111 r
b1010011111 -
b1010011111 [
b1010011111 h
b1010011111 x
b1010011110 R
b1010011110 m
b1010011110 q
11
#14160000
b0 *
b0 Y
b0 n
0,
b10011111 |
b1010011111 z
0?
01
#14165000
11
#14170000
b1111 *
b1111 Y
b1111 n
1,
1?
b10011111 +
b10011111 Z
b10011111 o
b10011111 >
b10011111 O
b10011111 j
01
#14175000
b111 c
b1010100000 A
b10100000 r
b1010100000 -
b1010100000 [
b1010100000 h
b1010100000 x
b1010011111 R
b1010011111 m
b1010011111 q
11
#14180000
b0 *
b0 Y
b0 n
0,
b10100000 |
b1010100000 z
0?
01
#14185000
11
#14190000
b1111 *
b1111 Y
b1111 n
1,
1?
b10100000 +
b10100000 Z
b10100000 o
b10100000 >
b10100000 O
b10100000 j
01
#14195000
b111 c
b1010100001 A
b10100001 r
b1010100001 -
b1010100001 [
b1010100001 h
b1010100001 x
b1010100000 R
b1010100000 m
b1010100000 q
11
#14200000
b0 *
b0 Y
b0 n
0,
b10100001 |
b1010100001 z
0?
01
#14205000
11
#14210000
b1111 *
b1111 Y
b1111 n
1,
1?
b10100001 +
b10100001 Z
b10100001 o
b10100001 >
b10100001 O
b10100001 j
01
#14215000
b111 c
b1010100010 A
b10100010 r
b1010100010 -
b1010100010 [
b1010100010 h
b1010100010 x
b1010100001 R
b1010100001 m
b1010100001 q
11
#14220000
b0 *
b0 Y
b0 n
0,
b10100010 |
b1010100010 z
0?
01
#14225000
11
#14230000
b1111 *
b1111 Y
b1111 n
1,
1?
b10100010 +
b10100010 Z
b10100010 o
b10100010 >
b10100010 O
b10100010 j
01
#14235000
b111 c
b1010100011 A
b10100011 r
b1010100011 -
b1010100011 [
b1010100011 h
b1010100011 x
b1010100010 R
b1010100010 m
b1010100010 q
11
#14240000
b0 *
b0 Y
b0 n
0,
b10100011 |
b1010100011 z
0?
01
#14245000
11
#14250000
b1111 *
b1111 Y
b1111 n
1,
1?
b10100011 +
b10100011 Z
b10100011 o
b10100011 >
b10100011 O
b10100011 j
01
#14255000
b111 c
b1010100100 A
b10100100 r
b1010100100 -
b1010100100 [
b1010100100 h
b1010100100 x
b1010100011 R
b1010100011 m
b1010100011 q
11
#14260000
b0 *
b0 Y
b0 n
0,
b10100100 |
b1010100100 z
0?
01
#14265000
11
#14270000
b1111 *
b1111 Y
b1111 n
1,
1?
b10100100 +
b10100100 Z
b10100100 o
b10100100 >
b10100100 O
b10100100 j
01
#14275000
b111 c
b1010100101 A
b10100101 r
b1010100101 -
b1010100101 [
b1010100101 h
b1010100101 x
b1010100100 R
b1010100100 m
b1010100100 q
11
#14280000
b0 *
b0 Y
b0 n
0,
b10100101 |
b1010100101 z
0?
01
#14285000
11
#14290000
b1111 *
b1111 Y
b1111 n
1,
1?
b10100101 +
b10100101 Z
b10100101 o
b10100101 >
b10100101 O
b10100101 j
01
#14295000
b111 c
b1010100110 A
b10100110 r
b1010100110 -
b1010100110 [
b1010100110 h
b1010100110 x
b1010100101 R
b1010100101 m
b1010100101 q
11
#14300000
b0 *
b0 Y
b0 n
0,
b10100110 |
b1010100110 z
0?
01
#14305000
11
#14310000
b1111 *
b1111 Y
b1111 n
1,
1?
b10100110 +
b10100110 Z
b10100110 o
b10100110 >
b10100110 O
b10100110 j
01
#14315000
b111 c
b1010100111 A
b10100111 r
b1010100111 -
b1010100111 [
b1010100111 h
b1010100111 x
b1010100110 R
b1010100110 m
b1010100110 q
11
#14320000
b0 *
b0 Y
b0 n
0,
b10100111 |
b1010100111 z
0?
01
#14325000
11
#14330000
b1111 *
b1111 Y
b1111 n
1,
1?
b10100111 +
b10100111 Z
b10100111 o
b10100111 >
b10100111 O
b10100111 j
01
#14335000
b111 c
b1010101000 A
b10101000 r
b1010101000 -
b1010101000 [
b1010101000 h
b1010101000 x
b1010100111 R
b1010100111 m
b1010100111 q
11
#14340000
b0 *
b0 Y
b0 n
0,
b10101000 |
b1010101000 z
0?
01
#14345000
11
#14350000
b1111 *
b1111 Y
b1111 n
1,
1?
b10101000 +
b10101000 Z
b10101000 o
b10101000 >
b10101000 O
b10101000 j
01
#14355000
b111 c
b1010101001 A
b10101001 r
b1010101001 -
b1010101001 [
b1010101001 h
b1010101001 x
b1010101000 R
b1010101000 m
b1010101000 q
11
#14360000
b0 *
b0 Y
b0 n
0,
b10101001 |
b1010101001 z
0?
01
#14365000
11
#14370000
b1111 *
b1111 Y
b1111 n
1,
1?
b10101001 +
b10101001 Z
b10101001 o
b10101001 >
b10101001 O
b10101001 j
01
#14375000
b111 c
b1010101010 A
b10101010 r
b1010101010 -
b1010101010 [
b1010101010 h
b1010101010 x
b1010101001 R
b1010101001 m
b1010101001 q
11
#14380000
b0 *
b0 Y
b0 n
0,
b10101010 |
b1010101010 z
0?
01
#14385000
11
#14390000
b1111 *
b1111 Y
b1111 n
1,
1?
b10101010 +
b10101010 Z
b10101010 o
b10101010 >
b10101010 O
b10101010 j
01
#14395000
b111 c
b1010101011 A
b10101011 r
b1010101011 -
b1010101011 [
b1010101011 h
b1010101011 x
b1010101010 R
b1010101010 m
b1010101010 q
11
#14400000
b0 *
b0 Y
b0 n
0,
b10101011 |
b1010101011 z
0?
01
#14405000
11
#14410000
b1111 *
b1111 Y
b1111 n
1,
1?
b10101011 +
b10101011 Z
b10101011 o
b10101011 >
b10101011 O
b10101011 j
01
#14415000
b111 c
b1010101100 A
b10101100 r
b1010101100 -
b1010101100 [
b1010101100 h
b1010101100 x
b1010101011 R
b1010101011 m
b1010101011 q
11
#14420000
b0 *
b0 Y
b0 n
0,
b10101100 |
b1010101100 z
0?
01
#14425000
11
#14430000
b1111 *
b1111 Y
b1111 n
1,
1?
b10101100 +
b10101100 Z
b10101100 o
b10101100 >
b10101100 O
b10101100 j
01
#14435000
b111 c
b1010101101 A
b10101101 r
b1010101101 -
b1010101101 [
b1010101101 h
b1010101101 x
b1010101100 R
b1010101100 m
b1010101100 q
11
#14440000
b0 *
b0 Y
b0 n
0,
b10101101 |
b1010101101 z
0?
01
#14445000
11
#14450000
b1111 *
b1111 Y
b1111 n
1,
1?
b10101101 +
b10101101 Z
b10101101 o
b10101101 >
b10101101 O
b10101101 j
01
#14455000
b111 c
b1010101110 A
b10101110 r
b1010101110 -
b1010101110 [
b1010101110 h
b1010101110 x
b1010101101 R
b1010101101 m
b1010101101 q
11
#14460000
b0 *
b0 Y
b0 n
0,
b10101110 |
b1010101110 z
0?
01
#14465000
11
#14470000
b1111 *
b1111 Y
b1111 n
1,
1?
b10101110 +
b10101110 Z
b10101110 o
b10101110 >
b10101110 O
b10101110 j
01
#14475000
b111 c
b1010101111 A
b10101111 r
b1010101111 -
b1010101111 [
b1010101111 h
b1010101111 x
b1010101110 R
b1010101110 m
b1010101110 q
11
#14480000
b0 *
b0 Y
b0 n
0,
b10101111 |
b1010101111 z
0?
01
#14485000
11
#14490000
b1111 *
b1111 Y
b1111 n
1,
1?
b10101111 +
b10101111 Z
b10101111 o
b10101111 >
b10101111 O
b10101111 j
01
#14495000
b111 c
b1010110000 A
b10110000 r
b1010110000 -
b1010110000 [
b1010110000 h
b1010110000 x
b1010101111 R
b1010101111 m
b1010101111 q
11
#14500000
b0 *
b0 Y
b0 n
0,
b10110000 |
b1010110000 z
0?
01
#14505000
11
#14510000
b1111 *
b1111 Y
b1111 n
1,
1?
b10110000 +
b10110000 Z
b10110000 o
b10110000 >
b10110000 O
b10110000 j
01
#14515000
b111 c
b1010110001 A
b10110001 r
b1010110001 -
b1010110001 [
b1010110001 h
b1010110001 x
b1010110000 R
b1010110000 m
b1010110000 q
11
#14520000
b0 *
b0 Y
b0 n
0,
b10110001 |
b1010110001 z
0?
01
#14525000
11
#14530000
b1111 *
b1111 Y
b1111 n
1,
1?
b10110001 +
b10110001 Z
b10110001 o
b10110001 >
b10110001 O
b10110001 j
01
#14535000
b111 c
b1010110010 A
b10110010 r
b1010110010 -
b1010110010 [
b1010110010 h
b1010110010 x
b1010110001 R
b1010110001 m
b1010110001 q
11
#14540000
b0 *
b0 Y
b0 n
0,
b10110010 |
b1010110010 z
0?
01
#14545000
11
#14550000
b1111 *
b1111 Y
b1111 n
1,
1?
b10110010 +
b10110010 Z
b10110010 o
b10110010 >
b10110010 O
b10110010 j
01
#14555000
b111 c
b1010110011 A
b10110011 r
b1010110011 -
b1010110011 [
b1010110011 h
b1010110011 x
b1010110010 R
b1010110010 m
b1010110010 q
11
#14560000
b0 *
b0 Y
b0 n
0,
b10110011 |
b1010110011 z
0?
01
#14565000
11
#14570000
b1111 *
b1111 Y
b1111 n
1,
1?
b10110011 +
b10110011 Z
b10110011 o
b10110011 >
b10110011 O
b10110011 j
01
#14575000
b111 c
b1010110100 A
b10110100 r
b1010110100 -
b1010110100 [
b1010110100 h
b1010110100 x
b1010110011 R
b1010110011 m
b1010110011 q
11
#14580000
b0 *
b0 Y
b0 n
0,
b10110100 |
b1010110100 z
0?
01
#14585000
11
#14590000
b1111 *
b1111 Y
b1111 n
1,
1?
b10110100 +
b10110100 Z
b10110100 o
b10110100 >
b10110100 O
b10110100 j
01
#14595000
b111 c
b1010110101 A
b10110101 r
b1010110101 -
b1010110101 [
b1010110101 h
b1010110101 x
b1010110100 R
b1010110100 m
b1010110100 q
11
#14600000
b0 *
b0 Y
b0 n
0,
b10110101 |
b1010110101 z
0?
01
#14605000
11
#14610000
b1111 *
b1111 Y
b1111 n
1,
1?
b10110101 +
b10110101 Z
b10110101 o
b10110101 >
b10110101 O
b10110101 j
01
#14615000
b111 c
b1010110110 A
b10110110 r
b1010110110 -
b1010110110 [
b1010110110 h
b1010110110 x
b1010110101 R
b1010110101 m
b1010110101 q
11
#14620000
b0 *
b0 Y
b0 n
0,
b10110110 |
b1010110110 z
0?
01
#14625000
11
#14630000
b1111 *
b1111 Y
b1111 n
1,
1?
b10110110 +
b10110110 Z
b10110110 o
b10110110 >
b10110110 O
b10110110 j
01
#14635000
b111 c
b1010110111 A
b10110111 r
b1010110111 -
b1010110111 [
b1010110111 h
b1010110111 x
b1010110110 R
b1010110110 m
b1010110110 q
11
#14640000
b0 *
b0 Y
b0 n
0,
b10110111 |
b1010110111 z
0?
01
#14645000
11
#14650000
b1111 *
b1111 Y
b1111 n
1,
1?
b10110111 +
b10110111 Z
b10110111 o
b10110111 >
b10110111 O
b10110111 j
01
#14655000
b111 c
b1010111000 A
b10111000 r
b1010111000 -
b1010111000 [
b1010111000 h
b1010111000 x
b1010110111 R
b1010110111 m
b1010110111 q
11
#14660000
b0 *
b0 Y
b0 n
0,
b10111000 |
b1010111000 z
0?
01
#14665000
11
#14670000
b1111 *
b1111 Y
b1111 n
1,
1?
b10111000 +
b10111000 Z
b10111000 o
b10111000 >
b10111000 O
b10111000 j
01
#14675000
b111 c
b1010111001 A
b10111001 r
b1010111001 -
b1010111001 [
b1010111001 h
b1010111001 x
b1010111000 R
b1010111000 m
b1010111000 q
11
#14680000
b0 *
b0 Y
b0 n
0,
b10111001 |
b1010111001 z
0?
01
#14685000
11
#14690000
b1111 *
b1111 Y
b1111 n
1,
1?
b10111001 +
b10111001 Z
b10111001 o
b10111001 >
b10111001 O
b10111001 j
01
#14695000
b111 c
b1010111010 A
b10111010 r
b1010111010 -
b1010111010 [
b1010111010 h
b1010111010 x
b1010111001 R
b1010111001 m
b1010111001 q
11
#14700000
b0 *
b0 Y
b0 n
0,
b10111010 |
b1010111010 z
0?
01
#14705000
11
#14710000
b1111 *
b1111 Y
b1111 n
1,
1?
b10111010 +
b10111010 Z
b10111010 o
b10111010 >
b10111010 O
b10111010 j
01
#14715000
b111 c
b1010111011 A
b10111011 r
b1010111011 -
b1010111011 [
b1010111011 h
b1010111011 x
b1010111010 R
b1010111010 m
b1010111010 q
11
#14720000
b0 *
b0 Y
b0 n
0,
b10111011 |
b1010111011 z
0?
01
#14725000
11
#14730000
b1111 *
b1111 Y
b1111 n
1,
1?
b10111011 +
b10111011 Z
b10111011 o
b10111011 >
b10111011 O
b10111011 j
01
#14735000
b111 c
b1010111100 A
b10111100 r
b1010111100 -
b1010111100 [
b1010111100 h
b1010111100 x
b1010111011 R
b1010111011 m
b1010111011 q
11
#14740000
b0 *
b0 Y
b0 n
0,
b10111100 |
b1010111100 z
0?
01
#14745000
11
#14750000
b1111 *
b1111 Y
b1111 n
1,
1?
b10111100 +
b10111100 Z
b10111100 o
b10111100 >
b10111100 O
b10111100 j
01
#14755000
b111 c
b1010111101 A
b10111101 r
b1010111101 -
b1010111101 [
b1010111101 h
b1010111101 x
b1010111100 R
b1010111100 m
b1010111100 q
11
#14760000
b0 *
b0 Y
b0 n
0,
b10111101 |
b1010111101 z
0?
01
#14765000
11
#14770000
b1111 *
b1111 Y
b1111 n
1,
1?
b10111101 +
b10111101 Z
b10111101 o
b10111101 >
b10111101 O
b10111101 j
01
#14775000
b111 c
b1010111110 A
b10111110 r
b1010111110 -
b1010111110 [
b1010111110 h
b1010111110 x
b1010111101 R
b1010111101 m
b1010111101 q
11
#14780000
b0 *
b0 Y
b0 n
0,
b10111110 |
b1010111110 z
0?
01
#14785000
11
#14790000
b1111 *
b1111 Y
b1111 n
1,
1?
b10111110 +
b10111110 Z
b10111110 o
b10111110 >
b10111110 O
b10111110 j
01
#14795000
b111 c
b1010111111 A
b10111111 r
b1010111111 -
b1010111111 [
b1010111111 h
b1010111111 x
b1010111110 R
b1010111110 m
b1010111110 q
11
#14800000
b0 *
b0 Y
b0 n
0,
b10111111 |
b1010111111 z
0?
01
#14805000
11
#14810000
b1111 *
b1111 Y
b1111 n
1,
1?
b10111111 +
b10111111 Z
b10111111 o
b10111111 >
b10111111 O
b10111111 j
01
#14815000
b111 c
b1011000000 A
b11000000 r
b1011000000 -
b1011000000 [
b1011000000 h
b1011000000 x
b1010111111 R
b1010111111 m
b1010111111 q
11
#14820000
b0 *
b0 Y
b0 n
0,
b11000000 |
b1011000000 z
0?
01
#14825000
11
#14830000
b1111 *
b1111 Y
b1111 n
1,
1?
b11000000 +
b11000000 Z
b11000000 o
b11000000 >
b11000000 O
b11000000 j
01
#14835000
b111 c
b1011000001 A
b11000001 r
b1011000001 -
b1011000001 [
b1011000001 h
b1011000001 x
b1011000000 R
b1011000000 m
b1011000000 q
11
#14840000
b0 *
b0 Y
b0 n
0,
b11000001 |
b1011000001 z
0?
01
#14845000
11
#14850000
b1111 *
b1111 Y
b1111 n
1,
1?
b11000001 +
b11000001 Z
b11000001 o
b11000001 >
b11000001 O
b11000001 j
01
#14855000
b111 c
b1011000010 A
b11000010 r
b1011000010 -
b1011000010 [
b1011000010 h
b1011000010 x
b1011000001 R
b1011000001 m
b1011000001 q
11
#14860000
b0 *
b0 Y
b0 n
0,
b11000010 |
b1011000010 z
0?
01
#14865000
11
#14870000
b1111 *
b1111 Y
b1111 n
1,
1?
b11000010 +
b11000010 Z
b11000010 o
b11000010 >
b11000010 O
b11000010 j
01
#14875000
b111 c
b1011000011 A
b11000011 r
b1011000011 -
b1011000011 [
b1011000011 h
b1011000011 x
b1011000010 R
b1011000010 m
b1011000010 q
11
#14880000
b0 *
b0 Y
b0 n
0,
b11000011 |
b1011000011 z
0?
01
#14885000
11
#14890000
b1111 *
b1111 Y
b1111 n
1,
1?
b11000011 +
b11000011 Z
b11000011 o
b11000011 >
b11000011 O
b11000011 j
01
#14895000
b111 c
b1011000100 A
b11000100 r
b1011000100 -
b1011000100 [
b1011000100 h
b1011000100 x
b1011000011 R
b1011000011 m
b1011000011 q
11
#14900000
b0 *
b0 Y
b0 n
0,
b11000100 |
b1011000100 z
0?
01
#14905000
11
#14910000
b1111 *
b1111 Y
b1111 n
1,
1?
b11000100 +
b11000100 Z
b11000100 o
b11000100 >
b11000100 O
b11000100 j
01
#14915000
b111 c
b1011000101 A
b11000101 r
b1011000101 -
b1011000101 [
b1011000101 h
b1011000101 x
b1011000100 R
b1011000100 m
b1011000100 q
11
#14920000
b0 *
b0 Y
b0 n
0,
b11000101 |
b1011000101 z
0?
01
#14925000
11
#14930000
b1111 *
b1111 Y
b1111 n
1,
1?
b11000101 +
b11000101 Z
b11000101 o
b11000101 >
b11000101 O
b11000101 j
01
#14935000
b111 c
b1011000110 A
b11000110 r
b1011000110 -
b1011000110 [
b1011000110 h
b1011000110 x
b1011000101 R
b1011000101 m
b1011000101 q
11
#14940000
b0 *
b0 Y
b0 n
0,
b11000110 |
b1011000110 z
0?
01
#14945000
11
#14950000
b1111 *
b1111 Y
b1111 n
1,
1?
b11000110 +
b11000110 Z
b11000110 o
b11000110 >
b11000110 O
b11000110 j
01
#14955000
b111 c
b1011000111 A
b11000111 r
b1011000111 -
b1011000111 [
b1011000111 h
b1011000111 x
b1011000110 R
b1011000110 m
b1011000110 q
11
#14960000
b0 *
b0 Y
b0 n
0,
b11000111 |
b1011000111 z
0?
01
#14965000
11
#14970000
b1111 *
b1111 Y
b1111 n
1,
1?
b11000111 +
b11000111 Z
b11000111 o
b11000111 >
b11000111 O
b11000111 j
01
#14975000
b111 c
b1011001000 A
b11001000 r
b1011001000 -
b1011001000 [
b1011001000 h
b1011001000 x
b1011000111 R
b1011000111 m
b1011000111 q
11
#14980000
b0 *
b0 Y
b0 n
0,
b11001000 |
b1011001000 z
0?
01
#14985000
11
#14990000
b1111 *
b1111 Y
b1111 n
1,
1?
b11001000 +
b11001000 Z
b11001000 o
b11001000 >
b11001000 O
b11001000 j
01
#14995000
b111 c
b1011001001 A
b11001001 r
b1011001001 -
b1011001001 [
b1011001001 h
b1011001001 x
b1011001000 R
b1011001000 m
b1011001000 q
11
#15000000
b0 *
b0 Y
b0 n
0,
b11001001 |
b1011001001 z
0?
01
#15005000
11
#15010000
b1111 *
b1111 Y
b1111 n
1,
1?
b11001001 +
b11001001 Z
b11001001 o
b11001001 >
b11001001 O
b11001001 j
01
#15015000
b111 c
b1011001010 A
b11001010 r
b1011001010 -
b1011001010 [
b1011001010 h
b1011001010 x
b1011001001 R
b1011001001 m
b1011001001 q
11
#15020000
b0 *
b0 Y
b0 n
0,
b11001010 |
b1011001010 z
0?
01
#15025000
11
#15030000
b1111 *
b1111 Y
b1111 n
1,
1?
b11001010 +
b11001010 Z
b11001010 o
b11001010 >
b11001010 O
b11001010 j
01
#15035000
b111 c
b1011001011 A
b11001011 r
b1011001011 -
b1011001011 [
b1011001011 h
b1011001011 x
b1011001010 R
b1011001010 m
b1011001010 q
11
#15040000
b0 *
b0 Y
b0 n
0,
b11001011 |
b1011001011 z
0?
01
#15045000
11
#15050000
b1111 *
b1111 Y
b1111 n
1,
1?
b11001011 +
b11001011 Z
b11001011 o
b11001011 >
b11001011 O
b11001011 j
01
#15055000
b111 c
b1011001100 A
b11001100 r
b1011001100 -
b1011001100 [
b1011001100 h
b1011001100 x
b1011001011 R
b1011001011 m
b1011001011 q
11
#15060000
b0 *
b0 Y
b0 n
0,
b11001100 |
b1011001100 z
0?
01
#15065000
11
#15070000
b1111 *
b1111 Y
b1111 n
1,
1?
b11001100 +
b11001100 Z
b11001100 o
b11001100 >
b11001100 O
b11001100 j
01
#15075000
b111 c
b1011001101 A
b11001101 r
b1011001101 -
b1011001101 [
b1011001101 h
b1011001101 x
b1011001100 R
b1011001100 m
b1011001100 q
11
#15080000
b0 *
b0 Y
b0 n
0,
b11001101 |
b1011001101 z
0?
01
#15085000
11
#15090000
b1111 *
b1111 Y
b1111 n
1,
1?
b11001101 +
b11001101 Z
b11001101 o
b11001101 >
b11001101 O
b11001101 j
01
#15095000
b111 c
b1011001110 A
b11001110 r
b1011001110 -
b1011001110 [
b1011001110 h
b1011001110 x
b1011001101 R
b1011001101 m
b1011001101 q
11
#15100000
b0 *
b0 Y
b0 n
0,
b11001110 |
b1011001110 z
0?
01
#15105000
11
#15110000
b1111 *
b1111 Y
b1111 n
1,
1?
b11001110 +
b11001110 Z
b11001110 o
b11001110 >
b11001110 O
b11001110 j
01
#15115000
b111 c
b1011001111 A
b11001111 r
b1011001111 -
b1011001111 [
b1011001111 h
b1011001111 x
b1011001110 R
b1011001110 m
b1011001110 q
11
#15120000
b0 *
b0 Y
b0 n
0,
b11001111 |
b1011001111 z
0?
01
#15125000
11
#15130000
b1111 *
b1111 Y
b1111 n
1,
1?
b11001111 +
b11001111 Z
b11001111 o
b11001111 >
b11001111 O
b11001111 j
01
#15135000
b111 c
b1011010000 A
b11010000 r
b1011010000 -
b1011010000 [
b1011010000 h
b1011010000 x
b1011001111 R
b1011001111 m
b1011001111 q
11
#15140000
b0 *
b0 Y
b0 n
0,
b11010000 |
b1011010000 z
0?
01
#15145000
11
#15150000
b1111 *
b1111 Y
b1111 n
1,
1?
b11010000 +
b11010000 Z
b11010000 o
b11010000 >
b11010000 O
b11010000 j
01
#15155000
b111 c
b1011010001 A
b11010001 r
b1011010001 -
b1011010001 [
b1011010001 h
b1011010001 x
b1011010000 R
b1011010000 m
b1011010000 q
11
#15160000
b0 *
b0 Y
b0 n
0,
b11010001 |
b1011010001 z
0?
01
#15165000
11
#15170000
b1111 *
b1111 Y
b1111 n
1,
1?
b11010001 +
b11010001 Z
b11010001 o
b11010001 >
b11010001 O
b11010001 j
01
#15175000
b111 c
b1011010010 A
b11010010 r
b1011010010 -
b1011010010 [
b1011010010 h
b1011010010 x
b1011010001 R
b1011010001 m
b1011010001 q
11
#15180000
b0 *
b0 Y
b0 n
0,
b11010010 |
b1011010010 z
0?
01
#15185000
11
#15190000
b1111 *
b1111 Y
b1111 n
1,
1?
b11010010 +
b11010010 Z
b11010010 o
b11010010 >
b11010010 O
b11010010 j
01
#15195000
b111 c
b1011010011 A
b11010011 r
b1011010011 -
b1011010011 [
b1011010011 h
b1011010011 x
b1011010010 R
b1011010010 m
b1011010010 q
11
#15200000
b0 *
b0 Y
b0 n
0,
b11010011 |
b1011010011 z
0?
01
#15205000
11
#15210000
b1111 *
b1111 Y
b1111 n
1,
1?
b11010011 +
b11010011 Z
b11010011 o
b11010011 >
b11010011 O
b11010011 j
01
#15215000
b111 c
b1011010100 A
b11010100 r
b1011010100 -
b1011010100 [
b1011010100 h
b1011010100 x
b1011010011 R
b1011010011 m
b1011010011 q
11
#15220000
b0 *
b0 Y
b0 n
0,
b11010100 |
b1011010100 z
0?
01
#15225000
11
#15230000
b1111 *
b1111 Y
b1111 n
1,
1?
b11010100 +
b11010100 Z
b11010100 o
b11010100 >
b11010100 O
b11010100 j
01
#15235000
b111 c
b1011010101 A
b11010101 r
b1011010101 -
b1011010101 [
b1011010101 h
b1011010101 x
b1011010100 R
b1011010100 m
b1011010100 q
11
#15240000
b0 *
b0 Y
b0 n
0,
b11010101 |
b1011010101 z
0?
01
#15245000
11
#15250000
b1111 *
b1111 Y
b1111 n
1,
1?
b11010101 +
b11010101 Z
b11010101 o
b11010101 >
b11010101 O
b11010101 j
01
#15255000
b111 c
b1011010110 A
b11010110 r
b1011010110 -
b1011010110 [
b1011010110 h
b1011010110 x
b1011010101 R
b1011010101 m
b1011010101 q
11
#15260000
b0 *
b0 Y
b0 n
0,
b11010110 |
b1011010110 z
0?
01
#15265000
11
#15270000
b1111 *
b1111 Y
b1111 n
1,
1?
b11010110 +
b11010110 Z
b11010110 o
b11010110 >
b11010110 O
b11010110 j
01
#15275000
b111 c
b1011010111 A
b11010111 r
b1011010111 -
b1011010111 [
b1011010111 h
b1011010111 x
b1011010110 R
b1011010110 m
b1011010110 q
11
#15280000
b0 *
b0 Y
b0 n
0,
b11010111 |
b1011010111 z
0?
01
#15285000
11
#15290000
b1111 *
b1111 Y
b1111 n
1,
1?
b11010111 +
b11010111 Z
b11010111 o
b11010111 >
b11010111 O
b11010111 j
01
#15295000
b111 c
b1011011000 A
b11011000 r
b1011011000 -
b1011011000 [
b1011011000 h
b1011011000 x
b1011010111 R
b1011010111 m
b1011010111 q
11
#15300000
b0 *
b0 Y
b0 n
0,
b11011000 |
b1011011000 z
0?
01
#15305000
11
#15310000
b1111 *
b1111 Y
b1111 n
1,
1?
b11011000 +
b11011000 Z
b11011000 o
b11011000 >
b11011000 O
b11011000 j
01
#15315000
b111 c
b1011011001 A
b11011001 r
b1011011001 -
b1011011001 [
b1011011001 h
b1011011001 x
b1011011000 R
b1011011000 m
b1011011000 q
11
#15320000
b0 *
b0 Y
b0 n
0,
b11011001 |
b1011011001 z
0?
01
#15325000
11
#15330000
b1111 *
b1111 Y
b1111 n
1,
1?
b11011001 +
b11011001 Z
b11011001 o
b11011001 >
b11011001 O
b11011001 j
01
#15335000
b111 c
b1011011010 A
b11011010 r
b1011011010 -
b1011011010 [
b1011011010 h
b1011011010 x
b1011011001 R
b1011011001 m
b1011011001 q
11
#15340000
b0 *
b0 Y
b0 n
0,
b11011010 |
b1011011010 z
0?
01
#15345000
11
#15350000
b1111 *
b1111 Y
b1111 n
1,
1?
b11011010 +
b11011010 Z
b11011010 o
b11011010 >
b11011010 O
b11011010 j
01
#15355000
b111 c
b1011011011 A
b11011011 r
b1011011011 -
b1011011011 [
b1011011011 h
b1011011011 x
b1011011010 R
b1011011010 m
b1011011010 q
11
#15360000
b0 *
b0 Y
b0 n
0,
b11011011 |
b1011011011 z
0?
01
#15365000
11
#15370000
b1111 *
b1111 Y
b1111 n
1,
1?
b11011011 +
b11011011 Z
b11011011 o
b11011011 >
b11011011 O
b11011011 j
01
#15375000
b111 c
b1011011100 A
b11011100 r
b1011011100 -
b1011011100 [
b1011011100 h
b1011011100 x
b1011011011 R
b1011011011 m
b1011011011 q
11
#15380000
b0 *
b0 Y
b0 n
0,
b11011100 |
b1011011100 z
0?
01
#15385000
11
#15390000
b1111 *
b1111 Y
b1111 n
1,
1?
b11011100 +
b11011100 Z
b11011100 o
b11011100 >
b11011100 O
b11011100 j
01
#15395000
b111 c
b1011011101 A
b11011101 r
b1011011101 -
b1011011101 [
b1011011101 h
b1011011101 x
b1011011100 R
b1011011100 m
b1011011100 q
11
#15400000
b0 *
b0 Y
b0 n
0,
b11011101 |
b1011011101 z
0?
01
#15405000
11
#15410000
b1111 *
b1111 Y
b1111 n
1,
1?
b11011101 +
b11011101 Z
b11011101 o
b11011101 >
b11011101 O
b11011101 j
01
#15415000
b111 c
b1011011110 A
b11011110 r
b1011011110 -
b1011011110 [
b1011011110 h
b1011011110 x
b1011011101 R
b1011011101 m
b1011011101 q
11
#15420000
b0 *
b0 Y
b0 n
0,
b11011110 |
b1011011110 z
0?
01
#15425000
11
#15430000
b1111 *
b1111 Y
b1111 n
1,
1?
b11011110 +
b11011110 Z
b11011110 o
b11011110 >
b11011110 O
b11011110 j
01
#15435000
b111 c
b1011011111 A
b11011111 r
b1011011111 -
b1011011111 [
b1011011111 h
b1011011111 x
b1011011110 R
b1011011110 m
b1011011110 q
11
#15440000
b0 *
b0 Y
b0 n
0,
b11011111 |
b1011011111 z
0?
01
#15445000
11
#15450000
b1111 *
b1111 Y
b1111 n
1,
1?
b11011111 +
b11011111 Z
b11011111 o
b11011111 >
b11011111 O
b11011111 j
01
#15455000
b111 c
b1011100000 A
b11100000 r
b1011100000 -
b1011100000 [
b1011100000 h
b1011100000 x
b1011011111 R
b1011011111 m
b1011011111 q
11
#15460000
b0 *
b0 Y
b0 n
0,
b11100000 |
b1011100000 z
0?
01
#15465000
11
#15470000
b1111 *
b1111 Y
b1111 n
1,
1?
b11100000 +
b11100000 Z
b11100000 o
b11100000 >
b11100000 O
b11100000 j
01
#15475000
b111 c
b1011100001 A
b11100001 r
b1011100001 -
b1011100001 [
b1011100001 h
b1011100001 x
b1011100000 R
b1011100000 m
b1011100000 q
11
#15480000
b0 *
b0 Y
b0 n
0,
b11100001 |
b1011100001 z
0?
01
#15485000
11
#15490000
b1111 *
b1111 Y
b1111 n
1,
1?
b11100001 +
b11100001 Z
b11100001 o
b11100001 >
b11100001 O
b11100001 j
01
#15495000
b111 c
b1011100010 A
b11100010 r
b1011100010 -
b1011100010 [
b1011100010 h
b1011100010 x
b1011100001 R
b1011100001 m
b1011100001 q
11
#15500000
b0 *
b0 Y
b0 n
0,
b11100010 |
b1011100010 z
0?
01
#15505000
11
#15510000
b1111 *
b1111 Y
b1111 n
1,
1?
b11100010 +
b11100010 Z
b11100010 o
b11100010 >
b11100010 O
b11100010 j
01
#15515000
b111 c
b1011100011 A
b11100011 r
b1011100011 -
b1011100011 [
b1011100011 h
b1011100011 x
b1011100010 R
b1011100010 m
b1011100010 q
11
#15520000
b0 *
b0 Y
b0 n
0,
b11100011 |
b1011100011 z
0?
01
#15525000
11
#15530000
b1111 *
b1111 Y
b1111 n
1,
1?
b11100011 +
b11100011 Z
b11100011 o
b11100011 >
b11100011 O
b11100011 j
01
#15535000
b111 c
b1011100100 A
b11100100 r
b1011100100 -
b1011100100 [
b1011100100 h
b1011100100 x
b1011100011 R
b1011100011 m
b1011100011 q
11
#15540000
b0 *
b0 Y
b0 n
0,
b11100100 |
b1011100100 z
0?
01
#15545000
11
#15550000
b1111 *
b1111 Y
b1111 n
1,
1?
b11100100 +
b11100100 Z
b11100100 o
b11100100 >
b11100100 O
b11100100 j
01
#15555000
b111 c
b1011100101 A
b11100101 r
b1011100101 -
b1011100101 [
b1011100101 h
b1011100101 x
b1011100100 R
b1011100100 m
b1011100100 q
11
#15560000
b0 *
b0 Y
b0 n
0,
b11100101 |
b1011100101 z
0?
01
#15565000
11
#15570000
b1111 *
b1111 Y
b1111 n
1,
1?
b11100101 +
b11100101 Z
b11100101 o
b11100101 >
b11100101 O
b11100101 j
01
#15575000
b111 c
b1011100110 A
b11100110 r
b1011100110 -
b1011100110 [
b1011100110 h
b1011100110 x
b1011100101 R
b1011100101 m
b1011100101 q
11
#15580000
b0 *
b0 Y
b0 n
0,
b11100110 |
b1011100110 z
0?
01
#15585000
11
#15590000
b1111 *
b1111 Y
b1111 n
1,
1?
b11100110 +
b11100110 Z
b11100110 o
b11100110 >
b11100110 O
b11100110 j
01
#15595000
b111 c
b1011100111 A
b11100111 r
b1011100111 -
b1011100111 [
b1011100111 h
b1011100111 x
b1011100110 R
b1011100110 m
b1011100110 q
11
#15600000
b0 *
b0 Y
b0 n
0,
b11100111 |
b1011100111 z
0?
01
#15605000
11
#15610000
b1111 *
b1111 Y
b1111 n
1,
1?
b11100111 +
b11100111 Z
b11100111 o
b11100111 >
b11100111 O
b11100111 j
01
#15615000
b111 c
b1011101000 A
b11101000 r
b1011101000 -
b1011101000 [
b1011101000 h
b1011101000 x
b1011100111 R
b1011100111 m
b1011100111 q
11
#15620000
b0 *
b0 Y
b0 n
0,
b11101000 |
b1011101000 z
0?
01
#15625000
11
#15630000
b1111 *
b1111 Y
b1111 n
1,
1?
b11101000 +
b11101000 Z
b11101000 o
b11101000 >
b11101000 O
b11101000 j
01
#15635000
b111 c
b1011101001 A
b11101001 r
b1011101001 -
b1011101001 [
b1011101001 h
b1011101001 x
b1011101000 R
b1011101000 m
b1011101000 q
11
#15640000
b0 *
b0 Y
b0 n
0,
b11101001 |
b1011101001 z
0?
01
#15645000
11
#15650000
b1111 *
b1111 Y
b1111 n
1,
1?
b11101001 +
b11101001 Z
b11101001 o
b11101001 >
b11101001 O
b11101001 j
01
#15655000
b111 c
b1011101010 A
b11101010 r
b1011101010 -
b1011101010 [
b1011101010 h
b1011101010 x
b1011101001 R
b1011101001 m
b1011101001 q
11
#15660000
b0 *
b0 Y
b0 n
0,
b11101010 |
b1011101010 z
0?
01
#15665000
11
#15670000
b1111 *
b1111 Y
b1111 n
1,
1?
b11101010 +
b11101010 Z
b11101010 o
b11101010 >
b11101010 O
b11101010 j
01
#15675000
b111 c
b1011101011 A
b11101011 r
b1011101011 -
b1011101011 [
b1011101011 h
b1011101011 x
b1011101010 R
b1011101010 m
b1011101010 q
11
#15680000
b0 *
b0 Y
b0 n
0,
b11101011 |
b1011101011 z
0?
01
#15685000
11
#15690000
b1111 *
b1111 Y
b1111 n
1,
1?
b11101011 +
b11101011 Z
b11101011 o
b11101011 >
b11101011 O
b11101011 j
01
#15695000
b111 c
b1011101100 A
b11101100 r
b1011101100 -
b1011101100 [
b1011101100 h
b1011101100 x
b1011101011 R
b1011101011 m
b1011101011 q
11
#15700000
b0 *
b0 Y
b0 n
0,
b11101100 |
b1011101100 z
0?
01
#15705000
11
#15710000
b1111 *
b1111 Y
b1111 n
1,
1?
b11101100 +
b11101100 Z
b11101100 o
b11101100 >
b11101100 O
b11101100 j
01
#15715000
b111 c
b1011101101 A
b11101101 r
b1011101101 -
b1011101101 [
b1011101101 h
b1011101101 x
b1011101100 R
b1011101100 m
b1011101100 q
11
#15720000
b0 *
b0 Y
b0 n
0,
b11101101 |
b1011101101 z
0?
01
#15725000
11
#15730000
b1111 *
b1111 Y
b1111 n
1,
1?
b11101101 +
b11101101 Z
b11101101 o
b11101101 >
b11101101 O
b11101101 j
01
#15735000
b111 c
b1011101110 A
b11101110 r
b1011101110 -
b1011101110 [
b1011101110 h
b1011101110 x
b1011101101 R
b1011101101 m
b1011101101 q
11
#15740000
b0 *
b0 Y
b0 n
0,
b11101110 |
b1011101110 z
0?
01
#15745000
11
#15750000
b1111 *
b1111 Y
b1111 n
1,
1?
b11101110 +
b11101110 Z
b11101110 o
b11101110 >
b11101110 O
b11101110 j
01
#15755000
b111 c
b1011101111 A
b11101111 r
b1011101111 -
b1011101111 [
b1011101111 h
b1011101111 x
b1011101110 R
b1011101110 m
b1011101110 q
11
#15760000
b0 *
b0 Y
b0 n
0,
b11101111 |
b1011101111 z
0?
01
#15765000
11
#15770000
b1111 *
b1111 Y
b1111 n
1,
1?
b11101111 +
b11101111 Z
b11101111 o
b11101111 >
b11101111 O
b11101111 j
01
#15775000
b111 c
b1011110000 A
b11110000 r
b1011110000 -
b1011110000 [
b1011110000 h
b1011110000 x
b1011101111 R
b1011101111 m
b1011101111 q
11
#15780000
b0 *
b0 Y
b0 n
0,
b11110000 |
b1011110000 z
0?
01
#15785000
11
#15790000
b1111 *
b1111 Y
b1111 n
1,
1?
b11110000 +
b11110000 Z
b11110000 o
b11110000 >
b11110000 O
b11110000 j
01
#15795000
b111 c
b1011110001 A
b11110001 r
b1011110001 -
b1011110001 [
b1011110001 h
b1011110001 x
b1011110000 R
b1011110000 m
b1011110000 q
11
#15800000
b0 *
b0 Y
b0 n
0,
b11110001 |
b1011110001 z
0?
01
#15805000
11
#15810000
b1111 *
b1111 Y
b1111 n
1,
1?
b11110001 +
b11110001 Z
b11110001 o
b11110001 >
b11110001 O
b11110001 j
01
#15815000
b111 c
b1011110010 A
b11110010 r
b1011110010 -
b1011110010 [
b1011110010 h
b1011110010 x
b1011110001 R
b1011110001 m
b1011110001 q
11
#15820000
b0 *
b0 Y
b0 n
0,
b11110010 |
b1011110010 z
0?
01
#15825000
11
#15830000
b1111 *
b1111 Y
b1111 n
1,
1?
b11110010 +
b11110010 Z
b11110010 o
b11110010 >
b11110010 O
b11110010 j
01
#15835000
b111 c
b1011110011 A
b11110011 r
b1011110011 -
b1011110011 [
b1011110011 h
b1011110011 x
b1011110010 R
b1011110010 m
b1011110010 q
11
#15840000
b0 *
b0 Y
b0 n
0,
b11110011 |
b1011110011 z
0?
01
#15845000
11
#15850000
b1111 *
b1111 Y
b1111 n
1,
1?
b11110011 +
b11110011 Z
b11110011 o
b11110011 >
b11110011 O
b11110011 j
01
#15855000
b111 c
b1011110100 A
b11110100 r
b1011110100 -
b1011110100 [
b1011110100 h
b1011110100 x
b1011110011 R
b1011110011 m
b1011110011 q
11
#15860000
b0 *
b0 Y
b0 n
0,
b11110100 |
b1011110100 z
0?
01
#15865000
11
#15870000
b1111 *
b1111 Y
b1111 n
1,
1?
b11110100 +
b11110100 Z
b11110100 o
b11110100 >
b11110100 O
b11110100 j
01
#15875000
b111 c
b1011110101 A
b11110101 r
b1011110101 -
b1011110101 [
b1011110101 h
b1011110101 x
b1011110100 R
b1011110100 m
b1011110100 q
11
#15880000
b0 *
b0 Y
b0 n
0,
b11110101 |
b1011110101 z
0?
01
#15885000
11
#15890000
b1111 *
b1111 Y
b1111 n
1,
1?
b11110101 +
b11110101 Z
b11110101 o
b11110101 >
b11110101 O
b11110101 j
01
#15895000
b111 c
b1011110110 A
b11110110 r
b1011110110 -
b1011110110 [
b1011110110 h
b1011110110 x
b1011110101 R
b1011110101 m
b1011110101 q
11
#15900000
b0 *
b0 Y
b0 n
0,
b11110110 |
b1011110110 z
0?
01
#15905000
11
#15910000
b1111 *
b1111 Y
b1111 n
1,
1?
b11110110 +
b11110110 Z
b11110110 o
b11110110 >
b11110110 O
b11110110 j
01
#15915000
b111 c
b1011110111 A
b11110111 r
b1011110111 -
b1011110111 [
b1011110111 h
b1011110111 x
b1011110110 R
b1011110110 m
b1011110110 q
11
#15920000
b0 *
b0 Y
b0 n
0,
b11110111 |
b1011110111 z
0?
01
#15925000
11
#15930000
b1111 *
b1111 Y
b1111 n
1,
1?
b11110111 +
b11110111 Z
b11110111 o
b11110111 >
b11110111 O
b11110111 j
01
#15935000
b111 c
b1011111000 A
b11111000 r
b1011111000 -
b1011111000 [
b1011111000 h
b1011111000 x
b1011110111 R
b1011110111 m
b1011110111 q
11
#15940000
b0 *
b0 Y
b0 n
0,
b11111000 |
b1011111000 z
0?
01
#15945000
11
#15950000
b1111 *
b1111 Y
b1111 n
1,
1?
b11111000 +
b11111000 Z
b11111000 o
b11111000 >
b11111000 O
b11111000 j
01
#15955000
b111 c
b1011111001 A
b11111001 r
b1011111001 -
b1011111001 [
b1011111001 h
b1011111001 x
b1011111000 R
b1011111000 m
b1011111000 q
11
#15960000
b0 *
b0 Y
b0 n
0,
b11111001 |
b1011111001 z
0?
01
#15965000
11
#15970000
b1111 *
b1111 Y
b1111 n
1,
1?
b11111001 +
b11111001 Z
b11111001 o
b11111001 >
b11111001 O
b11111001 j
01
#15975000
b111 c
b1011111010 A
b11111010 r
b1011111010 -
b1011111010 [
b1011111010 h
b1011111010 x
b1011111001 R
b1011111001 m
b1011111001 q
11
#15980000
b0 *
b0 Y
b0 n
0,
b11111010 |
b1011111010 z
0?
01
#15985000
11
#15990000
b1111 *
b1111 Y
b1111 n
1,
1?
b11111010 +
b11111010 Z
b11111010 o
b11111010 >
b11111010 O
b11111010 j
01
#15995000
b111 c
b1011111011 A
b11111011 r
b1011111011 -
b1011111011 [
b1011111011 h
b1011111011 x
b1011111010 R
b1011111010 m
b1011111010 q
11
#16000000
b0 *
b0 Y
b0 n
0,
b11111011 |
b1011111011 z
0?
01
#16005000
11
#16010000
b1111 *
b1111 Y
b1111 n
1,
1?
b11111011 +
b11111011 Z
b11111011 o
b11111011 >
b11111011 O
b11111011 j
01
#16015000
b111 c
b1011111100 A
b11111100 r
b1011111100 -
b1011111100 [
b1011111100 h
b1011111100 x
b1011111011 R
b1011111011 m
b1011111011 q
11
#16020000
b0 *
b0 Y
b0 n
0,
b11111100 |
b1011111100 z
0?
01
#16025000
11
#16030000
b1111 *
b1111 Y
b1111 n
1,
1?
b11111100 +
b11111100 Z
b11111100 o
b11111100 >
b11111100 O
b11111100 j
01
#16035000
b111 c
b1011111101 A
b11111101 r
b1011111101 -
b1011111101 [
b1011111101 h
b1011111101 x
b1011111100 R
b1011111100 m
b1011111100 q
11
#16040000
b0 *
b0 Y
b0 n
0,
b11111101 |
b1011111101 z
0?
01
#16045000
11
#16050000
b1111 *
b1111 Y
b1111 n
1,
1?
b11111101 +
b11111101 Z
b11111101 o
b11111101 >
b11111101 O
b11111101 j
01
#16055000
b111 c
b1011111110 A
b11111110 r
b1011111110 -
b1011111110 [
b1011111110 h
b1011111110 x
b1011111101 R
b1011111101 m
b1011111101 q
11
#16060000
b0 *
b0 Y
b0 n
0,
b11111110 |
b1011111110 z
0?
01
#16065000
11
#16070000
b1111 *
b1111 Y
b1111 n
1,
1?
b11111110 +
b11111110 Z
b11111110 o
b11111110 >
b11111110 O
b11111110 j
01
#16075000
b111 c
b1011111111 A
b11111111 r
b1011111111 -
b1011111111 [
b1011111111 h
b1011111111 x
b1011111110 R
b1011111110 m
b1011111110 q
11
#16080000
b0 *
b0 Y
b0 n
0,
b11111111 |
b1011111111 z
0?
01
#16085000
11
#16090000
b1111 *
b1111 Y
b1111 n
1,
1?
b11111111 +
b11111111 Z
b11111111 o
b11111111 >
b11111111 O
b11111111 j
01
#16095000
b111 c
b1100000000 A
b100000000 r
b1100000000 -
b1100000000 [
b1100000000 h
b1100000000 x
b1011111111 R
b1011111111 m
b1011111111 q
11
#16100000
b0 *
b0 Y
b0 n
0,
b100000000 |
b1100000000 z
0?
01
#16105000
11
#16110000
b1111 *
b1111 Y
b1111 n
1,
1?
b0 +
b0 Z
b0 o
b0 >
b0 O
b0 j
01
#16115000
b111 c
b1100000001 A
b100000001 r
b1100000001 -
b1100000001 [
b1100000001 h
b1100000001 x
b1100000000 R
b1100000000 m
b1100000000 q
11
#16120000
b0 *
b0 Y
b0 n
0,
b100000001 |
b1100000001 z
0?
01
#16125000
11
#16130000
b1111 *
b1111 Y
b1111 n
1,
1?
b1 +
b1 Z
b1 o
b1 >
b1 O
b1 j
01
#16135000
b111 c
b1100000010 A
b100000010 r
b1100000010 -
b1100000010 [
b1100000010 h
b1100000010 x
b1100000001 R
b1100000001 m
b1100000001 q
11
#16140000
b0 *
b0 Y
b0 n
0,
b100000010 |
b1100000010 z
0?
01
#16145000
11
#16150000
b1111 *
b1111 Y
b1111 n
1,
1?
b10 +
b10 Z
b10 o
b10 >
b10 O
b10 j
01
#16155000
b111 c
b1100000011 A
b100000011 r
b1100000011 -
b1100000011 [
b1100000011 h
b1100000011 x
b1100000010 R
b1100000010 m
b1100000010 q
11
#16160000
b0 *
b0 Y
b0 n
0,
b100000011 |
b1100000011 z
0?
01
#16165000
11
#16170000
b1111 *
b1111 Y
b1111 n
1,
1?
b11 +
b11 Z
b11 o
b11 >
b11 O
b11 j
01
#16175000
b111 c
b1100000100 A
b100000100 r
b1100000100 -
b1100000100 [
b1100000100 h
b1100000100 x
b1100000011 R
b1100000011 m
b1100000011 q
11
#16180000
b0 *
b0 Y
b0 n
0,
b100000100 |
b1100000100 z
0?
01
#16185000
11
#16190000
b1111 *
b1111 Y
b1111 n
1,
1?
b100 +
b100 Z
b100 o
b100 >
b100 O
b100 j
01
#16195000
b111 c
b1100000101 A
b100000101 r
b1100000101 -
b1100000101 [
b1100000101 h
b1100000101 x
b1100000100 R
b1100000100 m
b1100000100 q
11
#16200000
b0 *
b0 Y
b0 n
0,
b100000101 |
b1100000101 z
0?
01
#16205000
11
#16210000
b1111 *
b1111 Y
b1111 n
1,
1?
b101 +
b101 Z
b101 o
b101 >
b101 O
b101 j
01
#16215000
b111 c
b1100000110 A
b100000110 r
b1100000110 -
b1100000110 [
b1100000110 h
b1100000110 x
b1100000101 R
b1100000101 m
b1100000101 q
11
#16220000
b0 *
b0 Y
b0 n
0,
b100000110 |
b1100000110 z
0?
01
#16225000
11
#16230000
b1111 *
b1111 Y
b1111 n
1,
1?
b110 +
b110 Z
b110 o
b110 >
b110 O
b110 j
01
#16235000
b111 c
b1100000111 A
b100000111 r
b1100000111 -
b1100000111 [
b1100000111 h
b1100000111 x
b1100000110 R
b1100000110 m
b1100000110 q
11
#16240000
b0 *
b0 Y
b0 n
0,
b100000111 |
b1100000111 z
0?
01
#16245000
11
#16250000
b1111 *
b1111 Y
b1111 n
1,
1?
b111 +
b111 Z
b111 o
b111 >
b111 O
b111 j
01
#16255000
b111 c
b1100001000 A
b100001000 r
b1100001000 -
b1100001000 [
b1100001000 h
b1100001000 x
b1100000111 R
b1100000111 m
b1100000111 q
11
#16260000
b0 *
b0 Y
b0 n
0,
b100001000 |
b1100001000 z
0?
01
#16265000
11
#16270000
b1111 *
b1111 Y
b1111 n
1,
1?
b1000 +
b1000 Z
b1000 o
b1000 >
b1000 O
b1000 j
01
#16275000
b111 c
b1100001001 A
b100001001 r
b1100001001 -
b1100001001 [
b1100001001 h
b1100001001 x
b1100001000 R
b1100001000 m
b1100001000 q
11
#16280000
b0 *
b0 Y
b0 n
0,
b100001001 |
b1100001001 z
0?
01
#16285000
11
#16290000
b1111 *
b1111 Y
b1111 n
1,
1?
b1001 +
b1001 Z
b1001 o
b1001 >
b1001 O
b1001 j
01
#16295000
b111 c
b1100001010 A
b100001010 r
b1100001010 -
b1100001010 [
b1100001010 h
b1100001010 x
b1100001001 R
b1100001001 m
b1100001001 q
11
#16300000
b0 *
b0 Y
b0 n
0,
b100001010 |
b1100001010 z
0?
01
#16305000
11
#16310000
b1111 *
b1111 Y
b1111 n
1,
1?
b1010 +
b1010 Z
b1010 o
b1010 >
b1010 O
b1010 j
01
#16315000
b111 c
b1100001011 A
b100001011 r
b1100001011 -
b1100001011 [
b1100001011 h
b1100001011 x
b1100001010 R
b1100001010 m
b1100001010 q
11
#16320000
b0 *
b0 Y
b0 n
0,
b100001011 |
b1100001011 z
0?
01
#16325000
11
#16330000
b1111 *
b1111 Y
b1111 n
1,
1?
b1011 +
b1011 Z
b1011 o
b1011 >
b1011 O
b1011 j
01
#16335000
b111 c
b1100001100 A
b100001100 r
b1100001100 -
b1100001100 [
b1100001100 h
b1100001100 x
b1100001011 R
b1100001011 m
b1100001011 q
11
#16340000
b0 *
b0 Y
b0 n
0,
b100001100 |
b1100001100 z
0?
01
#16345000
11
#16350000
b1111 *
b1111 Y
b1111 n
1,
1?
b1100 +
b1100 Z
b1100 o
b1100 >
b1100 O
b1100 j
01
#16355000
b111 c
b1100001101 A
b100001101 r
b1100001101 -
b1100001101 [
b1100001101 h
b1100001101 x
b1100001100 R
b1100001100 m
b1100001100 q
11
#16360000
b0 *
b0 Y
b0 n
0,
b100001101 |
b1100001101 z
0?
01
#16365000
11
#16370000
b1111 *
b1111 Y
b1111 n
1,
1?
b1101 +
b1101 Z
b1101 o
b1101 >
b1101 O
b1101 j
01
#16375000
b111 c
b1100001110 A
b100001110 r
b1100001110 -
b1100001110 [
b1100001110 h
b1100001110 x
b1100001101 R
b1100001101 m
b1100001101 q
11
#16380000
b0 *
b0 Y
b0 n
0,
b100001110 |
b1100001110 z
0?
01
#16385000
11
#16390000
b1111 *
b1111 Y
b1111 n
1,
1?
b1110 +
b1110 Z
b1110 o
b1110 >
b1110 O
b1110 j
01
#16395000
b111 c
b1100001111 A
b100001111 r
b1100001111 -
b1100001111 [
b1100001111 h
b1100001111 x
b1100001110 R
b1100001110 m
b1100001110 q
11
#16400000
b0 *
b0 Y
b0 n
0,
b100001111 |
b1100001111 z
0?
01
#16405000
11
#16410000
b1111 *
b1111 Y
b1111 n
1,
1?
b1111 +
b1111 Z
b1111 o
b1111 >
b1111 O
b1111 j
01
#16415000
b111 c
b1100010000 A
b100010000 r
b1100010000 -
b1100010000 [
b1100010000 h
b1100010000 x
b1100001111 R
b1100001111 m
b1100001111 q
11
#16420000
b0 *
b0 Y
b0 n
0,
b100010000 |
b1100010000 z
0?
01
#16425000
11
#16430000
b1111 *
b1111 Y
b1111 n
1,
1?
b10000 +
b10000 Z
b10000 o
b10000 >
b10000 O
b10000 j
01
#16435000
b111 c
b1100010001 A
b100010001 r
b1100010001 -
b1100010001 [
b1100010001 h
b1100010001 x
b1100010000 R
b1100010000 m
b1100010000 q
11
#16440000
b0 *
b0 Y
b0 n
0,
b100010001 |
b1100010001 z
0?
01
#16445000
11
#16450000
b1111 *
b1111 Y
b1111 n
1,
1?
b10001 +
b10001 Z
b10001 o
b10001 >
b10001 O
b10001 j
01
#16455000
b111 c
b1100010010 A
b100010010 r
b1100010010 -
b1100010010 [
b1100010010 h
b1100010010 x
b1100010001 R
b1100010001 m
b1100010001 q
11
#16460000
b0 *
b0 Y
b0 n
0,
b100010010 |
b1100010010 z
0?
01
#16465000
11
#16470000
b1111 *
b1111 Y
b1111 n
1,
1?
b10010 +
b10010 Z
b10010 o
b10010 >
b10010 O
b10010 j
01
#16475000
b111 c
b1100010011 A
b100010011 r
b1100010011 -
b1100010011 [
b1100010011 h
b1100010011 x
b1100010010 R
b1100010010 m
b1100010010 q
11
#16480000
b0 *
b0 Y
b0 n
0,
b100010011 |
b1100010011 z
0?
01
#16485000
11
#16490000
b1111 *
b1111 Y
b1111 n
1,
1?
b10011 +
b10011 Z
b10011 o
b10011 >
b10011 O
b10011 j
01
#16495000
b111 c
b1100010100 A
b100010100 r
b1100010100 -
b1100010100 [
b1100010100 h
b1100010100 x
b1100010011 R
b1100010011 m
b1100010011 q
11
#16500000
b0 *
b0 Y
b0 n
0,
b100010100 |
b1100010100 z
0?
01
#16505000
11
#16510000
b1111 *
b1111 Y
b1111 n
1,
1?
b10100 +
b10100 Z
b10100 o
b10100 >
b10100 O
b10100 j
01
#16515000
b111 c
b1100010101 A
b100010101 r
b1100010101 -
b1100010101 [
b1100010101 h
b1100010101 x
b1100010100 R
b1100010100 m
b1100010100 q
11
#16520000
b0 *
b0 Y
b0 n
0,
b100010101 |
b1100010101 z
0?
01
#16525000
11
#16530000
b1111 *
b1111 Y
b1111 n
1,
1?
b10101 +
b10101 Z
b10101 o
b10101 >
b10101 O
b10101 j
01
#16535000
b111 c
b1100010110 A
b100010110 r
b1100010110 -
b1100010110 [
b1100010110 h
b1100010110 x
b1100010101 R
b1100010101 m
b1100010101 q
11
#16540000
b0 *
b0 Y
b0 n
0,
b100010110 |
b1100010110 z
0?
01
#16545000
11
#16550000
b1111 *
b1111 Y
b1111 n
1,
1?
b10110 +
b10110 Z
b10110 o
b10110 >
b10110 O
b10110 j
01
#16555000
b111 c
b1100010111 A
b100010111 r
b1100010111 -
b1100010111 [
b1100010111 h
b1100010111 x
b1100010110 R
b1100010110 m
b1100010110 q
11
#16560000
b0 *
b0 Y
b0 n
0,
b100010111 |
b1100010111 z
0?
01
#16565000
11
#16570000
b1111 *
b1111 Y
b1111 n
1,
1?
b10111 +
b10111 Z
b10111 o
b10111 >
b10111 O
b10111 j
01
#16575000
b111 c
b1100011000 A
b100011000 r
b1100011000 -
b1100011000 [
b1100011000 h
b1100011000 x
b1100010111 R
b1100010111 m
b1100010111 q
11
#16580000
b0 *
b0 Y
b0 n
0,
b100011000 |
b1100011000 z
0?
01
#16585000
11
#16590000
b1111 *
b1111 Y
b1111 n
1,
1?
b11000 +
b11000 Z
b11000 o
b11000 >
b11000 O
b11000 j
01
#16595000
b111 c
b1100011001 A
b100011001 r
b1100011001 -
b1100011001 [
b1100011001 h
b1100011001 x
b1100011000 R
b1100011000 m
b1100011000 q
11
#16600000
b0 *
b0 Y
b0 n
0,
b100011001 |
b1100011001 z
0?
01
#16605000
11
#16610000
b1111 *
b1111 Y
b1111 n
1,
1?
b11001 +
b11001 Z
b11001 o
b11001 >
b11001 O
b11001 j
01
#16615000
b111 c
b1100011010 A
b100011010 r
b1100011010 -
b1100011010 [
b1100011010 h
b1100011010 x
b1100011001 R
b1100011001 m
b1100011001 q
11
#16620000
b0 *
b0 Y
b0 n
0,
b100011010 |
b1100011010 z
0?
01
#16625000
11
#16630000
b1111 *
b1111 Y
b1111 n
1,
1?
b11010 +
b11010 Z
b11010 o
b11010 >
b11010 O
b11010 j
01
#16635000
b111 c
b1100011011 A
b100011011 r
b1100011011 -
b1100011011 [
b1100011011 h
b1100011011 x
b1100011010 R
b1100011010 m
b1100011010 q
11
#16640000
b0 *
b0 Y
b0 n
0,
b100011011 |
b1100011011 z
0?
01
#16645000
11
#16650000
b1111 *
b1111 Y
b1111 n
1,
1?
b11011 +
b11011 Z
b11011 o
b11011 >
b11011 O
b11011 j
01
#16655000
b111 c
b1100011100 A
b100011100 r
b1100011100 -
b1100011100 [
b1100011100 h
b1100011100 x
b1100011011 R
b1100011011 m
b1100011011 q
11
#16660000
b0 *
b0 Y
b0 n
0,
b100011100 |
b1100011100 z
0?
01
#16665000
11
#16670000
b1111 *
b1111 Y
b1111 n
1,
1?
b11100 +
b11100 Z
b11100 o
b11100 >
b11100 O
b11100 j
01
#16675000
b111 c
b1100011101 A
b100011101 r
b1100011101 -
b1100011101 [
b1100011101 h
b1100011101 x
b1100011100 R
b1100011100 m
b1100011100 q
11
#16680000
b0 *
b0 Y
b0 n
0,
b100011101 |
b1100011101 z
0?
01
#16685000
11
#16690000
b1111 *
b1111 Y
b1111 n
1,
1?
b11101 +
b11101 Z
b11101 o
b11101 >
b11101 O
b11101 j
01
#16695000
b111 c
b1100011110 A
b100011110 r
b1100011110 -
b1100011110 [
b1100011110 h
b1100011110 x
b1100011101 R
b1100011101 m
b1100011101 q
11
#16700000
b0 *
b0 Y
b0 n
0,
b100011110 |
b1100011110 z
0?
01
#16705000
11
#16710000
b1111 *
b1111 Y
b1111 n
1,
1?
b11110 +
b11110 Z
b11110 o
b11110 >
b11110 O
b11110 j
01
#16715000
b111 c
b1100011111 A
b100011111 r
b1100011111 -
b1100011111 [
b1100011111 h
b1100011111 x
b1100011110 R
b1100011110 m
b1100011110 q
11
#16720000
b0 *
b0 Y
b0 n
0,
b100011111 |
b1100011111 z
0?
01
#16725000
11
#16730000
b1111 *
b1111 Y
b1111 n
1,
1?
b11111 +
b11111 Z
b11111 o
b11111 >
b11111 O
b11111 j
01
#16735000
b111 c
b1100100000 A
b100100000 r
b1100100000 -
b1100100000 [
b1100100000 h
b1100100000 x
b1100011111 R
b1100011111 m
b1100011111 q
11
#16740000
b0 *
b0 Y
b0 n
0,
b100100000 |
b1100100000 z
0?
01
#16745000
11
#16750000
b1111 *
b1111 Y
b1111 n
1,
1?
b100000 +
b100000 Z
b100000 o
b100000 >
b100000 O
b100000 j
01
#16755000
b111 c
b1100100001 A
b100100001 r
b1100100001 -
b1100100001 [
b1100100001 h
b1100100001 x
b1100100000 R
b1100100000 m
b1100100000 q
11
#16760000
b0 *
b0 Y
b0 n
0,
b100100001 |
b1100100001 z
0?
01
#16765000
11
#16770000
b1111 *
b1111 Y
b1111 n
1,
1?
b100001 +
b100001 Z
b100001 o
b100001 >
b100001 O
b100001 j
01
#16775000
b111 c
b1100100010 A
b100100010 r
b1100100010 -
b1100100010 [
b1100100010 h
b1100100010 x
b1100100001 R
b1100100001 m
b1100100001 q
11
#16780000
b0 *
b0 Y
b0 n
0,
b100100010 |
b1100100010 z
0?
01
#16785000
11
#16790000
b1111 *
b1111 Y
b1111 n
1,
1?
b100010 +
b100010 Z
b100010 o
b100010 >
b100010 O
b100010 j
01
#16795000
b111 c
b1100100011 A
b100100011 r
b1100100011 -
b1100100011 [
b1100100011 h
b1100100011 x
b1100100010 R
b1100100010 m
b1100100010 q
11
#16800000
b0 *
b0 Y
b0 n
0,
b100100011 |
b1100100011 z
0?
01
#16805000
11
#16810000
b1111 *
b1111 Y
b1111 n
1,
1?
b100011 +
b100011 Z
b100011 o
b100011 >
b100011 O
b100011 j
01
#16815000
b111 c
b1100100100 A
b100100100 r
b1100100100 -
b1100100100 [
b1100100100 h
b1100100100 x
b1100100011 R
b1100100011 m
b1100100011 q
11
#16820000
b0 *
b0 Y
b0 n
0,
b100100100 |
b1100100100 z
0?
01
#16825000
11
#16830000
b1111 *
b1111 Y
b1111 n
1,
1?
b100100 +
b100100 Z
b100100 o
b100100 >
b100100 O
b100100 j
01
#16835000
b111 c
b1100100101 A
b100100101 r
b1100100101 -
b1100100101 [
b1100100101 h
b1100100101 x
b1100100100 R
b1100100100 m
b1100100100 q
11
#16840000
b0 *
b0 Y
b0 n
0,
b100100101 |
b1100100101 z
0?
01
#16845000
11
#16850000
b1111 *
b1111 Y
b1111 n
1,
1?
b100101 +
b100101 Z
b100101 o
b100101 >
b100101 O
b100101 j
01
#16855000
b111 c
b1100100110 A
b100100110 r
b1100100110 -
b1100100110 [
b1100100110 h
b1100100110 x
b1100100101 R
b1100100101 m
b1100100101 q
11
#16860000
b0 *
b0 Y
b0 n
0,
b100100110 |
b1100100110 z
0?
01
#16865000
11
#16870000
b1111 *
b1111 Y
b1111 n
1,
1?
b100110 +
b100110 Z
b100110 o
b100110 >
b100110 O
b100110 j
01
#16875000
b111 c
b1100100111 A
b100100111 r
b1100100111 -
b1100100111 [
b1100100111 h
b1100100111 x
b1100100110 R
b1100100110 m
b1100100110 q
11
#16880000
b0 *
b0 Y
b0 n
0,
b100100111 |
b1100100111 z
0?
01
#16885000
11
#16890000
b1111 *
b1111 Y
b1111 n
1,
1?
b100111 +
b100111 Z
b100111 o
b100111 >
b100111 O
b100111 j
01
#16895000
b111 c
b1100101000 A
b100101000 r
b1100101000 -
b1100101000 [
b1100101000 h
b1100101000 x
b1100100111 R
b1100100111 m
b1100100111 q
11
#16900000
b0 *
b0 Y
b0 n
0,
b100101000 |
b1100101000 z
0?
01
#16905000
11
#16910000
b1111 *
b1111 Y
b1111 n
1,
1?
b101000 +
b101000 Z
b101000 o
b101000 >
b101000 O
b101000 j
01
#16915000
b111 c
b1100101001 A
b100101001 r
b1100101001 -
b1100101001 [
b1100101001 h
b1100101001 x
b1100101000 R
b1100101000 m
b1100101000 q
11
#16920000
b0 *
b0 Y
b0 n
0,
b100101001 |
b1100101001 z
0?
01
#16925000
11
#16930000
b1111 *
b1111 Y
b1111 n
1,
1?
b101001 +
b101001 Z
b101001 o
b101001 >
b101001 O
b101001 j
01
#16935000
b111 c
b1100101010 A
b100101010 r
b1100101010 -
b1100101010 [
b1100101010 h
b1100101010 x
b1100101001 R
b1100101001 m
b1100101001 q
11
#16940000
b0 *
b0 Y
b0 n
0,
b100101010 |
b1100101010 z
0?
01
#16945000
11
#16950000
b1111 *
b1111 Y
b1111 n
1,
1?
b101010 +
b101010 Z
b101010 o
b101010 >
b101010 O
b101010 j
01
#16955000
b111 c
b1100101011 A
b100101011 r
b1100101011 -
b1100101011 [
b1100101011 h
b1100101011 x
b1100101010 R
b1100101010 m
b1100101010 q
11
#16960000
b0 *
b0 Y
b0 n
0,
b100101011 |
b1100101011 z
0?
01
#16965000
11
#16970000
b1111 *
b1111 Y
b1111 n
1,
1?
b101011 +
b101011 Z
b101011 o
b101011 >
b101011 O
b101011 j
01
#16975000
b111 c
b1100101100 A
b100101100 r
b1100101100 -
b1100101100 [
b1100101100 h
b1100101100 x
b1100101011 R
b1100101011 m
b1100101011 q
11
#16980000
b0 *
b0 Y
b0 n
0,
b100101100 |
b1100101100 z
0?
01
#16985000
11
#16990000
b1111 *
b1111 Y
b1111 n
1,
1?
b101100 +
b101100 Z
b101100 o
b101100 >
b101100 O
b101100 j
01
#16995000
b111 c
b1100101101 A
b100101101 r
b1100101101 -
b1100101101 [
b1100101101 h
b1100101101 x
b1100101100 R
b1100101100 m
b1100101100 q
11
#17000000
b0 *
b0 Y
b0 n
0,
b100101101 |
b1100101101 z
0?
01
#17005000
11
#17010000
b1111 *
b1111 Y
b1111 n
1,
1?
b101101 +
b101101 Z
b101101 o
b101101 >
b101101 O
b101101 j
01
#17015000
b111 c
b1100101110 A
b100101110 r
b1100101110 -
b1100101110 [
b1100101110 h
b1100101110 x
b1100101101 R
b1100101101 m
b1100101101 q
11
#17020000
b0 *
b0 Y
b0 n
0,
b100101110 |
b1100101110 z
0?
01
#17025000
11
#17030000
b1111 *
b1111 Y
b1111 n
1,
1?
b101110 +
b101110 Z
b101110 o
b101110 >
b101110 O
b101110 j
01
#17035000
b111 c
b1100101111 A
b100101111 r
b1100101111 -
b1100101111 [
b1100101111 h
b1100101111 x
b1100101110 R
b1100101110 m
b1100101110 q
11
#17040000
b0 *
b0 Y
b0 n
0,
b100101111 |
b1100101111 z
0?
01
#17045000
11
#17050000
b1111 *
b1111 Y
b1111 n
1,
1?
b101111 +
b101111 Z
b101111 o
b101111 >
b101111 O
b101111 j
01
#17055000
b111 c
b1100110000 A
b100110000 r
b1100110000 -
b1100110000 [
b1100110000 h
b1100110000 x
b1100101111 R
b1100101111 m
b1100101111 q
11
#17060000
b0 *
b0 Y
b0 n
0,
b100110000 |
b1100110000 z
0?
01
#17065000
11
#17070000
b1111 *
b1111 Y
b1111 n
1,
1?
b110000 +
b110000 Z
b110000 o
b110000 >
b110000 O
b110000 j
01
#17075000
b111 c
b1100110001 A
b100110001 r
b1100110001 -
b1100110001 [
b1100110001 h
b1100110001 x
b1100110000 R
b1100110000 m
b1100110000 q
11
#17080000
b0 *
b0 Y
b0 n
0,
b100110001 |
b1100110001 z
0?
01
#17085000
11
#17090000
b1111 *
b1111 Y
b1111 n
1,
1?
b110001 +
b110001 Z
b110001 o
b110001 >
b110001 O
b110001 j
01
#17095000
b111 c
b1100110010 A
b100110010 r
b1100110010 -
b1100110010 [
b1100110010 h
b1100110010 x
b1100110001 R
b1100110001 m
b1100110001 q
11
#17100000
b0 *
b0 Y
b0 n
0,
b100110010 |
b1100110010 z
0?
01
#17105000
11
#17110000
b1111 *
b1111 Y
b1111 n
1,
1?
b110010 +
b110010 Z
b110010 o
b110010 >
b110010 O
b110010 j
01
#17115000
b111 c
b1100110011 A
b100110011 r
b1100110011 -
b1100110011 [
b1100110011 h
b1100110011 x
b1100110010 R
b1100110010 m
b1100110010 q
11
#17120000
b0 *
b0 Y
b0 n
0,
b100110011 |
b1100110011 z
0?
01
#17125000
11
#17130000
b1111 *
b1111 Y
b1111 n
1,
1?
b110011 +
b110011 Z
b110011 o
b110011 >
b110011 O
b110011 j
01
#17135000
b111 c
b1100110100 A
b100110100 r
b1100110100 -
b1100110100 [
b1100110100 h
b1100110100 x
b1100110011 R
b1100110011 m
b1100110011 q
11
#17140000
b0 *
b0 Y
b0 n
0,
b100110100 |
b1100110100 z
0?
01
#17145000
11
#17150000
b1111 *
b1111 Y
b1111 n
1,
1?
b110100 +
b110100 Z
b110100 o
b110100 >
b110100 O
b110100 j
01
#17155000
b111 c
b1100110101 A
b100110101 r
b1100110101 -
b1100110101 [
b1100110101 h
b1100110101 x
b1100110100 R
b1100110100 m
b1100110100 q
11
#17160000
b0 *
b0 Y
b0 n
0,
b100110101 |
b1100110101 z
0?
01
#17165000
11
#17170000
b1111 *
b1111 Y
b1111 n
1,
1?
b110101 +
b110101 Z
b110101 o
b110101 >
b110101 O
b110101 j
01
#17175000
b111 c
b1100110110 A
b100110110 r
b1100110110 -
b1100110110 [
b1100110110 h
b1100110110 x
b1100110101 R
b1100110101 m
b1100110101 q
11
#17180000
b0 *
b0 Y
b0 n
0,
b100110110 |
b1100110110 z
0?
01
#17185000
11
#17190000
b1111 *
b1111 Y
b1111 n
1,
1?
b110110 +
b110110 Z
b110110 o
b110110 >
b110110 O
b110110 j
01
#17195000
b111 c
b1100110111 A
b100110111 r
b1100110111 -
b1100110111 [
b1100110111 h
b1100110111 x
b1100110110 R
b1100110110 m
b1100110110 q
11
#17200000
b0 *
b0 Y
b0 n
0,
b100110111 |
b1100110111 z
0?
01
#17205000
11
#17210000
b1111 *
b1111 Y
b1111 n
1,
1?
b110111 +
b110111 Z
b110111 o
b110111 >
b110111 O
b110111 j
01
#17215000
b111 c
b1100111000 A
b100111000 r
b1100111000 -
b1100111000 [
b1100111000 h
b1100111000 x
b1100110111 R
b1100110111 m
b1100110111 q
11
#17220000
b0 *
b0 Y
b0 n
0,
b100111000 |
b1100111000 z
0?
01
#17225000
11
#17230000
b1111 *
b1111 Y
b1111 n
1,
1?
b111000 +
b111000 Z
b111000 o
b111000 >
b111000 O
b111000 j
01
#17235000
b111 c
b1100111001 A
b100111001 r
b1100111001 -
b1100111001 [
b1100111001 h
b1100111001 x
b1100111000 R
b1100111000 m
b1100111000 q
11
#17240000
b0 *
b0 Y
b0 n
0,
b100111001 |
b1100111001 z
0?
01
#17245000
11
#17250000
b1111 *
b1111 Y
b1111 n
1,
1?
b111001 +
b111001 Z
b111001 o
b111001 >
b111001 O
b111001 j
01
#17255000
b111 c
b1100111010 A
b100111010 r
b1100111010 -
b1100111010 [
b1100111010 h
b1100111010 x
b1100111001 R
b1100111001 m
b1100111001 q
11
#17260000
b0 *
b0 Y
b0 n
0,
b100111010 |
b1100111010 z
0?
01
#17265000
11
#17270000
b1111 *
b1111 Y
b1111 n
1,
1?
b111010 +
b111010 Z
b111010 o
b111010 >
b111010 O
b111010 j
01
#17275000
b111 c
b1100111011 A
b100111011 r
b1100111011 -
b1100111011 [
b1100111011 h
b1100111011 x
b1100111010 R
b1100111010 m
b1100111010 q
11
#17280000
b0 *
b0 Y
b0 n
0,
b100111011 |
b1100111011 z
0?
01
#17285000
11
#17290000
b1111 *
b1111 Y
b1111 n
1,
1?
b111011 +
b111011 Z
b111011 o
b111011 >
b111011 O
b111011 j
01
#17295000
b111 c
b1100111100 A
b100111100 r
b1100111100 -
b1100111100 [
b1100111100 h
b1100111100 x
b1100111011 R
b1100111011 m
b1100111011 q
11
#17300000
b0 *
b0 Y
b0 n
0,
b100111100 |
b1100111100 z
0?
01
#17305000
11
#17310000
b1111 *
b1111 Y
b1111 n
1,
1?
b111100 +
b111100 Z
b111100 o
b111100 >
b111100 O
b111100 j
01
#17315000
b111 c
b1100111101 A
b100111101 r
b1100111101 -
b1100111101 [
b1100111101 h
b1100111101 x
b1100111100 R
b1100111100 m
b1100111100 q
11
#17320000
b0 *
b0 Y
b0 n
0,
b100111101 |
b1100111101 z
0?
01
#17325000
11
#17330000
b1111 *
b1111 Y
b1111 n
1,
1?
b111101 +
b111101 Z
b111101 o
b111101 >
b111101 O
b111101 j
01
#17335000
b111 c
b1100111110 A
b100111110 r
b1100111110 -
b1100111110 [
b1100111110 h
b1100111110 x
b1100111101 R
b1100111101 m
b1100111101 q
11
#17340000
b0 *
b0 Y
b0 n
0,
b100111110 |
b1100111110 z
0?
01
#17345000
11
#17350000
b1111 *
b1111 Y
b1111 n
1,
1?
b111110 +
b111110 Z
b111110 o
b111110 >
b111110 O
b111110 j
01
#17355000
b111 c
b1100111111 A
b100111111 r
b1100111111 -
b1100111111 [
b1100111111 h
b1100111111 x
b1100111110 R
b1100111110 m
b1100111110 q
11
#17360000
b0 *
b0 Y
b0 n
0,
b100111111 |
b1100111111 z
0?
01
#17365000
11
#17370000
b1111 *
b1111 Y
b1111 n
1,
1?
b111111 +
b111111 Z
b111111 o
b111111 >
b111111 O
b111111 j
01
#17375000
b111 c
b1101000000 A
b101000000 r
b1101000000 -
b1101000000 [
b1101000000 h
b1101000000 x
b1100111111 R
b1100111111 m
b1100111111 q
11
#17380000
b0 *
b0 Y
b0 n
0,
b101000000 |
b1101000000 z
0?
01
#17385000
11
#17390000
b1111 *
b1111 Y
b1111 n
1,
1?
b1000000 +
b1000000 Z
b1000000 o
b1000000 >
b1000000 O
b1000000 j
01
#17395000
b111 c
b1101000001 A
b101000001 r
b1101000001 -
b1101000001 [
b1101000001 h
b1101000001 x
b1101000000 R
b1101000000 m
b1101000000 q
11
#17400000
b0 *
b0 Y
b0 n
0,
b101000001 |
b1101000001 z
0?
01
#17405000
11
#17410000
b1111 *
b1111 Y
b1111 n
1,
1?
b1000001 +
b1000001 Z
b1000001 o
b1000001 >
b1000001 O
b1000001 j
01
#17415000
b111 c
b1101000010 A
b101000010 r
b1101000010 -
b1101000010 [
b1101000010 h
b1101000010 x
b1101000001 R
b1101000001 m
b1101000001 q
11
#17420000
b0 *
b0 Y
b0 n
0,
b101000010 |
b1101000010 z
0?
01
#17425000
11
#17430000
b1111 *
b1111 Y
b1111 n
1,
1?
b1000010 +
b1000010 Z
b1000010 o
b1000010 >
b1000010 O
b1000010 j
01
#17435000
b111 c
b1101000011 A
b101000011 r
b1101000011 -
b1101000011 [
b1101000011 h
b1101000011 x
b1101000010 R
b1101000010 m
b1101000010 q
11
#17440000
b0 *
b0 Y
b0 n
0,
b101000011 |
b1101000011 z
0?
01
#17445000
11
#17450000
b1111 *
b1111 Y
b1111 n
1,
1?
b1000011 +
b1000011 Z
b1000011 o
b1000011 >
b1000011 O
b1000011 j
01
#17455000
b111 c
b1101000100 A
b101000100 r
b1101000100 -
b1101000100 [
b1101000100 h
b1101000100 x
b1101000011 R
b1101000011 m
b1101000011 q
11
#17460000
b0 *
b0 Y
b0 n
0,
b101000100 |
b1101000100 z
0?
01
#17465000
11
#17470000
b1111 *
b1111 Y
b1111 n
1,
1?
b1000100 +
b1000100 Z
b1000100 o
b1000100 >
b1000100 O
b1000100 j
01
#17475000
b111 c
b1101000101 A
b101000101 r
b1101000101 -
b1101000101 [
b1101000101 h
b1101000101 x
b1101000100 R
b1101000100 m
b1101000100 q
11
#17480000
b0 *
b0 Y
b0 n
0,
b101000101 |
b1101000101 z
0?
01
#17485000
11
#17490000
b1111 *
b1111 Y
b1111 n
1,
1?
b1000101 +
b1000101 Z
b1000101 o
b1000101 >
b1000101 O
b1000101 j
01
#17495000
b111 c
b1101000110 A
b101000110 r
b1101000110 -
b1101000110 [
b1101000110 h
b1101000110 x
b1101000101 R
b1101000101 m
b1101000101 q
11
#17500000
b0 *
b0 Y
b0 n
0,
b101000110 |
b1101000110 z
0?
01
#17505000
11
#17510000
b1111 *
b1111 Y
b1111 n
1,
1?
b1000110 +
b1000110 Z
b1000110 o
b1000110 >
b1000110 O
b1000110 j
01
#17515000
b111 c
b1101000111 A
b101000111 r
b1101000111 -
b1101000111 [
b1101000111 h
b1101000111 x
b1101000110 R
b1101000110 m
b1101000110 q
11
#17520000
b0 *
b0 Y
b0 n
0,
b101000111 |
b1101000111 z
0?
01
#17525000
11
#17530000
b1111 *
b1111 Y
b1111 n
1,
1?
b1000111 +
b1000111 Z
b1000111 o
b1000111 >
b1000111 O
b1000111 j
01
#17535000
b111 c
b1101001000 A
b101001000 r
b1101001000 -
b1101001000 [
b1101001000 h
b1101001000 x
b1101000111 R
b1101000111 m
b1101000111 q
11
#17540000
b0 *
b0 Y
b0 n
0,
b101001000 |
b1101001000 z
0?
01
#17545000
11
#17550000
b1111 *
b1111 Y
b1111 n
1,
1?
b1001000 +
b1001000 Z
b1001000 o
b1001000 >
b1001000 O
b1001000 j
01
#17555000
b111 c
b1101001001 A
b101001001 r
b1101001001 -
b1101001001 [
b1101001001 h
b1101001001 x
b1101001000 R
b1101001000 m
b1101001000 q
11
#17560000
b0 *
b0 Y
b0 n
0,
b101001001 |
b1101001001 z
0?
01
#17565000
11
#17570000
b1111 *
b1111 Y
b1111 n
1,
1?
b1001001 +
b1001001 Z
b1001001 o
b1001001 >
b1001001 O
b1001001 j
01
#17575000
b111 c
b1101001010 A
b101001010 r
b1101001010 -
b1101001010 [
b1101001010 h
b1101001010 x
b1101001001 R
b1101001001 m
b1101001001 q
11
#17580000
b0 *
b0 Y
b0 n
0,
b101001010 |
b1101001010 z
0?
01
#17585000
11
#17590000
b1111 *
b1111 Y
b1111 n
1,
1?
b1001010 +
b1001010 Z
b1001010 o
b1001010 >
b1001010 O
b1001010 j
01
#17595000
b111 c
b1101001011 A
b101001011 r
b1101001011 -
b1101001011 [
b1101001011 h
b1101001011 x
b1101001010 R
b1101001010 m
b1101001010 q
11
#17600000
b0 *
b0 Y
b0 n
0,
b101001011 |
b1101001011 z
0?
01
#17605000
11
#17610000
b1111 *
b1111 Y
b1111 n
1,
1?
b1001011 +
b1001011 Z
b1001011 o
b1001011 >
b1001011 O
b1001011 j
01
#17615000
b111 c
b1101001100 A
b101001100 r
b1101001100 -
b1101001100 [
b1101001100 h
b1101001100 x
b1101001011 R
b1101001011 m
b1101001011 q
11
#17620000
b0 *
b0 Y
b0 n
0,
b101001100 |
b1101001100 z
0?
01
#17625000
11
#17630000
b1111 *
b1111 Y
b1111 n
1,
1?
b1001100 +
b1001100 Z
b1001100 o
b1001100 >
b1001100 O
b1001100 j
01
#17635000
b111 c
b1101001101 A
b101001101 r
b1101001101 -
b1101001101 [
b1101001101 h
b1101001101 x
b1101001100 R
b1101001100 m
b1101001100 q
11
#17640000
b0 *
b0 Y
b0 n
0,
b101001101 |
b1101001101 z
0?
01
#17645000
11
#17650000
b1111 *
b1111 Y
b1111 n
1,
1?
b1001101 +
b1001101 Z
b1001101 o
b1001101 >
b1001101 O
b1001101 j
01
#17655000
b111 c
b1101001110 A
b101001110 r
b1101001110 -
b1101001110 [
b1101001110 h
b1101001110 x
b1101001101 R
b1101001101 m
b1101001101 q
11
#17660000
b0 *
b0 Y
b0 n
0,
b101001110 |
b1101001110 z
0?
01
#17665000
11
#17670000
b1111 *
b1111 Y
b1111 n
1,
1?
b1001110 +
b1001110 Z
b1001110 o
b1001110 >
b1001110 O
b1001110 j
01
#17675000
b111 c
b1101001111 A
b101001111 r
b1101001111 -
b1101001111 [
b1101001111 h
b1101001111 x
b1101001110 R
b1101001110 m
b1101001110 q
11
#17680000
b0 *
b0 Y
b0 n
0,
b101001111 |
b1101001111 z
0?
01
#17685000
11
#17690000
b1111 *
b1111 Y
b1111 n
1,
1?
b1001111 +
b1001111 Z
b1001111 o
b1001111 >
b1001111 O
b1001111 j
01
#17695000
b111 c
b1101010000 A
b101010000 r
b1101010000 -
b1101010000 [
b1101010000 h
b1101010000 x
b1101001111 R
b1101001111 m
b1101001111 q
11
#17700000
b0 *
b0 Y
b0 n
0,
b101010000 |
b1101010000 z
0?
01
#17705000
11
#17710000
b1111 *
b1111 Y
b1111 n
1,
1?
b1010000 +
b1010000 Z
b1010000 o
b1010000 >
b1010000 O
b1010000 j
01
#17715000
b111 c
b1101010001 A
b101010001 r
b1101010001 -
b1101010001 [
b1101010001 h
b1101010001 x
b1101010000 R
b1101010000 m
b1101010000 q
11
#17720000
b0 *
b0 Y
b0 n
0,
b101010001 |
b1101010001 z
0?
01
#17725000
11
#17730000
b1111 *
b1111 Y
b1111 n
1,
1?
b1010001 +
b1010001 Z
b1010001 o
b1010001 >
b1010001 O
b1010001 j
01
#17735000
b111 c
b1101010010 A
b101010010 r
b1101010010 -
b1101010010 [
b1101010010 h
b1101010010 x
b1101010001 R
b1101010001 m
b1101010001 q
11
#17740000
b0 *
b0 Y
b0 n
0,
b101010010 |
b1101010010 z
0?
01
#17745000
11
#17750000
b1111 *
b1111 Y
b1111 n
1,
1?
b1010010 +
b1010010 Z
b1010010 o
b1010010 >
b1010010 O
b1010010 j
01
#17755000
b111 c
b1101010011 A
b101010011 r
b1101010011 -
b1101010011 [
b1101010011 h
b1101010011 x
b1101010010 R
b1101010010 m
b1101010010 q
11
#17760000
b0 *
b0 Y
b0 n
0,
b101010011 |
b1101010011 z
0?
01
#17765000
11
#17770000
b1111 *
b1111 Y
b1111 n
1,
1?
b1010011 +
b1010011 Z
b1010011 o
b1010011 >
b1010011 O
b1010011 j
01
#17775000
b111 c
b1101010100 A
b101010100 r
b1101010100 -
b1101010100 [
b1101010100 h
b1101010100 x
b1101010011 R
b1101010011 m
b1101010011 q
11
#17780000
b0 *
b0 Y
b0 n
0,
b101010100 |
b1101010100 z
0?
01
#17785000
11
#17790000
b1111 *
b1111 Y
b1111 n
1,
1?
b1010100 +
b1010100 Z
b1010100 o
b1010100 >
b1010100 O
b1010100 j
01
#17795000
b111 c
b1101010101 A
b101010101 r
b1101010101 -
b1101010101 [
b1101010101 h
b1101010101 x
b1101010100 R
b1101010100 m
b1101010100 q
11
#17800000
b0 *
b0 Y
b0 n
0,
b101010101 |
b1101010101 z
0?
01
#17805000
11
#17810000
b1111 *
b1111 Y
b1111 n
1,
1?
b1010101 +
b1010101 Z
b1010101 o
b1010101 >
b1010101 O
b1010101 j
01
#17815000
b111 c
b1101010110 A
b101010110 r
b1101010110 -
b1101010110 [
b1101010110 h
b1101010110 x
b1101010101 R
b1101010101 m
b1101010101 q
11
#17820000
b0 *
b0 Y
b0 n
0,
b101010110 |
b1101010110 z
0?
01
#17825000
11
#17830000
b1111 *
b1111 Y
b1111 n
1,
1?
b1010110 +
b1010110 Z
b1010110 o
b1010110 >
b1010110 O
b1010110 j
01
#17835000
b111 c
b1101010111 A
b101010111 r
b1101010111 -
b1101010111 [
b1101010111 h
b1101010111 x
b1101010110 R
b1101010110 m
b1101010110 q
11
#17840000
b0 *
b0 Y
b0 n
0,
b101010111 |
b1101010111 z
0?
01
#17845000
11
#17850000
b1111 *
b1111 Y
b1111 n
1,
1?
b1010111 +
b1010111 Z
b1010111 o
b1010111 >
b1010111 O
b1010111 j
01
#17855000
b111 c
b1101011000 A
b101011000 r
b1101011000 -
b1101011000 [
b1101011000 h
b1101011000 x
b1101010111 R
b1101010111 m
b1101010111 q
11
#17860000
b0 *
b0 Y
b0 n
0,
b101011000 |
b1101011000 z
0?
01
#17865000
11
#17870000
b1111 *
b1111 Y
b1111 n
1,
1?
b1011000 +
b1011000 Z
b1011000 o
b1011000 >
b1011000 O
b1011000 j
01
#17875000
b111 c
b1101011001 A
b101011001 r
b1101011001 -
b1101011001 [
b1101011001 h
b1101011001 x
b1101011000 R
b1101011000 m
b1101011000 q
11
#17880000
b0 *
b0 Y
b0 n
0,
b101011001 |
b1101011001 z
0?
01
#17885000
11
#17890000
b1111 *
b1111 Y
b1111 n
1,
1?
b1011001 +
b1011001 Z
b1011001 o
b1011001 >
b1011001 O
b1011001 j
01
#17895000
b111 c
b1101011010 A
b101011010 r
b1101011010 -
b1101011010 [
b1101011010 h
b1101011010 x
b1101011001 R
b1101011001 m
b1101011001 q
11
#17900000
b0 *
b0 Y
b0 n
0,
b101011010 |
b1101011010 z
0?
01
#17905000
11
#17910000
b1111 *
b1111 Y
b1111 n
1,
1?
b1011010 +
b1011010 Z
b1011010 o
b1011010 >
b1011010 O
b1011010 j
01
#17915000
b111 c
b1101011011 A
b101011011 r
b1101011011 -
b1101011011 [
b1101011011 h
b1101011011 x
b1101011010 R
b1101011010 m
b1101011010 q
11
#17920000
b0 *
b0 Y
b0 n
0,
b101011011 |
b1101011011 z
0?
01
#17925000
11
#17930000
b1111 *
b1111 Y
b1111 n
1,
1?
b1011011 +
b1011011 Z
b1011011 o
b1011011 >
b1011011 O
b1011011 j
01
#17935000
b111 c
b1101011100 A
b101011100 r
b1101011100 -
b1101011100 [
b1101011100 h
b1101011100 x
b1101011011 R
b1101011011 m
b1101011011 q
11
#17940000
b0 *
b0 Y
b0 n
0,
b101011100 |
b1101011100 z
0?
01
#17945000
11
#17950000
b1111 *
b1111 Y
b1111 n
1,
1?
b1011100 +
b1011100 Z
b1011100 o
b1011100 >
b1011100 O
b1011100 j
01
#17955000
b111 c
b1101011101 A
b101011101 r
b1101011101 -
b1101011101 [
b1101011101 h
b1101011101 x
b1101011100 R
b1101011100 m
b1101011100 q
11
#17960000
b0 *
b0 Y
b0 n
0,
b101011101 |
b1101011101 z
0?
01
#17965000
11
#17970000
b1111 *
b1111 Y
b1111 n
1,
1?
b1011101 +
b1011101 Z
b1011101 o
b1011101 >
b1011101 O
b1011101 j
01
#17975000
b111 c
b1101011110 A
b101011110 r
b1101011110 -
b1101011110 [
b1101011110 h
b1101011110 x
b1101011101 R
b1101011101 m
b1101011101 q
11
#17980000
b0 *
b0 Y
b0 n
0,
b101011110 |
b1101011110 z
0?
01
#17985000
11
#17990000
b1111 *
b1111 Y
b1111 n
1,
1?
b1011110 +
b1011110 Z
b1011110 o
b1011110 >
b1011110 O
b1011110 j
01
#17995000
b111 c
b1101011111 A
b101011111 r
b1101011111 -
b1101011111 [
b1101011111 h
b1101011111 x
b1101011110 R
b1101011110 m
b1101011110 q
11
#18000000
b0 *
b0 Y
b0 n
0,
b101011111 |
b1101011111 z
0?
01
#18005000
11
#18010000
b1111 *
b1111 Y
b1111 n
1,
1?
b1011111 +
b1011111 Z
b1011111 o
b1011111 >
b1011111 O
b1011111 j
01
#18015000
b111 c
b1101100000 A
b101100000 r
b1101100000 -
b1101100000 [
b1101100000 h
b1101100000 x
b1101011111 R
b1101011111 m
b1101011111 q
11
#18020000
b0 *
b0 Y
b0 n
0,
b101100000 |
b1101100000 z
0?
01
#18025000
11
#18030000
b1111 *
b1111 Y
b1111 n
1,
1?
b1100000 +
b1100000 Z
b1100000 o
b1100000 >
b1100000 O
b1100000 j
01
#18035000
b111 c
b1101100001 A
b101100001 r
b1101100001 -
b1101100001 [
b1101100001 h
b1101100001 x
b1101100000 R
b1101100000 m
b1101100000 q
11
#18040000
b0 *
b0 Y
b0 n
0,
b101100001 |
b1101100001 z
0?
01
#18045000
11
#18050000
b1111 *
b1111 Y
b1111 n
1,
1?
b1100001 +
b1100001 Z
b1100001 o
b1100001 >
b1100001 O
b1100001 j
01
#18055000
b111 c
b1101100010 A
b101100010 r
b1101100010 -
b1101100010 [
b1101100010 h
b1101100010 x
b1101100001 R
b1101100001 m
b1101100001 q
11
#18060000
b0 *
b0 Y
b0 n
0,
b101100010 |
b1101100010 z
0?
01
#18065000
11
#18070000
b1111 *
b1111 Y
b1111 n
1,
1?
b1100010 +
b1100010 Z
b1100010 o
b1100010 >
b1100010 O
b1100010 j
01
#18075000
b111 c
b1101100011 A
b101100011 r
b1101100011 -
b1101100011 [
b1101100011 h
b1101100011 x
b1101100010 R
b1101100010 m
b1101100010 q
11
#18080000
b0 *
b0 Y
b0 n
0,
b101100011 |
b1101100011 z
0?
01
#18085000
11
#18090000
b1111 *
b1111 Y
b1111 n
1,
1?
b1100011 +
b1100011 Z
b1100011 o
b1100011 >
b1100011 O
b1100011 j
01
#18095000
b111 c
b1101100100 A
b101100100 r
b1101100100 -
b1101100100 [
b1101100100 h
b1101100100 x
b1101100011 R
b1101100011 m
b1101100011 q
11
#18100000
b0 *
b0 Y
b0 n
0,
b101100100 |
b1101100100 z
0?
01
#18105000
11
#18110000
b1111 *
b1111 Y
b1111 n
1,
1?
b1100100 +
b1100100 Z
b1100100 o
b1100100 >
b1100100 O
b1100100 j
01
#18115000
b111 c
b1101100101 A
b101100101 r
b1101100101 -
b1101100101 [
b1101100101 h
b1101100101 x
b1101100100 R
b1101100100 m
b1101100100 q
11
#18120000
b0 *
b0 Y
b0 n
0,
b101100101 |
b1101100101 z
0?
01
#18125000
11
#18130000
b1111 *
b1111 Y
b1111 n
1,
1?
b1100101 +
b1100101 Z
b1100101 o
b1100101 >
b1100101 O
b1100101 j
01
#18135000
b111 c
b1101100110 A
b101100110 r
b1101100110 -
b1101100110 [
b1101100110 h
b1101100110 x
b1101100101 R
b1101100101 m
b1101100101 q
11
#18140000
b0 *
b0 Y
b0 n
0,
b101100110 |
b1101100110 z
0?
01
#18145000
11
#18150000
b1111 *
b1111 Y
b1111 n
1,
1?
b1100110 +
b1100110 Z
b1100110 o
b1100110 >
b1100110 O
b1100110 j
01
#18155000
b111 c
b1101100111 A
b101100111 r
b1101100111 -
b1101100111 [
b1101100111 h
b1101100111 x
b1101100110 R
b1101100110 m
b1101100110 q
11
#18160000
b0 *
b0 Y
b0 n
0,
b101100111 |
b1101100111 z
0?
01
#18165000
11
#18170000
b1111 *
b1111 Y
b1111 n
1,
1?
b1100111 +
b1100111 Z
b1100111 o
b1100111 >
b1100111 O
b1100111 j
01
#18175000
b111 c
b1101101000 A
b101101000 r
b1101101000 -
b1101101000 [
b1101101000 h
b1101101000 x
b1101100111 R
b1101100111 m
b1101100111 q
11
#18180000
b0 *
b0 Y
b0 n
0,
b101101000 |
b1101101000 z
0?
01
#18185000
11
#18190000
b1111 *
b1111 Y
b1111 n
1,
1?
b1101000 +
b1101000 Z
b1101000 o
b1101000 >
b1101000 O
b1101000 j
01
#18195000
b111 c
b1101101001 A
b101101001 r
b1101101001 -
b1101101001 [
b1101101001 h
b1101101001 x
b1101101000 R
b1101101000 m
b1101101000 q
11
#18200000
b0 *
b0 Y
b0 n
0,
b101101001 |
b1101101001 z
0?
01
#18205000
11
#18210000
b1111 *
b1111 Y
b1111 n
1,
1?
b1101001 +
b1101001 Z
b1101001 o
b1101001 >
b1101001 O
b1101001 j
01
#18215000
b111 c
b1101101010 A
b101101010 r
b1101101010 -
b1101101010 [
b1101101010 h
b1101101010 x
b1101101001 R
b1101101001 m
b1101101001 q
11
#18220000
b0 *
b0 Y
b0 n
0,
b101101010 |
b1101101010 z
0?
01
#18225000
11
#18230000
b1111 *
b1111 Y
b1111 n
1,
1?
b1101010 +
b1101010 Z
b1101010 o
b1101010 >
b1101010 O
b1101010 j
01
#18235000
b111 c
b1101101011 A
b101101011 r
b1101101011 -
b1101101011 [
b1101101011 h
b1101101011 x
b1101101010 R
b1101101010 m
b1101101010 q
11
#18240000
b0 *
b0 Y
b0 n
0,
b101101011 |
b1101101011 z
0?
01
#18245000
11
#18250000
b1111 *
b1111 Y
b1111 n
1,
1?
b1101011 +
b1101011 Z
b1101011 o
b1101011 >
b1101011 O
b1101011 j
01
#18255000
b111 c
b1101101100 A
b101101100 r
b1101101100 -
b1101101100 [
b1101101100 h
b1101101100 x
b1101101011 R
b1101101011 m
b1101101011 q
11
#18260000
b0 *
b0 Y
b0 n
0,
b101101100 |
b1101101100 z
0?
01
#18265000
11
#18270000
b1111 *
b1111 Y
b1111 n
1,
1?
b1101100 +
b1101100 Z
b1101100 o
b1101100 >
b1101100 O
b1101100 j
01
#18275000
b111 c
b1101101101 A
b101101101 r
b1101101101 -
b1101101101 [
b1101101101 h
b1101101101 x
b1101101100 R
b1101101100 m
b1101101100 q
11
#18280000
b0 *
b0 Y
b0 n
0,
b101101101 |
b1101101101 z
0?
01
#18285000
11
#18290000
b1111 *
b1111 Y
b1111 n
1,
1?
b1101101 +
b1101101 Z
b1101101 o
b1101101 >
b1101101 O
b1101101 j
01
#18295000
b111 c
b1101101110 A
b101101110 r
b1101101110 -
b1101101110 [
b1101101110 h
b1101101110 x
b1101101101 R
b1101101101 m
b1101101101 q
11
#18300000
b0 *
b0 Y
b0 n
0,
b101101110 |
b1101101110 z
0?
01
#18305000
11
#18310000
b1111 *
b1111 Y
b1111 n
1,
1?
b1101110 +
b1101110 Z
b1101110 o
b1101110 >
b1101110 O
b1101110 j
01
#18315000
b111 c
b1101101111 A
b101101111 r
b1101101111 -
b1101101111 [
b1101101111 h
b1101101111 x
b1101101110 R
b1101101110 m
b1101101110 q
11
#18320000
b0 *
b0 Y
b0 n
0,
b101101111 |
b1101101111 z
0?
01
#18325000
11
#18330000
b1111 *
b1111 Y
b1111 n
1,
1?
b1101111 +
b1101111 Z
b1101111 o
b1101111 >
b1101111 O
b1101111 j
01
#18335000
b111 c
b1101110000 A
b101110000 r
b1101110000 -
b1101110000 [
b1101110000 h
b1101110000 x
b1101101111 R
b1101101111 m
b1101101111 q
11
#18340000
b0 *
b0 Y
b0 n
0,
b101110000 |
b1101110000 z
0?
01
#18345000
11
#18350000
b1111 *
b1111 Y
b1111 n
1,
1?
b1110000 +
b1110000 Z
b1110000 o
b1110000 >
b1110000 O
b1110000 j
01
#18355000
b111 c
b1101110001 A
b101110001 r
b1101110001 -
b1101110001 [
b1101110001 h
b1101110001 x
b1101110000 R
b1101110000 m
b1101110000 q
11
#18360000
b0 *
b0 Y
b0 n
0,
b101110001 |
b1101110001 z
0?
01
#18365000
11
#18370000
b1111 *
b1111 Y
b1111 n
1,
1?
b1110001 +
b1110001 Z
b1110001 o
b1110001 >
b1110001 O
b1110001 j
01
#18375000
b111 c
b1101110010 A
b101110010 r
b1101110010 -
b1101110010 [
b1101110010 h
b1101110010 x
b1101110001 R
b1101110001 m
b1101110001 q
11
#18380000
b0 *
b0 Y
b0 n
0,
b101110010 |
b1101110010 z
0?
01
#18385000
11
#18390000
b1111 *
b1111 Y
b1111 n
1,
1?
b1110010 +
b1110010 Z
b1110010 o
b1110010 >
b1110010 O
b1110010 j
01
#18395000
b111 c
b1101110011 A
b101110011 r
b1101110011 -
b1101110011 [
b1101110011 h
b1101110011 x
b1101110010 R
b1101110010 m
b1101110010 q
11
#18400000
b0 *
b0 Y
b0 n
0,
b101110011 |
b1101110011 z
0?
01
#18405000
11
#18410000
b1111 *
b1111 Y
b1111 n
1,
1?
b1110011 +
b1110011 Z
b1110011 o
b1110011 >
b1110011 O
b1110011 j
01
#18415000
b111 c
b1101110100 A
b101110100 r
b1101110100 -
b1101110100 [
b1101110100 h
b1101110100 x
b1101110011 R
b1101110011 m
b1101110011 q
11
#18420000
b0 *
b0 Y
b0 n
0,
b101110100 |
b1101110100 z
0?
01
#18425000
11
#18430000
b1111 *
b1111 Y
b1111 n
1,
1?
b1110100 +
b1110100 Z
b1110100 o
b1110100 >
b1110100 O
b1110100 j
01
#18435000
b111 c
b1101110101 A
b101110101 r
b1101110101 -
b1101110101 [
b1101110101 h
b1101110101 x
b1101110100 R
b1101110100 m
b1101110100 q
11
#18440000
b0 *
b0 Y
b0 n
0,
b101110101 |
b1101110101 z
0?
01
#18445000
11
#18450000
b1111 *
b1111 Y
b1111 n
1,
1?
b1110101 +
b1110101 Z
b1110101 o
b1110101 >
b1110101 O
b1110101 j
01
#18455000
b111 c
b1101110110 A
b101110110 r
b1101110110 -
b1101110110 [
b1101110110 h
b1101110110 x
b1101110101 R
b1101110101 m
b1101110101 q
11
#18460000
b0 *
b0 Y
b0 n
0,
b101110110 |
b1101110110 z
0?
01
#18465000
11
#18470000
b1111 *
b1111 Y
b1111 n
1,
1?
b1110110 +
b1110110 Z
b1110110 o
b1110110 >
b1110110 O
b1110110 j
01
#18475000
b111 c
b1101110111 A
b101110111 r
b1101110111 -
b1101110111 [
b1101110111 h
b1101110111 x
b1101110110 R
b1101110110 m
b1101110110 q
11
#18480000
b0 *
b0 Y
b0 n
0,
b101110111 |
b1101110111 z
0?
01
#18485000
11
#18490000
b1111 *
b1111 Y
b1111 n
1,
1?
b1110111 +
b1110111 Z
b1110111 o
b1110111 >
b1110111 O
b1110111 j
01
#18495000
b111 c
b1101111000 A
b101111000 r
b1101111000 -
b1101111000 [
b1101111000 h
b1101111000 x
b1101110111 R
b1101110111 m
b1101110111 q
11
#18500000
b0 *
b0 Y
b0 n
0,
b101111000 |
b1101111000 z
0?
01
#18505000
11
#18510000
b1111 *
b1111 Y
b1111 n
1,
1?
b1111000 +
b1111000 Z
b1111000 o
b1111000 >
b1111000 O
b1111000 j
01
#18515000
b111 c
b1101111001 A
b101111001 r
b1101111001 -
b1101111001 [
b1101111001 h
b1101111001 x
b1101111000 R
b1101111000 m
b1101111000 q
11
#18520000
b0 *
b0 Y
b0 n
0,
b101111001 |
b1101111001 z
0?
01
#18525000
11
#18530000
b1111 *
b1111 Y
b1111 n
1,
1?
b1111001 +
b1111001 Z
b1111001 o
b1111001 >
b1111001 O
b1111001 j
01
#18535000
b111 c
b1101111010 A
b101111010 r
b1101111010 -
b1101111010 [
b1101111010 h
b1101111010 x
b1101111001 R
b1101111001 m
b1101111001 q
11
#18540000
b0 *
b0 Y
b0 n
0,
b101111010 |
b1101111010 z
0?
01
#18545000
11
#18550000
b1111 *
b1111 Y
b1111 n
1,
1?
b1111010 +
b1111010 Z
b1111010 o
b1111010 >
b1111010 O
b1111010 j
01
#18555000
b111 c
b1101111011 A
b101111011 r
b1101111011 -
b1101111011 [
b1101111011 h
b1101111011 x
b1101111010 R
b1101111010 m
b1101111010 q
11
#18560000
b0 *
b0 Y
b0 n
0,
b101111011 |
b1101111011 z
0?
01
#18565000
11
#18570000
b1111 *
b1111 Y
b1111 n
1,
1?
b1111011 +
b1111011 Z
b1111011 o
b1111011 >
b1111011 O
b1111011 j
01
#18575000
b111 c
b1101111100 A
b101111100 r
b1101111100 -
b1101111100 [
b1101111100 h
b1101111100 x
b1101111011 R
b1101111011 m
b1101111011 q
11
#18580000
b0 *
b0 Y
b0 n
0,
b101111100 |
b1101111100 z
0?
01
#18585000
11
#18590000
b1111 *
b1111 Y
b1111 n
1,
1?
b1111100 +
b1111100 Z
b1111100 o
b1111100 >
b1111100 O
b1111100 j
01
#18595000
b111 c
b1101111101 A
b101111101 r
b1101111101 -
b1101111101 [
b1101111101 h
b1101111101 x
b1101111100 R
b1101111100 m
b1101111100 q
11
#18600000
b0 *
b0 Y
b0 n
0,
b101111101 |
b1101111101 z
0?
01
#18605000
11
#18610000
b1111 *
b1111 Y
b1111 n
1,
1?
b1111101 +
b1111101 Z
b1111101 o
b1111101 >
b1111101 O
b1111101 j
01
#18615000
b111 c
b1101111110 A
b101111110 r
b1101111110 -
b1101111110 [
b1101111110 h
b1101111110 x
b1101111101 R
b1101111101 m
b1101111101 q
11
#18620000
b0 *
b0 Y
b0 n
0,
b101111110 |
b1101111110 z
0?
01
#18625000
11
#18630000
b1111 *
b1111 Y
b1111 n
1,
1?
b1111110 +
b1111110 Z
b1111110 o
b1111110 >
b1111110 O
b1111110 j
01
#18635000
b111 c
b1101111111 A
b101111111 r
b1101111111 -
b1101111111 [
b1101111111 h
b1101111111 x
b1101111110 R
b1101111110 m
b1101111110 q
11
#18640000
b0 *
b0 Y
b0 n
0,
b101111111 |
b1101111111 z
0?
01
#18645000
11
#18650000
b1111 *
b1111 Y
b1111 n
1,
1?
b1111111 +
b1111111 Z
b1111111 o
b1111111 >
b1111111 O
b1111111 j
01
#18655000
b111 c
b1110000000 A
b110000000 r
b1110000000 -
b1110000000 [
b1110000000 h
b1110000000 x
b1101111111 R
b1101111111 m
b1101111111 q
11
#18660000
b0 *
b0 Y
b0 n
0,
b110000000 |
b1110000000 z
0?
01
#18665000
11
#18670000
b1111 *
b1111 Y
b1111 n
1,
1?
b10000000 +
b10000000 Z
b10000000 o
b10000000 >
b10000000 O
b10000000 j
01
#18675000
b111 c
b1110000001 A
b110000001 r
b1110000001 -
b1110000001 [
b1110000001 h
b1110000001 x
b1110000000 R
b1110000000 m
b1110000000 q
11
#18680000
b0 *
b0 Y
b0 n
0,
b110000001 |
b1110000001 z
0?
01
#18685000
11
#18690000
b1111 *
b1111 Y
b1111 n
1,
1?
b10000001 +
b10000001 Z
b10000001 o
b10000001 >
b10000001 O
b10000001 j
01
#18695000
b111 c
b1110000010 A
b110000010 r
b1110000010 -
b1110000010 [
b1110000010 h
b1110000010 x
b1110000001 R
b1110000001 m
b1110000001 q
11
#18700000
b0 *
b0 Y
b0 n
0,
b110000010 |
b1110000010 z
0?
01
#18705000
11
#18710000
b1111 *
b1111 Y
b1111 n
1,
1?
b10000010 +
b10000010 Z
b10000010 o
b10000010 >
b10000010 O
b10000010 j
01
#18715000
b111 c
b1110000011 A
b110000011 r
b1110000011 -
b1110000011 [
b1110000011 h
b1110000011 x
b1110000010 R
b1110000010 m
b1110000010 q
11
#18720000
b0 *
b0 Y
b0 n
0,
b110000011 |
b1110000011 z
0?
01
#18725000
11
#18730000
b1111 *
b1111 Y
b1111 n
1,
1?
b10000011 +
b10000011 Z
b10000011 o
b10000011 >
b10000011 O
b10000011 j
01
#18735000
b111 c
b1110000100 A
b110000100 r
b1110000100 -
b1110000100 [
b1110000100 h
b1110000100 x
b1110000011 R
b1110000011 m
b1110000011 q
11
#18740000
b0 *
b0 Y
b0 n
0,
b110000100 |
b1110000100 z
0?
01
#18745000
11
#18750000
b1111 *
b1111 Y
b1111 n
1,
1?
b10000100 +
b10000100 Z
b10000100 o
b10000100 >
b10000100 O
b10000100 j
01
#18755000
b111 c
b1110000101 A
b110000101 r
b1110000101 -
b1110000101 [
b1110000101 h
b1110000101 x
b1110000100 R
b1110000100 m
b1110000100 q
11
#18760000
b0 *
b0 Y
b0 n
0,
b110000101 |
b1110000101 z
0?
01
#18765000
11
#18770000
b1111 *
b1111 Y
b1111 n
1,
1?
b10000101 +
b10000101 Z
b10000101 o
b10000101 >
b10000101 O
b10000101 j
01
#18775000
b111 c
b1110000110 A
b110000110 r
b1110000110 -
b1110000110 [
b1110000110 h
b1110000110 x
b1110000101 R
b1110000101 m
b1110000101 q
11
#18780000
b0 *
b0 Y
b0 n
0,
b110000110 |
b1110000110 z
0?
01
#18785000
11
#18790000
b1111 *
b1111 Y
b1111 n
1,
1?
b10000110 +
b10000110 Z
b10000110 o
b10000110 >
b10000110 O
b10000110 j
01
#18795000
b111 c
b1110000111 A
b110000111 r
b1110000111 -
b1110000111 [
b1110000111 h
b1110000111 x
b1110000110 R
b1110000110 m
b1110000110 q
11
#18800000
b0 *
b0 Y
b0 n
0,
b110000111 |
b1110000111 z
0?
01
#18805000
11
#18810000
b1111 *
b1111 Y
b1111 n
1,
1?
b10000111 +
b10000111 Z
b10000111 o
b10000111 >
b10000111 O
b10000111 j
01
#18815000
b111 c
b1110001000 A
b110001000 r
b1110001000 -
b1110001000 [
b1110001000 h
b1110001000 x
b1110000111 R
b1110000111 m
b1110000111 q
11
#18820000
b0 *
b0 Y
b0 n
0,
b110001000 |
b1110001000 z
0?
01
#18825000
11
#18830000
b1111 *
b1111 Y
b1111 n
1,
1?
b10001000 +
b10001000 Z
b10001000 o
b10001000 >
b10001000 O
b10001000 j
01
#18835000
b111 c
b1110001001 A
b110001001 r
b1110001001 -
b1110001001 [
b1110001001 h
b1110001001 x
b1110001000 R
b1110001000 m
b1110001000 q
11
#18840000
b0 *
b0 Y
b0 n
0,
b110001001 |
b1110001001 z
0?
01
#18845000
11
#18850000
b1111 *
b1111 Y
b1111 n
1,
1?
b10001001 +
b10001001 Z
b10001001 o
b10001001 >
b10001001 O
b10001001 j
01
#18855000
b111 c
b1110001010 A
b110001010 r
b1110001010 -
b1110001010 [
b1110001010 h
b1110001010 x
b1110001001 R
b1110001001 m
b1110001001 q
11
#18860000
b0 *
b0 Y
b0 n
0,
b110001010 |
b1110001010 z
0?
01
#18865000
11
#18870000
b1111 *
b1111 Y
b1111 n
1,
1?
b10001010 +
b10001010 Z
b10001010 o
b10001010 >
b10001010 O
b10001010 j
01
#18875000
b111 c
b1110001011 A
b110001011 r
b1110001011 -
b1110001011 [
b1110001011 h
b1110001011 x
b1110001010 R
b1110001010 m
b1110001010 q
11
#18880000
b0 *
b0 Y
b0 n
0,
b110001011 |
b1110001011 z
0?
01
#18885000
11
#18890000
b1111 *
b1111 Y
b1111 n
1,
1?
b10001011 +
b10001011 Z
b10001011 o
b10001011 >
b10001011 O
b10001011 j
01
#18895000
b111 c
b1110001100 A
b110001100 r
b1110001100 -
b1110001100 [
b1110001100 h
b1110001100 x
b1110001011 R
b1110001011 m
b1110001011 q
11
#18900000
b0 *
b0 Y
b0 n
0,
b110001100 |
b1110001100 z
0?
01
#18905000
11
#18910000
b1111 *
b1111 Y
b1111 n
1,
1?
b10001100 +
b10001100 Z
b10001100 o
b10001100 >
b10001100 O
b10001100 j
01
#18915000
b111 c
b1110001101 A
b110001101 r
b1110001101 -
b1110001101 [
b1110001101 h
b1110001101 x
b1110001100 R
b1110001100 m
b1110001100 q
11
#18920000
b0 *
b0 Y
b0 n
0,
b110001101 |
b1110001101 z
0?
01
#18925000
11
#18930000
b1111 *
b1111 Y
b1111 n
1,
1?
b10001101 +
b10001101 Z
b10001101 o
b10001101 >
b10001101 O
b10001101 j
01
#18935000
b111 c
b1110001110 A
b110001110 r
b1110001110 -
b1110001110 [
b1110001110 h
b1110001110 x
b1110001101 R
b1110001101 m
b1110001101 q
11
#18940000
b0 *
b0 Y
b0 n
0,
b110001110 |
b1110001110 z
0?
01
#18945000
11
#18950000
b1111 *
b1111 Y
b1111 n
1,
1?
b10001110 +
b10001110 Z
b10001110 o
b10001110 >
b10001110 O
b10001110 j
01
#18955000
b111 c
b1110001111 A
b110001111 r
b1110001111 -
b1110001111 [
b1110001111 h
b1110001111 x
b1110001110 R
b1110001110 m
b1110001110 q
11
#18960000
b0 *
b0 Y
b0 n
0,
b110001111 |
b1110001111 z
0?
01
#18965000
11
#18970000
b1111 *
b1111 Y
b1111 n
1,
1?
b10001111 +
b10001111 Z
b10001111 o
b10001111 >
b10001111 O
b10001111 j
01
#18975000
b111 c
b1110010000 A
b110010000 r
b1110010000 -
b1110010000 [
b1110010000 h
b1110010000 x
b1110001111 R
b1110001111 m
b1110001111 q
11
#18980000
b0 *
b0 Y
b0 n
0,
b110010000 |
b1110010000 z
0?
01
#18985000
11
#18990000
b1111 *
b1111 Y
b1111 n
1,
1?
b10010000 +
b10010000 Z
b10010000 o
b10010000 >
b10010000 O
b10010000 j
01
#18995000
b111 c
b1110010001 A
b110010001 r
b1110010001 -
b1110010001 [
b1110010001 h
b1110010001 x
b1110010000 R
b1110010000 m
b1110010000 q
11
#19000000
b0 *
b0 Y
b0 n
0,
b110010001 |
b1110010001 z
0?
01
#19005000
11
#19010000
b1111 *
b1111 Y
b1111 n
1,
1?
b10010001 +
b10010001 Z
b10010001 o
b10010001 >
b10010001 O
b10010001 j
01
#19015000
b111 c
b1110010010 A
b110010010 r
b1110010010 -
b1110010010 [
b1110010010 h
b1110010010 x
b1110010001 R
b1110010001 m
b1110010001 q
11
#19020000
b0 *
b0 Y
b0 n
0,
b110010010 |
b1110010010 z
0?
01
#19025000
11
#19030000
b1111 *
b1111 Y
b1111 n
1,
1?
b10010010 +
b10010010 Z
b10010010 o
b10010010 >
b10010010 O
b10010010 j
01
#19035000
b111 c
b1110010011 A
b110010011 r
b1110010011 -
b1110010011 [
b1110010011 h
b1110010011 x
b1110010010 R
b1110010010 m
b1110010010 q
11
#19040000
b0 *
b0 Y
b0 n
0,
b110010011 |
b1110010011 z
0?
01
#19045000
11
#19050000
b1111 *
b1111 Y
b1111 n
1,
1?
b10010011 +
b10010011 Z
b10010011 o
b10010011 >
b10010011 O
b10010011 j
01
#19055000
b111 c
b1110010100 A
b110010100 r
b1110010100 -
b1110010100 [
b1110010100 h
b1110010100 x
b1110010011 R
b1110010011 m
b1110010011 q
11
#19060000
b0 *
b0 Y
b0 n
0,
b110010100 |
b1110010100 z
0?
01
#19065000
11
#19070000
b1111 *
b1111 Y
b1111 n
1,
1?
b10010100 +
b10010100 Z
b10010100 o
b10010100 >
b10010100 O
b10010100 j
01
#19075000
b111 c
b1110010101 A
b110010101 r
b1110010101 -
b1110010101 [
b1110010101 h
b1110010101 x
b1110010100 R
b1110010100 m
b1110010100 q
11
#19080000
b0 *
b0 Y
b0 n
0,
b110010101 |
b1110010101 z
0?
01
#19085000
11
#19090000
b1111 *
b1111 Y
b1111 n
1,
1?
b10010101 +
b10010101 Z
b10010101 o
b10010101 >
b10010101 O
b10010101 j
01
#19095000
b111 c
b1110010110 A
b110010110 r
b1110010110 -
b1110010110 [
b1110010110 h
b1110010110 x
b1110010101 R
b1110010101 m
b1110010101 q
11
#19100000
b0 *
b0 Y
b0 n
0,
b110010110 |
b1110010110 z
0?
01
#19105000
11
#19110000
b1111 *
b1111 Y
b1111 n
1,
1?
b10010110 +
b10010110 Z
b10010110 o
b10010110 >
b10010110 O
b10010110 j
01
#19115000
b111 c
b1110010111 A
b110010111 r
b1110010111 -
b1110010111 [
b1110010111 h
b1110010111 x
b1110010110 R
b1110010110 m
b1110010110 q
11
#19120000
b0 *
b0 Y
b0 n
0,
b110010111 |
b1110010111 z
0?
01
#19125000
11
#19130000
b1111 *
b1111 Y
b1111 n
1,
1?
b10010111 +
b10010111 Z
b10010111 o
b10010111 >
b10010111 O
b10010111 j
01
#19135000
b111 c
b1110011000 A
b110011000 r
b1110011000 -
b1110011000 [
b1110011000 h
b1110011000 x
b1110010111 R
b1110010111 m
b1110010111 q
11
#19140000
b0 *
b0 Y
b0 n
0,
b110011000 |
b1110011000 z
0?
01
#19145000
11
#19150000
b1111 *
b1111 Y
b1111 n
1,
1?
b10011000 +
b10011000 Z
b10011000 o
b10011000 >
b10011000 O
b10011000 j
01
#19155000
b111 c
b1110011001 A
b110011001 r
b1110011001 -
b1110011001 [
b1110011001 h
b1110011001 x
b1110011000 R
b1110011000 m
b1110011000 q
11
#19160000
b0 *
b0 Y
b0 n
0,
b110011001 |
b1110011001 z
0?
01
#19165000
11
#19170000
b1111 *
b1111 Y
b1111 n
1,
1?
b10011001 +
b10011001 Z
b10011001 o
b10011001 >
b10011001 O
b10011001 j
01
#19175000
b111 c
b1110011010 A
b110011010 r
b1110011010 -
b1110011010 [
b1110011010 h
b1110011010 x
b1110011001 R
b1110011001 m
b1110011001 q
11
#19180000
b0 *
b0 Y
b0 n
0,
b110011010 |
b1110011010 z
0?
01
#19185000
11
#19190000
b1111 *
b1111 Y
b1111 n
1,
1?
b10011010 +
b10011010 Z
b10011010 o
b10011010 >
b10011010 O
b10011010 j
01
#19195000
b111 c
b1110011011 A
b110011011 r
b1110011011 -
b1110011011 [
b1110011011 h
b1110011011 x
b1110011010 R
b1110011010 m
b1110011010 q
11
#19200000
b0 *
b0 Y
b0 n
0,
b110011011 |
b1110011011 z
0?
01
#19205000
11
#19210000
b1111 *
b1111 Y
b1111 n
1,
1?
b10011011 +
b10011011 Z
b10011011 o
b10011011 >
b10011011 O
b10011011 j
01
#19215000
b111 c
b1110011100 A
b110011100 r
b1110011100 -
b1110011100 [
b1110011100 h
b1110011100 x
b1110011011 R
b1110011011 m
b1110011011 q
11
#19220000
b0 *
b0 Y
b0 n
0,
b110011100 |
b1110011100 z
0?
01
#19225000
11
#19230000
b1111 *
b1111 Y
b1111 n
1,
1?
b10011100 +
b10011100 Z
b10011100 o
b10011100 >
b10011100 O
b10011100 j
01
#19235000
b111 c
b1110011101 A
b110011101 r
b1110011101 -
b1110011101 [
b1110011101 h
b1110011101 x
b1110011100 R
b1110011100 m
b1110011100 q
11
#19240000
b0 *
b0 Y
b0 n
0,
b110011101 |
b1110011101 z
0?
01
#19245000
11
#19250000
b1111 *
b1111 Y
b1111 n
1,
1?
b10011101 +
b10011101 Z
b10011101 o
b10011101 >
b10011101 O
b10011101 j
01
#19255000
b111 c
b1110011110 A
b110011110 r
b1110011110 -
b1110011110 [
b1110011110 h
b1110011110 x
b1110011101 R
b1110011101 m
b1110011101 q
11
#19260000
b0 *
b0 Y
b0 n
0,
b110011110 |
b1110011110 z
0?
01
#19265000
11
#19270000
b1111 *
b1111 Y
b1111 n
1,
1?
b10011110 +
b10011110 Z
b10011110 o
b10011110 >
b10011110 O
b10011110 j
01
#19275000
b111 c
b1110011111 A
b110011111 r
b1110011111 -
b1110011111 [
b1110011111 h
b1110011111 x
b1110011110 R
b1110011110 m
b1110011110 q
11
#19280000
b0 *
b0 Y
b0 n
0,
b110011111 |
b1110011111 z
0?
01
#19285000
11
#19290000
b1111 *
b1111 Y
b1111 n
1,
1?
b10011111 +
b10011111 Z
b10011111 o
b10011111 >
b10011111 O
b10011111 j
01
#19295000
b111 c
b1110100000 A
b110100000 r
b1110100000 -
b1110100000 [
b1110100000 h
b1110100000 x
b1110011111 R
b1110011111 m
b1110011111 q
11
#19300000
b0 *
b0 Y
b0 n
0,
b110100000 |
b1110100000 z
0?
01
#19305000
11
#19310000
b1111 *
b1111 Y
b1111 n
1,
1?
b10100000 +
b10100000 Z
b10100000 o
b10100000 >
b10100000 O
b10100000 j
01
#19315000
b111 c
b1110100001 A
b110100001 r
b1110100001 -
b1110100001 [
b1110100001 h
b1110100001 x
b1110100000 R
b1110100000 m
b1110100000 q
11
#19320000
b0 *
b0 Y
b0 n
0,
b110100001 |
b1110100001 z
0?
01
#19325000
11
#19330000
b1111 *
b1111 Y
b1111 n
1,
1?
b10100001 +
b10100001 Z
b10100001 o
b10100001 >
b10100001 O
b10100001 j
01
#19335000
b111 c
b1110100010 A
b110100010 r
b1110100010 -
b1110100010 [
b1110100010 h
b1110100010 x
b1110100001 R
b1110100001 m
b1110100001 q
11
#19340000
b0 *
b0 Y
b0 n
0,
b110100010 |
b1110100010 z
0?
01
#19345000
11
#19350000
b1111 *
b1111 Y
b1111 n
1,
1?
b10100010 +
b10100010 Z
b10100010 o
b10100010 >
b10100010 O
b10100010 j
01
#19355000
b111 c
b1110100011 A
b110100011 r
b1110100011 -
b1110100011 [
b1110100011 h
b1110100011 x
b1110100010 R
b1110100010 m
b1110100010 q
11
#19360000
b0 *
b0 Y
b0 n
0,
b110100011 |
b1110100011 z
0?
01
#19365000
11
#19370000
b1111 *
b1111 Y
b1111 n
1,
1?
b10100011 +
b10100011 Z
b10100011 o
b10100011 >
b10100011 O
b10100011 j
01
#19375000
b111 c
b1110100100 A
b110100100 r
b1110100100 -
b1110100100 [
b1110100100 h
b1110100100 x
b1110100011 R
b1110100011 m
b1110100011 q
11
#19380000
b0 *
b0 Y
b0 n
0,
b110100100 |
b1110100100 z
0?
01
#19385000
11
#19390000
b1111 *
b1111 Y
b1111 n
1,
1?
b10100100 +
b10100100 Z
b10100100 o
b10100100 >
b10100100 O
b10100100 j
01
#19395000
b111 c
b1110100101 A
b110100101 r
b1110100101 -
b1110100101 [
b1110100101 h
b1110100101 x
b1110100100 R
b1110100100 m
b1110100100 q
11
#19400000
b0 *
b0 Y
b0 n
0,
b110100101 |
b1110100101 z
0?
01
#19405000
11
#19410000
b1111 *
b1111 Y
b1111 n
1,
1?
b10100101 +
b10100101 Z
b10100101 o
b10100101 >
b10100101 O
b10100101 j
01
#19415000
b111 c
b1110100110 A
b110100110 r
b1110100110 -
b1110100110 [
b1110100110 h
b1110100110 x
b1110100101 R
b1110100101 m
b1110100101 q
11
#19420000
b0 *
b0 Y
b0 n
0,
b110100110 |
b1110100110 z
0?
01
#19425000
11
#19430000
b1111 *
b1111 Y
b1111 n
1,
1?
b10100110 +
b10100110 Z
b10100110 o
b10100110 >
b10100110 O
b10100110 j
01
#19435000
b111 c
b1110100111 A
b110100111 r
b1110100111 -
b1110100111 [
b1110100111 h
b1110100111 x
b1110100110 R
b1110100110 m
b1110100110 q
11
#19440000
b0 *
b0 Y
b0 n
0,
b110100111 |
b1110100111 z
0?
01
#19445000
11
#19450000
b1111 *
b1111 Y
b1111 n
1,
1?
b10100111 +
b10100111 Z
b10100111 o
b10100111 >
b10100111 O
b10100111 j
01
#19455000
b111 c
b1110101000 A
b110101000 r
b1110101000 -
b1110101000 [
b1110101000 h
b1110101000 x
b1110100111 R
b1110100111 m
b1110100111 q
11
#19460000
b0 *
b0 Y
b0 n
0,
b110101000 |
b1110101000 z
0?
01
#19465000
11
#19470000
b1111 *
b1111 Y
b1111 n
1,
1?
b10101000 +
b10101000 Z
b10101000 o
b10101000 >
b10101000 O
b10101000 j
01
#19475000
b111 c
b1110101001 A
b110101001 r
b1110101001 -
b1110101001 [
b1110101001 h
b1110101001 x
b1110101000 R
b1110101000 m
b1110101000 q
11
#19480000
b0 *
b0 Y
b0 n
0,
b110101001 |
b1110101001 z
0?
01
#19485000
11
#19490000
b1111 *
b1111 Y
b1111 n
1,
1?
b10101001 +
b10101001 Z
b10101001 o
b10101001 >
b10101001 O
b10101001 j
01
#19495000
b111 c
b1110101010 A
b110101010 r
b1110101010 -
b1110101010 [
b1110101010 h
b1110101010 x
b1110101001 R
b1110101001 m
b1110101001 q
11
#19500000
b0 *
b0 Y
b0 n
0,
b110101010 |
b1110101010 z
0?
01
#19505000
11
#19510000
b1111 *
b1111 Y
b1111 n
1,
1?
b10101010 +
b10101010 Z
b10101010 o
b10101010 >
b10101010 O
b10101010 j
01
#19515000
b111 c
b1110101011 A
b110101011 r
b1110101011 -
b1110101011 [
b1110101011 h
b1110101011 x
b1110101010 R
b1110101010 m
b1110101010 q
11
#19520000
b0 *
b0 Y
b0 n
0,
b110101011 |
b1110101011 z
0?
01
#19525000
11
#19530000
b1111 *
b1111 Y
b1111 n
1,
1?
b10101011 +
b10101011 Z
b10101011 o
b10101011 >
b10101011 O
b10101011 j
01
#19535000
b111 c
b1110101100 A
b110101100 r
b1110101100 -
b1110101100 [
b1110101100 h
b1110101100 x
b1110101011 R
b1110101011 m
b1110101011 q
11
#19540000
b0 *
b0 Y
b0 n
0,
b110101100 |
b1110101100 z
0?
01
#19545000
11
#19550000
b1111 *
b1111 Y
b1111 n
1,
1?
b10101100 +
b10101100 Z
b10101100 o
b10101100 >
b10101100 O
b10101100 j
01
#19555000
b111 c
b1110101101 A
b110101101 r
b1110101101 -
b1110101101 [
b1110101101 h
b1110101101 x
b1110101100 R
b1110101100 m
b1110101100 q
11
#19560000
b0 *
b0 Y
b0 n
0,
b110101101 |
b1110101101 z
0?
01
#19565000
11
#19570000
b1111 *
b1111 Y
b1111 n
1,
1?
b10101101 +
b10101101 Z
b10101101 o
b10101101 >
b10101101 O
b10101101 j
01
#19575000
b111 c
b1110101110 A
b110101110 r
b1110101110 -
b1110101110 [
b1110101110 h
b1110101110 x
b1110101101 R
b1110101101 m
b1110101101 q
11
#19580000
b0 *
b0 Y
b0 n
0,
b110101110 |
b1110101110 z
0?
01
#19585000
11
#19590000
b1111 *
b1111 Y
b1111 n
1,
1?
b10101110 +
b10101110 Z
b10101110 o
b10101110 >
b10101110 O
b10101110 j
01
#19595000
b111 c
b1110101111 A
b110101111 r
b1110101111 -
b1110101111 [
b1110101111 h
b1110101111 x
b1110101110 R
b1110101110 m
b1110101110 q
11
#19600000
b0 *
b0 Y
b0 n
0,
b110101111 |
b1110101111 z
0?
01
#19605000
11
#19610000
b1111 *
b1111 Y
b1111 n
1,
1?
b10101111 +
b10101111 Z
b10101111 o
b10101111 >
b10101111 O
b10101111 j
01
#19615000
b111 c
b1110110000 A
b110110000 r
b1110110000 -
b1110110000 [
b1110110000 h
b1110110000 x
b1110101111 R
b1110101111 m
b1110101111 q
11
#19620000
b0 *
b0 Y
b0 n
0,
b110110000 |
b1110110000 z
0?
01
#19625000
11
#19630000
b1111 *
b1111 Y
b1111 n
1,
1?
b10110000 +
b10110000 Z
b10110000 o
b10110000 >
b10110000 O
b10110000 j
01
#19635000
b111 c
b1110110001 A
b110110001 r
b1110110001 -
b1110110001 [
b1110110001 h
b1110110001 x
b1110110000 R
b1110110000 m
b1110110000 q
11
#19640000
b0 *
b0 Y
b0 n
0,
b110110001 |
b1110110001 z
0?
01
#19645000
11
#19650000
b1111 *
b1111 Y
b1111 n
1,
1?
b10110001 +
b10110001 Z
b10110001 o
b10110001 >
b10110001 O
b10110001 j
01
#19655000
b111 c
b1110110010 A
b110110010 r
b1110110010 -
b1110110010 [
b1110110010 h
b1110110010 x
b1110110001 R
b1110110001 m
b1110110001 q
11
#19660000
b0 *
b0 Y
b0 n
0,
b110110010 |
b1110110010 z
0?
01
#19665000
11
#19670000
b1111 *
b1111 Y
b1111 n
1,
1?
b10110010 +
b10110010 Z
b10110010 o
b10110010 >
b10110010 O
b10110010 j
01
#19675000
b111 c
b1110110011 A
b110110011 r
b1110110011 -
b1110110011 [
b1110110011 h
b1110110011 x
b1110110010 R
b1110110010 m
b1110110010 q
11
#19680000
b0 *
b0 Y
b0 n
0,
b110110011 |
b1110110011 z
0?
01
#19685000
11
#19690000
b1111 *
b1111 Y
b1111 n
1,
1?
b10110011 +
b10110011 Z
b10110011 o
b10110011 >
b10110011 O
b10110011 j
01
#19695000
b111 c
b1110110100 A
b110110100 r
b1110110100 -
b1110110100 [
b1110110100 h
b1110110100 x
b1110110011 R
b1110110011 m
b1110110011 q
11
#19700000
b0 *
b0 Y
b0 n
0,
b110110100 |
b1110110100 z
0?
01
#19705000
11
#19710000
b1111 *
b1111 Y
b1111 n
1,
1?
b10110100 +
b10110100 Z
b10110100 o
b10110100 >
b10110100 O
b10110100 j
01
#19715000
b111 c
b1110110101 A
b110110101 r
b1110110101 -
b1110110101 [
b1110110101 h
b1110110101 x
b1110110100 R
b1110110100 m
b1110110100 q
11
#19720000
b0 *
b0 Y
b0 n
0,
b110110101 |
b1110110101 z
0?
01
#19725000
11
#19730000
b1111 *
b1111 Y
b1111 n
1,
1?
b10110101 +
b10110101 Z
b10110101 o
b10110101 >
b10110101 O
b10110101 j
01
#19735000
b111 c
b1110110110 A
b110110110 r
b1110110110 -
b1110110110 [
b1110110110 h
b1110110110 x
b1110110101 R
b1110110101 m
b1110110101 q
11
#19740000
b0 *
b0 Y
b0 n
0,
b110110110 |
b1110110110 z
0?
01
#19745000
11
#19750000
b1111 *
b1111 Y
b1111 n
1,
1?
b10110110 +
b10110110 Z
b10110110 o
b10110110 >
b10110110 O
b10110110 j
01
#19755000
b111 c
b1110110111 A
b110110111 r
b1110110111 -
b1110110111 [
b1110110111 h
b1110110111 x
b1110110110 R
b1110110110 m
b1110110110 q
11
#19760000
b0 *
b0 Y
b0 n
0,
b110110111 |
b1110110111 z
0?
01
#19765000
11
#19770000
b1111 *
b1111 Y
b1111 n
1,
1?
b10110111 +
b10110111 Z
b10110111 o
b10110111 >
b10110111 O
b10110111 j
01
#19775000
b111 c
b1110111000 A
b110111000 r
b1110111000 -
b1110111000 [
b1110111000 h
b1110111000 x
b1110110111 R
b1110110111 m
b1110110111 q
11
#19780000
b0 *
b0 Y
b0 n
0,
b110111000 |
b1110111000 z
0?
01
#19785000
11
#19790000
b1111 *
b1111 Y
b1111 n
1,
1?
b10111000 +
b10111000 Z
b10111000 o
b10111000 >
b10111000 O
b10111000 j
01
#19795000
b111 c
b1110111001 A
b110111001 r
b1110111001 -
b1110111001 [
b1110111001 h
b1110111001 x
b1110111000 R
b1110111000 m
b1110111000 q
11
#19800000
b0 *
b0 Y
b0 n
0,
b110111001 |
b1110111001 z
0?
01
#19805000
11
#19810000
b1111 *
b1111 Y
b1111 n
1,
1?
b10111001 +
b10111001 Z
b10111001 o
b10111001 >
b10111001 O
b10111001 j
01
#19815000
b111 c
b1110111010 A
b110111010 r
b1110111010 -
b1110111010 [
b1110111010 h
b1110111010 x
b1110111001 R
b1110111001 m
b1110111001 q
11
#19820000
b0 *
b0 Y
b0 n
0,
b110111010 |
b1110111010 z
0?
01
#19825000
11
#19830000
b1111 *
b1111 Y
b1111 n
1,
1?
b10111010 +
b10111010 Z
b10111010 o
b10111010 >
b10111010 O
b10111010 j
01
#19835000
b111 c
b1110111011 A
b110111011 r
b1110111011 -
b1110111011 [
b1110111011 h
b1110111011 x
b1110111010 R
b1110111010 m
b1110111010 q
11
#19840000
b0 *
b0 Y
b0 n
0,
b110111011 |
b1110111011 z
0?
01
#19845000
11
#19850000
b1111 *
b1111 Y
b1111 n
1,
1?
b10111011 +
b10111011 Z
b10111011 o
b10111011 >
b10111011 O
b10111011 j
01
#19855000
b111 c
b1110111100 A
b110111100 r
b1110111100 -
b1110111100 [
b1110111100 h
b1110111100 x
b1110111011 R
b1110111011 m
b1110111011 q
11
#19860000
b0 *
b0 Y
b0 n
0,
b110111100 |
b1110111100 z
0?
01
#19865000
11
#19870000
b1111 *
b1111 Y
b1111 n
1,
1?
b10111100 +
b10111100 Z
b10111100 o
b10111100 >
b10111100 O
b10111100 j
01
#19875000
b111 c
b1110111101 A
b110111101 r
b1110111101 -
b1110111101 [
b1110111101 h
b1110111101 x
b1110111100 R
b1110111100 m
b1110111100 q
11
#19880000
b0 *
b0 Y
b0 n
0,
b110111101 |
b1110111101 z
0?
01
#19885000
11
#19890000
b1111 *
b1111 Y
b1111 n
1,
1?
b10111101 +
b10111101 Z
b10111101 o
b10111101 >
b10111101 O
b10111101 j
01
#19895000
b111 c
b1110111110 A
b110111110 r
b1110111110 -
b1110111110 [
b1110111110 h
b1110111110 x
b1110111101 R
b1110111101 m
b1110111101 q
11
#19900000
b0 *
b0 Y
b0 n
0,
b110111110 |
b1110111110 z
0?
01
#19905000
11
#19910000
b1111 *
b1111 Y
b1111 n
1,
1?
b10111110 +
b10111110 Z
b10111110 o
b10111110 >
b10111110 O
b10111110 j
01
#19915000
b111 c
b1110111111 A
b110111111 r
b1110111111 -
b1110111111 [
b1110111111 h
b1110111111 x
b1110111110 R
b1110111110 m
b1110111110 q
11
#19920000
b0 *
b0 Y
b0 n
0,
b110111111 |
b1110111111 z
0?
01
#19925000
11
#19930000
b1111 *
b1111 Y
b1111 n
1,
1?
b10111111 +
b10111111 Z
b10111111 o
b10111111 >
b10111111 O
b10111111 j
01
#19935000
b111 c
b1111000000 A
b111000000 r
b1111000000 -
b1111000000 [
b1111000000 h
b1111000000 x
b1110111111 R
b1110111111 m
b1110111111 q
11
#19940000
b0 *
b0 Y
b0 n
0,
b111000000 |
b1111000000 z
0?
01
#19945000
11
#19950000
b1111 *
b1111 Y
b1111 n
1,
1?
b11000000 +
b11000000 Z
b11000000 o
b11000000 >
b11000000 O
b11000000 j
01
#19955000
b111 c
b1111000001 A
b111000001 r
b1111000001 -
b1111000001 [
b1111000001 h
b1111000001 x
b1111000000 R
b1111000000 m
b1111000000 q
11
#19960000
b0 *
b0 Y
b0 n
0,
b111000001 |
b1111000001 z
0?
01
#19965000
11
#19970000
b1111 *
b1111 Y
b1111 n
1,
1?
b11000001 +
b11000001 Z
b11000001 o
b11000001 >
b11000001 O
b11000001 j
01
#19975000
b111 c
b1111000010 A
b111000010 r
b1111000010 -
b1111000010 [
b1111000010 h
b1111000010 x
b1111000001 R
b1111000001 m
b1111000001 q
11
#19980000
b0 *
b0 Y
b0 n
0,
b111000010 |
b1111000010 z
0?
01
#19985000
11
#19990000
b1111 *
b1111 Y
b1111 n
1,
1?
b11000010 +
b11000010 Z
b11000010 o
b11000010 >
b11000010 O
b11000010 j
01
#19995000
b111 c
b1111000011 A
b111000011 r
b1111000011 -
b1111000011 [
b1111000011 h
b1111000011 x
b1111000010 R
b1111000010 m
b1111000010 q
11
#20000000
b0 *
b0 Y
b0 n
0,
b111000011 |
b1111000011 z
0?
01
#20005000
11
#20010000
b1111 *
b1111 Y
b1111 n
1,
1?
b11000011 +
b11000011 Z
b11000011 o
b11000011 >
b11000011 O
b11000011 j
01
#20015000
b111 c
b1111000100 A
b111000100 r
b1111000100 -
b1111000100 [
b1111000100 h
b1111000100 x
b1111000011 R
b1111000011 m
b1111000011 q
11
#20020000
b0 *
b0 Y
b0 n
0,
b111000100 |
b1111000100 z
0?
01
#20025000
11
#20030000
b1111 *
b1111 Y
b1111 n
1,
1?
b11000100 +
b11000100 Z
b11000100 o
b11000100 >
b11000100 O
b11000100 j
01
#20035000
b111 c
b1111000101 A
b111000101 r
b1111000101 -
b1111000101 [
b1111000101 h
b1111000101 x
b1111000100 R
b1111000100 m
b1111000100 q
11
#20040000
b0 *
b0 Y
b0 n
0,
b111000101 |
b1111000101 z
0?
01
#20045000
11
#20050000
b1111 *
b1111 Y
b1111 n
1,
1?
b11000101 +
b11000101 Z
b11000101 o
b11000101 >
b11000101 O
b11000101 j
01
#20055000
b111 c
b1111000110 A
b111000110 r
b1111000110 -
b1111000110 [
b1111000110 h
b1111000110 x
b1111000101 R
b1111000101 m
b1111000101 q
11
#20060000
b0 *
b0 Y
b0 n
0,
b111000110 |
b1111000110 z
0?
01
#20065000
11
#20070000
b1111 *
b1111 Y
b1111 n
1,
1?
b11000110 +
b11000110 Z
b11000110 o
b11000110 >
b11000110 O
b11000110 j
01
#20075000
b111 c
b1111000111 A
b111000111 r
b1111000111 -
b1111000111 [
b1111000111 h
b1111000111 x
b1111000110 R
b1111000110 m
b1111000110 q
11
#20080000
b0 *
b0 Y
b0 n
0,
b111000111 |
b1111000111 z
0?
01
#20085000
11
#20090000
b1111 *
b1111 Y
b1111 n
1,
1?
b11000111 +
b11000111 Z
b11000111 o
b11000111 >
b11000111 O
b11000111 j
01
#20095000
b111 c
b1111001000 A
b111001000 r
b1111001000 -
b1111001000 [
b1111001000 h
b1111001000 x
b1111000111 R
b1111000111 m
b1111000111 q
11
#20100000
b0 *
b0 Y
b0 n
0,
b111001000 |
b1111001000 z
0?
01
#20105000
11
#20110000
b1111 *
b1111 Y
b1111 n
1,
1?
b11001000 +
b11001000 Z
b11001000 o
b11001000 >
b11001000 O
b11001000 j
01
#20115000
b111 c
b1111001001 A
b111001001 r
b1111001001 -
b1111001001 [
b1111001001 h
b1111001001 x
b1111001000 R
b1111001000 m
b1111001000 q
11
#20120000
b0 *
b0 Y
b0 n
0,
b111001001 |
b1111001001 z
0?
01
#20125000
11
#20130000
b1111 *
b1111 Y
b1111 n
1,
1?
b11001001 +
b11001001 Z
b11001001 o
b11001001 >
b11001001 O
b11001001 j
01
#20135000
b111 c
b1111001010 A
b111001010 r
b1111001010 -
b1111001010 [
b1111001010 h
b1111001010 x
b1111001001 R
b1111001001 m
b1111001001 q
11
#20140000
b0 *
b0 Y
b0 n
0,
b111001010 |
b1111001010 z
0?
01
#20145000
11
#20150000
b1111 *
b1111 Y
b1111 n
1,
1?
b11001010 +
b11001010 Z
b11001010 o
b11001010 >
b11001010 O
b11001010 j
01
#20155000
b111 c
b1111001011 A
b111001011 r
b1111001011 -
b1111001011 [
b1111001011 h
b1111001011 x
b1111001010 R
b1111001010 m
b1111001010 q
11
#20160000
b0 *
b0 Y
b0 n
0,
b111001011 |
b1111001011 z
0?
01
#20165000
11
#20170000
b1111 *
b1111 Y
b1111 n
1,
1?
b11001011 +
b11001011 Z
b11001011 o
b11001011 >
b11001011 O
b11001011 j
01
#20175000
b111 c
b1111001100 A
b111001100 r
b1111001100 -
b1111001100 [
b1111001100 h
b1111001100 x
b1111001011 R
b1111001011 m
b1111001011 q
11
#20180000
b0 *
b0 Y
b0 n
0,
b111001100 |
b1111001100 z
0?
01
#20185000
11
#20190000
b1111 *
b1111 Y
b1111 n
1,
1?
b11001100 +
b11001100 Z
b11001100 o
b11001100 >
b11001100 O
b11001100 j
01
#20195000
b111 c
b1111001101 A
b111001101 r
b1111001101 -
b1111001101 [
b1111001101 h
b1111001101 x
b1111001100 R
b1111001100 m
b1111001100 q
11
#20200000
b0 *
b0 Y
b0 n
0,
b111001101 |
b1111001101 z
0?
01
#20205000
11
#20210000
b1111 *
b1111 Y
b1111 n
1,
1?
b11001101 +
b11001101 Z
b11001101 o
b11001101 >
b11001101 O
b11001101 j
01
#20215000
b111 c
b1111001110 A
b111001110 r
b1111001110 -
b1111001110 [
b1111001110 h
b1111001110 x
b1111001101 R
b1111001101 m
b1111001101 q
11
#20220000
b0 *
b0 Y
b0 n
0,
b111001110 |
b1111001110 z
0?
01
#20225000
11
#20230000
b1111 *
b1111 Y
b1111 n
1,
1?
b11001110 +
b11001110 Z
b11001110 o
b11001110 >
b11001110 O
b11001110 j
01
#20235000
b111 c
b1111001111 A
b111001111 r
b1111001111 -
b1111001111 [
b1111001111 h
b1111001111 x
b1111001110 R
b1111001110 m
b1111001110 q
11
#20240000
b0 *
b0 Y
b0 n
0,
b111001111 |
b1111001111 z
0?
01
#20245000
11
#20250000
b1111 *
b1111 Y
b1111 n
1,
1?
b11001111 +
b11001111 Z
b11001111 o
b11001111 >
b11001111 O
b11001111 j
01
#20255000
b111 c
b1111010000 A
b111010000 r
b1111010000 -
b1111010000 [
b1111010000 h
b1111010000 x
b1111001111 R
b1111001111 m
b1111001111 q
11
#20260000
b0 *
b0 Y
b0 n
0,
b111010000 |
b1111010000 z
0?
01
#20265000
11
#20270000
b1111 *
b1111 Y
b1111 n
1,
1?
b11010000 +
b11010000 Z
b11010000 o
b11010000 >
b11010000 O
b11010000 j
01
#20275000
b111 c
b1111010001 A
b111010001 r
b1111010001 -
b1111010001 [
b1111010001 h
b1111010001 x
b1111010000 R
b1111010000 m
b1111010000 q
11
#20280000
b0 *
b0 Y
b0 n
0,
b111010001 |
b1111010001 z
0?
01
#20285000
11
#20290000
b1111 *
b1111 Y
b1111 n
1,
1?
b11010001 +
b11010001 Z
b11010001 o
b11010001 >
b11010001 O
b11010001 j
01
#20295000
b111 c
b1111010010 A
b111010010 r
b1111010010 -
b1111010010 [
b1111010010 h
b1111010010 x
b1111010001 R
b1111010001 m
b1111010001 q
11
#20300000
b0 *
b0 Y
b0 n
0,
b111010010 |
b1111010010 z
0?
01
#20305000
11
#20310000
b1111 *
b1111 Y
b1111 n
1,
1?
b11010010 +
b11010010 Z
b11010010 o
b11010010 >
b11010010 O
b11010010 j
01
#20315000
b111 c
b1111010011 A
b111010011 r
b1111010011 -
b1111010011 [
b1111010011 h
b1111010011 x
b1111010010 R
b1111010010 m
b1111010010 q
11
#20320000
b0 *
b0 Y
b0 n
0,
b111010011 |
b1111010011 z
0?
01
#20325000
11
#20330000
b1111 *
b1111 Y
b1111 n
1,
1?
b11010011 +
b11010011 Z
b11010011 o
b11010011 >
b11010011 O
b11010011 j
01
#20335000
b111 c
b1111010100 A
b111010100 r
b1111010100 -
b1111010100 [
b1111010100 h
b1111010100 x
b1111010011 R
b1111010011 m
b1111010011 q
11
#20340000
b0 *
b0 Y
b0 n
0,
b111010100 |
b1111010100 z
0?
01
#20345000
11
#20350000
b1111 *
b1111 Y
b1111 n
1,
1?
b11010100 +
b11010100 Z
b11010100 o
b11010100 >
b11010100 O
b11010100 j
01
#20355000
b111 c
b1111010101 A
b111010101 r
b1111010101 -
b1111010101 [
b1111010101 h
b1111010101 x
b1111010100 R
b1111010100 m
b1111010100 q
11
#20360000
b0 *
b0 Y
b0 n
0,
b111010101 |
b1111010101 z
0?
01
#20365000
11
#20370000
b1111 *
b1111 Y
b1111 n
1,
1?
b11010101 +
b11010101 Z
b11010101 o
b11010101 >
b11010101 O
b11010101 j
01
#20375000
b111 c
b1111010110 A
b111010110 r
b1111010110 -
b1111010110 [
b1111010110 h
b1111010110 x
b1111010101 R
b1111010101 m
b1111010101 q
11
#20380000
b0 *
b0 Y
b0 n
0,
b111010110 |
b1111010110 z
0?
01
#20385000
11
#20390000
b1111 *
b1111 Y
b1111 n
1,
1?
b11010110 +
b11010110 Z
b11010110 o
b11010110 >
b11010110 O
b11010110 j
01
#20395000
b111 c
b1111010111 A
b111010111 r
b1111010111 -
b1111010111 [
b1111010111 h
b1111010111 x
b1111010110 R
b1111010110 m
b1111010110 q
11
#20400000
b0 *
b0 Y
b0 n
0,
b111010111 |
b1111010111 z
0?
01
#20405000
11
#20410000
b1111 *
b1111 Y
b1111 n
1,
1?
b11010111 +
b11010111 Z
b11010111 o
b11010111 >
b11010111 O
b11010111 j
01
#20415000
b111 c
b1111011000 A
b111011000 r
b1111011000 -
b1111011000 [
b1111011000 h
b1111011000 x
b1111010111 R
b1111010111 m
b1111010111 q
11
#20420000
b0 *
b0 Y
b0 n
0,
b111011000 |
b1111011000 z
0?
01
#20425000
11
#20430000
b1111 *
b1111 Y
b1111 n
1,
1?
b11011000 +
b11011000 Z
b11011000 o
b11011000 >
b11011000 O
b11011000 j
01
#20435000
b111 c
b1111011001 A
b111011001 r
b1111011001 -
b1111011001 [
b1111011001 h
b1111011001 x
b1111011000 R
b1111011000 m
b1111011000 q
11
#20440000
b0 *
b0 Y
b0 n
0,
b111011001 |
b1111011001 z
0?
01
#20445000
11
#20450000
b1111 *
b1111 Y
b1111 n
1,
1?
b11011001 +
b11011001 Z
b11011001 o
b11011001 >
b11011001 O
b11011001 j
01
#20455000
b111 c
b1111011010 A
b111011010 r
b1111011010 -
b1111011010 [
b1111011010 h
b1111011010 x
b1111011001 R
b1111011001 m
b1111011001 q
11
#20460000
b0 *
b0 Y
b0 n
0,
b111011010 |
b1111011010 z
0?
01
#20465000
11
#20470000
b1111 *
b1111 Y
b1111 n
1,
1?
b11011010 +
b11011010 Z
b11011010 o
b11011010 >
b11011010 O
b11011010 j
01
#20475000
b111 c
b1111011011 A
b111011011 r
b1111011011 -
b1111011011 [
b1111011011 h
b1111011011 x
b1111011010 R
b1111011010 m
b1111011010 q
11
#20480000
b0 *
b0 Y
b0 n
0,
b111011011 |
b1111011011 z
0?
01
#20485000
11
#20490000
b1111 *
b1111 Y
b1111 n
1,
1?
b11011011 +
b11011011 Z
b11011011 o
b11011011 >
b11011011 O
b11011011 j
01
#20495000
b111 c
b1111011100 A
b111011100 r
b1111011100 -
b1111011100 [
b1111011100 h
b1111011100 x
b1111011011 R
b1111011011 m
b1111011011 q
11
#20500000
b0 *
b0 Y
b0 n
0,
b111011100 |
b1111011100 z
0?
01
#20505000
11
#20510000
b1111 *
b1111 Y
b1111 n
1,
1?
b11011100 +
b11011100 Z
b11011100 o
b11011100 >
b11011100 O
b11011100 j
01
#20515000
b111 c
b1111011101 A
b111011101 r
b1111011101 -
b1111011101 [
b1111011101 h
b1111011101 x
b1111011100 R
b1111011100 m
b1111011100 q
11
#20520000
b0 *
b0 Y
b0 n
0,
b111011101 |
b1111011101 z
0?
01
#20525000
11
#20530000
b1111 *
b1111 Y
b1111 n
1,
1?
b11011101 +
b11011101 Z
b11011101 o
b11011101 >
b11011101 O
b11011101 j
01
#20535000
b111 c
b1111011110 A
b111011110 r
b1111011110 -
b1111011110 [
b1111011110 h
b1111011110 x
b1111011101 R
b1111011101 m
b1111011101 q
11
#20540000
b0 *
b0 Y
b0 n
0,
b111011110 |
b1111011110 z
0?
01
#20545000
11
#20550000
b1111 *
b1111 Y
b1111 n
1,
1?
b11011110 +
b11011110 Z
b11011110 o
b11011110 >
b11011110 O
b11011110 j
01
#20555000
b111 c
b1111011111 A
b111011111 r
b1111011111 -
b1111011111 [
b1111011111 h
b1111011111 x
b1111011110 R
b1111011110 m
b1111011110 q
11
#20560000
b0 *
b0 Y
b0 n
0,
b111011111 |
b1111011111 z
0?
01
#20565000
11
#20570000
b1111 *
b1111 Y
b1111 n
1,
1?
b11011111 +
b11011111 Z
b11011111 o
b11011111 >
b11011111 O
b11011111 j
01
#20575000
b111 c
b1111100000 A
b111100000 r
b1111100000 -
b1111100000 [
b1111100000 h
b1111100000 x
b1111011111 R
b1111011111 m
b1111011111 q
11
#20580000
b0 *
b0 Y
b0 n
0,
b111100000 |
b1111100000 z
0?
01
#20585000
11
#20590000
b1111 *
b1111 Y
b1111 n
1,
1?
b11100000 +
b11100000 Z
b11100000 o
b11100000 >
b11100000 O
b11100000 j
01
#20595000
b111 c
b1111100001 A
b111100001 r
b1111100001 -
b1111100001 [
b1111100001 h
b1111100001 x
b1111100000 R
b1111100000 m
b1111100000 q
11
#20600000
b0 *
b0 Y
b0 n
0,
b111100001 |
b1111100001 z
0?
01
#20605000
11
#20610000
b1111 *
b1111 Y
b1111 n
1,
1?
b11100001 +
b11100001 Z
b11100001 o
b11100001 >
b11100001 O
b11100001 j
01
#20615000
b111 c
b1111100010 A
b111100010 r
b1111100010 -
b1111100010 [
b1111100010 h
b1111100010 x
b1111100001 R
b1111100001 m
b1111100001 q
11
#20620000
b0 *
b0 Y
b0 n
0,
b111100010 |
b1111100010 z
0?
01
#20625000
11
#20630000
b1111 *
b1111 Y
b1111 n
1,
1?
b11100010 +
b11100010 Z
b11100010 o
b11100010 >
b11100010 O
b11100010 j
01
#20635000
b111 c
b1111100011 A
b111100011 r
b1111100011 -
b1111100011 [
b1111100011 h
b1111100011 x
b1111100010 R
b1111100010 m
b1111100010 q
11
#20640000
b0 *
b0 Y
b0 n
0,
b111100011 |
b1111100011 z
0?
01
#20645000
11
#20650000
b1111 *
b1111 Y
b1111 n
1,
1?
b11100011 +
b11100011 Z
b11100011 o
b11100011 >
b11100011 O
b11100011 j
01
#20655000
b111 c
b1111100100 A
b111100100 r
b1111100100 -
b1111100100 [
b1111100100 h
b1111100100 x
b1111100011 R
b1111100011 m
b1111100011 q
11
#20660000
b0 *
b0 Y
b0 n
0,
b111100100 |
b1111100100 z
0?
01
#20665000
11
#20670000
b1111 *
b1111 Y
b1111 n
1,
1?
b11100100 +
b11100100 Z
b11100100 o
b11100100 >
b11100100 O
b11100100 j
01
#20675000
b111 c
b1111100101 A
b111100101 r
b1111100101 -
b1111100101 [
b1111100101 h
b1111100101 x
b1111100100 R
b1111100100 m
b1111100100 q
11
#20680000
b0 *
b0 Y
b0 n
0,
b111100101 |
b1111100101 z
0?
01
#20685000
11
#20690000
b1111 *
b1111 Y
b1111 n
1,
1?
b11100101 +
b11100101 Z
b11100101 o
b11100101 >
b11100101 O
b11100101 j
01
#20695000
b111 c
b1111100110 A
b111100110 r
b1111100110 -
b1111100110 [
b1111100110 h
b1111100110 x
b1111100101 R
b1111100101 m
b1111100101 q
11
#20700000
b0 *
b0 Y
b0 n
0,
b111100110 |
b1111100110 z
0?
01
#20705000
11
#20710000
b1111 *
b1111 Y
b1111 n
1,
1?
b11100110 +
b11100110 Z
b11100110 o
b11100110 >
b11100110 O
b11100110 j
01
#20715000
b111 c
b1111100111 A
b111100111 r
b1111100111 -
b1111100111 [
b1111100111 h
b1111100111 x
b1111100110 R
b1111100110 m
b1111100110 q
11
#20720000
b0 *
b0 Y
b0 n
0,
b111100111 |
b1111100111 z
0?
01
#20725000
11
#20730000
b1111 *
b1111 Y
b1111 n
1,
1?
b11100111 +
b11100111 Z
b11100111 o
b11100111 >
b11100111 O
b11100111 j
01
#20735000
b111 c
b1111101000 A
b111101000 r
b1111101000 -
b1111101000 [
b1111101000 h
b1111101000 x
b1111100111 R
b1111100111 m
b1111100111 q
11
#20740000
b0 *
b0 Y
b0 n
0,
b111101000 |
b1111101000 z
0?
01
#20745000
11
#20750000
b1111 *
b1111 Y
b1111 n
1,
1?
b11101000 +
b11101000 Z
b11101000 o
b11101000 >
b11101000 O
b11101000 j
01
#20755000
b111 c
b1111101001 A
b111101001 r
b1111101001 -
b1111101001 [
b1111101001 h
b1111101001 x
b1111101000 R
b1111101000 m
b1111101000 q
11
#20760000
b0 *
b0 Y
b0 n
0,
b111101001 |
b1111101001 z
0?
01
#20765000
11
#20770000
b1111 *
b1111 Y
b1111 n
1,
1?
b11101001 +
b11101001 Z
b11101001 o
b11101001 >
b11101001 O
b11101001 j
01
#20775000
b111 c
b1111101010 A
b111101010 r
b1111101010 -
b1111101010 [
b1111101010 h
b1111101010 x
b1111101001 R
b1111101001 m
b1111101001 q
11
#20780000
b0 *
b0 Y
b0 n
0,
b111101010 |
b1111101010 z
0?
01
#20785000
11
#20790000
b1111 *
b1111 Y
b1111 n
1,
1?
b11101010 +
b11101010 Z
b11101010 o
b11101010 >
b11101010 O
b11101010 j
01
#20795000
b111 c
b1111101011 A
b111101011 r
b1111101011 -
b1111101011 [
b1111101011 h
b1111101011 x
b1111101010 R
b1111101010 m
b1111101010 q
11
#20800000
b0 *
b0 Y
b0 n
0,
b111101011 |
b1111101011 z
0?
01
#20805000
11
#20810000
b1111 *
b1111 Y
b1111 n
1,
1?
b11101011 +
b11101011 Z
b11101011 o
b11101011 >
b11101011 O
b11101011 j
01
#20815000
b111 c
b1111101100 A
b111101100 r
b1111101100 -
b1111101100 [
b1111101100 h
b1111101100 x
b1111101011 R
b1111101011 m
b1111101011 q
11
#20820000
b0 *
b0 Y
b0 n
0,
b111101100 |
b1111101100 z
0?
01
#20825000
11
#20830000
b1111 *
b1111 Y
b1111 n
1,
1?
b11101100 +
b11101100 Z
b11101100 o
b11101100 >
b11101100 O
b11101100 j
01
#20835000
b111 c
b1111101101 A
b111101101 r
b1111101101 -
b1111101101 [
b1111101101 h
b1111101101 x
b1111101100 R
b1111101100 m
b1111101100 q
11
#20840000
b0 *
b0 Y
b0 n
0,
b111101101 |
b1111101101 z
0?
01
#20845000
11
#20850000
b1111 *
b1111 Y
b1111 n
1,
1?
b11101101 +
b11101101 Z
b11101101 o
b11101101 >
b11101101 O
b11101101 j
01
#20855000
b111 c
b1111101110 A
b111101110 r
b1111101110 -
b1111101110 [
b1111101110 h
b1111101110 x
b1111101101 R
b1111101101 m
b1111101101 q
11
#20860000
b0 *
b0 Y
b0 n
0,
b111101110 |
b1111101110 z
0?
01
#20865000
11
#20870000
b1111 *
b1111 Y
b1111 n
1,
1?
b11101110 +
b11101110 Z
b11101110 o
b11101110 >
b11101110 O
b11101110 j
01
#20875000
b111 c
b1111101111 A
b111101111 r
b1111101111 -
b1111101111 [
b1111101111 h
b1111101111 x
b1111101110 R
b1111101110 m
b1111101110 q
11
#20880000
b0 *
b0 Y
b0 n
0,
b111101111 |
b1111101111 z
0?
01
#20885000
11
#20890000
b1111 *
b1111 Y
b1111 n
1,
1?
b11101111 +
b11101111 Z
b11101111 o
b11101111 >
b11101111 O
b11101111 j
01
#20895000
b111 c
b1111110000 A
b111110000 r
b1111110000 -
b1111110000 [
b1111110000 h
b1111110000 x
b1111101111 R
b1111101111 m
b1111101111 q
11
#20900000
b0 *
b0 Y
b0 n
0,
b111110000 |
b1111110000 z
0?
01
#20905000
11
#20910000
b1111 *
b1111 Y
b1111 n
1,
1?
b11110000 +
b11110000 Z
b11110000 o
b11110000 >
b11110000 O
b11110000 j
01
#20915000
b111 c
b1111110001 A
b111110001 r
b1111110001 -
b1111110001 [
b1111110001 h
b1111110001 x
b1111110000 R
b1111110000 m
b1111110000 q
11
#20920000
b0 *
b0 Y
b0 n
0,
b111110001 |
b1111110001 z
0?
01
#20925000
11
#20930000
b1111 *
b1111 Y
b1111 n
1,
1?
b11110001 +
b11110001 Z
b11110001 o
b11110001 >
b11110001 O
b11110001 j
01
#20935000
b111 c
b1111110010 A
b111110010 r
b1111110010 -
b1111110010 [
b1111110010 h
b1111110010 x
b1111110001 R
b1111110001 m
b1111110001 q
11
#20940000
b0 *
b0 Y
b0 n
0,
b111110010 |
b1111110010 z
0?
01
#20945000
11
#20950000
b1111 *
b1111 Y
b1111 n
1,
1?
b11110010 +
b11110010 Z
b11110010 o
b11110010 >
b11110010 O
b11110010 j
01
#20955000
b111 c
b1111110011 A
b111110011 r
b1111110011 -
b1111110011 [
b1111110011 h
b1111110011 x
b1111110010 R
b1111110010 m
b1111110010 q
11
#20960000
b0 *
b0 Y
b0 n
0,
b111110011 |
b1111110011 z
0?
01
#20965000
11
#20970000
b1111 *
b1111 Y
b1111 n
1,
1?
b11110011 +
b11110011 Z
b11110011 o
b11110011 >
b11110011 O
b11110011 j
01
#20975000
b111 c
b1111110100 A
b111110100 r
b1111110100 -
b1111110100 [
b1111110100 h
b1111110100 x
b1111110011 R
b1111110011 m
b1111110011 q
11
#20980000
b0 *
b0 Y
b0 n
0,
b111110100 |
b1111110100 z
0?
01
#20985000
11
#20990000
b1111 *
b1111 Y
b1111 n
1,
1?
b11110100 +
b11110100 Z
b11110100 o
b11110100 >
b11110100 O
b11110100 j
01
#20995000
b111 c
b1111110101 A
b111110101 r
b1111110101 -
b1111110101 [
b1111110101 h
b1111110101 x
b1111110100 R
b1111110100 m
b1111110100 q
11
#21000000
b0 *
b0 Y
b0 n
0,
b111110101 |
b1111110101 z
0?
01
#21005000
11
#21010000
b1111 *
b1111 Y
b1111 n
1,
1?
b11110101 +
b11110101 Z
b11110101 o
b11110101 >
b11110101 O
b11110101 j
01
#21015000
b111 c
b1111110110 A
b111110110 r
b1111110110 -
b1111110110 [
b1111110110 h
b1111110110 x
b1111110101 R
b1111110101 m
b1111110101 q
11
#21020000
b0 *
b0 Y
b0 n
0,
b111110110 |
b1111110110 z
0?
01
#21025000
11
#21030000
b1111 *
b1111 Y
b1111 n
1,
1?
b11110110 +
b11110110 Z
b11110110 o
b11110110 >
b11110110 O
b11110110 j
01
#21035000
b111 c
b1111110111 A
b111110111 r
b1111110111 -
b1111110111 [
b1111110111 h
b1111110111 x
b1111110110 R
b1111110110 m
b1111110110 q
11
#21040000
b0 *
b0 Y
b0 n
0,
b111110111 |
b1111110111 z
0?
01
#21045000
11
#21050000
b1111 *
b1111 Y
b1111 n
1,
1?
b11110111 +
b11110111 Z
b11110111 o
b11110111 >
b11110111 O
b11110111 j
01
#21055000
b111 c
b1111111000 A
b111111000 r
b1111111000 -
b1111111000 [
b1111111000 h
b1111111000 x
b1111110111 R
b1111110111 m
b1111110111 q
11
#21060000
b0 *
b0 Y
b0 n
0,
b111111000 |
b1111111000 z
0?
01
#21065000
11
#21070000
b1111 *
b1111 Y
b1111 n
1,
1?
b11111000 +
b11111000 Z
b11111000 o
b11111000 >
b11111000 O
b11111000 j
01
#21075000
b111 c
b1111111001 A
b111111001 r
b1111111001 -
b1111111001 [
b1111111001 h
b1111111001 x
b1111111000 R
b1111111000 m
b1111111000 q
11
#21080000
b0 *
b0 Y
b0 n
0,
b111111001 |
b1111111001 z
0?
01
#21085000
11
#21090000
b1111 *
b1111 Y
b1111 n
1,
1?
b11111001 +
b11111001 Z
b11111001 o
b11111001 >
b11111001 O
b11111001 j
01
#21095000
b111 c
b1111111010 A
b111111010 r
b1111111010 -
b1111111010 [
b1111111010 h
b1111111010 x
b1111111001 R
b1111111001 m
b1111111001 q
11
#21100000
b0 *
b0 Y
b0 n
0,
b111111010 |
b1111111010 z
0?
01
#21105000
11
#21110000
b1111 *
b1111 Y
b1111 n
1,
1?
b11111010 +
b11111010 Z
b11111010 o
b11111010 >
b11111010 O
b11111010 j
01
#21115000
b111 c
b1111111011 A
b111111011 r
b1111111011 -
b1111111011 [
b1111111011 h
b1111111011 x
b1111111010 R
b1111111010 m
b1111111010 q
11
#21120000
b0 *
b0 Y
b0 n
0,
b111111011 |
b1111111011 z
0?
01
#21125000
11
#21130000
b1111 *
b1111 Y
b1111 n
1,
1?
b11111011 +
b11111011 Z
b11111011 o
b11111011 >
b11111011 O
b11111011 j
01
#21135000
b111 c
b1111111100 A
b111111100 r
b1111111100 -
b1111111100 [
b1111111100 h
b1111111100 x
b1111111011 R
b1111111011 m
b1111111011 q
11
#21140000
b0 *
b0 Y
b0 n
0,
b111111100 |
b1111111100 z
0?
01
#21145000
11
#21150000
b1111 *
b1111 Y
b1111 n
1,
1?
b11111100 +
b11111100 Z
b11111100 o
b11111100 >
b11111100 O
b11111100 j
01
#21155000
b111 c
b1111111101 A
b111111101 r
b1111111101 -
b1111111101 [
b1111111101 h
b1111111101 x
b1111111100 R
b1111111100 m
b1111111100 q
11
#21160000
b0 *
b0 Y
b0 n
0,
b111111101 |
b1111111101 z
0?
01
#21165000
11
#21170000
b1111 *
b1111 Y
b1111 n
1,
1?
b11111101 +
b11111101 Z
b11111101 o
b11111101 >
b11111101 O
b11111101 j
01
#21175000
b111 c
b1111111110 A
b111111110 r
b1111111110 -
b1111111110 [
b1111111110 h
b1111111110 x
b1111111101 R
b1111111101 m
b1111111101 q
11
#21180000
b0 *
b0 Y
b0 n
0,
b111111110 |
b1111111110 z
0?
01
#21185000
11
#21190000
b1111 *
b1111 Y
b1111 n
1,
1?
b11111110 +
b11111110 Z
b11111110 o
b11111110 >
b11111110 O
b11111110 j
01
#21195000
b111 c
b1111111111 A
b111111111 r
b1111111111 -
b1111111111 [
b1111111111 h
b1111111111 x
b1111111110 R
b1111111110 m
b1111111110 q
11
#21200000
b0 *
b0 Y
b0 n
0,
b111111111 |
b1111111111 z
0?
01
#21205000
11
#21210000
b1111 *
b1111 Y
b1111 n
1,
1?
b11111111 +
b11111111 Z
b11111111 o
b11111111 >
b11111111 O
b11111111 j
01
#21215000
b0 *
b0 Y
b0 n
0,
0X
0i
b1110 c
b10000000000 A
b100 u
1)
1W
1p
b1000000000 r
b0 -
b0 [
b0 h
b0 x
b1111111111 R
b1111111111 m
b1111111111 q
11
#21220000
b1000000000 |
b10000000000 z
0?
01
#21225000
11
#21230000
15
01
#21235000
0(
1$
1d
b1110 %
b1110 K
b1110 b
11
#21240000
1:
05
01
#21245000
1(
0$
0d
11
#21250000
b1110 y
0:
01
#21255000
11
#21260000
b0 c
15
b1000 2
b1000 F
01
#21265000
0(
1$
1d
b0 %
b0 K
b0 b
11
#21270000
1:
05
01
#21275000
1(
0$
0d
11
#21280000
b0 y
0:
01
#21285000
11
#21290000
b1000000000 c
15
b1100 2
b1100 F
01
#21295000
0(
1$
1d
b1000000000 %
b1000000000 K
b1000000000 b
11
#21300000
1:
05
01
#21305000
1(
0$
0d
11
#21310000
b1000000000 y
0:
01
#21315000
11
#21320000
b1111111111 c
15
b10000 2
b10000 F
01
#21325000
0(
1$
1d
b1111111111 %
b1111111111 K
b1111111111 b
11
#21330000
1:
05
01
#21335000
1(
0$
0d
11
#21340000
b1111111111 y
0:
01
#21345000
11
#21350000
1=
b1111 <
b1111 N
b11111111111111111111111111111111 ;
b11111111111111111111111111111111 M
18
b100 6
b100 H
01
#21355000
1P
0#
0'
b1111 g
b11111111111111111111111111111111 f
1e
b100 `
1_
11
#21360000
0=
08
01
#21365000
0P
1&
1a
0e
0_
11
#21370000
01
#21375000
1'
1#
0&
0a
11
#21380000
01
#21385000
11
#21390000
b1110 c
15
b100 2
b100 F
01
#21395000
0(
1$
1d
b1110 %
b1110 K
b1110 b
11
#21400000
1:
05
01
#21405000
1(
0$
0d
11
#21410000
b1110 y
0:
01
#21415000
11
#21420000
1=
b1 <
b1 N
b10 ;
b10 M
18
b0 6
b0 H
01
#21425000
1D
1E
1P
0#
0'
b1 g
b10 f
1e
b0 `
1_
11
#21430000
0=
08
01
#21435000
0D
0E
0P
b0 c
0V
1&
1a
0e
0_
0)
0W
0p
0S
0w
b0 u
11
#21440000
01
#21445000
1'
1#
0&
0a
11
#21450000
01
#21455000
11
#21460000
15
01
#21465000
0(
1$
1d
b0 %
b0 K
b0 b
11
#21470000
1:
05
01
#21475000
1(
0$
0d
11
#21480000
b0 y
0:
01
